875969,4QGYG4QIZR4QJ3B4QJAG4QJDR4QJHB4QJOG4QJRR4QLSB
876345,4QGYG4QIZR4QJ3B4QJAG4QJDR4QJHB4QJOG4QJRR4QLSB
735402,4QGYG4QJ3B4QJAG4QJHB4QJOG4QLSB4QLZG4QM6B4QMDG
791634,4QGYG4QJ3B4QJAG4QJHB4QJOG4QLSB4QLZG4QM6B4QMDG
825443,4QGYG4QJ3B4QJAG4QJHB4QJOG4QLSB4QLZG4QM6B4QMDG
791636,4QGYG4QJ3B4QJAG4QJHB4QJOG4QLSB4QLZG4QM6B4QMDG
791637,4QGYG4QJ3B4QJAG4QJHB4QJOG4QLSB4QLZG4QM6B4QMDG
791285,4QGYG4QJ3B4QJAG4QJHB4QJOG4QLSB4QLZG4QM6B4QMDG
791632,4QGYG4QJ3B4QJAG4QJHB4QJOG4QLSB4QLZG4QM6B4QMDG
791276,4QGYG4QJ3B4QJAG4QJHB4QJOG4QLSB4QLZG4QM6B4QMDG
791278,4QGYG4QJ3B4QJAG4QJHB4QJOG4QLSB4QLZG4QM6B4QMDG
825441,4QGYG4QJ3B4QJAG4QJHB4QJOG4QLSB4QLZG4QM6B4QMDG
791916,4QGYG4QJ3B4QJAG4QJHB4QJOG4QLSB4QLZG4QM6B4QMDG
791624,4QGYG4QJ3B4QJAG4QJHB4QJOG4QLSB4QLZG4QM6B4QMDG
791625,4QGYG4QJ3B4QJAG4QJHB4QJOG4QLSB4QLZG4QM6B4QMDG
735397,4QGYG4QJ3B4QJAG4QJHB4QJOG4QLSB4QLZG4QM6B4QMDG
791627,4QGYG4QJ3B4QJAG4QJHB4QJOG4QLSB4QLZG4QM6B4QMDG
791629,4QGYG4QJ3B4QJAG4QJHB4QJOG4QLSB4QLZG4QM6B4QMDG
735398,4QGYG4QJ3B4QJAG4QJHB4QJOG4QLSB4QLZG4QM6B4QMDG
791631,4QGYG4QJ3B4QJAG4QJHB4QJOG4QLSB4QLZG4QM6B4QMDG
791633,4QGYG4QJ3B4QJAG4QJHB4QJOG4QLSB4QLZG4QM6B4QMDG
791621,4QGYG4QJ3B4QJAG4QJHB4QJOG4QLSB4QLZG4QM6B4QMDG
791640,4QGYG4QJ3B4QJAG4QJHB4QJOG4QLSB4QLZG4QM6B4QMDG
703797,4QGYG4QJ3B4QJAG4QJHB4QJOG4QLSB4QLZG4QM6B4QMDG
703798,4QGYG4QJ3B4QJAG4QJHB4QJOG4QLSB4QLZG4QM6B4QMDG
791656,4QGYG4QJ3B4QJAG4QJHB4QJOG4QLSB4QLZG4QM6B4QMDG
791657,4QGYG4QJ3B4QJAG4QJHB4QJOG4QLSB4QLZG4QM6B4QMDG
791658,4QGYG4QJ3B4QJAG4QJHB4QJOG4QLSB4QLZG4QM6B4QMDG
791659,4QGYG4QJ3B4QJAG4QJHB4QJOG4QLSB4QLZG4QM6B4QMDG
825444,4QGYG4QJ3B4QJAG4QJHB4QJOG4QLSB4QLZG4QM6B4QMDG
736294,4QGYG4QJ3B4QJAG4QJHB4QJOG4QLSB4QLZG4QM6B4QMDG
791280,4QGYG4QJ3B4QJAG4QJHB4QJOG4QLSB4QLZG4QM6B4QMDG
791654,4QGYG4QJ3B4QJAG4QJHB4QJOG4QLSB4QLZG4QM6B4QMDG
1016569,4QGYG4QJ3B4QJAG4QJHB4QJOG4QLSB4QLZG4QM6B4QMDG
1017748,4QGYG4QJ3B4QJAG4QJHB4QJOG4QLSB4QLZG4QM6B4QMDG
791664,4QGYG4QJ3B4QJAG4QJHB4QJOG4QLSB4QLZG4QM6B4QMDG
791666,4QGYG4QJ3B4QJAG4QJHB4QJOG4QLSB4QLZG4QM6B4QMDG
791282,4QGYG4QJ3B4QJAG4QJHB4QJOG4QLSB4QLZG4QM6B4QMDG
791622,4QGYG4QJ3B4QJAG4QJHB4QJOG4QLSB4QLZG4QM6B4QMDG
791284,4QGYG4QJ3B4QJAG4QJHB4QJOG4QLSB4QLZG4QM6B4QMDG
791286,4QGYG4QJ3B4QJAG4QJHB4QJOG4QLSB4QLZG4QM6B4QMDG
791288,4QGYG4QJ3B4QJAG4QJHB4QJOG4QLSB4QLZG4QM6B4QMDG
1016567,4QGYG4QJ3B4QJAG4QJHB4QJOG4QLSB4QLZG4QM6B4QMDG
791619,4QGYG4QJ3B4QJAG4QJHB4QJOG4QLSB4QLZG4QM6B4QMDG
735395,4QGYG4QJ3B4QJAG4QJHB4QJOG4QLSB4QLZG4QM6B4QMDG
1004808,4QGYG4QJ3B4QJAG4QJHB4QJOG4QLSB4QLZG4QM6B4QMDG
984500,4QGYG4QJ3B4QJAG4QJHB4QJOG4QLSB4QLZG4QM6B4QMDG
950346,4QGYG4QIZR4QJ3B4QJAG4QJDR4QJHB4QJOG4QJRR4QLSB
988611,4QGYG4QIZR4QJ3B4QJAG4QJDR4QJHB4QJOG4QJRR4QLSB
1016568,4QGYG4QIZR4QJ3B4QJAG4QJDR4QJHB4QJOG4QJRR4QLSB
988612,4QGYG4QIZR4QJ3B4QJAG4QJDR4QJHB4QJOG4QJRR4QLSB
984501,4QGYG4QJ3B4QJAG4QJHB4QJOG4QLSB4QLZG4QM6B4QMDG
984502,4QGYG4QJ3B4QJAG4QJHB4QJOG4QLSB4QLZG4QM6B4QMDG
791646,4QGYG4QIZR4QJ3B4QJAG4QJDR4QJHB4QJOG4QJRR4QLSB
735400,4QGYG4QJ3B4QJAG4QJHB4QJOG4QLSB4QLZG4QM6B4QMDG
791649,4QGYG4QJ3B4QJAG4QJHB4QJOG4QLSB4QLZG4QM6B4QMDG
791650,4QGYG4QJ3B4QJAG4QJHB4QJOG4QLSB4QLZG4QM6B4QMDG
791651,4QGYG4QJ3B4QJAG4QJHB4QJOG4QLSB4QLZG4QM6B4QMDG
825467,4QGYG4QJ3B4QJAG4QJHB4QJOG4QLSB4QLZG4QM6B4QMDG
793304,4QGYG4QJ3B4QJAG4QJHB4QJOG4QLSB4QLZG4QM6B4QMDG
739119,4QGYG4QJ3B4QJAG4QJHB4QJOG4QLSB4QLZG4QM6B4QMDG
793306,4QGYG4QJ3B4QJAG4QJHB4QJOG4QLSB4QLZG4QM6B4QMDG
793308,4QGYG4QJ3B4QJAG4QJHB4QJOG4QLSB4QLZG4QM6B4QMDG
703795,4QGYG4QJ3B4QJAG4QJHB4QJOG4QLSB4QLZG4QM6B4QMDG
793309,4QGYG4QJ3B4QJAG4QJHB4QJOG4QLSB4QLZG4QM6B4QMDG
793320,4QGYG4QIZR4QJ3B4QJAG4QJDR4QJHB4QJOG4QJRR4QLSB
793303,4QGYG4QJ3B4QJAG4QJHB4QJOG4QLSB4QLZG4QM6B4QMDG
793313,4QGYG4QJ3B4QJAG4QJHB4QJOG4QLSB4QLZG4QM6B4QMDG
733720,4QGYG4QJ3B4QJAG4QJHB4QJOG4QLSB4QLZG4QM6B4QMDG
970376,4QGVB4QGYB4QGYG4QJ0B4QJ3B4QJ3G4QJ7B4QJAB4QJAG
793667,4QGVB4QJ0B4QJ7B4QJBG4QJEB4QJLB4QLPB4QLWB4QM0G
1015066,4QGVB4QGYB4QGYG4QJ0B4QJ3B4QJ3G4QJ7B4QJAB4QJAG
1021356,4QGVB4QJ0B4QJ7B4QJBG4QJEB4QJLB4QLPB4QLWB4QM0G
951682,4QGVB4QGYB4QGYG4QJ0B4QJ3B4QJ3G4QJ7B4QJAB4QJAG
793997,4QGVB4QJ0B4QJ7B4QJBG4QJEB4QJLB4QLPB4QLWB4QM0G
793998,4QGVB4QJ0B4QJ7B4QJBG4QJEB4QJLB4QLPB4QLWB4QM0G
970740,4QGVB4QGYB4QGYG4QJ0B4QJ3B4QJ3G4QJ7B4QJAB4QJAG
1015061,4QGVB4QJ0B4QJ7B4QJBG4QJEB4QJLB4QLPB4QLWB4QM0G
970708,4QGVB4QGYB4QGYG4QJ0B4QJ3B4QJ3G4QJ7B4QJAB4QJAG
739118,4QGVB4QJ0B4QJ7B4QJBG4QJEB4QJLB4QLPB4QLWB4QM0G
970709,4QGVB4QGYB4QGYG4QJ0B4QJ3B4QJ3G4QJ7B4QJAB4QJAG
793301,4QGVB4QJ0B4QJ7B4QJBG4QJEB4QJLB4QLPB4QLWB4QM0G
951683,4QGVB4QGYB4QGYG4QJ0B4QJ3B4QJ3G4QJ7B4QJAB4QJAG
794642,4QGVB4QJ0B4QJ7B4QJBG4QJEB4QJLB4QLPB4QLWB4QM0G
970743,4QGVB4QGYB4QGYG4QJ0B4QJ3B4QJ3G4QJ7B4QJAB4QJAG
836820,4QGVB4QJ0B4QJ7B4QJBG4QJEB4QJLB4QLPB4QLWB4QM0G
970745,4QGVB4QGYB4QGYG4QJ0B4QJ3B4QJ3G4QJ7B4QJAB4QJAG
794665,4QGVB4QJ0B4QJ7B4QJBG4QJEB4QJLB4QLPB4QLWB4QM0G
793315,4QGVB4QJ0B4QJ7B4QJBG4QJEB4QJLB4QLPB4QLWB4QM0G
970701,4QGVB4QGYB4QGYG4QJ0B4QJ3B4QJ3G4QJ7B4QJAB4QJAG
794667,4QGVB4QJ0B4QJ7B4QJBG4QJEB4QJLB4QLPB4QLWB4QM0G
970698,4QGVB4QGYB4QGYG4QJ0B4QJ3B4QJ3G4QJ7B4QJAB4QJAG
794669,4QGVB4QJ0B4QJ7B4QJBG4QJEB4QJLB4QLPB4QLWB4QM0G
865094,4QGVB4QGYB4QGYG4QJ0B4QJ3B4QJ3G4QJ7B4QJAB4QJAG
794984,4QGVB4QJ0B4QJ7B4QJBG4QJEB4QJLB4QLPB4QLWB4QM0G
970697,4QGVB4QGYB4QGYG4QJ0B4QJ3B4QJ3G4QJ7B4QJAB4QJAG
970703,4QGVB4QGYB4QGYG4QJ0B4QJ3B4QJ3G4QJ7B4QJAB4QJAG
836817,4QGVB4QJ0B4QJ7B4QJBG4QJEB4QJLB4QLPB4QLWB4QM0G
970706,4QGVB4QGYB4QGYG4QJ0B4QJ3B4QJ3G4QJ7B4QJAB4QJAG
836823,4QGVB4QGYB4QJ0B4QJ3B4QJ7B4QJAB4QJEB4QJHB4QJLB
970371,4QGVB4QGYB4QGYG4QJ0B4QJ3B4QJ3G4QJ7B4QJAB4QJAG
836819,4QGVB4QJ0B4QJ7B4QJBG4QJEB4QJLB4QLPB4QLWB4QM0G
951680,4QGVB4QGYB4QGYG4QJ0B4QJ3B4QJ3G4QJ7B4QJAB4QJAG
836824,4QGVB4QGYB4QJ0B4QJ3B4QJ7B4QJAB4QJEB4QJHB4QJLB
970339,4QGVB4QGYB4QGYG4QJ0B4QJ3B4QJ3G4QJ7B4QJAB4QJAG
836821,4QGVB4QJ0B4QJ7B4QJBG4QJEB4QJLB4QLPB4QLWB4QM0G
993038,4QGVB4QGYB4QGYG4QJ0B4QJ3B4QJ3G4QJ7B4QJAB4QJAG
836825,4QGVB4QGYB4QJ0B4QJ3B4QJ7B4QJAB4QJEB4QJHB4QJLB
793317,4QGVB4QJ0B4QJ7B4QJBG4QJEB4QJLB4QLPB4QLWB4QM0G
793318,4QGVB4QJ0B4QJ7B4QJBG4QJEB4QJLB4QLPB4QLWB4QM0G
736193,4QGVB4QJ0B4QJ7B4QJBG4QJEB4QJLB4QLPB4QLWB4QM0G
970379,4QGVB4QGYB4QGYG4QJ0B4QJ3B4QJ3G4QJ7B4QJAB4QJAG
970342,4QGVB4QGYB4QGYG4QJ0B4QJ3B4QJ3G4QJ7B4QJAB4QJAG
970345,4QGVB4QGYB4QGYG4QJ0B4QJ3B4QJ3G4QJ7B4QJAB4QJAG
836827,4QGVB4QGYB4QJ0B4QJ3B4QJ7B4QJAB4QJEB4QJHB4QJLB
993039,4QGVB4QGYB4QGYG4QJ0B4QJ3B4QJ3G4QJ7B4QJAB4QJAG
975729,4QGVB4QGYB4QGYG4QJ0B4QJ3B4QJ3G4QJ7B4QJAB4QJAG
836829,4QGVB4QGYB4QJ0B4QJ3B4QJ7B4QJAB4QJEB4QJHB4QJLB
1013589,4QGVB4QGYB4QGYG4QJ0B4QJ3B4QJ3G4QJ7B4QJAB4QJAG
955895,4QGVB4QGYB4QGYG4QJ0B4QJ3B4QJ3G4QJ7B4QJAB4QJAG
794651,4QGVB4QGYB4QJ0B4QJ3B4QJ7B4QJAB4QJEB4QJHB4QJLB
975733,4QGVB4QGYB4QGYG4QJ0B4QJ3B4QJ3G4QJ7B4QJAB4QJAG
970352,4QGVB4QGYB4QGYG4QJ0B4QJ3B4QJ3G4QJ7B4QJAB4QJAG
836818,4QGVB4QGYB4QJ0B4QJ3B4QJ7B4QJAB4QJEB4QJHB4QJLB
661634,4QGVB4QGYB4QGYG4QJ0B4QJ3B4QJ3G4QJ7B4QJAB4QJAG
789684,4QGVB4QGYB4QGYG4QJ0B4QJ3B4QJ3G4QJ7B4QJAB4QJAG
794644,4QGVB4QGYB4QJ0B4QJ3B4QJ7B4QJAB4QJEB4QJHB4QJLB
793311,4QGVB4QJ0B4QJ7B4QJBG4QJEB4QJLB4QLPB4QLWB4QM0G
661635,4QGVB4QGYB4QGYG4QJ0B4QJ3B4QJ3G4QJ7B4QJAB4QJAG
951681,4QGVB4QGYB4QGYG4QJ0B4QJ3B4QJ3G4QJ7B4QJAB4QJAG
970361,4QGVB4QGYB4QGYG4QJ0B4QJ3B4QJ3G4QJ7B4QJAB4QJAG
970364,4QGVB4QGYB4QGYG4QJ0B4QJ3B4QJ3G4QJ7B4QJAB4QJAG
782957,4QGVB4QGYB4QGYG4QJ0B4QJ3B4QJ3G4QJ7B4QJAB4QJAG
970348,4QGVB4QGYB4QGYG4QJ0B4QJ3B4QJ3G4QJ7B4QJAB4QJAG
970349,4QGVB4QGYB4QGYG4QJ0B4QJ3B4QJ3G4QJ7B4QJAB4QJAG
970353,4QGVB4QGYB4QGYG4QJ0B4QJ3B4QJ3G4QJ7B4QJAB4QJAG
1015065,4QGVB4QGYB4QGYG4QJ0B4QJ3B4QJ3G4QJ7B4QJAB4QJAG
736191,4QGVB4QJ0B4QJ7B4QJBG4QJEB4QJLB4QLPB4QLWB4QM0G
865093,4QGVB4QGYB4QGYG4QJ0B4QJ3B4QJ3G4QJ7B4QJAB4QJAG
793670,4QGVB4QJ0B4QJ7B4QJBG4QJEB4QJLB4QLPB4QLWB4QM0G
993074,4QGVB4QGYB4QGYG4QJ0B4QJ3B4QJ3G4QJ7B4QJAB4QJAG
793671,4QGVB4QJ0B4QJ7B4QJBG4QJEB4QJLB4QLPB4QLWB4QM0G
970372,4QGVB4QGYB4QGYG4QJ0B4QJ3B4QJ3G4QJ7B4QJAB4QJAG
736192,4QGVB4QJ0B4QJ7B4QJBG4QJEB4QJLB4QLPB4QLWB4QM0G
970367,4QGVB4QGYB4QGYG4QJ0B4QJ3B4QJ3G4QJ7B4QJAB4QJAG
793993,4QGVB4QJ0B4QJ7B4QJBG4QJEB4QJLB4QLPB4QLWB4QM0G
970370,4QGVB4QGYB4QGYG4QJ0B4QJ3B4QJ3G4QJ7B4QJAB4QJAG
793995,4QGVB4QJ0B4QJ7B4QJBG4QJEB4QJLB4QLPB4QLWB4QM0G
1029314,4QGVB4QJ0B4QJ7B4QJBG4QJEB4QJLB4QLPB4QLWB4QM0G
794659,4QGYG4QJ3B4QJAG4QJHB4QJOG4QLSB4QLZG4QM6B4QMDG
703796,4QGYG4QJ3B4QJAG4QJHB4QJOG4QLSB4QLZG4QM6B4QMDG
783184,4QGYG4QJ3B4QJAG4QJHB4QJOG4QLSB4QLZG4QM6B4QMDG
793994,4QGYG4QJ3B4QJAG4QJHB4QJOG4QLSB4QLZG4QM6B4QMDG
703466,4QGYG4QJ3B4QJAG4QJHB4QJOG4QLSB4QLZG4QM6B4QMDG
793614,4QGYG4QJ3B4QJAG4QJHB4QJOG4QLSB4QLZG4QM6B4QMDG
793616,4QGYG4QJ3B4QJAG4QJHB4QJOG4QLSB4QLZG4QM6B4QMDG
793618,4QGYG4QJ3B4QJAG4QJHB4QJOG4QLSB4QLZG4QM6B4QMDG
794645,4QGYG4QJ3B4QJAG4QJHB4QJOG4QLSB4QLZG4QM6B4QMDG
794647,4QGYG4QJ3B4QJAG4QJHB4QJOG4QLSB4QLZG4QM6B4QMDG
794648,4QGYG4QJ3B4QJAG4QJHB4QJOG4QLSB4QLZG4QM6B4QMDG
794650,4QGYG4QJ3B4QJAG4QJHB4QJOG4QLSB4QLZG4QM6B4QMDG
794652,4QGYG4QJ3B4QJAG4QJHB4QJOG4QLSB4QLZG4QM6B4QMDG
794653,4QGYG4QJ3B4QJAG4QJHB4QJOG4QLSB4QLZG4QM6B4QMDG
794654,4QGYG4QJ3B4QJAG4QJHB4QJOG4QLSB4QLZG4QM6B4QMDG
794656,4QGYG4QJ3B4QJAG4QJHB4QJOG4QLSB4QLZG4QM6B4QMDG
826982,4QGYG4QJ3B4QJAG4QJHB4QJOG4QLSB4QLZG4QM6B4QMDG
793621,4QGYG4QJ3B4QJAG4QJHB4QJOG4QLSB4QLZG4QM6B4QMDG
793236,4QGYG4QJ3B4QJAG4QJHB4QJOG4QLSB4QLZG4QM6B4QMDG
793237,4QGYG4QJ3B4QJAG4QJHB4QJOG4QLSB4QLZG4QM6B4QMDG
793238,4QGYG4QJ3B4QJAG4QJHB4QJOG4QLSB4QLZG4QM6B4QMDG
793239,4QGYG4QJ3B4QJAG4QJHB4QJOG4QLSB4QLZG4QM6B4QMDG
793241,4QGYG4QJ3B4QJAG4QJHB4QJOG4QLSB4QLZG4QM6B4QMDG
793601,4QGYG4QJ3B4QJAG4QJHB4QJOG4QLSB4QLZG4QM6B4QMDG
793620,4QGYG4QJ3B4QJAG4QJHB4QJOG4QLSB4QLZG4QM6B4QMDG
703467,4QGYG4QJ3B4QJAG4QJHB4QJOG4QLSB4QLZG4QM6B4QMDG
793281,4QGYG4QJ3B4QJAG4QJHB4QJOG4QLSB4QLZG4QM6B4QMDG
793625,4QGYG4QJ3B4QJAG4QJHB4QJOG4QLSB4QLZG4QM6B4QMDG
793626,4QGYG4QJ3B4QJAG4QJHB4QJOG4QLSB4QLZG4QM6B4QMDG
793627,4QGYG4QJ3B4QJAG4QJHB4QJOG4QLSB4QLZG4QM6B4QMDG
793629,4QGYG4QJ3B4QJAG4QJHB4QJOG4QLSB4QLZG4QM6B4QMDG
793630,4QGYG4QJ3B4QJAG4QJHB4QJOG4QLSB4QLZG4QM6B4QMDG
793623,4QGYG4QJ3B4QJAG4QJHB4QJOG4QLSB4QLZG4QM6B4QMDG
1021355,4QGWB4QJ1B4QJ8B4QJDG4QJFB4QJMB4QLQB4QLXB4QM2G
793654,4QGWB4QJ1B4QJ8B4QJDG4QJFB4QJMB4QLQB4QLXB4QM2G
736187,4QGWB4QJ1B4QJ8B4QJDG4QJFB4QJMB4QLQB4QLXB4QM2G
793657,4QGWB4QJ1B4QJ8B4QJDG4QJFB4QJMB4QLQB4QLXB4QM2G
793666,4QGWB4QJ1B4QJ8B4QJDG4QJFB4QJMB4QLQB4QLXB4QM2G
793650,4QGWB4QJ1B4QJ8B4QJDG4QJFB4QJMB4QLQB4QLXB4QM2G
793661,4QGWB4QJ1B4QJ8B4QJDG4QJFB4QJMB4QLQB4QLXB4QM2G
736189,4QGWB4QJ1B4QJ8B4QJDG4QJFB4QJMB4QLQB4QLXB4QM2G
793662,4QGWB4QJ1B4QJ8B4QJDG4QJFB4QJMB4QLQB4QLXB4QM2G
783185,4QGWB4QJ1B4QJ8B4QJDG4QJFB4QJMB4QLQB4QLXB4QM2G
736190,4QGWB4QJ1B4QJ8B4QJDG4QJFB4QJMB4QLQB4QLXB4QM2G
793639,4QGWB4QJ1B4QJ8B4QJDG4QJFB4QJMB4QLQB4QLXB4QM2G
793637,4QGWB4QJ1B4QJ8B4QJDG4QJFB4QJMB4QLQB4QLXB4QM2G
793604,4QGWB4QJ1B4QJ8B4QJDG4QJFB4QJMB4QLQB4QLXB4QM2G
793632,4QGWB4QJ1B4QJ8B4QJDG4QJFB4QJMB4QLQB4QLXB4QM2G
793634,4QGWB4QJ1B4QJ8B4QJDG4QJFB4QJMB4QLQB4QLXB4QM2G
793649,4QGWB4QJ1B4QJ8B4QJDG4QJFB4QJMB4QLQB4QLXB4QM2G
793631,4QGWB4QJ1B4QJ8B4QJDG4QJFB4QJMB4QLQB4QLXB4QM2G
793640,4QGWB4QJ1B4QJ8B4QJDG4QJFB4QJMB4QLQB4QLXB4QM2G
793606,4QGWB4QJ1B4QJ8B4QJDG4QJFB4QJMB4QLQB4QLXB4QM2G
793642,4QGWB4QJ1B4QJ8B4QJDG4QJFB4QJMB4QLQB4QLXB4QM2G
793644,4QGWB4QJ1B4QJ8B4QJDG4QJFB4QJMB4QLQB4QLXB4QM2G
793646,4QGWB4QJ1B4QJ8B4QJDG4QJFB4QJMB4QLQB4QLXB4QM2G
742519,4QGWB4QJ1B4QJ8B4QJDG4QJFB4QJMB4QLQB4QLXB4QM2G
1021353,4QGWB4QJ1B4QJ8B4QJDG4QJFB4QJMB4QLQB4QLXB4QM2G
793648,4QGWB4QJ1B4QJ8B4QJDG4QJFB4QJMB4QLQB4QLXB4QM2G
831859,4QGWB4QJ1B4QJ8B4QJDG4QJFB4QJMB4QLQB4QLXB4QM2G
742525,4QGWB4QJ1B4QJ8B4QJDG4QJFB4QJMB4QLQB4QLXB4QM2G
796372,4QGWB4QJ1B4QJ8B4QJDG4QJFB4QJMB4QLQB4QLXB4QM2G
796374,4QGWB4QJ1B4QJ8B4QJDG4QJFB4QJMB4QLQB4QLXB4QM2G
793608,4QGWB4QJ1B4QJ8B4QJDG4QJFB4QJMB4QLQB4QLXB4QM2G
796376,4QGWB4QJ1B4QJ8B4QJDG4QJFB4QJMB4QLQB4QLXB4QM2G
796378,4QGWB4QJ1B4QJ8B4QJDG4QJFB4QJMB4QLQB4QLXB4QM2G
796379,4QGWB4QJ1B4QJ8B4QJDG4QJFB4QJMB4QLQB4QLXB4QM2G
827012,4QGWB4QJ1B4QJ8B4QJDG4QJFB4QJMB4QLQB4QLXB4QM2G
796382,4QGWB4QJ1B4QJ8B4QJDG4QJFB4QJMB4QLQB4QLXB4QM2G
793609,4QGWB4QJ1B4QJ8B4QJDG4QJFB4QJMB4QLQB4QLXB4QM2G
796383,4QGWB4QJ1B4QJ8B4QJDG4QJFB4QJMB4QLQB4QLXB4QM2G
796384,4QGWB4QJ1B4QJ8B4QJDG4QJFB4QJMB4QLQB4QLXB4QM2G
1021354,4QGWB4QJ1B4QJ8B4QJDG4QJFB4QJMB4QLQB4QLXB4QM2G
742518,4QGWB4QJ1B4QJ8B4QJDG4QJFB4QJMB4QLQB4QLXB4QM2G
793652,4QGWB4QJ1B4QJ8B4QJDG4QJFB4QJMB4QLQB4QLXB4QM2G
795052,4QGYG4QJ3B4QJAG4QJHB4QJOG4QLSB4QLZG4QM6B4QMDG
795053,4QGYG4QJ3B4QJAG4QJHB4QJOG4QLSB4QLZG4QM6B4QMDG
795054,4QGYG4QJ3B4QJAG4QJHB4QJOG4QLSB4QLZG4QM6B4QMDG
796386,4QGYG4QJ3B4QJAG4QJHB4QJOG4QLSB4QLZG4QM6B4QMDG
796388,4QGYG4QJ3B4QJAG4QJHB4QJOG4QLSB4QLZG4QM6B4QMDG
796390,4QGYG4QJ3B4QJAG4QJHB4QJOG4QLSB4QLZG4QM6B4QMDG
795057,4QGYG4QJ3B4QJAG4QJHB4QJOG4QLSB4QLZG4QM6B4QMDG
796380,4QGYG4QJ3B4QJAG4QJHB4QJOG4QLSB4QLZG4QM6B4QMDG
838189,4QGYG4QJ3B4QJAG4QJHB4QJOG4QLSB4QLZG4QM6B4QMDG
796381,4QGYG4QJ3B4QJAG4QJHB4QJOG4QLSB4QLZG4QM6B4QMDG
831862,4QGYG4QJ3B4QJAG4QJHB4QJOG4QLSB4QLZG4QM6B4QMDG
831863,4QGYG4QJ3B4QJAG4QJHB4QJOG4QLSB4QLZG4QM6B4QMDG
831864,4QGYG4QJ3B4QJAG4QJHB4QJOG4QLSB4QLZG4QM6B4QMDG
831866,4QGYG4QJ3B4QJAG4QJHB4QJOG4QLSB4QLZG4QM6B4QMDG
831868,4QGYG4QJ3B4QJAG4QJHB4QJOG4QLSB4QLZG4QM6B4QMDG
831881,4QGYG4QJ3B4QJAG4QJHB4QJOG4QLSB4QLZG4QM6B4QMDG
831871,4QGYG4QJ3B4QJAG4QJHB4QJOG4QLSB4QLZG4QM6B4QMDG
831873,4QGYG4QJ3B4QJAG4QJHB4QJOG4QLSB4QLZG4QM6B4QMDG
733783,4QGYG4QJ3B4QJAG4QJHB4QJOG4QLSB4QLZG4QM6B4QMDG
795056,4QGYG4QJ3B4QJAG4QJHB4QJOG4QLSB4QLZG4QM6B4QMDG
733785,4QGYG4QJ3B4QJAG4QJHB4QJOG4QLSB4QLZG4QM6B4QMDG
795050,4QGYG4QJ3B4QJAG4QJHB4QJOG4QLSB4QLZG4QM6B4QMDG
733784,4QGYG4QJ3B4QJAG4QJHB4QJOG4QLSB4QLZG4QM6B4QMDG
795058,4QGYG4QJ3B4QJAG4QJHB4QJOG4QLSB4QLZG4QM6B4QMDG
795060,4QGYG4QJ3B4QJAG4QJHB4QJOG4QLSB4QLZG4QM6B4QMDG
787462,4QGYG4QJ3B4QJAG4QJHB4QJOG4QLSB4QLZG4QM6B4QMDG
795063,4QGYG4QJ3B4QJAG4QJHB4QJOG4QLSB4QLZG4QM6B4QMDG
1094224,4QGVB4QJ0B4QJ7B4QJEB4QJLB4QLPB4QLWB4QM3B4QMAB
838195,4QGVB4QJ0B4QJ7B4QJBG4QJEB4QJLB4QLPB4QLWB4QM0G
838198,4QGVB4QJ0B4QJ7B4QJBG4QJEB4QJLB4QLPB4QLWB4QM0G
838200,4QGVB4QJ0B4QJ7B4QJBG4QJEB4QJLB4QLPB4QLWB4QM0G
831852,4QGVB4QJ0B4QJ7B4QJBG4QJEB4QJLB4QLPB4QLWB4QM0G
831854,4QGVB4QJ0B4QJ7B4QJBG4QJEB4QJLB4QLPB4QLWB4QM0G
831856,4QGVB4QJ0B4QJ7B4QJBG4QJEB4QJLB4QLPB4QLWB4QM0G
831857,4QGVB4QJ0B4QJ7B4QJBG4QJEB4QJLB4QLPB4QLWB4QM0G
831858,4QGVB4QJ0B4QJ7B4QJBG4QJEB4QJLB4QLPB4QLWB4QM0G
831874,4QGVB4QJ0B4QJ7B4QJBG4QJEB4QJLB4QLPB4QLWB4QM0G
831872,4QGVB4QJ0B4QJ7B4QJBG4QJEB4QJLB4QLPB4QLWB4QM0G
836847,4QGVB4QJ0B4QJ7B4QJBG4QJEB4QJLB4QLPB4QLWB4QM0G
831876,4QGVB4QJ0B4QJ7B4QJBG4QJEB4QJLB4QLPB4QLWB4QM0G
995521,4QGVB4QJ0B4QJ7B4QJBG4QJEB4QJLB4QLPB4QLWB4QM0G
831878,4QGVB4QJ0B4QJ7B4QJBG4QJEB4QJLB4QLPB4QLWB4QM0G
831880,4QGVB4QJ0B4QJ7B4QJBG4QJEB4QJLB4QLPB4QLWB4QM0G
838197,4QGVB4QJ0B4QJ7B4QJBG4QJEB4QJLB4QLPB4QLWB4QM0G
831870,4QGVB4QJ0B4QJ7B4QJBG4QJEB4QJLB4QLPB4QLWB4QM0G
838191,4QGVB4QJ0B4QJ7B4QJBG4QJEB4QJLB4QLPB4QLWB4QM0G
838193,4QGVB4QJ0B4QJ7B4QJBG4QJEB4QJLB4QLPB4QLWB4QM0G
820149,4QGTB4QIXG4QJ4B4QJBG4QJIB4QJPG4QLTB4QM0G4QM7B
756471,4QGTB4QIXG4QJ4B4QJBG4QJIB4QJPG4QLTB4QM0G4QM7B
1030430,4QGTB4QIXG4QJ4B4QJBG4QJIB4QJPG4QLTB4QM0G4QM7B
756474,4QGTB4QIXG4QJ4B4QJBG4QJIB4QJPG4QLTB4QM0G4QM7B
756477,4QGTB4QIXG4QJ4B4QJBG4QJIB4QJPG4QLTB4QM0G4QM7B
776216,4QGTB4QIXG4QJ4B4QJBG4QJIB4QJPG4QLTB4QM0G4QM7B
756481,4QGTB4QIXG4QJ4B4QJBG4QJIB4QJPG4QLTB4QM0G4QM7B
1012549,4QGTB4QIXG4QJ4B4QJBG4QJIB4QJPG4QLTB4QM0G4QM7B
820144,4QGTB4QIXG4QJ4B4QJBG4QJIB4QJPG4QLTB4QM0G4QM7B
756470,4QGTB4QIXG4QJ4B4QJBG4QJIB4QJPG4QLTB4QM0G4QM7B
755551,4QGTB4QIXG4QJ4B4QJBG4QJIB4QJPG4QLTB4QM0G4QM7B
755554,4QGTB4QIXG4QJ4B4QJBG4QJIB4QJPG4QLTB4QM0G4QM7B
755564,4QGTB4QIXG4QJ4B4QJBG4QJIB4QJPG4QLTB4QM0G4QM7B
755549,4QGTB4QIXG4QJ4B4QJBG4QJIB4QJPG4QLTB4QM0G4QM7B
1018070,4QGTB4QIXG4QJ4B4QJBG4QJIB4QJPG4QLTB4QM0G4QM7B
755561,4QGTB4QIXG4QJ4B4QJBG4QJIB4QJPG4QLTB4QM0G4QM7B
1030433,4QGTB4QIXG4QJ4B4QJBG4QJIB4QJPG4QLTB4QM0G4QM7B
756509,4QGTB4QIXG4QJ4B4QJBG4QJIB4QJPG4QLTB4QM0G4QM7B
755557,4QGTB4QIXG4QJ4B4QJBG4QJIB4QJPG4QLTB4QM0G4QM7B
756505,4QGTB4QGTB4QIXG4QJ4B4QJ4B4QJBG4QJIB4QJIB4QJPG
756506,4QGTB4QIXG4QJ4B4QJBG4QJIB4QJPG4QLTB4QM0G4QM7B
1030431,4QGTB4QIXG4QJ4B4QJBG4QJIB4QJPG4QLTB4QM0G4QM7B
756511,4QGTB4QIXG4QJ4B4QJBG4QJIB4QJPG4QLTB4QM0G4QM7B
756513,4QGTB4QIXG4QJ4B4QJBG4QJIB4QJPG4QLTB4QM0G4QM7B
820154,4QGTB4QIXG4QJ4B4QJBG4QJIB4QJPG4QLTB4QM0G4QM7B
798262,4QGTB4QIXG4QJ4B4QJBG4QJIB4QJPG4QLTB4QM0G4QM7B
803731,4QGTB4QIXG4QJ4B4QJBG4QJIB4QJPG4QLTB4QM0G4QM7B
784552,4QGTB4QIXG4QJ4B4QJBG4QJIB4QJPG4QLTB4QM0G4QM7B
798226,4QGTB4QIXG4QJ4B4QJBG4QJIB4QJPG4QLTB4QM0G4QM7B
798228,4QGTB4QIXG4QJ4B4QJBG4QJIB4QJPG4QLTB4QM0G4QM7B
798231,4QGTB4QIXG4QJ4B4QJBG4QJIB4QJPG4QLTB4QM0G4QM7B
801652,4QGTB4QIXG4QJ4B4QJBG4QJIB4QJPG4QLTB4QM0G4QM7B
801633,4QGTB4QIXG4QJ4B4QJBG4QJIB4QJPG4QLTB4QM0G4QM7B
801627,4QGTB4QIXG4QJ4B4QJBG4QJIB4QJPG4QLTB4QM0G4QM7B
801641,4QGTB4QIXG4QJ4B4QJBG4QJIB4QJPG4QLTB4QM0G4QM7B
801637,4QGTB4QIXG4QJ4B4QJBG4QJIB4QJPG4QLTB4QM0G4QM7B
820145,4QGTB4QJ4B4QJIB4QLTB4QM7B4QOJB4QOXB
759356,4QGTB4QIXG4QJ4B4QJBG4QJIB4QJPG4QLTB4QM0G4QM7B
759675,4QGTB4QIXG4QJ4B4QJBG4QJIB4QJPG4QLTB4QM0G4QM7B
759677,4QGTB4QIXG4QJ4B4QJBG4QJIB4QJPG4QLTB4QM0G4QM7B
759681,4QGTB4QIXG4QJ4B4QJBG4QJIB4QJPG4QLTB4QM0G4QM7B
818477,4QGTB4QIXG4QJ4B4QJBG4QJIB4QJPG4QLTB4QM0G4QM7B
1030428,4QGTB4QIXG4QJ4B4QJBG4QJIB4QJPG4QLTB4QM0G4QM7B
801605,4QGTB4QIXG4QJ4B4QJBG4QJIB4QJPG4QLTB4QM0G4QM7B
755567,4QGTB4QIXG4QJ4B4QJBG4QJIB4QJPG4QLTB4QM0G4QM7B
801597,4QGTB4QIXG4QJ4B4QJBG4QJIB4QJPG4QLTB4QM0G4QM7B
801601,4QGTB4QIXG4QJ4B4QJBG4QJIB4QJPG4QLTB4QM0G4QM7B
801615,4QGTB4QIXG4QJ4B4QJBG4QJIB4QJPG4QLTB4QM0G4QM7B
801616,4QGTB4QIXG4QJ4B4QJBG4QJIB4QJPG4QLTB4QM0G4QM7B
801608,4QGTB4QIXG4QJ4B4QJBG4QJIB4QJPG4QLTB4QM0G4QM7B
801611,4QGTB4QIXG4QJ4B4QJBG4QJIB4QJPG4QLTB4QM0G4QM7B
818479,4QGTB4QIXG4QJ4B4QJBG4QJIB4QJPG4QLTB4QM0G4QM7B
759679,4QGTB4QIXG4QJ4B4QJBG4QJIB4QJPG4QLTB4QM0G4QM7B
759705,4QGTB4QIXG4QJ4B4QJBG4QJIB4QJPG4QLTB4QM0G4QM7B
759706,4QGTB4QIXG4QJ4B4QJBG4QJIB4QJPG4QLTB4QM0G4QM7B
818486,4QGTB4QIXG4QJ4B4QJBG4QJIB4QJPG4QLTB4QM0G4QM7B
759711,4QGTB4QIXG4QJ4B4QJBG4QJIB4QJPG4QLTB4QM0G4QM7B
759713,4QGTB4QIXG4QJ4B4QJBG4QJIB4QJPG4QLTB4QM0G4QM7B
1012523,4QGTB4QIXG4QJ4B4QJBG4QJIB4QJPG4QLTB4QM0G4QM7B
1030421,4QGTB4QIXG4QJ4B4QJBG4QJIB4QJPG4QLTB4QM0G4QM7B
1030429,4QGTB4QIXG4QJ4B4QJBG4QJIB4QJPG4QLTB4QM0G4QM7B
759688,4QGTB4QIXG4QJ4B4QJBG4QJIB4QJPG4QLTB4QM0G4QM7B
1012522,4QGTB4QIXG4QJ4B4QJBG4QJIB4QJPG4QLTB4QM0G4QM7B
759692,4QGTB4QIXG4QJ4B4QJBG4QJIB4QJPG4QLTB4QM0G4QM7B
759694,4QGTB4QIXG4QJ4B4QJBG4QJIB4QJPG4QLTB4QM0G4QM7B
759696,4QGTB4QIXG4QJ4B4QJBG4QJIB4QJPG4QLTB4QM0G4QM7B
826617,4QGTB4QIXG4QJ4B4QJBG4QJIB4QJPG4QLTB4QM0G4QM7B
818483,4QGTB4QIXG4QJ4B4QJBG4QJIB4QJPG4QLTB4QM0G4QM7B
801614,4QGTB4QIXG4QJ4B4QJBG4QJIB4QJPG4QLTB4QM0G4QM7B
756488,4QGTB4QIXG4QJ4B4QJBG4QJIB4QJPG4QLTB4QM0G4QM7B
909316,4QGTB4QIXG4QJ4B4QJBG4QJIB4QJPG4QLTB4QM0G4QM7B
756491,4QGTB4QIXG4QJ4B4QJBG4QJIB4QJPG4QLTB4QM0G4QM7B
756493,4QGTB4QIXG4QJ4B4QJBG4QJIB4QJPG4QLTB4QM0G4QM7B
756494,4QGTB4QIXG4QJ4B4QJBG4QJIB4QJPG4QLTB4QM0G4QM7B
820148,4QGTB4QIXG4QJ4B4QJBG4QJIB4QJPG4QLTB4QM0G4QM7B
756499,4QGTB4QIXG4QJ4B4QJBG4QJIB4QJPG4QLTB4QM0G4QM7B
978972,4QGWR4QGXG4QJ2B4QJ8R4QJ9G4QJGB4QJMR4QJNG4QLRB
978950,4QGWR4QGXG4QJ2B4QJ8R4QJ9G4QJGB4QJMR4QJNG4QLRB
1046658,4QGWR4QGXG4QJ2B4QJ8R4QJ9G4QJGB4QJMR4QJNG4QLRB
978967,4QGWR4QGXG4QJ2B4QJ8R4QJ9G4QJGB4QJMR4QJNG4QLRB
875510,4QGWG4QJ1B4QJ8G4QJFB4QJMG4QLQB4QLXG4QM4B4QMBG
778123,4QGWG4QJ1B4QJ8G4QJFB4QJMG4QLQB4QLXG4QM4B4QMBG
777823,4QGWG4QJ1B4QJ8G4QJFB4QJMG4QLQB4QLXG4QM4B4QMBG
875509,4QGWG4QJ1B4QJ8G4QJFB4QJMG4QLQB4QLXG4QM4B4QMBG
923093,4QGWG4QJ1B4QJ8G4QJFB4QJMG4QLQB4QLXG4QM4B4QMBG
660812,4QGWG4QJ1B4QJ8G4QJFB4QJMG4QLQB4QLXG4QM4B4QMBG
1004207,4QGWG4QJ1B4QJ8G4QJFB4QJMG4QLQB4QLXG4QM4B4QMBG
875513,4QGWG4QJ1B4QJ8G4QJFB4QJMG4QLQB4QLXG4QM4B4QMBG
778122,4QGWG4QJ1B4QJ8G4QJFB4QJMG4QLQB4QLXG4QM4B4QMBG
832881,4QGWG4QJ1B4QJ8G4QJFB4QJMG4QLQB4QLXG4QM4B4QMBG
832896,4QGWG4QJ1B4QJ8G4QJFB4QJMG4QLQB4QLXG4QM4B4QMBG
923092,4QGWG4QJ1B4QJ8G4QJFB4QJMG4QLQB4QLXG4QM4B4QMBG
832895,4QGWG4QJ1B4QJ8G4QJFB4QJMG4QLQB4QLXG4QM4B4QMBG
827357,4QGWG4QJ1B4QJ8G4QJFB4QJMG4QLQB4QLXG4QM4B4QMBG
832893,4QGWG4QJ1B4QJ8G4QJFB4QJMG4QLQB4QLXG4QM4B4QMBG
778121,4QGWG4QJ1B4QJ8G4QJFB4QJMG4QLQB4QLXG4QM4B4QMBG
836609,4QGUR4QGWG4QJ1B4QJ6R4QJ8G4QJFB4QJKR4QJMG4QLQB
778117,4QGWG4QJ1B4QJ1B4QJ8G4QJFB4QJFB4QJMG4QLQB4QLQB
836285,4QGUR4QGWG4QJ1B4QJ6R4QJ8G4QJFB4QJKR4QJMG4QLQB
923076,4QGWG4QJ1B4QJ1B4QJ8G4QJFB4QJFB4QJMG4QLQB4QLQB
832882,4QGWG4QJ1B4QJ8G4QJFB4QJMG4QLQB4QLXG4QM4B4QMBG
873797,4QGUR4QGWG4QJ1B4QJ6R4QJ8G4QJFB4QJKR4QJMG4QLQB
827356,4QGWG4QJ1B4QJ1B4QJ8G4QJFB4QJFB4QJMG4QLQB4QLQB
873796,4QGUR4QGWG4QJ1B4QJ6R4QJ8G4QJFB4QJKR4QJMG4QLQB
778116,4QGWG4QJ1B4QJ1B4QJ8G4QJFB4QJFB4QJMG4QLQB4QLQB
873795,4QGUR4QGWG4QJ1B4QJ6R4QJ8G4QJFB4QJKR4QJMG4QLQB
923074,4QGWG4QJ1B4QJ1B4QJ8G4QJFB4QJFB4QJMG4QLQB4QLQB
873794,4QGUR4QGWG4QJ1B4QJ6R4QJ8G4QJFB4QJKR4QJMG4QLQB
923073,4QGWG4QJ1B4QJ1B4QJ8G4QJFB4QJFB4QJMG4QLQB4QLQB
873793,4QGUR4QGWG4QJ1B4QJ6R4QJ8G4QJFB4QJKR4QJMG4QLQB
778115,4QGWG4QJ1B4QJ1B4QJ8G4QJFB4QJFB4QJMG4QLQB4QLQB
778114,4QGWG4QJ1B4QJ8G4QJFB4QJMG4QLQB4QLXG4QM4B4QMBG
873637,4QGWG4QJ1B4QJ8G4QJFB4QJMG4QLQB4QLXG4QM4B4QMBG
660854,4QGWG4QJ1B4QJ1B4QJ8G4QJFB4QJFB4QJMG4QLQB4QLQB
778118,4QGUR4QGWG4QJ1B4QJ6R4QJ8G4QJFB4QJKR4QJMG4QLQB
923079,4QGWG4QJ1B4QJ1B4QJ8G4QJFB4QJFB4QJMG4QLQB4QLQB
1005372,4QGWG4QJ1B4QJ1B4QJ8G4QJFB4QJFB4QJMG4QLQB4QLQB
923069,4QGWG4QJ1B4QJ1B4QJ8G4QJFB4QJFB4QJMG4QLQB4QLQB
923068,4QGWG4QJ1B4QJ1B4QJ8G4QJFB4QJFB4QJMG4QLQB4QLQB
832880,4QGWG4QJ1B4QJ8G4QJFB4QJMG4QLQB4QLXG4QM4B4QMBG
923066,4QGWG4QJ1B4QJ8G4QJFB4QJMG4QLQB4QLXG4QM4B4QMBG
660838,4QGWG4QJ1B4QJ8G4QJFB4QJMG4QLQB4QLXG4QM4B4QMBG
922719,4QGWG4QJ1B4QJ8G4QJFB4QJMG4QLQB4QLXG4QM4B4QMBG
875512,4QGWG4QJ1B4QJ8G4QJFB4QJMG4QLQB4QLXG4QM4B4QMBG
923070,4QGWG4QJ1B4QJ8G4QJFB4QJMG4QLQB4QLXG4QM4B4QMBG
873788,4QGVG4QJ0B4QJ7G4QJEB4QJLG4QLPB4QLWG4QM3B4QMAG
873787,4QGVG4QJ0B4QJ7G4QJEB4QJLG4QLPB4QLWG4QM3B4QMAG
873786,4QGVG4QJ0B4QJ7G4QJEB4QJLG4QLPB4QLWG4QM3B4QMAG
873785,4QGVG4QJ0B4QJ7G4QJEB4QJLG4QLPB4QLWG4QM3B4QMAG
832211,4QGVG4QJ0B4QJ7G4QJEB4QJLG4QLPB4QLWG4QM3B4QMAG
873792,4QGVG4QJ0B4QJ7G4QJEB4QJLG4QLPB4QLWG4QM3B4QMAG
873781,4QGVG4QJ0B4QJ7G4QJEB4QJLG4QLPB4QLWG4QM3B4QMAG
873779,4QGVG4QJ0B4QJ7G4QJEB4QJLG4QLPB4QLWG4QM3B4QMAG
873778,4QGVG4QJ0B4QJ7G4QJEB4QJLG4QLPB4QLWG4QM3B4QMAG
774994,4QGVG4QGVR4QJ0B4QJ7G4QJ7R4QJEB4QJLG4QJLR4QLPB
745039,4QGVG4QJ0B4QJ7G4QJEB4QJLG4QLPB4QLWG4QM3B4QMAG
877093,4QGVG4QJ0B4QJ7G4QJEB4QJLG4QLPB4QLWG4QM3B4QMAG
1003288,4QGVG4QJ0B4QJ7G4QJEB4QJLG4QLPB4QLWG4QM3B4QMAG
877091,4QGVG4QJ0B4QJ7G4QJEB4QJLG4QLPB4QLWG4QM3B4QMAG
743840,4QGVG4QJ0B4QJ7G4QJEB4QJLG4QLPB4QLWG4QM3B4QMAG
836607,4QGVG4QJ0B4QJ7G4QJEB4QJLG4QLPB4QLWG4QM3B4QMAG
836606,4QGVG4QJ0B4QJ7G4QJEB4QJLG4QLPB4QLWG4QM3B4QMAG
836604,4QGVG4QJ0B4QJ7G4QJEB4QJLG4QLPB4QLWG4QM3B4QMAG
836602,4QGVG4QJ0B4QJ7G4QJEB4QJLG4QLPB4QLWG4QM3B4QMAG
836601,4QGVG4QJ0B4QJ7G4QJEB4QJLG4QLPB4QLWG4QM3B4QMAG
855874,4QGVG4QGVR4QJ0B4QJ7G4QJ7R4QJEB4QJLG4QJLR4QLPB
836599,4QGVG4QJ0B4QJ7G4QJEB4QJLG4QLPB4QLWG4QM3B4QMAG
836289,4QGVG4QJ0B4QJ7G4QJEB4QJLG4QLPB4QLWG4QM3B4QMAG
745040,4QGVG4QJ0B4QJ7G4QJEB4QJLG4QLPB4QLWG4QM3B4QMAG
902725,4QGVG4QGVR4QJ0B4QJ7G4QJ7R4QJEB4QJLG4QJLR4QLPB
855875,4QGVG4QGVR4QJ0B4QJ7G4QJ7R4QJEB4QJLG4QJLR4QLPB
1008693,4QGVG4QGVR4QJ0B4QJ7G4QJ7R4QJEB4QJLG4QJLR4QLPB
855876,4QGVG4QGVR4QJ0B4QJ7G4QJ7R4QJEB4QJLG4QJLR4QLPB
741028,4QGVG4QGVR4QJ0B4QJ7G4QJ7R4QJEB4QJLG4QJLR4QLPB
873790,4QGVG4QJ0B4QJ7G4QJEB4QJLG4QLPB4QLWG4QM3B4QMAG
873789,4QGVG4QJ0B4QJ7G4QJEB4QJLG4QLPB4QLWG4QM3B4QMAG
809029,4QGWG4QJ1B4QJ8G4QJFB4QJMG4QLQB4QLXG4QM4B4QMBG
809057,4QGVR4QGWG4QJ1B4QJ7R4QJ8G4QJFB4QJLR4QJMG4QLQB
809055,4QGVR4QGWG4QJ1B4QJ7R4QJ8G4QJFB4QJLR4QJMG4QLQB
809053,4QGWG4QJ1B4QJ8G4QJFB4QJMG4QLQB4QLXG4QM4B4QMBG
762221,4QGWG4QJ1B4QJ8G4QJFB4QJMG4QLQB4QLXG4QM4B4QMBG
745589,4QGVG4QGYB4QJ3B4QJ7G4QJAB4QJHB4QJLG4QJOB4QLSB
754310,4QGVG4QGYB4QJ3B4QJ7G4QJAB4QJHB4QJLG4QJOB4QLSB
754309,4QGVG4QGYB4QJ3B4QJ7G4QJAB4QJHB4QJLG4QJOB4QLSB
828221,4QGVG4QGYB4QJ3B4QJ7G4QJAB4QJHB4QJLG4QJOB4QLSB
800761,4QGVG4QGYB4QJ3B4QJ7G4QJAB4QJHB4QJLG4QJOB4QLSB
745590,4QGVG4QGYB4QJ3B4QJ7G4QJAB4QJHB4QJLG4QJOB4QLSB
800748,4QGVG4QGYB4QJ3B4QJ7G4QJAB4QJHB4QJLG4QJOB4QLSB
800758,4QGVG4QGYB4QJ3B4QJ7G4QJAB4QJHB4QJLG4QJOB4QLSB
800757,4QGVG4QGYB4QJ3B4QJ7G4QJAB4QJHB4QJLG4QJOB4QLSB
1025974,4QGVG4QGYB4QJ3B4QJ7G4QJAB4QJHB4QJLG4QJOB4QLSB
800756,4QGVG4QGYB4QJ3B4QJ7G4QJAB4QJHB4QJLG4QJOB4QLSB
800754,4QGVG4QGYB4QJ3B4QJ7G4QJAB4QJHB4QJLG4QJOB4QLSB
800753,4QGVG4QGYB4QJ3B4QJ7G4QJAB4QJHB4QJLG4QJOB4QLSB
800751,4QGVG4QGYB4QJ3B4QJ7G4QJAB4QJHB4QJLG4QJOB4QLSB
800750,4QGVG4QGYB4QJ3B4QJ7G4QJAB4QJHB4QJLG4QJOB4QLSB
820468,4QGVG4QGYB4QJ3B4QJ7G4QJAB4QJHB4QJLG4QJOB4QLSB
820471,4QGVG4QGYB4QJ3B4QJ7G4QJAB4QJHB4QJLG4QJOB4QLSB
798641,4QGVG4QGYB4QJ3B4QJ7G4QJAB4QJHB4QJLG4QJOB4QLSB
1055368,4QGVG4QGYB4QJ3B4QJ7G4QJAB4QJHB4QJLG4QJOB4QLSB
1010248,4QGTG4QIXB4QJ4G4QJBB4QJIG4QJPB4QLTG4QM0B4QM7G
850426,4QGTG4QIXB4QJ4G4QJBB4QJIG4QJPB4QLTG4QM0B4QM7G
850425,4QGTG4QIXB4QJ4G4QJBB4QJIG4QJPB4QLTG4QM0B4QM7G
850421,4QGTG4QIXB4QJ4G4QJBB4QJIG4QJPB4QLTG4QM0B4QM7G
1032038,4QGTG4QIXB4QJ4G4QJBB4QJIG4QJPB4QLTG4QM0B4QM7G
865273,4QGTG4QGTG4QIXB4QJ4G4QJ4G4QJBB4QJIG4QJIG4QJPB
1032036,4QGTG4QIXB4QJ4G4QJBB4QJIG4QJPB4QLTG4QM0B4QM7G
865269,4QGTG4QIXB4QJ4G4QJBB4QJIG4QJPB4QLTG4QM0B4QM7G
865265,4QGTG4QIXB4QJ4G4QJBB4QJIG4QJPB4QLTG4QM0B4QM7G
1030631,4QGTG4QIXB4QJ4G4QJBB4QJIG4QJPB4QLTG4QM0B4QM7G
849070,4QGTG4QIXB4QJ4G4QJBB4QJIG4QJPB4QLTG4QM0B4QM7G
764179,4QGTG4QIXB4QJ4G4QJBB4QJIG4QJPB4QLTG4QM0B4QM7G
764177,4QGTG4QIXB4QJ4G4QJBB4QJIG4QJPB4QLTG4QM0B4QM7G
764175,4QGTG4QIXB4QJ4G4QJBB4QJIG4QJPB4QLTG4QM0B4QM7G
764174,4QGTG4QIXB4QJ4G4QJBB4QJIG4QJPB4QLTG4QM0B4QM7G
849080,4QGTG4QIXB4QJ4G4QJBB4QJIG4QJPB4QLTG4QM0B4QM7G
849082,4QGTG4QIXB4QJ4G4QJBB4QJIG4QJPB4QLTG4QM0B4QM7G
865268,4QGTG4QIXB4QJ4G4QJBB4QJIG4QJPB4QLTG4QM0B4QM7G
849081,4QGTG4QIXB4QJ4G4QJBB4QJIG4QJPB4QLTG4QM0B4QM7G
907634,4QGTG4QIXB4QJ4G4QJBB4QJIG4QJPB4QLTG4QM0B4QM7G
849076,4QGTG4QIXB4QJ4G4QJBB4QJIG4QJPB4QLTG4QM0B4QM7G
849074,4QGTG4QIXB4QJ4G4QJBB4QJIG4QJPB4QLTG4QM0B4QM7G
829467,4QGTG4QIXB4QJ4G4QJBB4QJIG4QJPB4QLTG4QM0B4QM7G
860082,4QGWB4QJ1G4QJ8B4QJFG4QJMB4QLQG4QLXB4QM4G4QMBB
680671,4QGWB4QJ0R4QJ1G4QJ8B4QJER4QJFG4QJMB4QLPR4QLQG
680670,4QGWB4QJ1G4QJ8B4QJFG4QJMB4QLQG4QLXB4QM4G4QMBB
704052,4QGWB4QJ0R4QJ1G4QJ8B4QJER4QJFG4QJMB4QLPR4QLQG
680667,4QGWB4QJ1G4QJ8B4QJFG4QJMB4QLQG4QLXB4QM4G4QMBB
682017,4QGWB4QJ0R4QJ1G4QJ8B4QJER4QJFG4QJMB4QLPR4QLQG
861364,4QGWB4QJ1G4QJ8B4QJFG4QJMB4QLQG4QLXB4QM4G4QMBB
861359,4QGWB4QJ0R4QJ1G4QJ8B4QJER4QJFG4QJMB4QLPR4QLQG
682001,4QGWB4QJ1G4QJ8B4QJFG4QJMB4QLQG4QLXB4QM4G4QMBB
681999,4QGWB4QJ0R4QJ1G4QJ8B4QJER4QJFG4QJMB4QLPR4QLQG
682024,4QGWB4QJ0R4QJ1G4QJ8B4QJER4QJFG4QJMB4QLPR4QLQG
704061,4QGWB4QJ1G4QJ8B4QJFG4QJMB4QLQG4QLXB4QM4G4QMBB
681997,4QGWB4QJ1G4QJ8B4QJFG4QJMB4QLQG4QLXB4QM4G4QMBB
681996,4QGWB4QJ0R4QJ1G4QJ8B4QJER4QJFG4QJMB4QLPR4QLQG
681994,4QGWB4QJ0R4QJ1G4QJ8B4QJER4QJFG4QJMB4QLPR4QLQG
681993,4QGWB4QJ0R4QJ1G4QJ8B4QJER4QJFG4QJMB4QLPR4QLQG
682012,4QGWB4QJ0R4QJ1G4QJ8B4QJER4QJFG4QJMB4QLPR4QLQG
1037600,4QGWB4QJ1G4QJ8B4QJFG4QJMB4QLQG4QLXB4QM4G4QMBB
704062,4QGWB4QJ0R4QJ1G4QJ8B4QJER4QJFG4QJMB4QLPR4QLQG
682015,4QGWB4QJ0R4QJ1G4QJ8B4QJER4QJFG4QJMB4QLPR4QLQG
682005,4QGWB4QJ0R4QJ1G4QJ8B4QJER4QJFG4QJMB4QLPR4QLQG
861365,4QGWB4QJ0R4QJ1G4QJ8B4QJER4QJFG4QJMB4QLPR4QLQG
682010,4QGWB4QJ1G4QJ8B4QJFG4QJMB4QLQG4QLXB4QM4G4QMBB
682009,4QGWB4QJ0R4QJ1G4QJ8B4QJER4QJFG4QJMB4QLPR4QLQG
861360,4QGWB4QJ1G4QJ8B4QJFG4QJMB4QLQG4QLXB4QM4G4QMBB
682006,4QGWB4QJ0R4QJ1G4QJ8B4QJER4QJFG4QJMB4QLPR4QLQG
680679,4QGWB4QJ1G4QJ8B4QJFG4QJMB4QLQG4QLXB4QM4G4QMBB
680665,4QGWB4QJ0R4QJ1G4QJ8B4QJER4QJFG4QJMB4QLPR4QLQG
682029,4QGWB4QJ0R4QJ1G4QJ8B4QJER4QJFG4QJMB4QLPR4QLQG
680708,4QGWB4QJ0R4QJ1G4QJ8B4QJER4QJFG4QJMB4QLPR4QLQG
680706,4QGWB4QJ0R4QJ1G4QJ8B4QJER4QJFG4QJMB4QLPR4QLQG
680705,4QGWB4QJ0R4QJ1G4QJ8B4QJER4QJFG4QJMB4QLPR4QLQG
682021,4QGWB4QJ0R4QJ1G4QJ8B4QJER4QJFG4QJMB4QLPR4QLQG
704054,4QGWB4QJ0R4QJ1G4QJ8B4QJER4QJFG4QJMB4QLPR4QLQG
1006408,4QGWB4QJ0R4QJ1G4QJ8B4QJER4QJFG4QJMB4QLPR4QLQG
680701,4QGWB4QJ0R4QJ1G4QJ8B4QJER4QJFG4QJMB4QLPR4QLQG
680699,4QGWB4QJ0R4QJ1G4QJ8B4QJER4QJFG4QJMB4QLPR4QLQG
680698,4QGWB4QJ0R4QJ1G4QJ8B4QJER4QJFG4QJMB4QLPR4QLQG
680703,4QGWB4QJ0R4QJ1G4QJ8B4QJER4QJFG4QJMB4QLPR4QLQG
682020,4QGWB4QJ1G4QJ8B4QJFG4QJMB4QLQG4QLXB4QM4G4QMBB
682050,4QGWB4QJ0R4QJ1G4QJ8B4QJER4QJFG4QJMB4QLPR4QLQG
680656,4QGWB4QJ0R4QJ1G4QJ8B4QJER4QJFG4QJMB4QLPR4QLQG
1037596,4QGWB4QJ1G4QJ8B4QJFG4QJMB4QLQG4QLXB4QM4G4QMBB
999166,4QGWB4QJ0R4QJ1G4QJ8B4QJER4QJFG4QJMB4QLPR4QLQG
680675,4QGWB4QJ0R4QJ1G4QJ8B4QJER4QJFG4QJMB4QLPR4QLQG
680674,4QGWB4QJ0R4QJ1G4QJ8B4QJER4QJFG4QJMB4QLPR4QLQG
1025784,4QGXG4QJ2B4QJ9G4QJGB4QJNG4QLRB4QLYG4QM5B4QMCG
730632,4QGXG4QJ2B4QJ9G4QJGB4QJNG4QLRB4QLYG4QM5B4QMCG
730612,4QGXG4QJ2B4QJ9G4QJGB4QJNG4QLRB4QLYG4QM5B4QMCG
904970,4QGXG4QJ2B4QJ9G4QJGB4QJNG4QLRB4QLYG4QM5B4QMCG
730619,4QGXG4QJ2B4QJ9G4QJGB4QJNG4QLRB4QLYG4QM5B4QMCG
688150,4QGXG4QJ2B4QJ9G4QJGB4QJNG4QLRB4QLYG4QM5B4QMCG
688137,4QGXG4QJ2B4QJ9G4QJGB4QJNG4QLRB4QLYG4QM5B4QMCG
688140,4QGXG4QJ2B4QJ9G4QJGB4QJNG4QLRB4QLYG4QM5B4QMCG
905890,4QGXG4QJ2B4QJ9G4QJGB4QJNG4QLRB4QLYG4QM5B4QMCG
997305,4QGXG4QJ2B4QJ9G4QJGB4QJNG4QLRB4QLYG4QM5B4QMCG
921707,4QGWG4QJ1B4QJ8G4QJFB4QJMG4QLQB4QLXG4QM4B4QMBG
923058,4QGWG4QJ1B4QJ1R4QJ8G4QJFB4QJFR4QJMG4QLQB4QLQR
923065,4QGWG4QJ1B4QJ1R4QJ8G4QJFB4QJFR4QJMG4QLQB4QLQR
923062,4QGWG4QJ1B4QJ1R4QJ8G4QJFB4QJFR4QJMG4QLQB4QLQR
921717,4QGWG4QJ1B4QJ1R4QJ8G4QJFB4QJFR4QJMG4QLQB4QLQR
782012,4QGWG4QJ1B4QJ1R4QJ8G4QJFB4QJFR4QJMG4QLQB4QLQR
921719,4QGWG4QJ1B4QJ1R4QJ8G4QJFB4QJFR4QJMG4QLQB4QLQR
780602,4QGWG4QJ1B4QJ1R4QJ8G4QJFB4QJFR4QJMG4QLQB4QLQR
780598,4QGWG4QJ1B4QJ1R4QJ8G4QJFB4QJFR4QJMG4QLQB4QLQR
921692,4QGWG4QJ1B4QJ1R4QJ8G4QJFB4QJFR4QJMG4QLQB4QLQR
923005,4QGWG4QJ1B4QJ1R4QJ8G4QJFB4QJFR4QJMG4QLQB4QLQR
921695,4QGWG4QJ1B4QJ1R4QJ8G4QJFB4QJFR4QJMG4QLQB4QLQR
921689,4QGWG4QJ1B4QJ1R4QJ8G4QJFB4QJFR4QJMG4QLQB4QLQR
705002,4QGWG4QJ1B4QJ1R4QJ8G4QJFB4QJFR4QJMG4QLQB4QLQR
921703,4QGWG4QJ1B4QJ1R4QJ8G4QJFB4QJFR4QJMG4QLQB4QLQR
921702,4QGWG4QJ1B4QJ1R4QJ8G4QJFB4QJFR4QJMG4QLQB4QLQR
921700,4QGWG4QJ1B4QJ1R4QJ8G4QJFB4QJFR4QJMG4QLQB4QLQR
921699,4QGWG4QJ1B4QJ1R4QJ8G4QJFB4QJFR4QJMG4QLQB4QLQR
788723,4QGWG4QJ1B4QJ1R4QJ8G4QJFB4QJFR4QJMG4QLQB4QLQR
922991,4QGWG4QJ1B4QJ1R4QJ8G4QJFB4QJFR4QJMG4QLQB4QLQR
879117,4QGWG4QJ1B4QJ1R4QJ8G4QJFB4QJFR4QJMG4QLQB4QLQR
705000,4QGWG4QJ1B4QJ1R4QJ8G4QJFB4QJFR4QJMG4QLQB4QLQR
879115,4QGWG4QJ1B4QJ1R4QJ8G4QJFB4QJFR4QJMG4QLQB4QLQR
778995,4QGWG4QJ1B4QJ1R4QJ8G4QJFB4QJFR4QJMG4QLQB4QLQR
778994,4QGWG4QJ1B4QJ1R4QJ8G4QJFB4QJFR4QJMG4QLQB4QLQR
879110,4QGWG4QJ1B4QJ1R4QJ8G4QJFB4QJFR4QJMG4QLQB4QLQR
879112,4QGWG4QJ1B4QJ1R4QJ8G4QJFB4QJFR4QJMG4QLQB4QLQR
879127,4QGWG4QJ1B4QJ1R4QJ8G4QJFB4QJFR4QJMG4QLQB4QLQR
778998,4QGWG4QJ1B4QJ1R4QJ8G4QJFB4QJFR4QJMG4QLQB4QLQR
879123,4QGWG4QJ1B4QJ1R4QJ8G4QJFB4QJFR4QJMG4QLQB4QLQR
778997,4QGWG4QJ1B4QJ1R4QJ8G4QJFB4QJFR4QJMG4QLQB4QLQR
879120,4QGWG4QJ1B4QJ1R4QJ8G4QJFB4QJFR4QJMG4QLQB4QLQR
921651,4QGWG4QJ1B4QJ1R4QJ8G4QJFB4QJFR4QJMG4QLQB4QLQR
879119,4QGWG4QJ1B4QJ1R4QJ8G4QJFB4QJFR4QJMG4QLQB4QLQR
878378,4QGWG4QJ1B4QJ1R4QJ8G4QJFB4QJFR4QJMG4QLQB4QLQR
878374,4QGWG4QJ1B4QJ8G4QJFB4QJMG4QLQB4QLXG4QM4B4QMBG
878028,4QGWG4QJ1B4QJ1R4QJ8G4QJFB4QJFR4QJMG4QLQB4QLQR
878368,4QGWG4QJ1B4QJ1R4QJ8G4QJFB4QJFR4QJMG4QLQB4QLQR
996632,4QGWG4QJ1B4QJ1R4QJ8G4QJFB4QJFR4QJMG4QLQB4QLQR
1016622,4QGWG4QJ1B4QJ1R4QJ8G4QJFB4QJFR4QJMG4QLQB4QLQR
878371,4QGWG4QJ1B4QJ1R4QJ8G4QJFB4QJFR4QJMG4QLQB4QLQR
778992,4QGWG4QJ1B4QJ1R4QJ8G4QJFB4QJFR4QJMG4QLQB4QLQR
879106,4QGWG4QJ1B4QJ1R4QJ8G4QJFB4QJFR4QJMG4QLQB4QLQR
879103,4QGWG4QJ1B4QJ1R4QJ8G4QJFB4QJFR4QJMG4QLQB4QLQR
878801,4QGWG4QJ1B4QJ1R4QJ8G4QJFB4QJFR4QJMG4QLQB4QLQR
921652,4QGWG4QJ1B4QJ8G4QJFB4QJMG4QLQB4QLXG4QM4B4QMBG
878798,4QGWG4QJ1B4QJ8G4QJFB4QJMG4QLQB4QLXG4QM4B4QMBG
922982,4QGWG4QJ1B4QJ1R4QJ8G4QJFB4QJFR4QJMG4QLQB4QLQR
922980,4QGWG4QJ1B4QJ1R4QJ8G4QJFB4QJFR4QJMG4QLQB4QLQR
922977,4QGWG4QJ1B4QJ1R4QJ8G4QJFB4QJFR4QJMG4QLQB4QLQR
922983,4QGWG4QJ1B4QJ8G4QJFB4QJMG4QLQB4QLXG4QM4B4QMBG
705003,4QGWG4QJ1B4QJ1R4QJ8G4QJFB4QJFR4QJMG4QLQB4QLQR
922970,4QGWG4QJ1B4QJ1R4QJ8G4QJFB4QJFR4QJMG4QLQB4QLQR
782032,4QGWG4QJ1B4QJ1R4QJ8G4QJFB4QJFR4QJMG4QLQB4QLQR
922998,4QGWG4QJ1B4QJ8G4QJFB4QJMG4QLQB4QLXG4QM4B4QMBG
921713,4QGWG4QJ1B4QJ1R4QJ8G4QJFB4QJFR4QJMG4QLQB4QLQR
921712,4QGWG4QJ1B4QJ8G4QJFB4QJMG4QLQB4QLXG4QM4B4QMBG
921709,4QGWG4QJ1B4QJ1R4QJ8G4QJFB4QJFR4QJMG4QLQB4QLQR
945473,4QGVB4QJ0G4QJ1R4QJ7B4QJEG4QJFR4QJLB4QLPG4QLQR
945474,4QGVB4QJ0G4QJ1R4QJ7B4QJEG4QJFR4QJLB4QLPG4QLQR
945475,4QGVB4QJ0G4QJ1R4QJ7B4QJEG4QJFR4QJLB4QLPG4QLQR
945211,4QGVB4QJ0G4QJ1R4QJ7B4QJEG4QJFR4QJLB4QLPG4QLQR
945212,4QGVB4QJ0G4QJ1R4QJ7B4QJEG4QJFR4QJLB4QLPG4QLQR
945213,4QGVB4QJ0G4QJ1R4QJ7B4QJEG4QJFR4QJLB4QLPG4QLQR
948622,4QGVB4QJ0G4QJ7B4QJEG4QJLB4QLPG4QLWB4QM3G4QMAB
945214,4QGVB4QJ0G4QJ1R4QJ7B4QJEG4QJFR4QJLB4QLPG4QLQR
945215,4QGVB4QJ0G4QJ1R4QJ7B4QJEG4QJFR4QJLB4QLPG4QLQR
1022792,4QGVB4QJ0G4QJ1R4QJ7B4QJEG4QJFR4QJLB4QLPG4QLQR
948623,4QGVB4QJ0G4QJ1R4QJ7B4QJEG4QJFR4QJLB4QLPG4QLQR
945472,4QGVB4QJ0G4QJ1R4QJ7B4QJEG4QJFR4QJLB4QLPG4QLQR
732111,4QGYB4QJ3G4QJAB4QJHG4QJOB4QLSG4QLZB4QM6G4QMDB
729636,4QGYB4QJ3G4QJAB4QJHG4QJOB4QLSG4QLZB4QM6G4QMDB
947043,4QGYB4QJ3G4QJAB4QJHG4QJOB4QLSG4QLZB4QM6G4QMDB
947044,4QGYB4QJ3G4QJAB4QJHG4QJOB4QLSG4QLZB4QM6G4QMDB
728415,4QGYB4QJ3G4QJAB4QJHG4QJOB4QLSG4QLZB4QM6G4QMDB
732113,4QGYB4QJ3G4QJAB4QJHG4QJOB4QLSG4QLZB4QM6G4QMDB
728418,4QGYB4QJ3G4QJAB4QJHG4QJOB4QLSG4QLZB4QM6G4QMDB
729617,4QGYB4QJ3G4QJAB4QJHG4QJOB4QLSG4QLZB4QM6G4QMDB
691522,4QGYB4QJ3G4QJAB4QJHG4QJOB4QLSG4QLZB4QM6G4QMDB
729640,4QGYB4QJ3G4QJAB4QJHG4QJOB4QLSG4QLZB4QM6G4QMDB
729984,4QGYB4QJ3G4QJAB4QJHG4QJOB4QLSG4QLZB4QM6G4QMDB
729995,4QGYB4QJ3G4QJAB4QJHG4QJOB4QLSG4QLZB4QM6G4QMDB
729993,4QGYB4QJ3G4QJAB4QJHG4QJOB4QLSG4QLZB4QM6G4QMDB
729974,4QGYB4QJ3G4QJAB4QJHG4QJOB4QLSG4QLZB4QM6G4QMDB
859355,4QGYB4QJ3G4QJAB4QJHG4QJOB4QLSG4QLZB4QM6G4QMDB
1041907,4QGYB4QJ3G4QJAB4QJHG4QJOB4QLSG4QLZB4QM6G4QMDB
785810,4QGYB4QJ3G4QJAB4QJHG4QJOB4QLSG4QLZB4QM6G4QMDB
729977,4QGYB4QJ3G4QJAB4QJHG4QJOB4QLSG4QLZB4QM6G4QMDB
729981,4QGYB4QJ3G4QJAB4QJHG4QJOB4QLSG4QLZB4QM6G4QMDB
693263,4QGYB4QJ3G4QJAB4QJHG4QJOB4QLSG4QLZB4QM6G4QMDB
1013019,4QGYB4QJ3G4QJAB4QJHG4QJOB4QLSG4QLZB4QM6G4QMDB
859722,4QGYB4QJ3G4QJAB4QJHG4QJOB4QLSG4QLZB4QM6G4QMDB
1041905,4QGYB4QJ3G4QJAB4QJHG4QJOB4QLSG4QLZB4QM6G4QMDB
947047,4QGYB4QJ3G4QJAB4QJHG4QJOB4QLSG4QLZB4QM6G4QMDB
729625,4QGYB4QJ3G4QJAB4QJHG4QJOB4QLSG4QLZB4QM6G4QMDB
947046,4QGYB4QJ3G4QJAB4QJHG4QJOB4QLSG4QLZB4QM6G4QMDB
729629,4QGYB4QJ3G4QJAB4QJHG4QJOB4QLSG4QLZB4QM6G4QMDB
732125,4QGYB4QJ3G4QJAB4QJHG4QJOB4QLSG4QLZB4QM6G4QMDB
729632,4QGYB4QJ3G4QJAB4QJHG4QJOB4QLSG4QLZB4QM6G4QMDB
1055369,4QGYB4QJ3G4QJAB4QJHG4QJOB4QLSG4QLZB4QM6G4QMDB
732145,4QGXG4QGYR4QJ2B4QJ9G4QJAR4QJGB4QJNG4QJOR4QLRB
978178,4QGXG4QGYR4QJ2B4QJ9G4QJAR4QJGB4QJNG4QJOR4QLRB
732138,4QGXG4QGYR4QJ2B4QJ9G4QJAR4QJGB4QJNG4QJOR4QLRB
732155,4QGXG4QGYR4QJ2B4QJ9G4QJAR4QJGB4QJNG4QJOR4QLRB
978176,4QGXG4QGYR4QJ2B4QJ9G4QJAR4QJGB4QJNG4QJOR4QLRB
731819,4QGXG4QGYR4QJ2B4QJ9G4QJAR4QJGB4QJNG4QJOR4QLRB
651795,4QGXG4QGYR4QJ2B4QJ9G4QJAR4QJGB4QJNG4QJOR4QLRB
728141,4QGXG4QGYR4QJ2B4QJ9G4QJAR4QJGB4QJNG4QJOR4QLRB
651804,4QGXG4QGYR4QJ2B4QJ9G4QJAR4QJGB4QJNG4QJOR4QLRB
977281,4QGXG4QGYR4QJ2B4QJ9G4QJAR4QJGB4QJNG4QJOR4QLRB
982772,4QGXG4QGYR4QJ2B4QJ9G4QJAR4QJGB4QJNG4QJOR4QLRB
646541,4QGXG4QGYR4QJ2B4QJ9G4QJAR4QJGB4QJNG4QJOR4QLRB
982770,4QGXG4QGYR4QJ2B4QJ9G4QJAR4QJGB4QJNG4QJOR4QLRB
650659,4QGXG4QGYR4QJ2B4QJ9G4QJAR4QJGB4QJNG4QJOR4QLRB
982768,4QGXG4QGYR4QJ2B4QJ9G4QJAR4QJGB4QJNG4QJOR4QLRB
646561,4QGXG4QJ2B4QJ9G4QJGB4QJNG4QLRB4QLYG4QM5B4QMCG
650658,4QGXG4QGYR4QJ2B4QJ9G4QJAR4QJGB4QJNG4QJOR4QLRB
650656,4QGXG4QGYR4QJ2B4QJ9G4QJAR4QJGB4QJNG4QJOR4QLRB
730478,4QGXG4QGYR4QJ2B4QJ9G4QJAR4QJGB4QJNG4QJOR4QLRB
687305,4QGXG4QGYR4QJ2B4QJ9G4QJAR4QJGB4QJNG4QJOR4QLRB
650654,4QGXG4QGYR4QJ2B4QJ9G4QJAR4QJGB4QJNG4QJOR4QLRB
647554,4QGXG4QGYR4QJ2B4QJ9G4QJAR4QJGB4QJNG4QJOR4QLRB
647552,4QGXG4QGYR4QJ2B4QJ9G4QJAR4QJGB4QJNG4QJOR4QLRB
647550,4QGXG4QGYR4QJ2B4QJ9G4QJAR4QJGB4QJNG4QJOR4QLRB
647549,4QGXG4QGYR4QJ2B4QJ9G4QJAR4QJGB4QJNG4QJOR4QLRB
702963,4QGXG4QGYR4QJ2B4QJ9G4QJAR4QJGB4QJNG4QJOR4QLRB
901861,4QGXG4QGYR4QJ2B4QJ9G4QJAR4QJGB4QJNG4QJOR4QLRB
649058,4QGXG4QGYR4QJ2B4QJ9G4QJAR4QJGB4QJNG4QJOR4QLRB
730482,4QGXG4QGYR4QJ2B4QJ9G4QJAR4QJGB4QJNG4QJOR4QLRB
647750,4QGXG4QGYR4QJ2B4QJ9G4QJAR4QJGB4QJNG4QJOR4QLRB
901864,4QGXG4QGYR4QJ2B4QJ9G4QJAR4QJGB4QJNG4QJOR4QLRB
647710,4QGXG4QGYR4QJ2B4QJ9G4QJAR4QJGB4QJNG4QJOR4QLRB
1137991,4QGUB4QIZG4QJ6B4QJDG4QJKB4QJRG4QLVB4QM2G4QM9B
1138031,4QGUB4QIZG4QJ6B4QJDG4QJKB4QJRG4QLVB4QM2G4QM9B
1138032,4QGUB4QIZG4QJ6B4QJDG4QJKB4QJRG4QLVB4QM2G4QM9B
1138033,4QGUB4QIZG4QJ6B4QJDG4QJKB4QJRG4QLVB4QM2G4QM9B
938941,4QGVB4QIXR4QJ0G4QJ7B4QJBR4QJEG4QJLB4QJPR4QLPG
938942,4QGVB4QIXR4QJ0G4QJ7B4QJBR4QJEG4QJLB4QJPR4QLPG
864304,4QGVB4QIXR4QJ0G4QJ7B4QJBR4QJEG4QJLB4QJPR4QLPG
938946,4QGVB4QIXR4QJ0G4QJ7B4QJBR4QJEG4QJLB4QJPR4QLPG
841026,4QGYB4QJ3G4QJ3R4QJAB4QJHG4QJHR4QJOB4QLSG4QLSR
841024,4QGYB4QJ3G4QJ3R4QJAB4QJHG4QJHR4QJOB4QLSG4QLSR
740422,4QGYB4QJ3G4QJ3R4QJAB4QJHG4QJHR4QJOB4QLSG4QLSR
663006,4QGYB4QJ3G4QJ3R4QJAB4QJHG4QJHR4QJOB4QLSG4QLSR
841022,4QGYB4QJ3G4QJ3R4QJAB4QJHG4QJHR4QJOB4QLSG4QLSR
780065,4QGVG4QGXB4QJ2B4QJ7G4QJ9B4QJGB4QJLG4QJNB4QLRB
836846,4QGVG4QGXB4QJ2B4QJ7G4QJ9B4QJGB4QJLG4QJNB4QLRB
836858,4QGVG4QGXB4QJ2B4QJ7G4QJ9B4QJGB4QJLG4QJNB4QLRB
836849,4QGVG4QGXB4QJ2B4QJ7G4QJ9B4QJGB4QJLG4QJNB4QLRB
836850,4QGVG4QGXB4QJ2B4QJ7G4QJ9B4QJGB4QJLG4QJNB4QLRB
836852,4QGVG4QGXB4QJ2B4QJ7G4QJ9B4QJGB4QJLG4QJNB4QLRB
836853,4QGVG4QGXB4QJ2B4QJ7G4QJ9B4QJGB4QJLG4QJNB4QLRB
836833,4QGVG4QGXB4QJ2B4QJ7G4QJ9B4QJGB4QJLG4QJNB4QLRB
836834,4QGVG4QGXB4QJ2B4QJ7G4QJ9B4QJGB4QJLG4QJNB4QLRB
836835,4QGVG4QGXB4QJ2B4QJ7G4QJ9B4QJGB4QJLG4QJNB4QLRB
836837,4QGVG4QGXB4QJ2B4QJ7G4QJ9B4QJGB4QJLG4QJNB4QLRB
836838,4QGVG4QGXB4QJ2B4QJ7G4QJ9B4QJGB4QJLG4QJNB4QLRB
836860,4QGVG4QGXB4QJ2B4QJ7G4QJ9B4QJGB4QJLG4QJNB4QLRB
836845,4QGVG4QGXB4QJ2B4QJ7G4QJ9B4QJGB4QJLG4QJNB4QLRB
836831,4QGVG4QGXB4QJ2B4QJ7G4QJ9B4QJGB4QJLG4QJNB4QLRB
836839,4QGVG4QGXB4QJ2B4QJ7G4QJ9B4QJGB4QJLG4QJNB4QLRB
780064,4QGVG4QGXB4QJ2B4QJ7G4QJ9B4QJGB4QJLG4QJNB4QLRB
744329,4QGVG4QGXB4QJ2B4QJ7G4QJ9B4QJGB4QJLG4QJNB4QLRB
1003399,4QGVG4QGXB4QJ2B4QJ7G4QJ9B4QJGB4QJLG4QJNB4QLRB
836855,4QGVG4QGXB4QJ2B4QJ7G4QJ9B4QJGB4QJLG4QJNB4QLRB
1022867,4QGVB4QGXR4QJ7B4QJ9R4QJLB4QJNR4QLWB4QLYR4QMAB
702040,4QGVB4QGXR4QJ0G4QJ7B4QJ9R4QJEG4QJLB4QJNR4QLPG
706803,4QGVB4QJ0G4QJ7B4QJEG4QJLB4QLPG4QLWB4QM3G4QMAB
1041734,4QGVB4QJ0G4QJ7B4QJEG4QJLB4QLPG4QLWB4QM3G4QMAB
805609,4QGVB4QIXR4QJ0G4QJ7B4QJBR4QJEG4QJLB4QJPR4QLPG
706783,4QGVB4QIXR4QJ0G4QJ7B4QJBR4QJEG4QJLB4QJPR4QLPG
706794,4QGVB4QJ0G4QJ7B4QJEG4QJLB4QLPG4QLWB4QM3G4QMAB
836878,4QGVG4QGXB4QJ2B4QJ7G4QJ9B4QJGB4QJLG4QJNB4QLRB
795043,4QGVG4QGXB4QJ2B4QJ7G4QJ9B4QJGB4QJLG4QJNB4QLRB
795044,4QGVG4QGXB4QJ2B4QJ7G4QJ9B4QJGB4QJLG4QJNB4QLRB
826988,4QGVG4QGXB4QJ2B4QJ7G4QJ9B4QJGB4QJLG4QJNB4QLRB
795046,4QGVG4QGXB4QJ2B4QJ7G4QJ9B4QJGB4QJLG4QJNB4QLRB
733781,4QGVG4QGXB4QJ2B4QJ7G4QJ9B4QJGB4QJLG4QJNB4QLRB
795048,4QGVG4QGXB4QJ2B4QJ7G4QJ9B4QJGB4QJLG4QJNB4QLRB
836868,4QGVG4QGXB4QJ2B4QJ7G4QJ9B4QJGB4QJLG4QJNB4QLRB
836864,4QGVG4QGXB4QJ2B4QJ7G4QJ9B4QJGB4QJLG4QJNB4QLRB
1011576,4QGVG4QGXB4QJ2B4QJ7G4QJ9B4QJGB4QJLG4QJNB4QLRB
744328,4QGVG4QGXB4QJ2B4QJ7G4QJ9B4QJGB4QJLG4QJNB4QLRB
827273,4QGVG4QGXB4QJ2B4QJ7G4QJ9B4QJGB4QJLG4QJNB4QLRB
836866,4QGVG4QGXB4QJ2B4QJ7G4QJ9B4QJGB4QJLG4QJNB4QLRB
780066,4QGVG4QGXB4QJ2B4QJ7G4QJ9B4QJGB4QJLG4QJNB4QLRB
827274,4QGVG4QGXB4QJ2B4QJ7G4QJ9B4QJGB4QJLG4QJNB4QLRB
836869,4QGVG4QGXB4QJ2B4QJ7G4QJ9B4QJGB4QJLG4QJNB4QLRB
836863,4QGVG4QGXB4QJ2B4QJ7G4QJ9B4QJGB4QJLG4QJNB4QLRB
836861,4QGVG4QGXB4QJ2B4QJ7G4QJ9B4QJGB4QJLG4QJNB4QLRB
836880,4QGVG4QGXB4QJ2B4QJ7G4QJ9B4QJGB4QJLG4QJNB4QLRB
836881,4QGVG4QGXB4QJ2B4QJ7G4QJ9B4QJGB4QJLG4QJNB4QLRB
795037,4QGVG4QGXB4QJ2B4QJ7G4QJ9B4QJGB4QJLG4QJNB4QLRB
923723,4QGVG4QGXB4QJ2B4QJ7G4QJ9B4QJGB4QJLG4QJNB4QLRB
795039,4QGVG4QGXB4QJ2B4QJ7G4QJ9B4QJGB4QJLG4QJNB4QLRB
953113,4QGVG4QGXB4QJ2B4QJ7G4QJ9B4QJGB4QJLG4QJNB4QLRB
893757,4QGVG4QGXB4QJ2B4QJ7G4QJ9B4QJGB4QJLG4QJNB4QLRB
893758,4QGVG4QGXB4QJ2B4QJ7G4QJ9B4QJGB4QJLG4QJNB4QLRB
1121610,4QGVG4QGXB4QJ2B4QJ7G4QJ9B4QJGB4QJLG4QJNB4QLRB
1121611,4QGVG4QGXB4QJ2B4QJ7G4QJ9B4QJGB4QJLG4QJNB4QLRB
1121612,4QGVG4QGXB4QJ2B4QJ7G4QJ9B4QJGB4QJLG4QJNB4QLRB
1121613,4QGVG4QGXB4QJ2B4QJ7G4QJ9B4QJGB4QJLG4QJNB4QLRB
1121614,4QGVG4QGXB4QJ2B4QJ7G4QJ9B4QJGB4QJLG4QJNB4QLRB
934089,4QGVB4QJ0G4QJ7B4QJEG4QJLB4QLPG4QLWB4QM3G4QMAB
934088,4QGVB4QJ0G4QJ0R4QJ7B4QJEG4QJER4QJLB4QLPG4QLPR
1041887,4QGVB4QJ0G4QJ7B4QJEG4QJLB4QLPG4QLWB4QM3G4QMAB
903844,4QGVB4QJ0G4QJ7B4QJEG4QJLB4QLPG4QLWB4QM3G4QMAB
782270,4QGVB4QJ0G4QJ7B4QJEG4QJLB4QLPG4QLWB4QM3G4QMAB
934468,4QGVB4QJ0G4QJ7B4QJEG4QJLB4QLPG4QLWB4QM3G4QMAB
955512,4QGXB4QJ1R4QJ2G4QJ9B4QJFR4QJGG4QJNB4QLQR4QLRG
955513,4QGXB4QJ1R4QJ2G4QJ9B4QJFR4QJGG4QJNB4QLQR4QLRG
955503,4QGXB4QJ1R4QJ2G4QJ9B4QJFR4QJGG4QJNB4QLQR4QLRG
955504,4QGXB4QJ1R4QJ2G4QJ9B4QJFR4QJGG4QJNB4QLQR4QLRG
955505,4QGXB4QJ1R4QJ2G4QJ9B4QJFR4QJGG4QJNB4QLQR4QLRG
955506,4QGXB4QJ1R4QJ2G4QJ9B4QJFR4QJGG4QJNB4QLQR4QLRG
955507,4QGXB4QJ1R4QJ2G4QJ9B4QJFR4QJGG4QJNB4QLQR4QLRG
955508,4QGXB4QJ1R4QJ2G4QJ9B4QJFR4QJGG4QJNB4QLQR4QLRG
955509,4QGXB4QJ1R4QJ2G4QJ9B4QJFR4QJGG4QJNB4QLQR4QLRG
955510,4QGXB4QJ1R4QJ2G4QJ9B4QJFR4QJGG4QJNB4QLQR4QLRG
955511,4QGXB4QJ1R4QJ2G4QJ9B4QJFR4QJGG4QJNB4QLQR4QLRG
998241,4QGXB4QJ1R4QJ2G4QJ9B4QJFR4QJGG4QJNB4QLQR4QLRG
998242,4QGXB4QJ1R4QJ2G4QJ9B4QJFR4QJGG4QJNB4QLQR4QLRG
998243,4QGXB4QJ1R4QJ2G4QJ9B4QJFR4QJGG4QJNB4QLQR4QLRG
998244,4QGXB4QJ1R4QJ2G4QJ9B4QJFR4QJGG4QJNB4QLQR4QLRG
998245,4QGXB4QJ1R4QJ2G4QJ9B4QJFR4QJGG4QJNB4QLQR4QLRG
998246,4QGXB4QJ1R4QJ2G4QJ9B4QJFR4QJGG4QJNB4QLQR4QLRG
955082,4QGXB4QJ1R4QJ2G4QJ9B4QJFR4QJGG4QJNB4QLQR4QLRG
955083,4QGXB4QJ1R4QJ2G4QJ9B4QJFR4QJGG4QJNB4QLQR4QLRG
955084,4QGXB4QJ1R4QJ2G4QJ9B4QJFR4QJGG4QJNB4QLQR4QLRG
955085,4QGXB4QJ1R4QJ2G4QJ9B4QJFR4QJGG4QJNB4QLQR4QLRG
955086,4QGXB4QJ1R4QJ2G4QJ9B4QJFR4QJGG4QJNB4QLQR4QLRG
955077,4QGXB4QJ1R4QJ2G4QJ9B4QJFR4QJGG4QJNB4QLQR4QLRG
955087,4QGXB4QJ1R4QJ2G4QJ9B4QJFR4QJGG4QJNB4QLQR4QLRG
955088,4QGXB4QJ1R4QJ2G4QJ9B4QJFR4QJGG4QJNB4QLQR4QLRG
955080,4QGXB4QJ1R4QJ2G4QJ9B4QJFR4QJGG4QJNB4QLQR4QLRG
955078,4QGXB4QJ1R4QJ2G4QJ9B4QJFR4QJGG4QJNB4QLQR4QLRG
1025584,4QGXB4QJ1R4QJ2G4QJ9B4QJFR4QJGG4QJNB4QLQR4QLRG
955079,4QGXB4QJ1R4QJ2G4QJ9B4QJFR4QJGG4QJNB4QLQR4QLRG
790506,4QGXB4QJ1R4QJ2G4QJ9B4QJFR4QJGG4QJNB4QLQR4QLRG
955081,4QGXB4QJ1R4QJ2G4QJ9B4QJFR4QJGG4QJNB4QLQR4QLRG
1057045,4QGXB4QJ1R4QJ2G4QJ9B4QJFR4QJGG4QJNB4QLQR4QLRG
1057046,4QGXB4QJ1R4QJ2G4QJ9B4QJFR4QJGG4QJNB4QLQR4QLRG
1057047,4QGXB4QJ1R4QJ2G4QJ9B4QJFR4QJGG4QJNB4QLQR4QLRG
1057048,4QGXB4QJ1R4QJ2G4QJ9B4QJFR4QJGG4QJNB4QLQR4QLRG
1057049,4QGXB4QJ1R4QJ2G4QJ9B4QJFR4QJGG4QJNB4QLQR4QLRG
953617,4QGXB4QJ1R4QJ2G4QJ9B4QJFR4QJGG4QJNB4QLQR4QLRG
953618,4QGXB4QJ1R4QJ2G4QJ9B4QJFR4QJGG4QJNB4QLQR4QLRG
953619,4QGXB4QJ1R4QJ2G4QJ9B4QJFR4QJGG4QJNB4QLQR4QLRG
953620,4QGXB4QJ1R4QJ2G4QJ9B4QJFR4QJGG4QJNB4QLQR4QLRG
953621,4QGXB4QJ1R4QJ2G4QJ9B4QJFR4QJGG4QJNB4QLQR4QLRG
953622,4QGXB4QJ1R4QJ2G4QJ9B4QJFR4QJGG4QJNB4QLQR4QLRG
956559,4QGTR4QGXB4QJ2G4QJ4R4QJ9B4QJGG4QJIR4QJNB4QLRG
956560,4QGTR4QGXB4QJ2G4QJ4R4QJ9B4QJGG4QJIR4QJNB4QLRG
956561,4QGTR4QGXB4QJ2G4QJ4R4QJ9B4QJGG4QJIR4QJNB4QLRG
956562,4QGTR4QGXB4QJ2G4QJ4R4QJ9B4QJGG4QJIR4QJNB4QLRG
956563,4QGTR4QGXB4QJ2G4QJ4R4QJ9B4QJGG4QJIR4QJNB4QLRG
956564,4QGTR4QGXB4QJ2G4QJ4R4QJ9B4QJGG4QJIR4QJNB4QLRG
956565,4QGTR4QGXB4QJ2G4QJ4R4QJ9B4QJGG4QJIR4QJNB4QLRG
956566,4QGTR4QGXB4QJ2G4QJ4R4QJ9B4QJGG4QJIR4QJNB4QLRG
956567,4QGTR4QGXB4QJ2G4QJ4R4QJ9B4QJGG4QJIR4QJNB4QLRG
951880,4QGTR4QGXB4QJ2G4QJ4R4QJ9B4QJGG4QJIR4QJNB4QLRG
951881,4QGTR4QGXB4QJ2G4QJ4R4QJ9B4QJGG4QJIR4QJNB4QLRG
951882,4QGTR4QGXB4QJ2G4QJ4R4QJ9B4QJGG4QJIR4QJNB4QLRG
951883,4QGTR4QGXB4QJ2G4QJ4R4QJ9B4QJGG4QJIR4QJNB4QLRG
951884,4QGTR4QGXB4QJ2G4QJ4R4QJ9B4QJGG4QJIR4QJNB4QLRG
951885,4QGTR4QGXB4QJ2G4QJ4R4QJ9B4QJGG4QJIR4QJNB4QLRG
951886,4QGTR4QGXB4QJ2G4QJ4R4QJ9B4QJGG4QJIR4QJNB4QLRG
952158,4QGTR4QGXB4QJ2G4QJ4R4QJ9B4QJGG4QJIR4QJNB4QLRG
952159,4QGTR4QGXB4QJ2G4QJ4R4QJ9B4QJGG4QJIR4QJNB4QLRG
1030887,4QGXB4QJ1R4QJ2G4QJ9B4QJFR4QJGG4QJNB4QLQR4QLRG
954790,4QGXB4QJ1R4QJ2G4QJ9B4QJFR4QJGG4QJNB4QLQR4QLRG
1031052,4QGXB4QJ1R4QJ2G4QJ9B4QJFR4QJGG4QJNB4QLQR4QLRG
1031053,4QGXB4QJ1R4QJ2G4QJ9B4QJFR4QJGG4QJNB4QLQR4QLRG
954791,4QGXB4QJ1R4QJ2G4QJ9B4QJFR4QJGG4QJNB4QLQR4QLRG
1031054,4QGXB4QJ1R4QJ2G4QJ9B4QJFR4QJGG4QJNB4QLQR4QLRG
954792,4QGXB4QJ1R4QJ2G4QJ9B4QJFR4QJGG4QJNB4QLQR4QLRG
1030727,4QGXB4QJ1R4QJ2G4QJ9B4QJFR4QJGG4QJNB4QLQR4QLRG
954793,4QGXB4QJ1R4QJ2G4QJ9B4QJFR4QJGG4QJNB4QLQR4QLRG
953766,4QGXB4QJ1R4QJ2G4QJ9B4QJFR4QJGG4QJNB4QLQR4QLRG
1030728,4QGXB4QJ1R4QJ2G4QJ9B4QJFR4QJGG4QJNB4QLQR4QLRG
1030729,4QGXB4QJ1R4QJ2G4QJ9B4QJFR4QJGG4QJNB4QLQR4QLRG
1038227,4QGXB4QJ1R4QJ2G4QJ9B4QJFR4QJGG4QJNB4QLQR4QLRG
953763,4QGXB4QJ1R4QJ2G4QJ9B4QJFR4QJGG4QJNB4QLQR4QLRG
953767,4QGXB4QJ1R4QJ2G4QJ9B4QJFR4QJGG4QJNB4QLQR4QLRG
953764,4QGXB4QJ1R4QJ2G4QJ9B4QJFR4QJGG4QJNB4QLQR4QLRG
953768,4QGXB4QJ1R4QJ2G4QJ9B4QJFR4QJGG4QJNB4QLQR4QLRG
953765,4QGXB4QJ1R4QJ2G4QJ9B4QJFR4QJGG4QJNB4QLQR4QLRG
953769,4QGXB4QJ1R4QJ2G4QJ9B4QJFR4QJGG4QJNB4QLQR4QLRG
1031045,4QGXB4QJ1R4QJ2G4QJ9B4QJFR4QJGG4QJNB4QLQR4QLRG
954789,4QGXB4QJ1R4QJ2G4QJ9B4QJFR4QJGG4QJNB4QLQR4QLRG
983807,4QGVG4QIZR4QJ0B4QJ7G4QJDR4QJEB4QJLG4QJRR4QLPB
983816,4QGVG4QIZR4QJ0B4QJ7G4QJDR4QJEB4QJLG4QJRR4QLPB
784052,4QGWB4QJ1G4QJ2R4QJ8B4QJFG4QJGR4QJMB4QLQG4QLRR
757401,4QGWB4QJ1G4QJ2R4QJ8B4QJFG4QJGR4QJMB4QLQG4QLRR
824159,4QGWB4QJ1G4QJ2R4QJ8B4QJFG4QJGR4QJMB4QLQG4QLRR
824158,4QGWB4QJ1G4QJ8B4QJFG4QJMB4QLQG4QLXB4QM4G4QMBB
1018197,4QGWB4QJ1G4QJ2R4QJ8B4QJFG4QJGR4QJMB4QLQG4QLRR
672697,4QGWB4QJ1G4QJ2R4QJ8B4QJFG4QJGR4QJMB4QLQG4QLRR
779044,4QGWB4QJ1G4QJ2R4QJ8B4QJFG4QJGR4QJMB4QLQG4QLRR
672692,4QGWB4QJ1G4QJ2R4QJ8B4QJFG4QJGR4QJMB4QLQG4QLRR
788498,4QGWB4QJ1G4QJ2R4QJ8B4QJFG4QJGR4QJMB4QLQG4QLRR
779047,4QGWB4QJ1G4QJ2R4QJ8B4QJFG4QJGR4QJMB4QLQG4QLRR
757432,4QGWB4QJ1G4QJ2R4QJ8B4QJFG4QJGR4QJMB4QLQG4QLRR
672704,4QGWB4QJ1G4QJ2R4QJ8B4QJFG4QJGR4QJMB4QLQG4QLRR
779046,4QGWB4QJ1G4QJ2R4QJ8B4QJFG4QJGR4QJMB4QLQG4QLRR
672691,4QGWB4QJ1G4QJ2R4QJ8B4QJFG4QJGR4QJMB4QLQG4QLRR
788472,4QGWB4QJ1G4QJ2R4QJ8B4QJFG4QJGR4QJMB4QLQG4QLRR
784054,4QGWB4QJ1G4QJ2R4QJ8B4QJFG4QJGR4QJMB4QLQG4QLRR
757430,4QGWB4QJ1G4QJ2R4QJ8B4QJFG4QJGR4QJMB4QLQG4QLRR
658958,4QGWB4QJ1G4QJ2R4QJ8B4QJFG4QJGR4QJMB4QLQG4QLRR
824165,4QGWB4QJ1G4QJ2R4QJ8B4QJFG4QJGR4QJMB4QLQG4QLRR
757425,4QGWB4QJ1G4QJ2R4QJ8B4QJFG4QJGR4QJMB4QLQG4QLRR
757399,4QGWB4QJ1G4QJ2R4QJ8B4QJFG4QJGR4QJMB4QLQG4QLRR
757396,4QGWB4QJ1G4QJ2R4QJ8B4QJFG4QJGR4QJMB4QLQG4QLRR
757400,4QGWB4QJ1G4QJ2R4QJ8B4QJFG4QJGR4QJMB4QLQG4QLRR
757393,4QGWB4QJ1G4QJ2R4QJ8B4QJFG4QJGR4QJMB4QLQG4QLRR
757407,4QGWB4QJ1G4QJ2R4QJ8B4QJFG4QJGR4QJMB4QLQG4QLRR
679166,4QGWB4QJ1G4QJ2R4QJ8B4QJFG4QJGR4QJMB4QLQG4QLRR
757553,4QGTG4QIXB4QJ2R4QJ4G4QJBB4QJGR4QJIG4QJPB4QLRR
757524,4QGTG4QIXB4QJ2R4QJ4G4QJBB4QJGR4QJIG4QJPB4QLRR
757521,4QGTG4QIXB4QJ2R4QJ4G4QJBB4QJGR4QJIG4QJPB4QLRR
757545,4QGTG4QIXB4QJ4G4QJBB4QJIG4QJPB4QLTG4QM0B4QM7G
1133004,4QGWR4QGYB4QJ3G4QJ8R4QJAB4QJHG4QJMR4QJOB4QLSG
1133005,4QGWR4QGYB4QJ3G4QJ8R4QJAB4QJHG4QJMR4QJOB4QLSG
1133006,4QGWR4QGYB4QJ3G4QJ8R4QJAB4QJHG4QJMR4QJOB4QLSG
1133007,4QGWR4QGYB4QJ3G4QJ8R4QJAB4QJHG4QJMR4QJOB4QLSG
1133008,4QGWR4QGYB4QJ3G4QJ8R4QJAB4QJHG4QJMR4QJOB4QLSG
1133009,4QGWR4QGYB4QJ3G4QJ8R4QJAB4QJHG4QJMR4QJOB4QLSG
960945,4QGTB4QIXG4QJ3R4QJ4B4QJBG4QJHR4QJIB4QJPG4QLSR
704772,4QGTB4QIXG4QJ3R4QJ4B4QJBG4QJHR4QJIB4QJPG4QLSR
960944,4QGTB4QIXG4QJ3R4QJ4B4QJBG4QJHR4QJIB4QJPG4QLSR
960949,4QGTB4QIXG4QJ3R4QJ4B4QJBG4QJHR4QJIB4QJPG4QLSR
960941,4QGTB4QIXG4QJ3R4QJ4B4QJBG4QJHR4QJIB4QJPG4QLSR
733901,4QGTB4QIXG4QJ3R4QJ4B4QJBG4QJHR4QJIB4QJPG4QLSR
960940,4QGTB4QIXG4QJ3R4QJ4B4QJBG4QJHR4QJIB4QJPG4QLSR
960939,4QGTB4QIXG4QJ3R4QJ4B4QJBG4QJHR4QJIB4QJPG4QLSR
960923,4QGTB4QIXG4QJ3R4QJ4B4QJBG4QJHR4QJIB4QJPG4QLSR
960904,4QGTB4QIXG4QJ3R4QJ4B4QJBG4QJHR4QJIB4QJPG4QLSR
959883,4QGTB4QIXG4QJ3R4QJ4B4QJBG4QJHR4QJIB4QJPG4QLSR
960909,4QGTB4QIXG4QJ3R4QJ4B4QJBG4QJHR4QJIB4QJPG4QLSR
960908,4QGTB4QIXG4QJ3R4QJ4B4QJBG4QJHR4QJIB4QJPG4QLSR
960907,4QGTB4QIXG4QJ3R4QJ4B4QJBG4QJHR4QJIB4QJPG4QLSR
787027,4QGTB4QIXG4QJ3R4QJ4B4QJBG4QJHR4QJIB4QJPG4QLSR
960900,4QGTB4QIXG4QJ3R4QJ4B4QJBG4QJHR4QJIB4QJPG4QLSR
960905,4QGTB4QIXG4QJ3R4QJ4B4QJBG4QJHR4QJIB4QJPG4QLSR
704769,4QGTB4QIXG4QJ3R4QJ4B4QJBG4QJHR4QJIB4QJPG4QLSR
960903,4QGTB4QIXG4QJ3R4QJ4B4QJBG4QJHR4QJIB4QJPG4QLSR
960902,4QGTB4QIXG4QJ3R4QJ4B4QJBG4QJHR4QJIB4QJPG4QLSR
960901,4QGTB4QIXG4QJ3R4QJ4B4QJBG4QJHR4QJIB4QJPG4QLSR
959868,4QGTB4QIXG4QJ3R4QJ4B4QJBG4QJHR4QJIB4QJPG4QLSR
960917,4QGTB4QIXG4QJ3R4QJ4B4QJBG4QJHR4QJIB4QJPG4QLSR
960919,4QGTB4QIXG4QJ3R4QJ4B4QJBG4QJHR4QJIB4QJPG4QLSR
960922,4QGTB4QIXG4QJ3R4QJ4B4QJBG4QJHR4QJIB4QJPG4QLSR
960921,4QGTB4QIXG4QJ3R4QJ4B4QJBG4QJHR4QJIB4QJPG4QLSR
787028,4QGTB4QIXG4QJ3R4QJ4B4QJBG4QJHR4QJIB4QJPG4QLSR
960920,4QGTB4QIXG4QJ3R4QJ4B4QJBG4QJHR4QJIB4QJPG4QLSR
960911,4QGTB4QIXG4QJ3R4QJ4B4QJBG4QJHR4QJIB4QJPG4QLSR
960918,4QGTB4QIXG4QJ3R4QJ4B4QJBG4QJHR4QJIB4QJPG4QLSR
704770,4QGTB4QIXG4QJ3R4QJ4B4QJBG4QJHR4QJIB4QJPG4QLSR
960916,4QGTB4QIXG4QJ3R4QJ4B4QJBG4QJHR4QJIB4QJPG4QLSR
698649,4QGTB4QIXG4QJ3R4QJ4B4QJBG4QJHR4QJIB4QJPG4QLSR
828927,4QGTB4QIXG4QJ3R4QJ4B4QJBG4QJHR4QJIB4QJPG4QLSR
960914,4QGTB4QIXG4QJ3R4QJ4B4QJBG4QJHR4QJIB4QJPG4QLSR
960912,4QGTB4QIXG4QJ3R4QJ4B4QJBG4QJHR4QJIB4QJPG4QLSR
699005,4QGTB4QIXG4QJ3R4QJ4B4QJBG4QJHR4QJIB4QJPG4QLSR
695047,4QGTB4QIXG4QJ3R4QJ4B4QJBG4QJHR4QJIB4QJPG4QLSR
828058,4QGTB4QIXG4QJ3R4QJ4B4QJBG4QJHR4QJIB4QJPG4QLSR
959870,4QGTB4QIXG4QJ3R4QJ4B4QJBG4QJHR4QJIB4QJPG4QLSR
959869,4QGTB4QIXG4QJ3R4QJ4B4QJBG4QJHR4QJIB4QJPG4QLSR
959861,4QGTB4QIXG4QJ3R4QJ4B4QJBG4QJHR4QJIB4QJPG4QLSR
704748,4QGTB4QIXG4QJ3R4QJ4B4QJBG4QJHR4QJIB4QJPG4QLSR
959867,4QGTB4QIXG4QJ3R4QJ4B4QJBG4QJHR4QJIB4QJPG4QLSR
959866,4QGTB4QIXG4QJ3R4QJ4B4QJBG4QJHR4QJIB4QJPG4QLSR
959864,4QGTB4QIXG4QJ3R4QJ4B4QJBG4QJHR4QJIB4QJPG4QLSR
959863,4QGTB4QIXG4QJ3R4QJ4B4QJBG4QJHR4QJIB4QJPG4QLSR
698651,4QGTB4QIXG4QJ3R4QJ4B4QJBG4QJHR4QJIB4QJPG4QLSR
959879,4QGTB4QIXG4QJ3R4QJ4B4QJBG4QJHR4QJIB4QJPG4QLSR
704749,4QGTB4QIXG4QJ4B4QJBG4QJIB4QJPG4QLTB4QM0G4QM7B
828059,4QGTB4QIXG4QJ3R4QJ4B4QJBG4QJHR4QJIB4QJPG4QLSR
698652,4QGTB4QIXG4QJ3R4QJ4B4QJBG4QJHR4QJIB4QJPG4QLSR
959881,4QGTB4QIXG4QJ3R4QJ4B4QJBG4QJHR4QJIB4QJPG4QLSR
959873,4QGTB4QIXG4QJ3R4QJ4B4QJBG4QJHR4QJIB4QJPG4QLSR
959878,4QGTB4QIXG4QJ3R4QJ4B4QJBG4QJHR4QJIB4QJPG4QLSR
959877,4QGTB4QIXG4QJ3R4QJ4B4QJBG4QJHR4QJIB4QJPG4QLSR
959876,4QGTB4QIXG4QJ3R4QJ4B4QJBG4QJHR4QJIB4QJPG4QLSR
959874,4QGTB4QIXG4QJ3R4QJ4B4QJBG4QJHR4QJIB4QJPG4QLSR
698650,4QGTB4QIXG4QJ3R4QJ4B4QJBG4QJHR4QJIB4QJPG4QLSR
960936,4QGTB4QIXG4QJ3R4QJ4B4QJBG4QJHR4QJIB4QJPG4QLSR
959907,4QGTB4QIXG4QJ3R4QJ4B4QJBG4QJHR4QJIB4QJPG4QLSR
960571,4QGTB4QIXG4QJ3R4QJ4B4QJBG4QJHR4QJIB4QJPG4QLSR
960569,4QGTB4QIXG4QJ3R4QJ4B4QJBG4QJHR4QJIB4QJPG4QLSR
959596,4QGTB4QIXG4QJ3R4QJ4B4QJBG4QJHR4QJIB4QJPG4QLSR
959275,4QGTB4QIXG4QJ3R4QJ4B4QJBG4QJHR4QJIB4QJPG4QLSR
959900,4QGTB4QIXG4QJ3R4QJ4B4QJBG4QJHR4QJIB4QJPG4QLSR
738884,4QGTB4QIXG4QJ3R4QJ4B4QJBG4QJHR4QJIB4QJPG4QLSR
960573,4QGTB4QIXG4QJ3R4QJ4B4QJBG4QJHR4QJIB4QJPG4QLSR
704768,4QGTB4QIXG4QJ3R4QJ4B4QJBG4QJHR4QJIB4QJPG4QLSR
738885,4QGTB4QIXG4QJ3R4QJ4B4QJBG4QJHR4QJIB4QJPG4QLSR
959272,4QGTB4QIXG4QJ3R4QJ4B4QJBG4QJHR4QJIB4QJPG4QLSR
959271,4QGTB4QIXG4QJ3R4QJ4B4QJBG4QJHR4QJIB4QJPG4QLSR
960891,4QGTB4QIXG4QJ3R4QJ4B4QJBG4QJHR4QJIB4QJPG4QLSR
738886,4QGTB4QIXG4QJ3R4QJ4B4QJBG4QJHR4QJIB4QJPG4QLSR
960897,4QGTB4QIXG4QJ3R4QJ4B4QJBG4QJHR4QJIB4QJPG4QLSR
960895,4QGTB4QIXG4QJ3R4QJ4B4QJBG4QJHR4QJIB4QJPG4QLSR
960894,4QGTB4QIXG4QJ3R4QJ4B4QJBG4QJHR4QJIB4QJPG4QLSR
787026,4QGTB4QIXG4QJ3R4QJ4B4QJBG4QJHR4QJIB4QJPG4QLSR
960574,4QGTB4QIXG4QJ3R4QJ4B4QJBG4QJHR4QJIB4QJPG4QLSR
960899,4QGTB4QIXG4QJ3R4QJ4B4QJBG4QJHR4QJIB4QJPG4QLSR
828926,4QGTB4QIXG4QJ3R4QJ4B4QJBG4QJHR4QJIB4QJPG4QLSR
960579,4QGTB4QIXG4QJ3R4QJ4B4QJBG4QJHR4QJIB4QJPG4QLSR
960578,4QGTB4QIXG4QJ3R4QJ4B4QJBG4QJHR4QJIB4QJPG4QLSR
960576,4QGTB4QIXG4QJ3R4QJ4B4QJBG4QJHR4QJIB4QJPG4QLSR
959263,4QGTB4QIXG4QJ3R4QJ4B4QJBG4QJHR4QJIB4QJPG4QLSR
995754,4QGTB4QIXG4QJ3R4QJ4B4QJBG4QJHR4QJIB4QJPG4QLSR
700998,4QGTB4QIXG4QJ3R4QJ4B4QJBG4QJHR4QJIB4QJPG4QLSR
738880,4QGTB4QIXG4QJ3R4QJ4B4QJBG4QJHR4QJIB4QJPG4QLSR
959254,4QGTB4QIXG4QJ3R4QJ4B4QJBG4QJHR4QJIB4QJPG4QLSR
959253,4QGTB4QIXG4QJ3R4QJ4B4QJBG4QJHR4QJIB4QJPG4QLSR
962393,4QGTB4QIXG4QJ3R4QJ4B4QJBG4QJHR4QJIB4QJPG4QLSR
962392,4QGTB4QIXG4QJ3R4QJ4B4QJBG4QJHR4QJIB4QJPG4QLSR
962391,4QGTB4QIXG4QJ3R4QJ4B4QJBG4QJHR4QJIB4QJPG4QLSR
959256,4QGTB4QIXG4QJ3R4QJ4B4QJBG4QJHR4QJIB4QJPG4QLSR
962388,4QGTB4QIXG4QJ3R4QJ4B4QJBG4QJHR4QJIB4QJPG4QLSR
962387,4QGTB4QIXG4QJ3R4QJ4B4QJBG4QJHR4QJIB4QJPG4QLSR
959898,4QGTB4QIXG4QJ3R4QJ4B4QJBG4QJHR4QJIB4QJPG4QLSR
962386,4QGTB4QIXG4QJ3R4QJ4B4QJBG4QJHR4QJIB4QJPG4QLSR
959262,4QGTB4QIXG4QJ3R4QJ4B4QJBG4QJHR4QJIB4QJPG4QLSR
704760,4QGTB4QIXG4QJ3R4QJ4B4QJBG4QJHR4QJIB4QJPG4QLSR
959269,4QGTB4QIXG4QJ3R4QJ4B4QJBG4QJHR4QJIB4QJPG4QLSR
959267,4QGTB4QIXG4QJ3R4QJ4B4QJBG4QJHR4QJIB4QJPG4QLSR
738883,4QGTB4QIXG4QJ3R4QJ4B4QJBG4QJHR4QJIB4QJPG4QLSR
959265,4QGTB4QIXG4QJ3R4QJ4B4QJBG4QJHR4QJIB4QJPG4QLSR
959264,4QGTB4QIXG4QJ3R4QJ4B4QJBG4QJHR4QJIB4QJPG4QLSR
738882,4QGTB4QIXG4QJ3R4QJ4B4QJBG4QJHR4QJIB4QJPG4QLSR
959270,4QGTB4QIXG4QJ3R4QJ4B4QJBG4QJHR4QJIB4QJPG4QLSR
704750,4QGTB4QIXG4QJ3R4QJ4B4QJBG4QJHR4QJIB4QJPG4QLSR
959261,4QGTB4QIXG4QJ3R4QJ4B4QJBG4QJHR4QJIB4QJPG4QLSR
959260,4QGTB4QIXG4QJ3R4QJ4B4QJBG4QJHR4QJIB4QJPG4QLSR
959259,4QGTB4QIXG4QJ4B4QJBG4QJIB4QJPG4QLTB4QM0G4QM7B
959258,4QGTB4QIXG4QJ3R4QJ4B4QJBG4QJHR4QJIB4QJPG4QLSR
960948,4QGTB4QIXG4QJ3R4QJ4B4QJBG4QJHR4QJIB4QJPG4QLSR
960575,4QGTB4QIXG4QJ3R4QJ4B4QJBG4QJHR4QJIB4QJPG4QLSR
960935,4QGTB4QIXG4QJ3R4QJ4B4QJBG4QJHR4QJIB4QJPG4QLSR
787029,4QGTB4QIXG4QJ3R4QJ4B4QJBG4QJHR4QJIB4QJPG4QLSR
960933,4QGTB4QIXG4QJ3R4QJ4B4QJBG4QJHR4QJIB4QJPG4QLSR
960932,4QGTB4QIXG4QJ3R4QJ4B4QJBG4QJHR4QJIB4QJPG4QLSR
698657,4QGTB4QIXG4QJ3R4QJ4B4QJBG4QJHR4QJIB4QJPG4QLSR
704771,4QGTB4QIXG4QJ3R4QJ4B4QJBG4QJHR4QJIB4QJPG4QLSR
960937,4QGTB4QIXG4QJ3R4QJ4B4QJBG4QJHR4QJIB4QJPG4QLSR
960929,4QGTB4QIXG4QJ3R4QJ4B4QJBG4QJHR4QJIB4QJPG4QLSR
960928,4QGTB4QIXG4QJ3R4QJ4B4QJBG4QJHR4QJIB4QJPG4QLSR
960926,4QGTB4QIXG4QJ3R4QJ4B4QJBG4QJHR4QJIB4QJPG4QLSR
960925,4QGTB4QIXG4QJ4B4QJBG4QJIB4QJPG4QLTB4QM0G4QM7B
733902,4QGTB4QIXG4QJ3R4QJ4B4QJBG4QJHR4QJIB4QJPG4QLSR
960931,4QGTB4QIXG4QJ3R4QJ4B4QJBG4QJHR4QJIB4QJPG4QLSR
733903,4QGTB4QIXG4QJ3R4QJ4B4QJBG4QJHR4QJIB4QJPG4QLSR
787030,4QGTB4QIXG4QJ3R4QJ4B4QJBG4QJHR4QJIB4QJPG4QLSR
1001776,4QGTB4QIXG4QJ3R4QJ4B4QJBG4QJHR4QJIB4QJPG4QLSR
780067,4QGYB4QJAB4QJOB4QLZB4QMDB4QOPB4QP3B
836874,4QGYB4QJ3G4QJAB4QJHG4QJOB4QLSG4QLZB4QM6G4QMDB
780068,4QGYB4QJAB4QJOB4QLZB4QMDB4QOPB4QP3B
736479,4QGYG4QJ3B4QJAG4QJHB4QJOG4QLSB4QLZG4QM6B4QMDG
883098,4QGYG4QJ3B4QJAG4QJHB4QJOG4QLSB4QLZG4QM6B4QMDG
1110714,4QGWB4QJ1G4QJ1G4QJ8B4QJFG4QJFG4QJMB4QLQG4QLQG
840902,4QGYG4QJ3B4QJAG4QJHB4QJOG4QLSB4QLZG4QM6B4QMDG
1110723,4QGWB4QJ1G4QJ1G4QJ8B4QJFG4QJFG4QJMB4QLQG4QLQG
884814,4QGUR4QGWG4QJ1B4QJ6R4QJ8G4QJFB4QJKR4QJMG4QLQB
879705,4QGUR4QGWG4QJ1B4QJ6R4QJ8G4QJFB4QJKR4QJMG4QLQB
659209,4QGUR4QGWG4QJ1B4QJ6R4QJ8G4QJFB4QJKR4QJMG4QLQB
662883,4QGUR4QGWG4QJ1B4QJ6R4QJ8G4QJFB4QJKR4QJMG4QLQB
840702,4QGUR4QGWG4QJ1B4QJ6R4QJ8G4QJFB4QJKR4QJMG4QLQB
884793,4QGUR4QGWG4QJ1B4QJ6R4QJ8G4QJFB4QJKR4QJMG4QLQB
1027303,4QGUR4QGWG4QJ1B4QJ6R4QJ8G4QJFB4QJKR4QJMG4QLQB
884803,4QGUR4QGWG4QJ1B4QJ6R4QJ8G4QJFB4QJKR4QJMG4QLQB
824525,4QGYG4QJ3B4QJAG4QJHB4QJOG4QLSB4QLZG4QM6B4QMDG
1110722,4QGWB4QJ1G4QJ1G4QJ8B4QJFG4QJFG4QJMB4QLQG4QLQG
882027,4QGUR4QGWG4QJ1B4QJ6R4QJ8G4QJFB4QJKR4QJMG4QLQB
1031788,4QGWG4QJ1B4QJ8G4QJFB4QJMG4QLQB4QLXG4QM4B4QMBG
884837,4QGUR4QGWG4QJ1B4QJ6R4QJ8G4QJFB4QJKR4QJMG4QLQB
824780,4QGUR4QGWG4QJ1B4QJ6R4QJ8G4QJFB4QJKR4QJMG4QLQB
659210,4QGUR4QGWG4QJ1B4QJ6R4QJ8G4QJFB4QJKR4QJMG4QLQB
824522,4QGYG4QJ3B4QJAG4QJHB4QJOG4QLSB4QLZG4QM6B4QMDG
1110727,4QGWB4QJ1G4QJ1G4QJ8B4QJFG4QJFG4QJMB4QLQG4QLQG
884825,4QGUR4QGWG4QJ1B4QJ6R4QJ8G4QJFB4QJKR4QJMG4QLQB
1014141,4QGUR4QGWG4QJ1B4QJ6R4QJ8G4QJFB4QJKR4QJMG4QLQB
661641,4QGUR4QGWG4QJ1B4QJ6R4QJ8G4QJFB4QJKR4QJMG4QLQB
882010,4QGWG4QJ1B4QJ8G4QJFB4QJMG4QLQB4QLXG4QM4B4QMBG
882016,4QGWG4QJ1B4QJ8G4QJFB4QJMG4QLQB4QLXG4QM4B4QMBG
990677,4QGYG4QJ3B4QJAG4QJHB4QJOG4QLSB4QLZG4QM6B4QMDG
1110726,4QGWB4QJ1G4QJ1G4QJ8B4QJFG4QJFG4QJMB4QLQG4QLQG
882021,4QGWG4QJ1B4QJ8G4QJFB4QJMG4QLQB4QLXG4QM4B4QMBG
881990,4QGWG4QJ1B4QJ8G4QJFB4QJMG4QLQB4QLXG4QM4B4QMBG
1014469,4QGWG4QJ1B4QJ8G4QJFB4QJMG4QLQB4QLXG4QM4B4QMBG
661640,4QGWG4QJ1B4QJ8G4QJFB4QJMG4QLQB4QLXG4QM4B4QMBG
882005,4QGWG4QJ1B4QJ8G4QJFB4QJMG4QLQB4QLXG4QM4B4QMBG
882389,4QGYG4QJ3B4QJAG4QJHB4QJOG4QLSB4QLZG4QM6B4QMDG
1110728,4QGWB4QJ1G4QJ1G4QJ8B4QJFG4QJFG4QJMB4QLQG4QLQG
883458,4QGWG4QJ1B4QJ8G4QJFB4QJMG4QLQB4QLXG4QM4B4QMBG
884777,4QGUR4QGWG4QJ1B4QJ6R4QJ8G4QJFB4QJKR4QJMG4QLQB
884781,4QGUR4QGWG4QJ1B4QJ6R4QJ8G4QJFB4QJKR4QJMG4QLQB
884780,4QGUR4QGWG4QJ1B4QJ6R4QJ8G4QJFB4QJKR4QJMG4QLQB
883108,4QGUR4QGWG4QJ1B4QJ6R4QJ8G4QJFB4QJKR4QJMG4QLQB
662928,4QGYG4QJ3B4QJAG4QJHB4QJOG4QLSB4QLZG4QM6B4QMDG
1110733,4QGWB4QJ1G4QJ1G4QJ8B4QJFG4QJFG4QJMB4QLQG4QLQG
819544,4QGUR4QGWG4QJ1B4QJ6R4QJ8G4QJFB4QJKR4QJMG4QLQB
883115,4QGUR4QGWG4QJ1B4QJ6R4QJ8G4QJFB4QJKR4QJMG4QLQB
882007,4QGUR4QGWG4QJ1B4QJ6R4QJ8G4QJFB4QJKR4QJMG4QLQB
880295,4QGUR4QGWG4QJ1B4QJ6R4QJ8G4QJFB4QJKR4QJMG4QLQB
842564,4QGUR4QGWG4QJ1B4QJ6R4QJ8G4QJFB4QJKR4QJMG4QLQB
880254,4QGYG4QJ3B4QJAG4QJHB4QJOG4QLSB4QLZG4QM6B4QMDG
1110730,4QGWB4QJ1G4QJ1G4QJ8B4QJFG4QJFG4QJMB4QLQG4QLQG
1043803,4QGYG4QJ3B4QJAG4QJHB4QJOG4QLSB4QLZG4QM6B4QMDG
1001888,4QGUR4QGWG4QJ1B4QJ6R4QJ8G4QJFB4QJKR4QJMG4QLQB
842565,4QGUR4QGWG4QJ1B4QJ6R4QJ8G4QJFB4QJKR4QJMG4QLQB
880276,4QGUR4QGWG4QJ1B4QJ6R4QJ8G4QJFB4QJKR4QJMG4QLQB
880281,4QGUR4QGWG4QJ1B4QJ6R4QJ8G4QJFB4QJKR4QJMG4QLQB
880288,4QGUR4QGWG4QJ1B4QJ6R4QJ8G4QJFB4QJKR4QJMG4QLQB
1033159,4QGYG4QJ3B4QJAG4QJHB4QJOG4QLSB4QLZG4QM6B4QMDG
1110731,4QGWB4QJ1G4QJ1G4QJ8B4QJFG4QJFG4QJMB4QLQG4QLQG
842566,4QGUR4QGWG4QJ1B4QJ6R4QJ8G4QJFB4QJKR4QJMG4QLQB
928211,4QGUR4QGWG4QJ1B4QJ6R4QJ8G4QJFB4QJKR4QJMG4QLQB
822455,4QGUR4QGWG4QJ1B4QJ6R4QJ8G4QJFB4QJKR4QJMG4QLQB
928220,4QGUR4QGWG4QJ1B4QJ6R4QJ8G4QJFB4QJKR4QJMG4QLQB
842576,4QGUR4QGWG4QJ1B4QJ6R4QJ8G4QJFB4QJKR4QJMG4QLQB
882364,4QGYG4QJ3B4QJAG4QJHB4QJOG4QLSB4QLZG4QM6B4QMDG
1110734,4QGWB4QJ1G4QJ1G4QJ8B4QJFG4QJFG4QJMB4QLQG4QLQG
1043804,4QGYG4QJ3B4QJAG4QJHB4QJOG4QLSB4QLZG4QM6B4QMDG
928195,4QGUR4QGWG4QJ1B4QJ6R4QJ8G4QJFB4QJKR4QJMG4QLQB
928208,4QGUR4QGWG4QJ1B4QJ6R4QJ8G4QJFB4QJKR4QJMG4QLQB
1021076,4QGUR4QGWG4QJ1B4QJ6R4QJ8G4QJFB4QJKR4QJMG4QLQB
1048237,4QGUR4QGWG4QJ1B4QJ6R4QJ8G4QJFB4QJKR4QJMG4QLQB
882371,4QGUR4QGWG4QJ1B4QJ6R4QJ8G4QJFB4QJKR4QJMG4QLQB
661644,4QGYG4QJ3B4QJAG4QJHB4QJOG4QLSB4QLZG4QM6B4QMDG
824786,4QGUR4QGWG4QJ1B4QJ6R4QJ8G4QJFB4QJKR4QJMG4QLQB
882380,4QGUR4QGWG4QJ1B4QJ6R4QJ8G4QJFB4QJKR4QJMG4QLQB
1033166,4QGUR4QGWG4QJ1B4QJ6R4QJ8G4QJFB4QJKR4QJMG4QLQB
882357,4QGUR4QGWG4QJ1B4QJ6R4QJ8G4QJFB4QJKR4QJMG4QLQB
882361,4QGUR4QGWG4QJ1B4QJ6R4QJ8G4QJFB4QJKR4QJMG4QLQB
883092,4QGYG4QJ3B4QJAG4QJHB4QJOG4QLSB4QLZG4QM6B4QMDG
1110715,4QGWB4QJ1G4QJ1G4QJ8B4QJFG4QJFG4QJMB4QLQG4QLQG
882378,4QGYG4QJ3B4QJAG4QJHB4QJOG4QLSB4QLZG4QM6B4QMDG
893214,4QGYG4QJ3B4QJAG4QJHB4QJOG4QLSB4QLZG4QM6B4QMDG
882365,4QGUR4QGWG4QJ1B4QJ6R4QJ8G4QJFB4QJKR4QJMG4QLQB
824784,4QGYG4QJ3B4QJAG4QJHB4QJOG4QLSB4QLZG4QM6B4QMDG
991764,4QGYG4QJ3B4QJAG4QJHB4QJOG4QLSB4QLZG4QM6B4QMDG
928196,4QGYG4QJ3B4QJAG4QJHB4QJOG4QLSB4QLZG4QM6B4QMDG
928222,4QGYG4QJ3B4QJAG4QJHB4QJOG4QLSB4QLZG4QM6B4QMDG
928216,4QGYG4QJ3B4QJAG4QJHB4QJOG4QLSB4QLZG4QM6B4QMDG
822450,4QGYG4QJ3B4QJAG4QJHB4QJOG4QLSB4QLZG4QM6B4QMDG
990842,4QGYG4QJ3B4QJAG4QJHB4QJOG4QLSB4QLZG4QM6B4QMDG
880277,4QGYG4QJ3B4QJAG4QJHB4QJOG4QLSB4QLZG4QM6B4QMDG
842571,4QGYG4QJ3B4QJAG4QJHB4QJOG4QLSB4QLZG4QM6B4QMDG
990676,4QGYG4QJ3B4QJAG4QJHB4QJOG4QLSB4QLZG4QM6B4QMDG
1110718,4QGWB4QJ1G4QJ1G4QJ8B4QJFG4QJFG4QJMB4QLQG4QLQG
842562,4QGYG4QJ3B4QJAG4QJHB4QJOG4QLSB4QLZG4QM6B4QMDG
883452,4QGYG4QJ3B4QJAG4QJHB4QJOG4QLSB4QLZG4QM6B4QMDG
1031784,4QGYG4QJ3B4QJAG4QJHB4QJOG4QLSB4QLZG4QM6B4QMDG
883113,4QGYG4QJ3B4QJAG4QJHB4QJOG4QLSB4QLZG4QM6B4QMDG
995596,4QGYG4QJ3B4QJAG4QJHB4QJOG4QLSB4QLZG4QM6B4QMDG
882004,4QGYG4QJ3B4QJAG4QJHB4QJOG4QLSB4QLZG4QM6B4QMDG
881995,4QGYG4QJ3B4QJAG4QJHB4QJOG4QLSB4QLZG4QM6B4QMDG
990844,4QGYG4QJ3B4QJAG4QJHB4QJOG4QLSB4QLZG4QM6B4QMDG
661642,4QGYG4QJ3B4QJAG4QJHB4QJOG4QLSB4QLZG4QM6B4QMDG
882008,4QGYG4QJ3B4QJAG4QJHB4QJOG4QLSB4QLZG4QM6B4QMDG
893759,4QGWG4QJ1B4QJ8G4QJFB4QJMG4QLQB4QLXG4QM4B4QMBG
664154,4QGYG4QJ3B4QJAG4QJHB4QJOG4QLSB4QLZG4QM6B4QMDG
1110721,4QGWB4QJ1G4QJ1G4QJ8B4QJFG4QJFG4QJMB4QLQG4QLQG
884817,4QGYG4QJ3B4QJAG4QJHB4QJOG4QLSB4QLZG4QM6B4QMDG
784457,4QGYG4QJ3B4QJAG4QJHB4QJOG4QLSB4QLZG4QM6B4QMDG
820836,4QGYG4QJ3B4QJAG4QJHB4QJOG4QLSB4QLZG4QM6B4QMDG
927397,4QGWG4QJ1B4QJ8G4QJFB4QJMG4QLQB4QLXG4QM4B4QMBG
824779,4QGYG4QJ3B4QJAG4QJHB4QJOG4QLSB4QLZG4QM6B4QMDG
976384,4QGYG4QJ3B4QJAG4QJHB4QJOG4QLSB4QLZG4QM6B4QMDG
999004,4QGYG4QJ3B4QJAG4QJHB4QJOG4QLSB4QLZG4QM6B4QMDG
1048975,4QGYG4QJ3B4QJAG4QJHB4QJOG4QLSB4QLZG4QM6B4QMDG
662916,4QGWG4QJ1B4QJ8G4QJFB4QJMG4QLQB4QLXG4QM4B4QMBG
884799,4QGYG4QJ3B4QJAG4QJHB4QJOG4QLSB4QLZG4QM6B4QMDG
930732,4QGYG4QJ3B4QJAG4QJHB4QJOG4QLSB4QLZG4QM6B4QMDG
1031786,4QGYG4QJ3B4QJAG4QJHB4QJOG4QLSB4QLZG4QM6B4QMDG
822245,4QGWG4QJ1B4QJ8G4QJFB4QJMG4QLQB4QLXG4QM4B4QMBG
990843,4QGYG4QJ3B4QJAG4QJHB4QJOG4QLSB4QLZG4QM6B4QMDG
822250,4QGYG4QJ3B4QJAG4QJHB4QJOG4QLSB4QLZG4QM6B4QMDG
884805,4QGYG4QJ3B4QJAG4QJHB4QJOG4QLSB4QLZG4QM6B4QMDG
976397,4QGWG4QJ1B4QJ8G4QJFB4QJMG4QLQB4QLXG4QM4B4QMBG
822243,4QGWG4QJ1B4QJ8G4QJFB4QJMG4QLQB4QLXG4QM4B4QMBG
884813,4QGYG4QJ3B4QJAG4QJHB4QJOG4QLSB4QLZG4QM6B4QMDG
928157,4QGYG4QJ3B4QJAG4QJHB4QJOG4QLSB4QLZG4QM6B4QMDG
884800,4QGYG4QGYG4QJ3B4QJAG4QJAG4QJHB4QJOG4QJOG4QLSB
930777,4QGWG4QJ1B4QJ8G4QJFB4QJMG4QLQB4QLXG4QM4B4QMBG
822252,4QGWG4QJ1B4QJ8G4QJFB4QJMG4QLQB4QLXG4QM4B4QMBG
1043220,4QGYG4QJ3B4QJAG4QJHB4QJOG4QLSB4QLZG4QM6B4QMDG
1110716,4QGWB4QJ1G4QJ1G4QJ8B4QJFG4QJFG4QJMB4QLQG4QLQG
884819,4QGYG4QGYG4QJ3B4QJAG4QJAG4QJHB4QJOG4QJOG4QLSB
927804,4QGYG4QJ3B4QJAG4QJHB4QJOG4QLSB4QLZG4QM6B4QMDG
882020,4QGYG4QGYG4QJ3B4QJAG4QJAG4QJHB4QJOG4QJOG4QLSB
884909,4QGWG4QJ1B4QJ8G4QJFB4QJMG4QLQB4QLXG4QM4B4QMBG
989514,4QGYG4QGYG4QJ3B4QJAG4QJAG4QJHB4QJOG4QJOG4QLSB
927092,4QGYG4QJ3B4QJAG4QJHB4QJOG4QLSB4QLZG4QM6B4QMDG
989513,4QGYG4QGYG4QJ3B4QJAG4QJAG4QJHB4QJOG4QJOG4QLSB
929257,4QGWG4QJ1B4QJ8G4QJFB4QJMG4QLQB4QLXG4QM4B4QMBG
880280,4QGYG4QGYG4QJ3B4QJAG4QJAG4QJHB4QJOG4QJOG4QLSB
863314,4QGYG4QJ3B4QJAG4QJHB4QJOG4QLSB4QLZG4QM6B4QMDG
928200,4QGYG4QJ3B4QJAG4QJHB4QJOG4QLSB4QLZG4QM6B4QMDG
1027362,4QGUR4QGWG4QJ1B4QJ6R4QJ8G4QJFB4QJKR4QJMG4QLQB
1028532,4QGYG4QJ3B4QJAG4QJHB4QJOG4QLSB4QLZG4QM6B4QMDG
841248,4QGUR4QGYG4QJ3B4QJ6R4QJAG4QJHB4QJKR4QJOG4QLSB
880260,4QGYG4QJ3B4QJAG4QJHB4QJOG4QLSB4QLZG4QM6B4QMDG
662925,4QGUR4QGWG4QJ1B4QJ6R4QJ8G4QJFB4QJKR4QJMG4QLQB
999067,4QGYG4QJ3B4QJAG4QJHB4QJOG4QLSB4QLZG4QM6B4QMDG
999061,4QJ3B4QJHB4QLSB4QM6B4QOIB4QOWB
840897,4QGYG4QJ3B4QJAG4QJHB4QJOG4QLSB4QLZG4QM6B4QMDG
841287,4QGWG4QJ1B4QJ8G4QJFB4QJMG4QLQB4QLXG4QM4B4QMBG
824526,4QGYG4QJ3B4QJAG4QJHB4QJOG4QLSB4QLZG4QM6B4QMDG
1110717,4QGWB4QJ1G4QJ1G4QJ8B4QJFG4QJFG4QJMB4QLQG4QLQG
839585,4QGYG4QJ3B4QJAG4QJHB4QJOG4QLSB4QLZG4QM6B4QMDG
885811,4QGUR4QGYG4QJ3B4QJ6R4QJAG4QJHB4QJKR4QJOG4QLSB
840856,4QGYG4QJ3B4QJAG4QJHB4QJOG4QLSB4QLZG4QM6B4QMDG
664161,4QGWG4QJ1B4QJ8G4QJFB4QJMG4QLQB4QLXG4QM4B4QMBG
830477,4QGYG4QJ3B4QJAG4QJHB4QJOG4QLSB4QLZG4QM6B4QMDG
1011964,4QGUR4QGYG4QJ3B4QJ6R4QJAG4QJHB4QJKR4QJOG4QLSB
840868,4QGYG4QJ3B4QJAG4QJHB4QJOG4QLSB4QLZG4QM6B4QMDG
1012683,4QGWG4QJ1B4QJ8G4QJFB4QJMG4QLQB4QLXG4QM4B4QMBG
841290,4QGYG4QJ3B4QJAG4QJHB4QJOG4QLSB4QLZG4QM6B4QMDG
840851,4QGUR4QGYG4QJ3B4QJ6R4QJAG4QJHB4QJKR4QJOG4QLSB
1028531,4QGYG4QJ3B4QJAG4QJHB4QJOG4QLSB4QLZG4QM6B4QMDG
830480,4QGWG4QJ1B4QJ8G4QJFB4QJMG4QLQB4QLXG4QM4B4QMBG
989517,4QGYG4QJ3B4QJAG4QJHB4QJOG4QLSB4QLZG4QM6B4QMDG
839586,4QGUR4QGWG4QJ1B4QJ6R4QJ8G4QJFB4QJKR4QJMG4QLQB
841259,4QGYG4QJ3B4QJAG4QJHB4QJOG4QLSB4QLZG4QM6B4QMDG
839590,4QGWG4QJ1B4QJ8G4QJFB4QJMG4QLQB4QLXG4QM4B4QMBG
989516,4QGYG4QJ3B4QJAG4QJHB4QJOG4QLSB4QLZG4QM6B4QMDG
840921,4QGUR4QGWG4QJ1B4QJ6R4QJ8G4QJFB4QJKR4QJMG4QLQB
1013110,4QGYG4QJ3B4QJAG4QJHB4QJOG4QLSB4QLZG4QM6B4QMDG
880249,4QGWG4QJ1B4QJ8G4QJFB4QJMG4QLQB4QLXG4QM4B4QMBG
824474,4QGYG4QJ3B4QJAG4QJHB4QJOG4QLSB4QLZG4QM6B4QMDG
1110719,4QGWB4QJ1G4QJ1G4QJ8B4QJFG4QJFG4QJMB4QLQG4QLQG
661698,4QGYG4QJ3B4QJAG4QJHB4QJOG4QLSB4QLZG4QM6B4QMDG
882387,4QGUR4QGWG4QJ1B4QJ6R4QJ8G4QJFB4QJKR4QJMG4QLQB
930803,4QGYG4QJ3B4QJAG4QJHB4QJOG4QLSB4QLZG4QM6B4QMDG
880265,4QGWG4QJ1B4QJ8G4QJFB4QJMG4QLQB4QLXG4QM4B4QMBG
989515,4QGYG4QJ3B4QJAG4QJHB4QJOG4QLSB4QLZG4QM6B4QMDG
882368,4QGUR4QGWG4QJ1B4QJ6R4QJ8G4QJFB4QJKR4QJMG4QLQB
661646,4QGWG4QJ1B4QJ8G4QJFB4QJMG4QLQB4QLXG4QM4B4QMBG
928205,4QGWG4QJ1B4QJ8G4QJFB4QJMG4QLQB4QLXG4QM4B4QMBG
822452,4QGWG4QJ1B4QJ8G4QJFB4QJMG4QLQB4QLXG4QM4B4QMBG
928212,4QGUR4QGWG4QJ1B4QJ6R4QJ8G4QJFB4QJKR4QJMG4QLQB
880292,4QGWG4QJ1B4QJ8G4QJFB4QJMG4QLQB4QLXG4QM4B4QMBG
704509,4QGUR4QGWG4QJ1B4QJ6R4QJ8G4QJFB4QJKR4QJMG4QLQB
912151,4QGWG4QJ1B4QJ8G4QJFB4QJMG4QLQB4QLXG4QM4B4QMBG
839578,4QGYG4QJ3B4QJAG4QJHB4QJOG4QLSB4QLZG4QM6B4QMDG
1110724,4QGWB4QJ1G4QJ1G4QJ8B4QJFG4QJFG4QJMB4QLQG4QLQG
901706,4QGUR4QGWG4QJ1B4QJ6R4QJ8G4QJFB4QJKR4QJMG4QLQB
882002,4QGUR4QGWG4QJ1B4QJ6R4QJ8G4QJFB4QJKR4QJMG4QLQB
647883,4QGUR4QGWG4QJ1B4QJ6R4QJ8G4QJFB4QJKR4QJMG4QLQB
1053393,4QGWG4QJ1B4QJ8G4QJFB4QJMG4QLQB4QLXG4QM4B4QMBG
692812,4QGUR4QGWG4QJ1B4QJ6R4QJ8G4QJFB4QJKR4QJMG4QLQB
820833,4QGUR4QGWG4QJ1B4QJ6R4QJ8G4QJFB4QJKR4QJMG4QLQB
647895,4QGUR4QGWG4QJ1B4QJ6R4QJ8G4QJFB4QJKR4QJMG4QLQB
882025,4QGWG4QJ1B4QJ8G4QJFB4QJMG4QLQB4QLXG4QM4B4QMBG
647888,4QGUR4QGWG4QJ1B4QJ6R4QJ8G4QJFB4QJKR4QJMG4QLQB
840909,4QGYG4QJ3B4QJAG4QJHB4QJOG4QLSB4QLZG4QM6B4QMDG
1110725,4QGWB4QJ1G4QJ1G4QJ8B4QJFG4QJFG4QJMB4QLQG4QLQG
884833,4QGWG4QJ1B4QJ8G4QJFB4QJMG4QLQB4QLXG4QM4B4QMBG
647892,4QGUR4QGWG4QJ1B4QJ6R4QJ8G4QJFB4QJKR4QJMG4QLQB
884794,4QGWG4QJ1B4QJ8G4QJFB4QJMG4QLQB4QLXG4QM4B4QMBG
879726,4QGUR4QGWG4QJ1B4QJ6R4QJ8G4QJFB4QJKR4QJMG4QLQB
884806,4QGUR4QGWG4QJ1B4QJ6R4QJ8G4QJFB4QJKR4QJMG4QLQB
879724,4QGUR4QGWG4QJ1B4QJ6R4QJ8G4QJFB4QJKR4QJMG4QLQB
879725,4QGUR4QGWG4QJ1B4QJ6R4QJ8G4QJFB4QJKR4QJMG4QLQB
884816,4QGWG4QJ1B4QJ8G4QJFB4QJMG4QLQB4QLXG4QM4B4QMBG
879720,4QGUR4QGWG4QJ1B4QJ6R4QJ8G4QJFB4QJKR4QJMG4QLQB
1053385,4QGYG4QJ3B4QJAG4QJHB4QJOG4QLSB4QLZG4QM6B4QMDG
1053386,4QGYG4QJ3B4QJAG4QJHB4QJOG4QLSB4QLZG4QM6B4QMDG
1053389,4QGYG4QJ3B4QJAG4QJHB4QJOG4QLSB4QLZG4QM6B4QMDG
1053390,4QGYG4QJ3B4QJAG4QJHB4QJOG4QLSB4QLZG4QM6B4QMDG
1053387,4QGYG4QJ3B4QJAG4QJHB4QJOG4QLSB4QLZG4QM6B4QMDG
1053388,4QGYG4QJ3B4QJAG4QJHB4QJOG4QLSB4QLZG4QM6B4QMDG
1053391,4QGYG4QJ3B4QJAG4QJHB4QJOG4QLSB4QLZG4QM6B4QMDG
1053392,4QGYG4QJ3B4QJAG4QJHB4QJOG4QLSB4QLZG4QM6B4QMDG
1109818,4QGYG4QJ3B4QJAG4QJHB4QJOG4QLSB4QLZG4QM6B4QMDG
1109819,4QGYG4QJ3B4QJAG4QJHB4QJOG4QLSB4QLZG4QM6B4QMDG
1019463,4QGYG4QJ3B4QJAG4QJHB4QJOG4QLSB4QLZG4QM6B4QMDG
1022628,4QGWG4QJ1B4QJ8G4QJFB4QJMG4QLQB4QLXG4QM4B4QMBG
901860,4QGWG4QJ1B4QJ1R4QJ8G4QJFB4QJFR4QJMG4QLQB4QLQR
730467,4QGWG4QJ1B4QJ1R4QJ8G4QJFB4QJFR4QJMG4QLQB4QLQR
660766,4QGWG4QJ1B4QJ1R4QJ8G4QJFB4QJFR4QJMG4QLQB4QLQR
901866,4QGWG4QJ1B4QJ1R4QJ8G4QJFB4QJFR4QJMG4QLQB4QLQR
730480,4QGWG4QJ1B4QJ1R4QJ8G4QJFB4QJFR4QJMG4QLQB4QLQR
901865,4QGWG4QJ1B4QJ1R4QJ8G4QJFB4QJFR4QJMG4QLQB4QLQR
730477,4QGWG4QJ1B4QJ8G4QJFB4QJMG4QLQB4QLXG4QM4B4QMBG
730475,4QGWG4QJ1B4QJ1R4QJ8G4QJFB4QJFR4QJMG4QLQB4QLQR
730474,4QGWG4QJ1B4QJ1R4QJ8G4QJFB4QJFR4QJMG4QLQB4QLQR
731787,4QGWG4QJ1B4QJ1R4QJ8G4QJFB4QJFR4QJMG4QLQB4QLQR
728147,4QGWG4QJ1B4QJ1R4QJ8G4QJFB4QJFR4QJMG4QLQB4QLQR
730472,4QGWG4QJ1B4QJ1R4QJ8G4QJFB4QJFR4QJMG4QLQB4QLQR
732146,4QGWG4QJ1B4QJ8G4QJFB4QJMG4QLQB4QLXG4QM4B4QMBG
785849,4QGWG4QJ1B4QJ1R4QJ8G4QJFB4QJFR4QJMG4QLQB4QLQR
732144,4QGWG4QJ1B4QJ8G4QJFB4QJMG4QLQB4QLXG4QM4B4QMBG
732136,4QGWG4QJ1B4QJ1R4QJ8G4QJFB4QJFR4QJMG4QLQB4QLQR
732148,4QGWG4QJ1B4QJ1R4QJ8G4QJFB4QJFR4QJMG4QLQB4QLQR
660769,4QGWG4QJ1B4QJ1R4QJ8G4QJFB4QJFR4QJMG4QLQB4QLQR
732139,4QGWG4QJ1B4QJ1R4QJ8G4QJFB4QJFR4QJMG4QLQB4QLQR
732153,4QGWG4QJ1B4QJ1R4QJ8G4QJFB4QJFR4QJMG4QLQB4QLQR
660767,4QGWG4QJ1B4QJ1R4QJ8G4QJFB4QJFR4QJMG4QLQB4QLQR
732142,4QGWG4QJ1B4QJ1R4QJ8G4QJFB4QJFR4QJMG4QLQB4QLQR
732159,4QGWG4QJ1B4QJ1R4QJ8G4QJFB4QJFR4QJMG4QLQB4QLQR
732158,4QGWG4QJ1B4QJ1R4QJ8G4QJFB4QJFR4QJMG4QLQB4QLQR
732156,4QGWG4QJ1B4QJ1R4QJ8G4QJFB4QJFR4QJMG4QLQB4QLQR
1041910,4QGWG4QJ1B4QJ1R4QJ8G4QJFB4QJFR4QJMG4QLQB4QLQR
660770,4QGWG4QJ1B4QJ8G4QJFB4QJMG4QLQB4QLXG4QM4B4QMBG
730463,4QGWG4QJ1B4QJ1R4QJ8G4QJFB4QJFR4QJMG4QLQB4QLQR
732152,4QGWG4QJ1B4QJ1R4QJ8G4QJFB4QJFR4QJMG4QLQB4QLQR
732150,4QGWG4QJ1B4QJ1R4QJ8G4QJFB4QJFR4QJMG4QLQB4QLQR
732149,4QGWG4QJ1B4QJ1R4QJ8G4QJFB4QJFR4QJMG4QLQB4QLQR
731801,4QGWG4QJ1B4QJ1R4QJ8G4QJFB4QJFR4QJMG4QLQB4QLQR
728146,4QGWG4QJ1B4QJ1R4QJ8G4QJFB4QJFR4QJMG4QLQB4QLQR
730471,4QGWG4QJ1B4QJ1R4QJ8G4QJFB4QJFR4QJMG4QLQB4QLQR
901862,4QGWG4QJ1B4QJ1R4QJ8G4QJFB4QJFR4QJMG4QLQB4QLQR
1007116,4QGWG4QJ1B4QJ1R4QJ8G4QJFB4QJFR4QJMG4QLQB4QLQR
730462,4QGWG4QJ1B4QJ1R4QJ8G4QJFB4QJFR4QJMG4QLQB4QLQR
1041908,4QGWG4QJ1B4QJ1R4QJ8G4QJFB4QJFR4QJMG4QLQB4QLQR
730465,4QGWG4QJ1B4QJ1R4QJ8G4QJFB4QJFR4QJMG4QLQB4QLQR
647907,4QGWB4QIZR4QJ1G4QJ8B4QJDR4QJFG4QJMB4QJRR4QLQG
647906,4QGWB4QIZR4QJ1G4QJ8B4QJDR4QJFG4QJMB4QJRR4QLQG
647911,4QGWB4QIZR4QJ1G4QJ8B4QJDR4QJFG4QJMB4QJRR4QLQG
825275,4QGWB4QIZR4QJ1G4QJ8B4QJDR4QJFG4QJMB4QJRR4QLQG
864836,4QGWB4QIZR4QJ1G4QJ8B4QJDR4QJFG4QJMB4QJRR4QLQG
782702,4QGWB4QIZR4QJ1G4QJ8B4QJDR4QJFG4QJMB4QJRR4QLQG
647903,4QGWB4QIZR4QJ1G4QJ8B4QJDR4QJFG4QJMB4QJRR4QLQG
647574,4QGWB4QIZR4QJ1G4QJ8B4QJDR4QJFG4QJMB4QJRR4QLQG
664333,4QGWB4QIZR4QJ1G4QJ8B4QJDR4QJFG4QJMB4QJRR4QLQG
647920,4QGWB4QIZR4QJ1G4QJ8B4QJDR4QJFG4QJMB4QJRR4QLQG
647905,4QGWB4QIZR4QJ1G4QJ8B4QJDR4QJFG4QJMB4QJRR4QLQG
950800,4QGXG4QJ2B4QJ9G4QJGB4QJNG4QLRB4QLYG4QM5B4QMCG
631671,4QGXG4QJ2B4QJ9G4QJGB4QJNG4QLRB4QLYG4QM5B4QMCG
942559,4QGXG4QJ2B4QJ9G4QJGB4QJNG4QLRB4QLYG4QM5B4QMCG
658127,4QGXG4QJ2B4QJ9G4QJGB4QJNG4QLRB4QLYG4QM5B4QMCG
626016,4QGXG4QJ2B4QJ9G4QJGB4QJNG4QLRB4QLYG4QM5B4QMCG
950692,4QGXG4QJ2B4QJ9G4QJGB4QJNG4QLRB4QLYG4QM5B4QMCG
733893,4QGXG4QJ2B4QJ9G4QJGB4QJNG4QLRB4QLYG4QM5B4QMCG
793067,4QGXG4QJ2B4QJ9G4QJGB4QJNG4QLRB4QLYG4QM5B4QMCG
828869,4QGXG4QJ2B4QJ9G4QJGB4QJNG4QLRB4QLYG4QM5B4QMCG
827185,4QGUB4QGXR4QIZG4QJ6B4QJ9R4QJDG4QJKB4QJNR4QJRG
690140,4QGUB4QGXR4QIZG4QJ6B4QJ9R4QJDG4QJKB4QJNR4QJRG
690138,4QGUB4QGXR4QIZG4QJ6B4QJ9R4QJDG4QJKB4QJNR4QJRG
690143,4QGUB4QGXR4QIZG4QJ6B4QJ9R4QJDG4QJKB4QJNR4QJRG
1011543,4QGUB4QGXR4QIZG4QJ6B4QJ9R4QJDG4QJKB4QJNR4QJRG
690180,4QGUB4QGXR4QIZG4QJ6B4QJ9R4QJDG4QJKB4QJNR4QJRG
690189,4QGUB4QGXR4QIZG4QJ6B4QJ9R4QJDG4QJKB4QJNR4QJRG
690553,4QGUB4QGXR4QIZG4QJ6B4QJ9R4QJDG4QJKB4QJNR4QJRG
690556,4QGUB4QIZG4QJ6B4QJDG4QJKB4QJRG4QLVB4QM2G4QM9B
687937,4QGUB4QGXR4QIZG4QJ6B4QJ9R4QJDG4QJKB4QJNR4QJRG
865146,4QGUB4QGXR4QIZG4QJ6B4QJ9R4QJDG4QJKB4QJNR4QJRG
865145,4QGUB4QGXR4QIZG4QJ6B4QJ9R4QJDG4QJKB4QJNR4QJRG
703280,4QGUB4QGXR4QIZG4QJ6B4QJ9R4QJDG4QJKB4QJNR4QJRG
690550,4QGUB4QGXR4QIZG4QJ6B4QJ9R4QJDG4QJKB4QJNR4QJRG
690150,4QGUB4QGXR4QIZG4QJ6B4QJ9R4QJDG4QJKB4QJNR4QJRG
690163,4QGUB4QGXR4QIZG4QJ6B4QJ9R4QJDG4QJKB4QJNR4QJRG
728144,4QGUB4QGXR4QIZG4QJ6B4QJ9R4QJDG4QJKB4QJNR4QJRG
732137,4QGUB4QGXR4QIZG4QJ6B4QJ9R4QJDG4QJKB4QJNR4QJRG
690171,4QGUB4QGXR4QIZG4QJ6B4QJ9R4QJDG4QJKB4QJNR4QJRG
703279,4QGUB4QGXR4QIZG4QJ6B4QJ9R4QJDG4QJKB4QJNR4QJRG
690172,4QGUB4QGXR4QIZG4QJ6B4QJ9R4QJDG4QJKB4QJNR4QJRG
726868,4QGUB4QGXR4QIZG4QJ6B4QJ9R4QJDG4QJKB4QJNR4QJRG
704185,4QGUB4QGXR4QIZG4QJ6B4QJ9R4QJDG4QJKB4QJNR4QJRG
728149,4QGUB4QGXR4QIZG4QJ6B4QJ9R4QJDG4QJKB4QJNR4QJRG
731822,4QGUB4QGXR4QIZG4QJ6B4QJ9R4QJDG4QJKB4QJNR4QJRG
731817,4QGUB4QGXR4QIZG4QJ6B4QJ9R4QJDG4QJKB4QJNR4QJRG
731804,4QGUB4QGXR4QIZG4QJ6B4QJ9R4QJDG4QJKB4QJNR4QJRG
896519,4QGUG4QGYB4QIZG4QJ3B4QJ6G4QJAB4QJDG4QJHB4QJKG
896520,4QGUG4QGYB4QIZG4QJ3B4QJ6G4QJAB4QJDG4QJHB4QJKG
896521,4QGUG4QGYB4QIZG4QJ3B4QJ6G4QJAB4QJDG4QJHB4QJKG
896522,4QGUG4QGYB4QIZG4QJ3B4QJ6G4QJAB4QJDG4QJHB4QJKG
944392,4QGUG4QGYB4QIZG4QJ3B4QJ6G4QJAB4QJDG4QJHB4QJKG
944393,4QGUG4QGYB4QIZG4QJ3B4QJ6G4QJAB4QJDG4QJHB4QJKG
743945,4QGUG4QGYB4QIZG4QJ3B4QJ6G4QJAB4QJDG4QJHB4QJKG
894747,4QGUG4QGYB4QIZG4QJ3B4QJ6G4QJAB4QJDG4QJHB4QJKG
900170,4QGUG4QGYB4QIZG4QJ3B4QJ6G4QJAB4QJDG4QJHB4QJKG
905869,4QGUG4QGYB4QIZG4QJ3B4QJ6G4QJAB4QJDG4QJHB4QJKG
894748,4QGUG4QGYB4QIZG4QJ3B4QJ6G4QJAB4QJDG4QJHB4QJKG
894749,4QGUG4QGYB4QIZG4QJ3B4QJ6G4QJAB4QJDG4QJHB4QJKG
1006644,4QGUG4QGYB4QIZG4QJ3B4QJ6G4QJAB4QJDG4QJHB4QJKG
894750,4QGUG4QGYB4QIZG4QJ3B4QJ6G4QJAB4QJDG4QJHB4QJKG
900171,4QGUG4QGYB4QIZG4QJ3B4QJ6G4QJAB4QJDG4QJHB4QJKG
894751,4QGUG4QGYB4QIZG4QJ3B4QJ6G4QJAB4QJDG4QJHB4QJKG
894752,4QGUG4QGYB4QIZG4QJ3B4QJ6G4QJAB4QJDG4QJHB4QJKG
894753,4QGUG4QGYB4QIZG4QJ3B4QJ6G4QJAB4QJDG4QJHB4QJKG
894754,4QGUG4QGYB4QIZG4QJ3B4QJ6G4QJAB4QJDG4QJHB4QJKG
900172,4QGUG4QGYB4QIZG4QJ3B4QJ6G4QJAB4QJDG4QJHB4QJKG
893760,4QGUG4QGYB4QIZG4QJ3B4QJ6G4QJAB4QJDG4QJHB4QJKG
910185,4QGUG4QGYB4QIZG4QJ3B4QJ6G4QJAB4QJDG4QJHB4QJKG
894755,4QGUG4QGYB4QIZG4QJ3B4QJ6G4QJAB4QJDG4QJHB4QJKG
743946,4QGUG4QGYB4QIZG4QJ3B4QJ6G4QJAB4QJDG4QJHB4QJKG
943790,4QGUG4QGYB4QIZG4QJ3B4QJ6G4QJAB4QJDG4QJHB4QJKG
943791,4QGUG4QGYB4QIZG4QJ3B4QJ6G4QJAB4QJDG4QJHB4QJKG
943792,4QGUG4QGYB4QIZG4QJ3B4QJ6G4QJAB4QJDG4QJHB4QJKG
943793,4QGUG4QGYB4QIZG4QJ3B4QJ6G4QJAB4QJDG4QJHB4QJKG
910521,4QGUG4QGYB4QIZG4QJ3B4QJ6G4QJAB4QJDG4QJHB4QJKG
941185,4QGUG4QGYB4QIZG4QJ3B4QJ6G4QJAB4QJDG4QJHB4QJKG
941186,4QGUG4QGYB4QIZG4QJ3B4QJ6G4QJAB4QJDG4QJHB4QJKG
743923,4QGUG4QGYB4QIZG4QJ3B4QJ6G4QJAB4QJDG4QJHB4QJKG
941187,4QGUG4QGYB4QIZG4QJ3B4QJ6G4QJAB4QJDG4QJHB4QJKG
743947,4QGUG4QGYB4QIZG4QJ3B4QJ6G4QJAB4QJDG4QJHB4QJKG
941188,4QGUG4QGYB4QIZG4QJ3B4QJ6G4QJAB4QJDG4QJHB4QJKG
941189,4QGUG4QGYB4QIZG4QJ3B4QJ6G4QJAB4QJDG4QJHB4QJKG
941190,4QGUG4QGYB4QIZG4QJ3B4QJ6G4QJAB4QJDG4QJHB4QJKG
941191,4QGUG4QGYB4QIZG4QJ3B4QJ6G4QJAB4QJDG4QJHB4QJKG
941192,4QGUG4QGYB4QIZG4QJ3B4QJ6G4QJAB4QJDG4QJHB4QJKG
941193,4QGUG4QGYB4QIZG4QJ3B4QJ6G4QJAB4QJDG4QJHB4QJKG
896514,4QGUG4QGYB4QIZG4QJ3B4QJ6G4QJAB4QJDG4QJHB4QJKG
896515,4QGUG4QGYB4QIZG4QJ3B4QJ6G4QJAB4QJDG4QJHB4QJKG
896516,4QGUG4QGYB4QIZG4QJ3B4QJ6G4QJAB4QJDG4QJHB4QJKG
896517,4QGUG4QGYB4QIZG4QJ3B4QJ6G4QJAB4QJDG4QJHB4QJKG
896518,4QGUG4QGYB4QIZG4QJ3B4QJ6G4QJAB4QJDG4QJHB4QJKG
1020742,4QGUG4QGYB4QIZG4QJ3B4QJ6G4QJAB4QJDG4QJHB4QJKG
660044,4QGXB4QIZR4QJ2G4QJ9B4QJDR4QJGG4QJNB4QJRR4QLRG
753881,4QGXB4QIZR4QJ2G4QJ9B4QJDR4QJGG4QJNB4QJRR4QLRG
818839,4QGXB4QIZR4QJ2G4QJ9B4QJDR4QJGG4QJNB4QJRR4QLRG
753885,4QGXB4QIZR4QJ2G4QJ9B4QJDR4QJGG4QJNB4QJRR4QLRG
753886,4QGXB4QIZR4QJ2G4QJ9B4QJDR4QJGG4QJNB4QJRR4QLRG
754230,4QGXB4QIZR4QJ2G4QJ9B4QJDR4QJGG4QJNB4QJRR4QLRG
754251,4QGXB4QIZR4QJ2G4QJ9B4QJDR4QJGG4QJNB4QJRR4QLRG
818851,4QGXB4QIZR4QJ2G4QJ9B4QJDR4QJGG4QJNB4QJRR4QLRG
1012520,4QGXB4QIZR4QJ2G4QJ9B4QJDR4QJGG4QJNB4QJRR4QLRG
754255,4QGXB4QIZR4QJ2G4QJ9B4QJDR4QJGG4QJNB4QJRR4QLRG
756430,4QGXB4QIZR4QJ2G4QJ9B4QJDR4QJGG4QJNB4QJRR4QLRG
660047,4QGXB4QIZR4QJ2G4QJ9B4QJDR4QJGG4QJNB4QJRR4QLRG
756433,4QGXB4QIZR4QJ2G4QJ9B4QJDR4QJGG4QJNB4QJRR4QLRG
756435,4QGXB4QIZR4QJ2G4QJ9B4QJDR4QJGG4QJNB4QJRR4QLRG
753890,4QGXB4QIZR4QJ2G4QJ9B4QJDR4QJGG4QJNB4QJRR4QLRG
756429,4QGXB4QIZR4QJ2G4QJ9B4QJDR4QJGG4QJNB4QJRR4QLRG
660046,4QGXB4QIZR4QJ2G4QJ9B4QJDR4QJGG4QJNB4QJRR4QLRG
660045,4QGXB4QIZR4QJ2G4QJ9B4QJDR4QJGG4QJNB4QJRR4QLRG
754228,4QGXB4QJ2G4QJ9B4QJGG4QJNB4QLRG4QLYB4QM5G4QMCB
753889,4QGXB4QIZR4QJ2G4QJ9B4QJDR4QJGG4QJNB4QJRR4QLRG
818844,4QGXB4QIZR4QJ2G4QJ9B4QJDR4QJGG4QJNB4QJRR4QLRG
754234,4QGXB4QIZR4QJ2G4QJ9B4QJDR4QJGG4QJNB4QJRR4QLRG
754236,4QGXB4QIZR4QJ2G4QJ9B4QJDR4QJGG4QJNB4QJRR4QLRG
757538,4QGXB4QIZR4QJ2G4QJ9B4QJDR4QJGG4QJNB4QJRR4QLRG
834656,4QGXB4QJ2G4QJ9B4QJGG4QJNB4QLRG4QLYB4QM5G4QMCB
776375,4QGXB4QIXR4QJ2G4QJ9B4QJBR4QJGG4QJNB4QJPR4QLRG
743846,4QGXB4QIXR4QJ2G4QJ9B4QJBR4QJGG4QJNB4QJPR4QLRG
834654,4QGXB4QIXR4QJ2G4QJ9B4QJBR4QJGG4QJNB4QJPR4QLRG
776374,4QGXB4QIXR4QJ2G4QJ9B4QJBR4QJGG4QJNB4QJPR4QLRG
743847,4QGXB4QJ2G4QJ9B4QJGG4QJNB4QLRG4QLYB4QM5G4QMCB
776376,4QGXB4QIXR4QJ2G4QJ9B4QJBR4QJGG4QJNB4QJPR4QLRG
834675,4QGXB4QIXR4QJ2G4QJ9B4QJBR4QJGG4QJNB4QJPR4QLRG
776380,4QGXB4QJ2G4QJ9B4QJGG4QJNB4QLRG4QLYB4QM5G4QMCB
834674,4QGXB4QIXR4QJ2G4QJ9B4QJBR4QJGG4QJNB4QJPR4QLRG
776385,4QGXB4QIXR4QJ2G4QJ9B4QJBR4QJGG4QJNB4QJPR4QLRG
834673,4QGXB4QIXR4QJ2G4QJ9B4QJBR4QJGG4QJNB4QJPR4QLRG
834671,4QGXB4QIXR4QJ2G4QJ9B4QJBR4QJGG4QJNB4QJPR4QLRG
999377,4QGXB4QIXR4QJ2G4QJ9B4QJBR4QJGG4QJNB4QJPR4QLRG
834670,4QGXB4QIXR4QJ2G4QJ9B4QJBR4QJGG4QJNB4QJPR4QLRG
834676,4QGXB4QIXR4QJ2G4QJ9B4QJBR4QJGG4QJNB4QJPR4QLRG
834669,4QGXB4QIXR4QJ2G4QJ9B4QJBR4QJGG4QJNB4QJPR4QLRG
834668,4QGXB4QIXR4QJ2G4QJ9B4QJBR4QJGG4QJNB4QJPR4QLRG
834667,4QGXB4QIXR4QJ2G4QJ9B4QJBR4QJGG4QJNB4QJPR4QLRG
834666,4QGXB4QIXR4QJ2G4QJ9B4QJBR4QJGG4QJNB4QJPR4QLRG
834664,4QGXB4QIXR4QJ2G4QJ9B4QJBR4QJGG4QJNB4QJPR4QLRG
776378,4QGXB4QIXR4QJ2G4QJ9B4QJBR4QJGG4QJNB4QJPR4QLRG
879020,4QGXB4QIXR4QJ2G4QJ9B4QJBR4QJGG4QJNB4QJPR4QLRG
834652,4QGXB4QIXR4QJ2G4QJ9B4QJBR4QJGG4QJNB4QJPR4QLRG
920852,4QGXB4QJ2G4QJ9B4QJGG4QJNB4QLRG4QLYB4QM5G4QMCB
775500,4QGXB4QIXR4QJ2G4QJ9B4QJBR4QJGG4QJNB4QJPR4QLRG
873607,4QGXB4QIXR4QJ2G4QJ9B4QJBR4QJGG4QJNB4QJPR4QLRG
873606,4QGXB4QIXR4QJ2G4QJ9B4QJBR4QJGG4QJNB4QJPR4QLRG
873604,4QGXB4QIXR4QJ2G4QJ9B4QJBR4QJGG4QJNB4QJPR4QLRG
873603,4QGXB4QIXR4QJ2G4QJ9B4QJBR4QJGG4QJNB4QJPR4QLRG
873593,4QGXB4QIXR4QJ2G4QJ9B4QJBR4QJGG4QJNB4QJPR4QLRG
873601,4QGXB4QIXR4QJ2G4QJ9B4QJBR4QJGG4QJNB4QJPR4QLRG
996237,4QGXB4QIXR4QJ2G4QJ9B4QJBR4QJGG4QJNB4QJPR4QLRG
743862,4QGXB4QIXR4QJ2G4QJ9B4QJBR4QJGG4QJNB4QJPR4QLRG
776381,4QGXB4QIXR4QJ2G4QJ9B4QJBR4QJGG4QJNB4QJPR4QLRG
873598,4QGXB4QIXR4QJ2G4QJ9B4QJBR4QJGG4QJNB4QJPR4QLRG
873597,4QGXB4QIXR4QJ2G4QJ9B4QJBR4QJGG4QJNB4QJPR4QLRG
873595,4QGXB4QIXR4QJ9B4QJBR4QJNB4QJPR4QLYB4QM0R4QMCB
873617,4QGXB4QIXR4QJ2G4QJ9B4QJBR4QJGG4QJNB4QJPR4QLRG
873602,4QGXB4QIXR4QJ2G4QJ9B4QJBR4QJGG4QJNB4QJPR4QLRG
873627,4QGXB4QIXR4QJ2G4QJ9B4QJBR4QJGG4QJNB4QJPR4QLRG
873625,4QGXB4QIXR4QJ2G4QJ9B4QJBR4QJGG4QJNB4QJPR4QLRG
873624,4QGXB4QIXR4QJ2G4QJ9B4QJBR4QJGG4QJNB4QJPR4QLRG
873622,4QGXB4QIXR4QJ2G4QJ9B4QJBR4QJGG4QJNB4QJPR4QLRG
873621,4QGXB4QIXR4QJ2G4QJ9B4QJBR4QJGG4QJNB4QJPR4QLRG
776377,4QGXB4QIXR4QJ2G4QJ9B4QJBR4QJGG4QJNB4QJPR4QLRG
873611,4QGXB4QIXR4QJ2G4QJ9B4QJBR4QJGG4QJNB4QJPR4QLRG
873618,4QGXB4QIXR4QJ2G4QJ9B4QJBR4QJGG4QJNB4QJPR4QLRG
873616,4QGXB4QIXR4QJ2G4QJ9B4QJBR4QJGG4QJNB4QJPR4QLRG
873615,4QGXB4QIXR4QJ2G4QJ9B4QJBR4QJGG4QJNB4QJPR4QLRG
873614,4QGXB4QIXR4QJ2G4QJ9B4QJBR4QJGG4QJNB4QJPR4QLRG
834661,4QGXB4QIXR4QJ2G4QJ9B4QJBR4QJGG4QJNB4QJPR4QLRG
834659,4QGXB4QIXR4QJ2G4QJ9B4QJBR4QJGG4QJNB4QJPR4QLRG
829723,4QGXB4QIXR4QJ2G4QJ9B4QJBR4QJGG4QJNB4QJPR4QLRG
834651,4QGXB4QIXR4QJ2G4QJ9B4QJBR4QJGG4QJNB4QJPR4QLRG
834658,4QGXB4QIXR4QJ2G4QJ9B4QJBR4QJGG4QJNB4QJPR4QLRG
941201,4QGUG4QGYB4QIZG4QJ3B4QJ6G4QJAB4QJDG4QJHB4QJKG
941202,4QGUG4QGYB4QIZG4QJ3B4QJ6G4QJAB4QJDG4QJHB4QJKG
941203,4QGUG4QGYB4QIZG4QJ3B4QJ6G4QJAB4QJDG4QJHB4QJKG
941204,4QGUG4QGYB4QIZG4QJ3B4QJ6G4QJAB4QJDG4QJHB4QJKG
941205,4QGUG4QGYB4QIZG4QJ3B4QJ6G4QJAB4QJDG4QJHB4QJKG
941206,4QGUG4QGYB4QIZG4QJ3B4QJ6G4QJAB4QJDG4QJHB4QJKG
941207,4QGUG4QGYB4QIZG4QJ3B4QJ6G4QJAB4QJDG4QJHB4QJKG
941208,4QGUG4QGYB4QIZG4QJ3B4QJ6G4QJAB4QJDG4QJHB4QJKG
910522,4QGUG4QGYB4QIZG4QJ3B4QJ6G4QJAB4QJDG4QJHB4QJKG
941194,4QGUG4QGYB4QIZG4QJ3B4QJ6G4QJAB4QJDG4QJHB4QJKG
743949,4QGUG4QGYB4QIZG4QJ3B4QJ6G4QJAB4QJDG4QJHB4QJKG
941209,4QGUG4QGYB4QIZG4QJ3B4QJ6G4QJAB4QJDG4QJHB4QJKG
941210,4QGUG4QGYB4QIZG4QJ3B4QJ6G4QJAB4QJDG4QJHB4QJKG
941211,4QGUG4QGYB4QIZG4QJ3B4QJ6G4QJAB4QJDG4QJHB4QJKG
826148,4QGUG4QGYB4QIZG4QJ3B4QJ6G4QJAB4QJDG4QJHB4QJKG
941212,4QGUG4QGYB4QIZG4QJ3B4QJ6G4QJAB4QJDG4QJHB4QJKG
941213,4QGUG4QGYB4QIZG4QJ3B4QJ6G4QJAB4QJDG4QJHB4QJKG
941214,4QGUG4QGYB4QIZG4QJ3B4QJ6G4QJAB4QJDG4QJHB4QJKG
941215,4QGUG4QGYB4QIZG4QJ3B4QJ6G4QJAB4QJDG4QJHB4QJKG
894928,4QGUG4QGYB4QIZG4QJ3B4QJ6G4QJAB4QJDG4QJHB4QJKG
941195,4QGUG4QGYB4QIZG4QJ3B4QJ6G4QJAB4QJDG4QJHB4QJKG
894929,4QGUG4QGYB4QIZG4QJ3B4QJ6G4QJAB4QJDG4QJHB4QJKG
896524,4QGUG4QGYB4QIZG4QJ3B4QJ6G4QJAB4QJDG4QJHB4QJKG
743924,4QGUG4QGYB4QIZG4QJ3B4QJ6G4QJAB4QJDG4QJHB4QJKG
896525,4QGUG4QGYB4QIZG4QJ3B4QJ6G4QJAB4QJDG4QJHB4QJKG
896526,4QGUG4QGYB4QIZG4QJ3B4QJ6G4QJAB4QJDG4QJHB4QJKG
896527,4QGUG4QGYB4QIZG4QJ3B4QJ6G4QJAB4QJDG4QJHB4QJKG
896528,4QGUG4QGYB4QIZG4QJ3B4QJ6G4QJAB4QJDG4QJHB4QJKG
896529,4QGUG4QGYB4QIZG4QJ3B4QJ6G4QJAB4QJDG4QJHB4QJKG
896530,4QGUG4QGYB4QIZG4QJ3B4QJ6G4QJAB4QJDG4QJHB4QJKG
896531,4QGUG4QGYB4QIZG4QJ3B4QJ6G4QJAB4QJDG4QJHB4QJKG
941196,4QGUG4QGYB4QIZG4QJ3B4QJ6G4QJAB4QJDG4QJHB4QJKG
896532,4QGUG4QGYB4QIZG4QJ3B4QJ6G4QJAB4QJDG4QJHB4QJKG
896533,4QGUG4QGYB4QIZG4QJ3B4QJ6G4QJAB4QJDG4QJHB4QJKG
896534,4QGUG4QGYB4QIZG4QJ3B4QJ6G4QJAB4QJDG4QJHB4QJKG
896535,4QGUG4QGYB4QIZG4QJ3B4QJ6G4QJAB4QJDG4QJHB4QJKG
743925,4QGUG4QGYB4QIZG4QJ3B4QJ6G4QJAB4QJDG4QJHB4QJKG
896536,4QGUG4QGYB4QIZG4QJ3B4QJ6G4QJAB4QJDG4QJHB4QJKG
896537,4QGUG4QGYB4QIZG4QJ3B4QJ6G4QJAB4QJDG4QJHB4QJKG
896538,4QGUG4QGYB4QIZG4QJ3B4QJ6G4QJAB4QJDG4QJHB4QJKG
941197,4QGUG4QGYB4QIZG4QJ3B4QJ6G4QJAB4QJDG4QJHB4QJKG
941198,4QGUG4QGYB4QIZG4QJ3B4QJ6G4QJAB4QJDG4QJHB4QJKG
826147,4QGUG4QGYB4QIZG4QJ3B4QJ6G4QJAB4QJDG4QJHB4QJKG
743948,4QGUG4QGYB4QIZG4QJ3B4QJ6G4QJAB4QJDG4QJHB4QJKG
941199,4QGUG4QGYB4QIZG4QJ3B4QJ6G4QJAB4QJDG4QJHB4QJKG
941200,4QGUG4QGYB4QIZG4QJ3B4QJ6G4QJAB4QJDG4QJHB4QJKG
1003423,4QGTB4QIXG4QJ2R4QJ4B4QJBG4QJGR4QJIB4QJPG4QLRR
685290,4QGTB4QIXG4QJ2R4QJ4B4QJBG4QJGR4QJIB4QJPG4QLRR
686221,4QGTB4QIXG4QJ2R4QJ4B4QJBG4QJGR4QJIB4QJPG4QLRR
686224,4QGTB4QIXG4QJ2R4QJ4B4QJBG4QJGR4QJIB4QJPG4QLRR
686226,4QGTB4QIXG4QJ2R4QJ4B4QJBG4QJGR4QJIB4QJPG4QLRR
686227,4QGTB4QIXG4QJ2R4QJ4B4QJBG4QJGR4QJIB4QJPG4QLRR
