976980,4APTB4AQ0G4AQ7B4ASBG4ASIB4ASPG4ASWB4AV1G4AV8B
648704,4APTB4AQ0G4AQ7B4ASBG4ASIB4ASPG4ASWB4AV1G4AV8B
903023,4APTB4AQ0G4AQ7B4ASBG4ASIB4ASPG4ASWB4AV1G4AV8B
903017,4APTB4AQ0G4AQ7B4ASBG4ASIB4ASPG4ASWB4AV1G4AV8B
648776,4APTB4AQ0G4AQ7B4ASBG4ASIB4ASPG4ASWB4AV1G4AV8B
648740,4APTB4AQ0G4AQ7B4ASBG4ASIB4ASPG4ASWB4AV1G4AV8B
648770,4APTB4AQ0G4AQ7B4ASBG4ASIB4ASPG4ASWB4AV1G4AV8B
1017713,4APTB4AQ0G4AQ7B4ASBG4ASIB4ASPG4ASWB4AV1G4AV8B
648763,4APTB4AQ0G4AQ7B4ASBG4ASIB4ASPG4ASWB4AV1G4AV8B
977875,4APTB4AQ0G4AQ7B4ASBG4ASIB4ASPG4ASWB4AV1G4AV8B
903948,4APTB4AQ0G4AQ7B4ASBG4ASIB4ASPG4ASWB4AV1G4AV8B
978229,4APTB4AQ0G4AQ7B4ASBG4ASIB4ASPG4ASWB4AV1G4AV8B
945066,4APSG4APZB4AQ6G4ASAB4ASHG4ASOB4ASVG4AT2B4AV7G
1108818,4APWB4AQ3G4AQAB4ASEG4ASLB4ASSG4ASZB4AV4G4AVBB
1108817,4APWB4AQ3G4AQAB4ASEG4ASLB4ASSG4ASZB4AV4G4AVBB
1108816,4APWB4AQ3G4AQAB4ASEG4ASLB4ASSG4ASZB4AV4G4AVBB
1108815,4APWB4AQ3G4AQAB4ASEG4ASLB4ASSG4ASZB4AV4G4AVBB
664366,4APSB4APZG4AQ6B4ASAG4ASHB4ASOG4ASVB4AT2G4AV7B
862985,4APSB4APZG4AQ6B4ASAG4ASHB4ASOG4ASVB4AT2G4AV7B
762403,4APSB4APZG4AQ6B4ASAG4ASHB4ASOG4ASVB4AT2G4AV7B
762402,4APSB4APZG4AQ6B4ASAG4ASHB4ASOG4ASVB4AT2G4AV7B
762401,4APSB4APZG4AQ6B4ASAG4ASHB4ASOG4ASVB4AT2G4AV7B
762400,4APSB4APZG4AQ6B4ASAG4ASHB4ASOG4ASVB4AT2G4AV7B
762398,4APSB4APZG4AQ6B4ASAG4ASHB4ASOG4ASVB4AT2G4AV7B
1004860,4APSB4APZG4AQ6B4ASAG4ASHB4ASOG4ASVB4AT2G4AV7B
762362,4APSB4APZG4AQ6B4ASAG4ASHB4ASOG4ASVB4AT2G4AV7B
762387,4APSB4APZG4AQ6B4ASAG4ASHB4ASOG4ASVB4AT2G4AV7B
762371,4APSB4APZG4AQ6B4ASAG4ASHB4ASOG4ASVB4AT2G4AV7B
762370,4APSB4APZG4AQ6B4ASAG4ASHB4ASOG4ASVB4AT2G4AV7B
762369,4APSB4APZG4AQ6B4ASAG4ASHB4ASOG4ASVB4AT2G4AV7B
762368,4APSB4APZG4AQ6B4ASAG4ASHB4ASOG4ASVB4AT2G4AV7B
762361,4APSB4APZG4AQ6B4ASAG4ASHB4ASOG4ASVB4AT2G4AV7B
1009928,4APSB4APZG4AQ6B4ASAG4ASHB4ASOG4ASVB4AT2G4AV7B
762366,4APSB4APZG4AQ6B4ASAG4ASHB4ASOG4ASVB4AT2G4AV7B
762365,4APSB4APZG4AQ6B4ASAG4ASHB4ASOG4ASVB4AT2G4AV7B
762383,4APSB4APZG4AQ6B4ASAG4ASHB4ASOG4ASVB4AT2G4AV7B
762382,4APSB4APZG4AQ6B4ASAG4ASHB4ASOG4ASVB4AT2G4AV7B
762381,4APSB4APZG4AQ6B4ASAG4ASHB4ASOG4ASVB4AT2G4AV7B
762379,4APSB4APZG4AQ6B4ASAG4ASHB4ASOG4ASVB4AT2G4AV7B
762378,4APSB4APZG4AQ6B4ASAG4ASHB4ASOG4ASVB4AT2G4AV7B
762376,4APSB4APZG4AQ6B4ASAG4ASHB4ASOG4ASVB4AT2G4AV7B
862990,4APSB4APZG4AQ6B4ASAG4ASHB4ASOG4ASVB4AT2G4AV7B
762405,4APSB4APZG4AQ6B4ASAG4ASHB4ASOG4ASVB4AT2G4AV7B
810627,4APSB4APZG4AQ6B4ASAG4ASHB4ASOG4ASVB4AT2G4AV7B
810625,4APSB4APZG4AQ6B4ASAG4ASHB4ASOG4ASVB4AT2G4AV7B
810304,4APSB4APZG4AQ6B4ASAG4ASHB4ASOG4ASVB4AT2G4AV7B
762755,4APSB4APZG4AQ6B4ASAG4ASHB4ASOG4ASVB4AT2G4AV7B
762754,4APSB4APZG4AQ6B4ASAG4ASHB4ASOG4ASVB4AT2G4AV7B
863323,4APSB4APZG4AQ6B4ASAG4ASHB4ASOG4ASVB4AT2G4AV7B
863325,4APSB4APZG4AQ6B4ASAG4ASHB4ASOG4ASVB4AT2G4AV7B
762751,4APSB4APZG4AQ6B4ASAG4ASHB4ASOG4ASVB4AT2G4AV7B
762750,4APSB4APZG4AQ6B4ASAG4ASHB4ASOG4ASVB4AT2G4AV7B
863324,4APSB4APZG4AQ6B4ASAG4ASHB4ASOG4ASVB4AT2G4AV7B
762748,4APSB4APZG4AQ6B4ASAG4ASHB4ASOG4ASVB4AT2G4AV7B
664367,4APSB4APZG4AQ6B4ASAG4ASHB4ASOG4ASVB4AT2G4AV7B
664362,4APSB4APZG4AQ6B4ASAG4ASHB4ASOG4ASVB4AT2G4AV7B
998009,4APSB4APZG4AQ6B4ASAG4ASHB4ASOG4ASVB4AT2G4AV7B
761822,4APSB4APZG4AQ6B4ASAG4ASHB4ASOG4ASVB4AT2G4AV7B
864572,4APSB4APZG4AQ6B4ASAG4ASHB4ASOG4ASVB4AT2G4AV7B
761820,4APSB4APZG4AQ6B4ASAG4ASHB4ASOG4ASVB4AT2G4AV7B
761818,4APSB4APZG4AQ6B4ASAG4ASHB4ASOG4ASVB4AT2G4AV7B
761817,4APSB4APZG4AQ6B4ASAG4ASHB4ASOG4ASVB4AT2G4AV7B
810629,4APSB4APZG4AQ6B4ASAG4ASHB4ASOG4ASVB4AT2G4AV7B
761815,4APSB4APZG4AQ6B4ASAG4ASHB4ASOG4ASVB4AT2G4AV7B
761814,4APSB4APZG4AQ6B4ASAG4ASHB4ASOG4ASVB4AT2G4AV7B
864570,4APSB4APZG4AQ6B4ASAG4ASHB4ASOG4ASVB4AT2G4AV7B
810634,4APSB4APZG4AQ6B4ASAG4ASHB4ASOG4ASVB4AT2G4AV7B
810633,4APSB4APZG4AQ6B4ASAG4ASHB4ASOG4ASVB4AT2G4AV7B
810631,4APSB4APZG4AQ6B4ASAG4ASHB4ASOG4ASVB4AT2G4AV7B
810630,4APSB4APZG4AQ6B4ASAG4ASHB4ASOG4ASVB4AT2G4AV7B
998007,4APSB4APZG4AQ6B4ASAG4ASHB4ASOG4ASVB4AT2G4AV7B
762746,4APSB4APZG4AQ6B4ASAG4ASHB4ASOG4ASVB4AT2G4AV7B
1009929,4APSB4APZG4AQ6B4ASAG4ASHB4ASOG4ASVB4AT2G4AV7B
762735,4APSB4APZG4AQ6B4ASAG4ASHB4ASOG4ASVB4AT2G4AV7B
862989,4APSB4APZG4AQ6B4ASAG4ASHB4ASOG4ASVB4AT2G4AV7B
951598,4APWB4AQ3G4AQAB4ASEG4ASLB4ASSG4ASZB4AV4G4AVBB
945067,4APWB4AQ3G4AQAB4ASEG4ASLB4ASSG4ASZB4AV4G4AVBB
845913,4APWB4AQ3G4AQAB4ASEG4ASLB4ASSG4ASZB4AV4G4AVBB
902118,4APWB4AQ3G4AQAB4ASEG4ASLB4ASSG4ASZB4AV4G4AVBB
845540,4APWB4AQ3G4AQAB4ASEG4ASLB4ASSG4ASZB4AV4G4AVBB
807775,4APWB4AQ3G4AQAB4ASEG4ASLB4ASSG4ASZB4AV4G4AVBB
863512,4APWB4AQ3G4AQAB4ASEG4ASLB4ASSG4ASZB4AV4G4AVBB
807419,4APWB4AQ3G4AQAB4ASEG4ASLB4ASSG4ASZB4AV4G4AVBB
845524,4APWB4AQ3G4AQAB4ASEG4ASLB4ASSG4ASZB4AV4G4AVBB
704655,4APWB4AQ3G4AQAB4ASEG4ASLB4ASSG4ASZB4AV4G4AVBB
849796,4APWB4AQ3G4AQAB4ASEG4ASLB4ASSG4ASZB4AV4G4AVBB
1010241,4APWB4AQ3G4AQAB4ASEG4ASLB4ASSG4ASZB4AV4G4AVBB
849956,4APWB4AQ3G4AQAB4ASEG4ASLB4ASSG4ASZB4AV4G4AVBB
849965,4APWB4AQ3G4AQAB4ASEG4ASLB4ASSG4ASZB4AV4G4AVBB
704665,4APWB4AQ3G4AQAB4ASEG4ASLB4ASSG4ASZB4AV4G4AVBB
851317,4APWB4AQ3G4AQAB4ASEG4ASLB4ASSG4ASZB4AV4G4AVBB
851289,4APWB4AQ3G4AQAB4ASEG4ASLB4ASSG4ASZB4AV4G4AVBB
851294,4APWB4AQ3G4AQAB4ASEG4ASLB4ASSG4ASZB4AV4G4AVBB
851212,4APWB4AQ3G4AQAB4ASEG4ASLB4ASSG4ASZB4AV4G4AVBB
849927,4APWB4AQ3G4AQAB4ASEG4ASLB4ASSG4ASZB4AV4G4AVBB
845659,4APWB4AQ3G4AQAB4ASEG4ASLB4ASSG4ASZB4AV4G4AVBB
851210,4APWB4AQ3G4AQAB4ASEG4ASLB4ASSG4ASZB4AV4G4AVBB
809932,4APWB4AQ3G4AQAB4ASEG4ASLB4ASSG4ASZB4AV4G4AVBB
849952,4APWB4AQ3G4AQAB4ASEG4ASLB4ASSG4ASZB4AV4G4AVBB
849936,4APWB4AQ3G4AQAB4ASEG4ASLB4ASSG4ASZB4AV4G4AVBB
850000,4APWB4AQ3G4AQAB4ASEG4ASLB4ASSG4ASZB4AV4G4AVBB
829461,4APWB4AQ3G4AQAB4ASEG4ASLB4ASSG4ASZB4AV4G4AVBB
849996,4APWB4AQ3G4AQAB4ASEG4ASLB4ASSG4ASZB4AV4G4AVBB
704664,4APWB4AQ3G4AQAB4ASEG4ASLB4ASSG4ASZB4AV4G4AVBB
805054,4APWB4AQ3G4AQAB4ASEG4ASLB4ASSG4ASZB4AV4G4AVBB
850329,4APWB4AQ3G4AQAB4ASEG4ASLB4ASSG4ASZB4AV4G4AVBB
850337,4APWB4AQ3G4AQAB4ASEG4ASLB4ASSG4ASZB4AV4G4AVBB
810457,4APWB4AQ3G4AQAB4ASEG4ASLB4ASSG4ASZB4AV4G4AVBB
822625,4APWB4AQ3G4AQAB4ASEG4ASLB4ASSG4ASZB4AV4G4AVBB
810443,4APWB4AQ3G4AQAB4ASEG4ASLB4ASSG4ASZB4AV4G4AVBB
1022728,4APWB4AQ3G4AQAB4ASEG4ASLB4ASSG4ASZB4AV4G4AVBB
806373,4APWB4AQ3G4AQAB4ASEG4ASLB4ASSG4ASZB4AV4G4AVBB
806381,4APWB4AQ3G4AQAB4ASEG4ASLB4ASSG4ASZB4AV4G4AVBB
810470,4APWB4AQ3G4AQAB4ASEG4ASLB4ASSG4ASZB4AV4G4AVBB
704660,4APWB4AQ3G4AQAB4ASEG4ASLB4ASSG4ASZB4AV4G4AVBB
810456,4APWB4AQ3G4AQAB4ASEG4ASLB4ASSG4ASZB4AV4G4AVBB
807217,4APWB4AQ3G4AQAB4ASEG4ASLB4ASSG4ASZB4AV4G4AVBB
848599,4APWB4AQ3G4AQAB4ASEG4ASLB4ASSG4ASZB4AV4G4AVBB
805382,4APWB4AQ3G4AQAB4ASEG4ASLB4ASSG4ASZB4AV4G4AVBB
850383,4APWB4AQ3G4AQAB4ASEG4ASLB4ASSG4ASZB4AV4G4AVBB
850378,4APWB4AQ3G4AQAB4ASEG4ASLB4ASSG4ASZB4AV4G4AVBB
850384,4APWB4AQ3G4AQAB4ASEG4ASLB4ASSG4ASZB4AV4G4AVBB
924213,4APWB4AQ3G4AQAB4ASEG4ASLB4ASSG4ASZB4AV4G4AVBB
924214,4APWB4AQ3G4AQAB4ASEG4ASLB4ASSG4ASZB4AV4G4AVBB
924215,4APWB4AQ3G4AQAB4ASEG4ASLB4ASSG4ASZB4AV4G4AVBB
924216,4APWB4AQ3G4AQAB4ASEG4ASLB4ASSG4ASZB4AV4G4AVBB
924217,4APWB4AQ3G4AQAB4ASEG4ASLB4ASSG4ASZB4AV4G4AVBB
924219,4APWB4AQ3G4AQAB4ASEG4ASLB4ASSG4ASZB4AV4G4AVBB
967031,4APWB4AQ3G4AQAB4ASEG4ASLB4ASSG4ASZB4AV4G4AVBB
637809,4APWB4AQ3G4AQAB4ASEG4ASLB4ASSG4ASZB4AV4G4AVBB
774274,4APWB4AQ3G4AQAB4ASEG4ASLB4ASSG4ASZB4AV4G4AVBB
920622,4APWB4AQ3G4AQAB4ASEG4ASLB4ASSG4ASZB4AV4G4AVBB
637831,4APWB4AQ3G4AQAB4ASEG4ASLB4ASSG4ASZB4AV4G4AVBB
637844,4APWB4AQ3G4AQAB4ASEG4ASLB4ASSG4ASZB4AV4G4AVBB
636091,4APWB4AQ3G4AQAB4ASEG4ASLB4ASSG4ASZB4AV4G4AVBB
779700,4APWB4AQ3G4AQAB4ASEG4ASLB4ASSG4ASZB4AV4G4AVBB
1024226,4APWB4AQ3G4AQAB4ASEG4ASLB4ASSG4ASZB4AV4G4AVBB
636102,4APWB4AQ3G4AQAB4ASEG4ASLB4ASSG4ASZB4AV4G4AVBB
636117,4APWB4AQ3G4AQAB4ASEG4ASLB4ASSG4ASZB4AV4G4AVBB
969316,4APWB4AQ3G4AQAB4ASEG4ASLB4ASSG4ASZB4AV4G4AVBB
778026,4APWB4AQ3G4AQAB4ASEG4ASLB4ASSG4ASZB4AV4G4AVBB
774469,4APWB4AQ3G4AQAB4ASEG4ASLB4ASSG4ASZB4AV4G4AVBB
969309,4APWB4AQ3G4AQAB4ASEG4ASLB4ASSG4ASZB4AV4G4AVBB
636106,4APWB4AQ3G4AQAB4ASEG4ASLB4ASSG4ASZB4AV4G4AVBB
786766,4APWB4AQ3G4AQAB4ASEG4ASLB4ASSG4ASZB4AV4G4AVBB
779702,4APWB4AQ3G4AQAB4ASEG4ASLB4ASSG4ASZB4AV4G4AVBB
637839,4APWB4AQ3G4AQAB4ASEG4ASLB4ASSG4ASZB4AV4G4AVBB
774273,4APWB4AQ3G4AQAB4ASEG4ASLB4ASSG4ASZB4AV4G4AVBB
1024228,4APWB4AQ3G4AQAB4ASEG4ASLB4ASSG4ASZB4AV4G4AVBB
920613,4APWB4AQ3G4AQAB4ASEG4ASLB4ASSG4ASZB4AV4G4AVBB
804442,4APSG4APZB4AQ6G4ASAB4ASHG4ASOB4ASVG4AT2B4AV7G
804438,4APSG4APZB4AQ6G4ASAB4ASHG4ASOB4ASVG4AT2B4AV7G
804502,4APSG4APZB4AQ6G4ASAB4ASHG4ASOB4ASVG4AT2B4AV7G
754156,4APSG4APZB4AQ6G4ASAB4ASHG4ASOB4ASVG4AT2B4AV7G
703786,4APTG4AQ0B4AQ7G4ASBB4ASIG4ASPB4ASWG4AV1B4AV8G
876052,4APTG4AQ0B4AQ7G4ASBB4ASIG4ASPB4ASWG4AV1B4AV8G
876050,4APTG4AQ0B4AQ7G4ASBB4ASIG4ASPB4ASWG4AV1B4AV8G
703785,4APTG4AQ0B4AQ7G4ASBB4ASIG4ASPB4ASWG4AV1B4AV8G
876018,4APTG4AQ0B4AQ7G4ASBB4ASIG4ASPB4ASWG4AV1B4AV8G
786712,4APTG4AQ0B4AQ7G4ASBB4ASIG4ASPB4ASWG4AV1B4AV8G
876012,4APTG4AQ0B4AQ7G4ASBB4ASIG4ASPB4ASWG4AV1B4AV8G
876010,4APTG4AQ0B4AQ7G4ASBB4ASIG4ASPB4ASWG4AV1B4AV8G
876013,4APTG4AQ0B4AQ7G4ASBB4ASIG4ASPB4ASWG4AV1B4AV8G
1017844,4APTG4AQ0B4AQ7G4ASBB4ASIG4ASPB4ASWG4AV1B4AV8G
876033,4APTG4AQ0B4AQ7G4ASBB4ASIG4ASPB4ASWG4AV1B4AV8G
876031,4APTG4AQ0B4AQ7G4ASBB4ASIG4ASPB4ASWG4AV1B4AV8G
876026,4APTG4AQ0B4AQ7G4ASBB4ASIG4ASPB4ASWG4AV1B4AV8G
703784,4APTG4AQ0B4AQ7G4ASBB4ASIG4ASPB4ASWG4AV1B4AV8G
876024,4APTG4AQ0B4AQ7G4ASBB4ASIG4ASPB4ASWG4AV1B4AV8G
876027,4APTG4AQ0B4AQ7G4ASBB4ASIG4ASPB4ASWG4AV1B4AV8G
876037,4APTG4AQ0B4AQ7G4ASBB4ASIG4ASPB4ASWG4AV1B4AV8G
784745,4APTG4AQ0B4AQ7G4ASBB4ASIG4ASPB4ASWG4AV1B4AV8G
876035,4APTG4AQ0B4AQ7G4ASBB4ASIG4ASPB4ASWG4AV1B4AV8G
876036,4APTG4AQ0B4AQ7G4ASBB4ASIG4ASPB4ASWG4AV1B4AV8G
876030,4APTG4AQ0B4AQ7G4ASBB4ASIG4ASPB4ASWG4AV1B4AV8G
876011,4APTG4AQ0B4AQ7G4ASBB4ASIG4ASPB4ASWG4AV1B4AV8G
876022,4APTG4AQ0B4AQ7G4ASBB4ASIG4ASPB4ASWG4AV1B4AV8G
876015,4APTG4AQ0B4AQ7G4ASBB4ASIG4ASPB4ASWG4AV1B4AV8G
786713,4APTG4AQ0B4AQ7G4ASBB4ASIG4ASPB4ASWG4AV1B4AV8G
876007,4APTG4AQ0B4AQ7G4ASBB4ASIG4ASPB4ASWG4AV1B4AV8G
1024369,4APTG4AQ0B4AQ7G4ASBB4ASIG4ASPB4ASWG4AV1B4AV8G
876053,4APTG4AQ0B4AQ7G4ASBB4ASIG4ASPB4ASWG4AV1B4AV8G
876056,4APTG4AQ0B4AQ7G4ASBB4ASIG4ASPB4ASWG4AV1B4AV8G
784747,4APTG4AQ0B4AQ7G4ASBB4ASIG4ASPB4ASWG4AV1B4AV8G
876044,4APTG4AQ0B4AQ7G4ASBB4ASIG4ASPB4ASWG4AV1B4AV8G
775311,4APTG4AQ0B4AQ7G4ASBB4ASIG4ASPB4ASWG4AV1B4AV8G
876041,4APTG4AQ0B4AQ7G4ASBB4ASIG4ASPB4ASWG4AV1B4AV8G
876043,4APTG4AQ0B4AQ7G4ASBB4ASIG4ASPB4ASWG4AV1B4AV8G
876045,4APTG4AQ0B4AQ7G4ASBB4ASIG4ASPB4ASWG4AV1B4AV8G
876046,4APTG4AQ0B4AQ7G4ASBB4ASIG4ASPB4ASWG4AV1B4AV8G
875998,4APTG4AQ0B4AQ7G4ASBB4ASIG4ASPB4ASWG4AV1B4AV8G
874681,4APTG4AQ0B4AQ7G4ASBB4ASIG4ASPB4ASWG4AV1B4AV8G
774019,4APTG4AQ0B4AQ7G4ASBB4ASIG4ASPB4ASWG4AV1B4AV8G
874684,4APTG4AQ0B4AQ7G4ASBB4ASIG4ASPB4ASWG4AV1B4AV8G
1016310,4APTG4AQ0B4AQ7G4ASBB4ASIG4ASPB4ASWG4AV1B4AV8G
774021,4APTG4AQ0B4AQ7G4ASBB4ASIG4ASPB4ASWG4AV1B4AV8G
923394,4APTG4AQ0B4AQ7G4ASBB4ASIG4ASPB4ASWG4AV1B4AV8G
923388,4APTG4AQ0B4AQ7G4ASBB4ASIG4ASPB4ASWG4AV1B4AV8G
923391,4APTG4AQ0B4AQ7G4ASBB4ASIG4ASPB4ASWG4AV1B4AV8G
1018158,4APTG4AQ0B4AQ7G4ASBB4ASIG4ASPB4ASWG4AV1B4AV8G
923396,4APTG4AQ0B4AQ7G4ASBB4ASIG4ASPB4ASWG4AV1B4AV8G
923398,4APTG4AQ0B4AQ7G4ASBB4ASIG4ASPB4ASWG4AV1B4AV8G
875992,4APTG4AQ0B4AQ7G4ASBB4ASIG4ASPB4ASWG4AV1B4AV8G
875994,4APTG4AQ0B4AQ7G4ASBB4ASIG4ASPB4ASWG4AV1B4AV8G
875997,4APTG4AQ0B4AQ7G4ASBB4ASIG4ASPB4ASWG4AV1B4AV8G
876001,4APTG4AQ0B4AQ7G4ASBB4ASIG4ASPB4ASWG4AV1B4AV8G
703783,4APTG4AQ0B4AQ7G4ASBB4ASIG4ASPB4ASWG4AV1B4AV8G
875982,4APTG4AQ0B4AQ7G4ASBB4ASIG4ASPB4ASWG4AV1B4AV8G
875656,4APTG4AQ0B4AQ7G4ASBB4ASIG4ASPB4ASWG4AV1B4AV8G
875660,4APTG4AQ0B4AQ7G4ASBB4ASIG4ASPB4ASWG4AV1B4AV8G
875653,4APTG4AQ0B4AQ7G4ASBB4ASIG4ASPB4ASWG4AV1B4AV8G
1017842,4APTG4AQ0B4AQ7G4ASBB4ASIG4ASPB4ASWG4AV1B4AV8G
878456,4APTG4AQ0B4AQ7G4ASBB4ASIG4ASPB4ASWG4AV1B4AV8G
878436,4APTG4AQ0B4AQ7G4ASBB4ASIG4ASPB4ASWG4AV1B4AV8G
620766,4APTG4AQ0B4AQ7G4ASBB4ASIG4ASPB4ASWG4AV1B4AV8G
878433,4APTG4AQ0B4AQ7G4ASBB4ASIG4ASPB4ASWG4AV1B4AV8G
915044,4APVB4AQ2G4AQ9B4ASDG4ASKB4ASRG4ASYB4AV3G4AVAB
916312,4APVB4AQ2G4AQ9B4ASDG4ASKB4ASRG4ASYB4AV3G4AVAB
694294,4APVB4AQ2G4AQ9B4ASDG4ASKB4ASRG4ASYB4AV3G4AVAB
915051,4APVB4AQ2G4AQ9B4ASDG4ASKB4ASRG4ASYB4AV3G4AVAB
916256,4APVB4AQ2G4AQ9B4ASDG4ASKB4ASRG4ASYB4AV3G4AVAB
914948,4APVB4AQ2G4AQ9B4ASDG4ASKB4ASRG4ASYB4AV3G4AVAB
916247,4APVB4AQ2G4AQ9B4ASDG4ASKB4ASRG4ASYB4AV3G4AVAB
915032,4APVB4AQ2G4AQ9B4ASDG4ASKB4ASRG4ASYB4AV3G4AVAB
916270,4APVB4AQ2G4AQ9B4ASDG4ASKB4ASRG4ASYB4AV3G4AVAB
915024,4APVB4AQ2G4AQ9B4ASDG4ASKB4ASRG4ASYB4AV3G4AVAB
783486,4APVB4AQ2G4AQ9B4ASDG4ASKB4ASRG4ASYB4AV3G4AVAB
918628,4APVB4AQ2G4AQ9B4ASDG4ASKB4ASRG4ASYB4AV3G4AVAB
918664,4APVB4AQ2G4AQ9B4ASDG4ASKB4ASRG4ASYB4AV3G4AVAB
915964,4APVB4AQ2G4AQ9B4ASDG4ASKB4ASRG4ASYB4AV3G4AVAB
736774,4APVB4AQ2G4AQ9B4ASDG4ASKB4ASRG4ASYB4AV3G4AVAB
917262,4APVB4AQ2G4AQ9B4ASDG4ASKB4ASRG4ASYB4AV3G4AVAB
917269,4APVB4AQ2G4AQ9B4ASDG4ASKB4ASRG4ASYB4AV3G4AVAB
917256,4APVB4AQ2G4AQ9B4ASDG4ASKB4ASRG4ASYB4AV3G4AVAB
736777,4APVB4AQ2G4AQ9B4ASDG4ASKB4ASRG4ASYB4AV3G4AVAB
736768,4APVB4AQ2G4AQ9B4ASDG4ASKB4ASRG4ASYB4AV3G4AVAB
915970,4APVB4AQ2G4AQ9B4ASDG4ASKB4ASRG4ASYB4AV3G4AVAB
917252,4APVB4AQ2G4AQ9B4ASDG4ASKB4ASRG4ASYB4AV3G4AVAB
917236,4APVB4AQ2G4AQ9B4ASDG4ASKB4ASRG4ASYB4AV3G4AVAB
912598,4APVB4AQ2G4AQ9B4ASDG4ASKB4ASRG4ASYB4AV3G4AVAB
918632,4APVB4AQ2G4AQ9B4ASDG4ASKB4ASRG4ASYB4AV3G4AVAB
912589,4APVB4AQ2G4AQ9B4ASDG4ASKB4ASRG4ASYB4AV3G4AVAB
912585,4APVB4AQ2G4AQ9B4ASDG4ASKB4ASRG4ASYB4AV3G4AVAB
867956,4APVB4AQ2G4AQ9B4ASDG4ASKB4ASRG4ASYB4AV3G4AVAB
867947,4APVB4AQ2G4AQ9B4ASDG4ASKB4ASRG4ASYB4AV3G4AVAB
785052,4APVB4AQ2G4AQ9B4ASDG4ASKB4ASRG4ASYB4AV3G4AVAB
917707,4APVB4AQ2G4AQ9B4ASDG4ASKB4ASRG4ASYB4AV3G4AVAB
736789,4APVB4AQ2G4AQ9B4ASDG4ASKB4ASRG4ASYB4AV3G4AVAB
917697,4APVB4AQ2G4AQ9B4ASDG4ASKB4ASRG4ASYB4AV3G4AVAB
737191,4APVB4AQ2G4AQ9B4ASDG4ASKB4ASRG4ASYB4AV3G4AVAB
659690,4APVB4AQ2G4AQ9B4ASDG4ASKB4ASRG4ASYB4AV3G4AVAB
876450,4APVB4AQ2G4AQ9B4ASDG4ASKB4ASRG4ASYB4AV3G4AVAB
877764,4APVB4AQ2G4AQ9B4ASDG4ASKB4ASRG4ASYB4AV3G4AVAB
876472,4APVB4AQ2G4AQ9B4ASDG4ASKB4ASRG4ASYB4AV3G4AVAB
876477,4APVB4AQ2G4AQ9B4ASDG4ASKB4ASRG4ASYB4AV3G4AVAB
876467,4APVB4AQ2G4AQ9B4ASDG4ASKB4ASRG4ASYB4AV3G4AVAB
874786,4APVB4AQ2G4AQ9B4ASDG4ASKB4ASRG4ASYB4AV3G4AVAB
874789,4APVB4AQ2G4AQ9B4ASDG4ASKB4ASRG4ASYB4AV3G4AVAB
1024359,4APVB4AQ2G4AQ9B4ASDG4ASKB4ASRG4ASYB4AV3G4AVAB
874776,4APVB4AQ2G4AQ9B4ASDG4ASKB4ASRG4ASYB4AV3G4AVAB
784768,4APVB4AQ2G4AQ9B4ASDG4ASKB4ASRG4ASYB4AV3G4AVAB
874790,4APVB4AQ2G4AQ9B4ASDG4ASKB4ASRG4ASYB4AV3G4AVAB
877737,4APVB4AQ2G4AQ9B4ASDG4ASKB4ASRG4ASYB4AV3G4AVAB
877740,4APVB4AQ2G4AQ9B4ASDG4ASKB4ASRG4ASYB4AV3G4AVAB
876492,4APVB4AQ2G4AQ9B4ASDG4ASKB4ASRG4ASYB4AV3G4AVAB
1043500,4APVB4AQ2G4AQ9B4ASDG4ASKB4ASRG4ASYB4AV3G4AVAB
872573,4APVB4AQ2G4AQ9B4ASDG4ASKB4ASRG4ASYB4AV3G4AVAB
1017876,4APVB4AQ2G4AQ9B4ASDG4ASKB4ASRG4ASYB4AV3G4AVAB
872555,4APVB4AQ2G4AQ9B4ASDG4ASKB4ASRG4ASYB4AV3G4AVAB
877826,4APVB4AQ2G4AQ9B4ASDG4ASKB4ASRG4ASYB4AV3G4AVAB
877830,4APVB4AQ2G4AQ9B4ASDG4ASKB4ASRG4ASYB4AV3G4AVAB
660184,4APTB4AQ0G4AQ7B4ASBG4ASIB4ASPG4ASWB4AV1G4AV8B
878148,4APTB4AQ0G4AQ7B4ASBG4ASIB4ASPG4ASWB4AV1G4AV8B
876515,4APTB4AQ0G4AQ7B4ASBG4ASIB4ASPG4ASWB4AV1G4AV8B
986176,4APVB4AQ2G4AQ9B4ASDG4ASKB4ASRG4ASYB4AV3G4AVAB
991365,4APVB4AQ2G4AQ9B4ASDG4ASKB4ASRG4ASYB4AV3G4AVAB
956519,4APVB4AQ2G4AQ9B4ASDG4ASKB4ASRG4ASYB4AV3G4AVAB
955984,4APVB4AQ2G4AQ9B4ASDG4ASKB4ASRG4ASYB4AV3G4AVAB
926096,4APVB4AQ2G4AQ9B4ASDG4ASKB4ASRG4ASYB4AV3G4AVAB
955985,4APVB4AQ2G4AQ9B4ASDG4ASKB4ASRG4ASYB4AV3G4AVAB
955986,4APVB4AQ2G4AQ9B4ASDG4ASKB4ASRG4ASYB4AV3G4AVAB
794844,4APTG4AQ0B4AQ7G4ASBB4ASIG4ASPB4ASWG4AV1B4AV8G
996219,4APTG4AQ0B4AQ7G4ASBB4ASIG4ASPB4ASWG4AV1B4AV8G
794843,4APTG4AQ0B4AQ7G4ASBB4ASIG4ASPB4ASWG4AV1B4AV8G
794841,4APTG4AQ0B4AQ7G4ASBB4ASIG4ASPB4ASWG4AV1B4AV8G
794840,4APTG4AQ0B4AQ7G4ASBB4ASIG4ASPB4ASWG4AV1B4AV8G
795230,4APTG4AQ0B4AQ7G4ASBB4ASIG4ASPB4ASWG4AV1B4AV8G
794864,4APTG4AQ0B4AQ7G4ASBB4ASIG4ASPB4ASWG4AV1B4AV8G
795227,4APTG4AQ0B4AQ7G4ASBB4ASIG4ASPB4ASWG4AV1B4AV8G
1115551,4APTG4AQ0B4AQ7G4ASBB4ASIG4ASPB4ASWG4AV1B4AV8G
1115552,4APTG4AQ0B4AQ7G4ASBB4ASIG4ASPB4ASWG4AV1B4AV8G
1030148,4APSG4APZB4AQ6G4ASAB4ASHG4ASOB4ASVG4AT2B4AV7G
1023895,4APSG4APZB4AQ6G4ASAB4ASHG4ASOB4ASVG4AT2B4AV7G
902576,4APSG4APZB4AQ6G4ASAB4ASHG4ASOB4ASVG4AT2B4AV7G
1126192,4APSG4APZB4AQ6G4ASAB4ASHG4ASOB4ASVG4AT2B4AV7G
978350,4APSG4APZB4AQ6G4ASAB4ASHG4ASOB4ASVG4AT2B4AV7G
979923,4APSG4APZB4AQ6G4ASAB4ASHG4ASOB4ASVG4AT2B4AV7G
979919,4APSG4APZB4AQ6G4ASAB4ASHG4ASOB4ASVG4AT2B4AV7G
1045715,4APSG4APZB4AQ6G4ASAB4ASHG4ASOB4ASVG4AT2B4AV7G
978392,4APSG4APZB4AQ6G4ASAB4ASHG4ASOB4ASVG4AT2B4AV7G
978408,4APVB4AQ2G4AQ9B4ASDG4ASKB4ASRG4ASYB4AV3G4AVAB
860595,4APSG4APZB4AQ6G4ASAB4ASHG4ASOB4ASVG4AT2B4AV7G
1033136,4APVB4AQ2G4AQ9B4ASDG4ASKB4ASRG4ASYB4AV3G4AVAB
860592,4APSG4APZB4AQ6G4ASAB4ASHG4ASOB4ASVG4AT2B4AV7G
978377,4APVB4AQ2G4AQ9B4ASDG4ASKB4ASRG4ASYB4AV3G4AVAB
978381,4APSG4APZB4AQ6G4ASAB4ASHG4ASOB4ASVG4AT2B4AV7G
978370,4APVB4AQ2G4AQ9B4ASDG4ASKB4ASRG4ASYB4AV3G4AVAB
978374,4APSG4APZB4AQ6G4ASAB4ASHG4ASOB4ASVG4AT2B4AV7G
978389,4APVB4AQ2G4AQ9B4ASDG4ASKB4ASRG4ASYB4AV3G4AVAB
978395,4APSG4APZB4AQ6G4ASAB4ASHG4ASOB4ASVG4AT2B4AV7G
978384,4APVB4AQ2G4AQ9B4ASDG4ASKB4ASRG4ASYB4AV3G4AVAB
978403,4APSG4APZB4AQ6G4ASAB4ASHG4ASOB4ASVG4AT2B4AV7G
650859,4APVB4AQ2G4AQ9B4ASDG4ASKB4ASRG4ASYB4AV3G4AVAB
900097,4APSG4APZB4AQ6G4ASAB4ASHG4ASOB4ASVG4AT2B4AV7G
650854,4APVB4AQ2G4AQ9B4ASDG4ASKB4ASRG4ASYB4AV3G4AVAB
650858,4APSG4APZB4AQ6G4ASAB4ASHG4ASOB4ASVG4AT2B4AV7G
900099,4APVB4AQ2G4AQ9B4ASDG4ASKB4ASRG4ASYB4AV3G4AVAB
647002,4APSG4APZB4AQ6G4ASAB4ASHG4ASOB4ASVG4AT2B4AV7G
660487,4APVB4AQ2G4AQ9B4ASDG4ASKB4ASRG4ASYB4AV3G4AVAB
978416,4APSG4APZB4AQ6G4ASAB4ASHG4ASOB4ASVG4AT2B4AV7G
978419,4APVB4AQ2G4AQ9B4ASDG4ASKB4ASRG4ASYB4AV3G4AVAB
860599,4APSG4APZB4AQ6G4ASAB4ASHG4ASOB4ASVG4AT2B4AV7G
978413,4APVB4AQ2G4AQ9B4ASDG4ASKB4ASRG4ASYB4AV3G4AVAB
978418,4APSG4APZB4AQ6G4ASAB4ASHG4ASOB4ASVG4AT2B4AV7G
650847,4APVB4AQ2G4AQ9B4ASDG4ASKB4ASRG4ASYB4AV3G4AVAB
860601,4APSG4APZB4AQ6G4ASAB4ASHG4ASOB4ASVG4AT2B4AV7G
978425,4APVB4AQ2G4AQ9B4ASDG4ASKB4ASRG4ASYB4AV3G4AVAB
978367,4APSG4APZB4AQ6G4ASAB4ASHG4ASOB4ASVG4AT2B4AV7G
902568,4APVB4AQ2G4AQ9B4ASDG4ASKB4ASRG4ASYB4AV3G4AVAB
979930,4APSG4APZB4AQ6G4ASAB4ASHG4ASOB4ASVG4AT2B4AV7G
979927,4APVB4AQ2G4AQ9B4ASDG4ASKB4ASRG4ASYB4AV3G4AVAB
979940,4APSG4APZB4AQ6G4ASAB4ASHG4ASOB4ASVG4AT2B4AV7G
979941,4APVB4AQ2G4AQ9B4ASDG4ASKB4ASRG4ASYB4AV3G4AVAB
1000345,4APSG4APZB4AQ6G4ASAB4ASHG4ASOB4ASVG4AT2B4AV7G
979937,4APVB4AQ2G4AQ9B4ASDG4ASKB4ASRG4ASYB4AV3G4AVAB
979914,4APSG4APZB4AQ6G4ASAB4ASHG4ASOB4ASVG4AT2B4AV7G
979910,4APVB4AQ2G4AQ9B4ASDG4ASKB4ASRG4ASYB4AV3G4AVAB
979907,4APVB4AQ2G4AQ9B4ASDG4ASKB4ASRG4ASYB4AV3G4AVAB
979902,4APVB4AQ2G4AQ9B4ASDG4ASKB4ASRG4ASYB4AV3G4AVAB
979908,4APSG4APZB4AQ6G4ASAB4ASHG4ASOB4ASVG4AT2B4AV7G
979921,4APVB4AQ2G4AQ9B4ASDG4ASKB4ASRG4ASYB4AV3G4AVAB
902564,4APSG4APZB4AQ6G4ASAB4ASHG4ASOB4ASVG4AT2B4AV7G
979917,4APVB4AQ2G4AQ9B4ASDG4ASKB4ASRG4ASYB4AV3G4AVAB
660135,4APSG4APZB4AQ6G4ASAB4ASHG4ASOB4ASVG4AT2B4AV7G
978346,4APVB4AQ2G4AQ9B4ASDG4ASKB4ASRG4ASYB4AV3G4AVAB
978342,4APSG4APZB4AQ6G4ASAB4ASHG4ASOB4ASVG4AT2B4AV7G
978338,4APVB4AQ2G4AQ9B4ASDG4ASKB4ASRG4ASYB4AV3G4AVAB
978354,4APVB4AQ2G4AQ9B4ASDG4ASKB4ASRG4ASYB4AV3G4AVAB
978358,4APVB4AQ2G4AQ9B4ASDG4ASKB4ASRG4ASYB4AV3G4AVAB
992902,4APVB4AQ2G4AQ9B4ASDG4ASKB4ASRG4ASYB4AV3G4AVAB
979955,4APSG4APZB4AQ6G4ASAB4ASHG4ASOB4ASVG4AT2B4AV7G
979951,4APVB4AQ2G4AQ9B4ASDG4ASKB4ASRG4ASYB4AV3G4AVAB
1000346,4APSG4APZB4AQ6G4ASAB4ASHG4ASOB4ASVG4AT2B4AV7G
979947,4APVB4AQ2G4AQ9B4ASDG4ASKB4ASRG4ASYB4AV3G4AVAB
859314,4APSG4APZB4AQ6G4ASAB4ASHG4ASOB4ASVG4AT2B4AV7G
976999,4APVB4AQ2G4AQ9B4ASDG4ASKB4ASRG4ASYB4AV3G4AVAB
859313,4APSG4APZB4AQ6G4ASAB4ASHG4ASOB4ASVG4AT2B4AV7G
976993,4APVB4AQ2G4AQ9B4ASDG4ASKB4ASRG4ASYB4AV3G4AVAB
978423,4APSG4APZB4AQ6G4ASAB4ASHG4ASOB4ASVG4AT2B4AV7G
900414,4APVB4AQ2G4AQ9B4ASDG4ASKB4ASRG4ASYB4AV3G4AVAB
900413,4APSG4APZB4AQ6G4ASAB4ASHG4ASOB4ASVG4AT2B4AV7G
900412,4APVB4AQ2G4AQ9B4ASDG4ASKB4ASRG4ASYB4AV3G4AVAB
651265,4APSG4APZB4AQ6G4ASAB4ASHG4ASOB4ASVG4AT2B4AV7G
900418,4APVB4AQ2G4AQ9B4ASDG4ASKB4ASRG4ASYB4AV3G4AVAB
651273,4APSG4APZB4AQ6G4ASAB4ASHG4ASOB4ASVG4AT2B4AV7G
900416,4APSG4APZB4AQ6G4ASAB4ASHG4ASOB4ASVG4AT2B4AV7G
830240,4APSG4APZB4AQ6G4ASAB4ASHG4ASOB4ASVG4AT2B4AV7G
651244,4APSG4APZB4AQ6G4ASAB4ASHG4ASOB4ASVG4AT2B4AV7G
651240,4APSG4APZB4AQ6G4ASAB4ASHG4ASOB4ASVG4AT2B4AV7G
651237,4APSG4APZB4AQ6G4ASAB4ASHG4ASOB4ASVG4AT2B4AV7G
660488,4APSG4APZB4AQ6G4ASAB4ASHG4ASOB4ASVG4AT2B4AV7G
1030147,4APVB4AQ2G4AQ9B4ASDG4ASKB4ASRG4ASYB4AV3G4AVAB
651255,4APVB4AQ2G4AQ9B4ASDG4ASKB4ASRG4ASYB4AV3G4AVAB
651250,4APVB4AQ2G4AQ9B4ASDG4ASKB4ASRG4ASYB4AV3G4AVAB
660136,4APVB4AQ2G4AQ9B4ASDG4ASKB4ASRG4ASYB4AV3G4AVAB
980277,4APVB4AQ2G4AQ9B4ASDG4ASKB4ASRG4ASYB4AV3G4AVAB
980274,4APVB4AQ2G4AQ9B4ASDG4ASKB4ASRG4ASYB4AV3G4AVAB
740119,4APTB4AQ0G4AQ7B4ASBG4ASIB4ASPG4ASWB4AV1G4AV8B
876608,4APTB4AQ0G4AQ7B4ASBG4ASIB4ASPG4ASWB4AV1G4AV8B
876606,4APTB4AQ0G4AQ7B4ASBG4ASIB4ASPG4ASWB4AV1G4AV8B
876629,4APTB4AQ0G4AQ7B4ASBG4ASIB4ASPG4ASWB4AV1G4AV8B
876626,4APTB4AQ0G4AQ7B4ASBG4ASIB4ASPG4ASWB4AV1G4AV8B
876621,4APTB4AQ0G4AQ7B4ASBG4ASIB4ASPG4ASWB4AV1G4AV8B
876630,4APTB4AQ0G4AQ7B4ASBG4ASIB4ASPG4ASWB4AV1G4AV8B
740115,4APTB4AQ0G4AQ7B4ASBG4ASIB4ASPG4ASWB4AV1G4AV8B
832921,4APTB4AQ0G4AQ7B4ASBG4ASIB4ASPG4ASWB4AV1G4AV8B
876604,4APTB4AQ0G4AQ7B4ASBG4ASIB4ASPG4ASWB4AV1G4AV8B
876598,4APTB4AQ0G4AQ7B4ASBG4ASIB4ASPG4ASWB4AV1G4AV8B
876632,4APTB4AQ0G4AQ7B4ASBG4ASIB4ASPG4ASWB4AV1G4AV8B
832992,4APTB4AQ0G4AQ7B4ASBG4ASIB4ASPG4ASWB4AV1G4AV8B
776356,4APTB4AQ0G4AQ7B4ASBG4ASIB4ASPG4ASWB4AV1G4AV8B
740111,4APTB4AQ0G4AQ7B4ASBG4ASIB4ASPG4ASWB4AV1G4AV8B
833835,4APTB4AQ0G4AQ7B4ASBG4ASIB4ASPG4ASWB4AV1G4AV8B
740116,4APTB4AQ0G4AQ7B4ASBG4ASIB4ASPG4ASWB4AV1G4AV8B
832996,4APTB4AQ0G4AQ7B4ASBG4ASIB4ASPG4ASWB4AV1G4AV8B
876644,4APTB4AQ0G4AQ7B4ASBG4ASIB4ASPG4ASWB4AV1G4AV8B
776354,4APTB4AQ0G4AQ7B4ASBG4ASIB4ASPG4ASWB4AV1G4AV8B
876638,4APTB4AQ0G4AQ7B4ASBG4ASIB4ASPG4ASWB4AV1G4AV8B
832985,4APTB4AQ0G4AQ7B4ASBG4ASIB4ASPG4ASWB4AV1G4AV8B
876634,4APTB4AQ0G4AQ7B4ASBG4ASIB4ASPG4ASWB4AV1G4AV8B
832977,4APTB4AQ0G4AQ7B4ASBG4ASIB4ASPG4ASWB4AV1G4AV8B
876639,4APTB4AQ0G4AQ7B4ASBG4ASIB4ASPG4ASWB4AV1G4AV8B
833776,4APTB4AQ0G4AQ7B4ASBG4ASIB4ASPG4ASWB4AV1G4AV8B
833778,4APTB4APWB4AQ0G4AQ3B4AQ7B4AQ7G4AQAB4AQAG4ASBG
833782,4APTB4AQ0G4AQ7B4ASBG4ASIB4ASPG4ASWB4AV1G4AV8B
833766,4APTB4APWB4AQ0G4AQ3B4AQ7B4AQ7G4AQAB4AQAG4ASBG
833781,4APTB4AQ0G4AQ7B4ASBG4ASIB4ASPG4ASWB4AV1G4AV8B
837958,4APTB4APWB4AQ0G4AQ3B4AQ7B4AQ7G4AQAB4AQAG4ASBG
834724,4APTB4AQ0G4AQ7B4ASBG4ASIB4ASPG4ASWB4AV1G4AV8B
740113,4APTB4APWB4AQ0G4AQ3B4AQ7B4AQ7G4AQAB4AQAG4ASBG
834720,4APTB4AQ0G4AQ7B4ASBG4ASIB4ASPG4ASWB4AV1G4AV8B
833764,4APTB4AQ0G4AQ7B4ASBG4ASIB4ASPG4ASWB4AV1G4AV8B
834723,4APTB4AQ0G4AQ7B4ASBG4ASIB4ASPG4ASWB4AV1G4AV8B
832615,4APTB4AQ0G4AQ7B4ASBG4ASIB4ASPG4ASWB4AV1G4AV8B
833761,4APTB4AQ0G4AQ7B4ASBG4ASIB4ASPG4ASWB4AV1G4AV8B
832618,4APTB4AQ0G4AQ7B4ASBG4ASIB4ASPG4ASWB4AV1G4AV8B
832623,4APTB4AQ0G4AQ7B4ASBG4ASIB4ASPG4ASWB4AV1G4AV8B
832611,4APTB4AQ0G4AQ7B4ASBG4ASIB4ASPG4ASWB4AV1G4AV8B
829399,4APTB4AQ0G4AQ7B4ASBG4ASIB4ASPG4ASWB4AV1G4AV8B
1005339,4APTB4AQ0G4AQ7B4ASBG4ASIB4ASPG4ASWB4AV1G4AV8B
775052,4APTB4AQ0G4AQ7B4ASBG4ASIB4ASPG4ASWB4AV1G4AV8B
837960,4APTB4AQ0G4AQ7B4ASBG4ASIB4ASPG4ASWB4AV1G4AV8B
837975,4APTB4AQ0G4AQ7B4ASBG4ASIB4ASPG4ASWB4AV1G4AV8B
837973,4APTB4AQ0G4AQ7B4ASBG4ASIB4ASPG4ASWB4AV1G4AV8B
837972,4APTB4AQ0G4AQ7B4ASBG4ASIB4ASPG4ASWB4AV1G4AV8B
836268,4APTB4AQ0G4AQ7B4ASBG4ASIB4ASPG4ASWB4AV1G4AV8B
781291,4APTB4AQ0G4AQ7B4ASBG4ASIB4ASPG4ASWB4AV1G4AV8B
874143,4APTB4AQ0G4AQ7B4ASBG4ASIB4ASPG4ASWB4AV1G4AV8B
877223,4APTB4AQ0G4AQ7B4ASBG4ASIB4ASPG4ASWB4AV1G4AV8B
834919,4APTB4AQ0G4AQ7B4ASBG4ASIB4ASPG4ASWB4AV1G4AV8B
776877,4APTB4AQ0G4AQ7B4ASBG4ASIB4ASPG4ASWB4AV1G4AV8B
834920,4APTB4APWB4AQ0G4AQ3B4AQ7B4AQ7G4AQAB4AQAG4ASBG
874183,4APTB4AQ0G4AQ7B4ASBG4ASIB4ASPG4ASWB4AV1G4AV8B
834911,4APTB4AQ0G4AQ7B4ASBG4ASIB4ASPG4ASWB4AV1G4AV8B
740147,4APTB4AQ0G4AQ7B4ASBG4ASIB4ASPG4ASWB4AV1G4AV8B
836174,4APTB4APWB4AQ0G4AQ3B4AQ7B4AQ7G4AQAB4AQAG4ASBG
873743,4APTB4APWB4AQ0G4AQ3B4AQ7B4AQ7G4AQAB4AQAG4ASBG
836185,4APTB4APWB4AQ0G4AQ3B4AQ7B4AQ7G4AQAB4AQAG4ASBG
1022428,4APTB4AQ0G4AQ7B4ASBG4ASIB4ASPG4ASWB4AV1G4AV8B
740138,4APTB4AQ0G4AQ7B4ASBG4ASIB4ASPG4ASWB4AV1G4AV8B
836172,4APTB4AQ0G4AQ7B4ASBG4ASIB4ASPG4ASWB4AV1G4AV8B
836170,4APTB4AQ0G4AQ7B4ASBG4ASIB4ASPG4ASWB4AV1G4AV8B
836180,4APTB4AQ7B4ASIB4ASWB4AV8B4AVMB4AXXB
836504,4APTB4AQ0G4AQ7B4ASBG4ASIB4ASPG4ASWB4AV1G4AV8B
876853,4APTB4AQ0G4AQ7B4ASBG4ASIB4ASPG4ASWB4AV1G4AV8B
876840,4APTB4AQ0G4AQ7B4ASBG4ASIB4ASPG4ASWB4AV1G4AV8B
734032,4APTB4AQ0G4AQ7B4ASBG4ASIB4ASPG4ASWB4AV1G4AV8B
834909,4APTB4AQ0G4AQ7B4ASBG4ASIB4ASPG4ASWB4AV1G4AV8B
734036,4APTB4AQ0G4AQ7B4ASBG4ASIB4ASPG4ASWB4AV1G4AV8B
834885,4APTB4AQ0G4AQ7B4ASBG4ASIB4ASPG4ASWB4AV1G4AV8B
834890,4APTB4AQ0G4AQ7B4ASBG4ASIB4ASPG4ASWB4AV1G4AV8B
745490,4APTB4AQ0G4AQ7B4ASBG4ASIB4ASPG4ASWB4AV1G4AV8B
745491,4APTB4AQ0G4AQ7B4ASBG4ASIB4ASPG4ASWB4AV1G4AV8B
1022427,4APTB4AQ0G4AQ7B4ASBG4ASIB4ASPG4ASWB4AV1G4AV8B
836156,4APTB4AQ0G4AQ7B4ASBG4ASIB4ASPG4ASWB4AV1G4AV8B
745501,4APTB4AQ0G4AQ7B4ASBG4ASIB4ASPG4ASWB4AV1G4AV8B
874168,4APTB4AQ0G4AQ7B4ASBG4ASIB4ASPG4ASWB4AV1G4AV8B
874144,4APTB4AQ0G4AQ7B4ASBG4ASIB4ASPG4ASWB4AV1G4AV8B
836137,4APTB4AQ0G4AQ7B4ASBG4ASIB4ASPG4ASWB4AV1G4AV8B
740140,4APTB4AQ0G4AQ7B4ASBG4ASIB4ASPG4ASWB4AV1G4AV8B
874156,4APTB4AQ0G4AQ7B4ASBG4ASIB4ASPG4ASWB4AV1G4AV8B
874153,4APTB4AQ0G4AQ7B4ASBG4ASIB4ASPG4ASWB4AV1G4AV8B
874160,4APTB4AQ0G4AQ7B4ASBG4ASIB4ASPG4ASWB4AV1G4AV8B
776880,4APTB4AQ0G4AQ7B4ASBG4ASIB4ASPG4ASWB4AV1G4AV8B
874165,4APTB4AQ0G4AQ7B4ASBG4ASIB4ASPG4ASWB4AV1G4AV8B
874190,4APTB4AQ0G4AQ7B4ASBG4ASIB4ASPG4ASWB4AV1G4AV8B
740141,4APTB4AQ0G4AQ7B4ASBG4ASIB4ASPG4ASWB4AV1G4AV8B
874175,4APTB4AQ0G4AQ7B4ASBG4ASIB4ASPG4ASWB4AV1G4AV8B
740148,4APTB4AQ0G4AQ7B4ASBG4ASIB4ASPG4ASWB4AV1G4AV8B
877207,4APTB4AQ0G4AQ7B4ASBG4ASIB4ASPG4ASWB4AV1G4AV8B
877220,4APTB4AQ0G4AQ7B4ASBG4ASIB4ASPG4ASWB4AV1G4AV8B
877243,4APTB4AQ0G4AQ7B4ASBG4ASIB4ASPG4ASWB4AV1G4AV8B
877222,4APTB4AQ0G4AQ7B4ASBG4ASIB4ASPG4ASWB4AV1G4AV8B
778201,4APTB4AQ0G4AQ7B4ASBG4ASIB4ASPG4ASWB4AV1G4AV8B
876876,4APTB4AQ0G4AQ7B4ASBG4ASIB4ASPG4ASWB4AV1G4AV8B
740149,4APTB4AQ0G4AQ7B4ASBG4ASIB4ASPG4ASWB4AV1G4AV8B
877212,4APTB4AQ0G4AQ7B4ASBG4ASIB4ASPG4ASWB4AV1G4AV8B
877247,4APTB4AQ0G4AQ7B4ASBG4ASIB4ASPG4ASWB4AV1G4AV8B
877239,4APTB4APWB4AQ0G4AQ3B4AQ7B4AQ7G4AQAB4AQAG4ASBG
1005104,4APTB4AQ0G4AQ7B4ASBG4ASIB4ASPG4ASWB4AV1G4AV8B
879245,4APTB4APWB4AQ0G4AQ3B4AQ7B4AQ7G4AQAB4AQAG4ASBG
776487,4APTB4AQ0G4AQ7B4ASBG4ASIB4ASPG4ASWB4AV1G4AV8B
879248,4APTB4APWB4AQ0G4AQ3B4AQ7B4AQ7G4AQAB4AQAG4ASBG
834892,4APTB4AQ0G4AQ7B4ASBG4ASIB4ASPG4ASWB4AV1G4AV8B
879252,4APTB4AQ0G4AQ7B4ASBG4ASIB4ASPG4ASWB4AV1G4AV8B
873737,4APTB4AQ0G4AQ7B4ASBG4ASIB4ASPG4ASWB4AV1G4AV8B
781286,4APTB4AQ0G4AQ7B4ASBG4ASIB4ASPG4ASWB4AV1G4AV8B
879236,4APTB4AQ0G4AQ7B4ASBG4ASIB4ASPG4ASWB4AV1G4AV8B
879278,4APTB4AQ0G4AQ7B4ASBG4ASIB4ASPG4ASWB4AV1G4AV8B
879282,4APTB4AQ0G4AQ7B4ASBG4ASIB4ASPG4ASWB4AV1G4AV8B
1011354,4APTB4AQ0G4AQ7B4ASBG4ASIB4ASPG4ASWB4AV1G4AV8B
776496,4APTB4AQ0G4AQ7B4ASBG4ASIB4ASPG4ASWB4AV1G4AV8B
879291,4APTB4AQ0G4AQ7B4ASBG4ASIB4ASPG4ASWB4AV1G4AV8B
879268,4APTB4AQ0G4AQ7B4ASBG4ASIB4ASPG4ASWB4AV1G4AV8B
879260,4APTB4AQ0G4AQ7B4ASBG4ASIB4ASPG4ASWB4AV1G4AV8B
740134,4APTB4AQ0G4AQ7B4ASBG4ASIB4ASPG4ASWB4AV1G4AV8B
1011353,4APTB4AQ0G4AQ7B4ASBG4ASIB4ASPG4ASWB4AV1G4AV8B
781262,4APTB4AQ0G4AQ7B4ASBG4ASIB4ASPG4ASWB4AV1G4AV8B
873729,4APTB4AQ0G4AQ7B4ASBG4ASIB4ASPG4ASWB4AV1G4AV8B
740137,4APTB4AQ0G4AQ7B4ASBG4ASIB4ASPG4ASWB4AV1G4AV8B
781282,4APTB4AQ0G4AQ7B4ASBG4ASIB4ASPG4ASWB4AV1G4AV8B
862988,4APTB4AQ0G4AQ7B4ASBG4ASIB4ASPG4ASWB4AV1G4AV8B
863322,4APTB4AQ0G4AQ7B4ASBG4ASIB4ASPG4ASWB4AV1G4AV8B
762741,4APTB4AQ0G4AQ7B4ASBG4ASIB4ASPG4ASWB4AV1G4AV8B
863321,4APTB4AQ0G4AQ7B4ASBG4ASIB4ASPG4ASWB4AV1G4AV8B
762739,4APTB4AQ0G4AQ7B4ASBG4ASIB4ASPG4ASWB4AV1G4AV8B
762375,4APTB4AQ0G4AQ7B4ASBG4ASIB4ASPG4ASWB4AV1G4AV8B
1049872,4APTB4AQ0G4AQ7B4ASBG4ASIB4ASPG4ASWB4AV1G4AV8B
764395,4APTB4AQ0G4AQ7B4ASBG4ASIB4ASPG4ASWB4AV1G4AV8B
764393,4APTB4AQ0G4AQ7B4ASBG4ASIB4ASPG4ASWB4AV1G4AV8B
831265,4APTB4AQ0G4AQ7B4ASBG4ASIB4ASPG4ASWB4AV1G4AV8B
764401,4APTB4AQ0G4AQ7B4ASBG4ASIB4ASPG4ASWB4AV1G4AV8B
764389,4APTB4AQ0G4AQ7B4ASBG4ASIB4ASPG4ASWB4AV1G4AV8B
859136,4APTB4AQ0G4AQ7B4ASBG4ASIB4ASPG4ASWB4AV1G4AV8B
764406,4APTB4AQ0G4AQ7B4ASBG4ASIB4ASPG4ASWB4AV1G4AV8B
764405,4APTB4AQ0G4AQ7B4ASBG4ASIB4ASPG4ASWB4AV1G4AV8B
859135,4APTB4AQ0G4AQ7B4ASBG4ASIB4ASPG4ASWB4AV1G4AV8B
764404,4APTB4AQ0G4AQ7B4ASBG4ASIB4ASPG4ASWB4AV1G4AV8B
859132,4APTB4AQ0G4AQ7B4ASBG4ASIB4ASPG4ASWB4AV1G4AV8B
859134,4APTB4AQ0G4AQ7B4ASBG4ASIB4ASPG4ASWB4AV1G4AV8B
764400,4APTB4AQ0G4AQ7B4ASBG4ASIB4ASPG4ASWB4AV1G4AV8B
764399,4APTB4AQ0G4AQ7B4ASBG4ASIB4ASPG4ASWB4AV1G4AV8B
859133,4APTB4AQ0G4AQ7B4ASBG4ASIB4ASPG4ASWB4AV1G4AV8B
700277,4APTB4AQ0G4AQ7B4ASBG4ASIB4ASPG4ASWB4AV1G4AV8B
764398,4APTB4AQ0G4AQ7B4ASBG4ASIB4ASPG4ASWB4AV1G4AV8B
764383,4APTB4APWB4AQ0G4AQ3B4AQ7B4AQ7G4AQAB4AQAG4ASBG
764039,4APTB4AQ0G4AQ7B4ASBG4ASIB4ASPG4ASWB4AV1G4AV8B
764385,4APTB4AQ0G4AQ7B4ASBG4ASIB4ASPG4ASWB4AV1G4AV8B
700276,4APTB4APWB4AQ0G4AQ3B4AQ7B4AQ7G4AQAB4AQAG4ASBG
764042,4APTB4APWB4AQ0G4AQ3B4AQ7B4AQ7G4AQAB4AQAG4ASBG
764037,4APTB4AQ0G4AQ7B4ASBG4ASIB4ASPG4ASWB4AV1G4AV8B
764040,4APTB4APWB4AQ0G4AQ3B4AQ7B4AQ7G4AQAB4AQAG4ASBG
760420,4APTB4APWB4AQ0G4AQ3B4AQ7B4AQ7G4AQAB4AQAG4ASBG
876770,4APTB4AQ0G4AQ7B4ASBG4ASIB4ASPG4ASWB4AV1G4AV8B
788918,4APTB4AQ0G4AQ7B4ASBG4ASIB4ASPG4ASWB4AV1G4AV8B
832512,4APTB4AQ0G4AQ7B4ASBG4ASIB4ASPG4ASWB4AV1G4AV8B
832515,4APTB4AQ0G4AQ7B4ASBG4ASIB4ASPG4ASWB4AV1G4AV8B
832527,4APTB4AQ0G4AQ7B4ASBG4ASIB4ASPG4ASWB4AV1G4AV8B
832531,4APTB4AQ0G4AQ7B4ASBG4ASIB4ASPG4ASWB4AV1G4AV8B
832523,4APTB4AQ0G4AQ7B4ASBG4ASIB4ASPG4ASWB4AV1G4AV8B
876780,4APTB4AQ0G4AQ7B4ASBG4ASIB4ASPG4ASWB4AV1G4AV8B
876776,4APTB4AQ0G4AQ7B4ASBG4ASIB4ASPG4ASWB4AV1G4AV8B
876772,4APTB4AQ0G4AQ7B4ASBG4ASIB4ASPG4ASWB4AV1G4AV8B
740144,4APTB4AQ0G4AQ7B4ASBG4ASIB4ASPG4ASWB4AV1G4AV8B
876789,4APTB4AQ0G4AQ7B4ASBG4ASIB4ASPG4ASWB4AV1G4AV8B
832621,4APTB4AQ0G4AQ7B4ASBG4ASIB4ASPG4ASWB4AV1G4AV8B
1005098,4APTB4AQ0G4AQ7B4ASBG4ASIB4ASPG4ASWB4AV1G4AV8B
797139,4APRB4APYG4AQ5B4AS9G4ASGB4ASNG4ASUB4AT1G4AV6B
737798,4APRB4APYG4AQ5B4AS9G4ASGB4ASNG4ASUB4AT1G4AV6B
797157,4APRB4APYG4AQ5B4AS9G4ASGB4ASNG4ASUB4AT1G4AV6B
790450,4APRB4APYG4AQ5B4AS9G4ASGB4ASNG4ASUB4AT1G4AV6B
797147,4APRB4APYG4AQ5B4AS9G4ASGB4ASNG4ASUB4AT1G4AV6B
797152,4APRB4APYG4AQ5B4AS9G4ASGB4ASNG4ASUB4AT1G4AV6B
797150,4APRB4APYG4AQ5B4AS9G4ASGB4ASNG4ASUB4AT1G4AV6B
797149,4APRB4APYG4AQ5B4AS9G4ASGB4ASNG4ASUB4AT1G4AV6B
797148,4APRB4APYG4AQ5B4AS9G4ASGB4ASNG4ASUB4AT1G4AV6B
797108,4APRB4APYG4AQ5B4AS9G4ASGB4ASNG4ASUB4AT1G4AV6B
797121,4APRB4APYG4AQ5B4AS9G4ASGB4ASNG4ASUB4AT1G4AV6B
797119,4APRB4APYG4AQ5B4AS9G4ASGB4ASNG4ASUB4AT1G4AV6B
797117,4APRB4APYG4AQ5B4AS9G4ASGB4ASNG4ASUB4AT1G4AV6B
797107,4APRB4APYG4AQ5B4AS9G4ASGB4ASNG4ASUB4AT1G4AV6B
797112,4APRB4APYG4AQ5B4AS9G4ASGB4ASNG4ASUB4AT1G4AV6B
797111,4APRB4APYG4AQ5B4AS9G4ASGB4ASNG4ASUB4AT1G4AV6B
797109,4APRB4APYG4AQ5B4AS9G4ASGB4ASNG4ASUB4AT1G4AV6B
660792,4APRB4APYG4AQ5B4AS9G4ASGB4ASNG4ASUB4AT1G4AV6B
764035,4APSG4APVB4AQ2B4AQ6G4AQ9B4ASDB4ASHG4ASKB4ASRB
764033,4APSG4APVB4AQ2B4AQ6G4AQ9B4ASDB4ASHG4ASKB4ASRB
764032,4APSG4APVB4AQ2B4AQ6G4AQ9B4ASDB4ASHG4ASKB4ASRB
764030,4APSG4APVB4AQ2B4AQ6G4AQ9B4ASDB4ASHG4ASKB4ASRB
811245,4APVB4AQ2B4AQ9B4ASDB4ASKB4ASRB4ASYB4AV3B4AVAB
764377,4APSG4APVB4AQ2B4AQ6G4AQ9B4ASDB4ASHG4ASKB4ASRB
764382,4APSG4APVB4AQ2B4AQ6G4AQ9B4ASDB4ASHG4ASKB4ASRB
764380,4APSG4APVB4AQ2B4AQ6G4AQ9B4ASDB4ASHG4ASKB4ASRB
740256,4APVB4AQ2B4AQ9B4ASDB4ASKB4ASRB4ASYB4AV3B4AVAB
764379,4APSG4APVB4AQ2B4AQ6G4AQ9B4ASDB4ASHG4ASKB4ASRB
764044,4APSG4APVB4AQ2B4AQ6G4AQ9B4ASDB4ASHG4ASKB4ASRB
764384,4APVB4AQ2B4AQ9B4ASDB4ASKB4ASRB4ASYB4AV3B4AVAB
1016081,4APSG4APVB4AQ2B4AQ6G4AQ9B4ASDB4ASHG4ASKB4ASRB
764375,4APSG4APVB4AQ2B4AQ6G4AQ9B4ASDB4ASHG4ASKB4ASRB
764422,4APSG4APVB4AQ2B4AQ6G4AQ9B4ASDB4ASHG4ASKB4ASRB
765722,4APVB4AQ2B4AQ9B4ASDB4ASKB4ASRB4ASYB4AV3B4AVAB
831287,4APSG4APVB4AQ2B4AQ6G4AQ9B4ASDB4ASHG4ASKB4ASRB
740257,4APSG4APVB4AQ2B4AQ6G4AQ9B4ASDB4ASHG4ASKB4ASRB
859471,4APVB4AQ2B4AQ9B4ASDB4ASKB4ASRB4ASYB4AV3B4AVAB
764445,4APSG4APVB4AQ2B4AQ6G4AQ9B4ASDB4ASHG4ASKB4ASRB
831269,4APSG4APVB4AQ2B4AQ6G4AQ9B4ASDB4ASHG4ASKB4ASRB
859469,4APSG4APVB4AQ2B4AQ6G4AQ9B4ASDB4ASHG4ASKB4ASRB
789128,4APSG4APVB4AQ2B4AQ6G4AQ9B4ASDB4ASHG4ASKB4ASRB
764442,4APSG4APVB4AQ2B4AQ6G4AQ9B4ASDB4ASHG4ASKB4ASRB
764440,4APSG4APVB4AQ2B4AQ6G4AQ9B4ASDB4ASHG4ASKB4ASRB
859470,4APSG4APVB4AQ2B4AQ6G4AQ9B4ASDB4ASHG4ASKB4ASRB
764438,4APSG4APVB4AQ2B4AQ6G4AQ9B4ASDB4ASHG4ASKB4ASRB
764437,4APSG4APVB4AQ2B4AQ6G4AQ9B4ASDB4ASHG4ASKB4ASRB
680950,4APVG4AQ2B4AQ9G4ASDB4ASKG4ASRB4ASYG4AV3B4AVAG
680951,4APVG4AQ2B4AQ9G4ASDB4ASKG4ASRB4ASYG4AV3B4AVAG
1001354,4APVG4AQ2B4AQ9G4ASDB4ASKG4ASRB4ASYG4AV3B4AVAG
819257,4APVG4AQ2B4AQ9G4ASDB4ASKG4ASRB4ASYG4AV3B4AVAG
684871,4APVG4AQ2B4AQ9G4ASDB4ASKG4ASRB4ASYG4AV3B4AVAG
684873,4APVG4AQ2B4AQ9G4ASDB4ASKG4ASRB4ASYG4AV3B4AVAG
684874,4APVG4AQ2B4AQ9G4ASDB4ASKG4ASRB4ASYG4AV3B4AVAG
684875,4APVG4AQ2B4AQ9G4ASDB4ASKG4ASRB4ASYG4AV3B4AVAG
684876,4APVG4AQ2B4AQ9G4ASDB4ASKG4ASRB4ASYG4AV3B4AVAG
684878,4APVG4AQ2B4AQ9G4ASDB4ASKG4ASRB4ASYG4AV3B4AVAG
684889,4APVG4AQ2B4AQ9G4ASDB4ASKG4ASRB4ASYG4AV3B4AVAG
684870,4APVG4AQ2B4AQ9G4ASDB4ASKG4ASRB4ASYG4AV3B4AVAG
830932,4APVG4AQ2B4AQ9G4ASDB4ASKG4ASRB4ASYG4AV3B4AVAG
704875,4APVG4AQ2B4AQ9G4ASDB4ASKG4ASRB4ASYG4AV3B4AVAG
684884,4APVG4AQ2B4AQ9G4ASDB4ASKG4ASRB4ASYG4AV3B4AVAG
684886,4APVG4AQ2B4AQ9G4ASDB4ASKG4ASRB4ASYG4AV3B4AVAG
1055648,4APVG4AQ2B4AQ9G4ASDB4ASKG4ASRB4ASYG4AV3B4AVAG
764443,4APWB4AQ3G4AQAB4ASEG4ASLB4ASSG4ASZB4AV4G4AVBB
764444,4APWB4AQ3G4AQAB4ASEG4ASLB4ASSG4ASZB4AV4G4AVBB
998003,4APWB4AQ3G4AQAB4ASEG4ASLB4ASSG4ASZB4AV4G4AVBB
762358,4APWB4AQ3G4AQAB4ASEG4ASLB4ASSG4ASZB4AV4G4AVBB
765725,4APWB4AQ3G4AQAB4ASEG4ASLB4ASSG4ASZB4AV4G4AVBB
765724,4APWB4AQ3G4AQAB4ASEG4ASLB4ASSG4ASZB4AV4G4AVBB
765723,4APWB4AQ3G4AQAB4ASEG4ASLB4ASSG4ASZB4AV4G4AVBB
765712,4APWB4AQ3G4AQAB4ASEG4ASLB4ASSG4ASZB4AV4G4AVBB
762360,4APWB4AQ3G4AQAB4ASEG4ASLB4ASSG4ASZB4AV4G4AVBB
765719,4APWB4AQ3G4AQAB4ASEG4ASLB4ASSG4ASZB4AV4G4AVBB
765716,4APWB4AQ3G4AQAB4ASEG4ASLB4ASSG4ASZB4AV4G4AVBB
1016097,4APWB4AQ3G4AQAB4ASEG4ASLB4ASSG4ASZB4AV4G4AVBB
765714,4APWB4AQ3G4AQAB4ASEG4ASLB4ASSG4ASZB4AV4G4AVBB
859143,4APWB4AQ3G4AQAB4ASEG4ASLB4ASSG4ASZB4AV4G4AVBB
859140,4APWB4AQ3G4AQAB4ASEG4ASLB4ASSG4ASZB4AV4G4AVBB
764421,4APWB4AQ3G4AQAB4ASEG4ASLB4ASSG4ASZB4AV4G4AVBB
764419,4APWB4AQ3G4AQAB4ASEG4ASLB4ASSG4ASZB4AV4G4AVBB
831267,4APWB4AQ3G4AQAB4ASEG4ASLB4ASSG4ASZB4AV4G4AVBB
764410,4APWB4AQ3G4AQAB4ASEG4ASLB4ASSG4ASZB4AV4G4AVBB
821175,4APVG4AQ2B4AQ9G4ASDB4ASKG4ASRB4ASYG4AV3B4AVAG
784603,4APSB4APZG4AQ6B4ASAG4ASHB4ASOG4ASVB4AT2G4AV7B
744555,4APSB4APZG4AQ6B4ASAG4ASHB4ASOG4ASVB4AT2G4AV7B
728506,4APSB4APZG4AQ6B4ASAG4ASHB4ASOG4ASVB4AT2G4AV7B
728504,4APSB4APZG4AQ6B4ASAG4ASHB4ASOG4ASVB4AT2G4AV7B
728502,4APSB4APZG4AQ6B4ASAG4ASHB4ASOG4ASVB4AT2G4AV7B
744556,4APSB4APZG4AQ6B4ASAG4ASHB4ASOG4ASVB4AT2G4AV7B
728507,4APSB4APZG4AQ6B4ASAG4ASHB4ASOG4ASVB4AT2G4AV7B
728497,4APSB4APZG4AQ6B4ASAG4ASHB4ASOG4ASVB4AT2G4AV7B
728494,4APSB4APZG4AQ6B4ASAG4ASHB4ASOG4ASVB4AT2G4AV7B
728493,4APSB4APZG4AQ6B4ASAG4ASHB4ASOG4ASVB4AT2G4AV7B
732115,4APSB4APZG4AQ6B4ASAG4ASHB4ASOG4ASVB4AT2G4AV7B
728400,4APSB4APZG4AQ6B4ASAG4ASHB4ASOG4ASVB4AT2G4AV7B
734520,4APSB4APZG4AQ6B4ASAG4ASHB4ASOG4ASVB4AT2G4AV7B
709319,4APSB4APZG4AQ6B4ASAG4ASHB4ASOG4ASVB4AT2G4AV7B
747736,4APSB4APZG4AQ6B4ASAG4ASHB4ASOG4ASVB4AT2G4AV7B
736148,4APSB4APZG4AQ6B4ASAG4ASHB4ASOG4ASVB4AT2G4AV7B
712350,4APSB4APZG4AQ6B4ASAG4ASHB4ASOG4ASVB4AT2G4AV7B
712352,4APSB4APZG4AQ6B4ASAG4ASHB4ASOG4ASVB4AT2G4AV7B
1002027,4APSB4APZG4AQ6B4ASAG4ASHB4ASOG4ASVB4AT2G4AV7B
712354,4APSB4APZG4AQ6B4ASAG4ASHB4ASOG4ASVB4AT2G4AV7B
880245,4APVB4AQ2G4AQ9B4ASDG4ASKB4ASRG4ASYB4AV3G4AVAB
881929,4APVB4AQ2G4AQ9B4ASDG4ASKB4ASRG4ASYB4AV3G4AVAB
879891,4APVB4AQ2G4AQ9B4ASDG4ASKB4ASRG4ASYB4AV3G4AVAB
879900,4APVB4AQ2G4AQ9B4ASDG4ASKB4ASRG4ASYB4AV3G4AVAB
879897,4APVB4AQ2G4AQ9B4ASDG4ASKB4ASRG4ASYB4AV3G4AVAB
1037428,4APVB4AQ2G4AQ9B4ASDG4ASKB4ASRG4ASYB4AV3G4AVAB
881965,4APVB4AQ2G4AQ9B4ASDG4ASKB4ASRG4ASYB4AV3G4AVAB
879879,4APVB4AQ2G4AQ9B4ASDG4ASKB4ASRG4ASYB4AV3G4AVAB
879913,4APVB4AQ2G4AQ9B4ASDG4ASKB4ASRG4ASYB4AV3G4AVAB
879917,4APVB4AQ2G4AQ9B4ASDG4ASKB4ASRG4ASYB4AV3G4AVAB
879926,4APVB4AQ2G4AQ9B4ASDG4ASKB4ASRG4ASYB4AV3G4AVAB
879920,4APVB4AQ2G4AQ9B4ASDG4ASKB4ASRG4ASYB4AV3G4AVAB
879923,4APVB4AQ2G4AQ9B4ASDG4ASKB4ASRG4ASYB4AV3G4AVAB
879901,4APVB4AQ9B4ASKB4ASYB4AVAB4AVOB4AXZB
879904,4APVB4AQ2G4AQ9B4ASDG4ASKB4ASRG4ASYB4AV3G4AVAB
879906,4APVB4AQ2G4AQ9B4ASDG4ASKB4ASRG4ASYB4AV3G4AVAB
1006784,4APVB4AQ2G4AQ9B4ASDG4ASKB4ASRG4ASYB4AV3G4AVAB
879908,4APVB4AQ2G4AQ9B4ASDG4ASKB4ASRG4ASYB4AV3G4AVAB
881958,4APVB4AQ2G4AQ9B4ASDG4ASKB4ASRG4ASYB4AV3G4AVAB
725607,4APWG4AQ3B4AQAG4ASEB4ASLG4ASSB4ASZG4AV4B4AVBG
720908,4APWG4AQ3B4AQAG4ASEB4ASLG4ASSB4ASZG4AV4B4AVBG
720924,4APWG4AQ3B4AQAG4ASEB4ASLG4ASSB4ASZG4AV4B4AVBG
720901,4APWG4AQ3B4AQAG4ASEB4ASLG4ASSB4ASZG4AV4B4AVBG
864088,4APWG4AQ3B4AQAG4ASEB4ASLG4ASSB4ASZG4AV4B4AVBG
720903,4APWG4AQ3B4AQAG4ASEB4ASLG4ASSB4ASZG4AV4B4AVBG
720905,4APWG4AQ3B4AQAG4ASEB4ASLG4ASSB4ASZG4AV4B4AVBG
1002445,4APWG4AQ3B4AQAG4ASEB4ASLG4ASSB4ASZG4AV4B4AVBG
720915,4APWG4AQ3B4AQAG4ASEB4ASLG4ASSB4ASZG4AV4B4AVBG
720900,4APWG4AQ3B4AQAG4ASEB4ASLG4ASSB4ASZG4AV4B4AVBG
720909,4APWG4AQ3B4AQAG4ASEB4ASLG4ASSB4ASZG4AV4B4AVBG
999860,4APWG4AQ3B4AQAG4ASEB4ASLG4ASSB4ASZG4AV4B4AVBG
720911,4APWG4AQ3B4AQAG4ASEB4ASLG4ASSB4ASZG4AV4B4AVBG
720912,4APWG4AQ3B4AQAG4ASEB4ASLG4ASSB4ASZG4AV4B4AVBG
703100,4APWG4AQ3B4AQAG4ASEB4ASLG4ASSB4ASZG4AV4B4AVBG
725609,4APWG4AQ3B4AQAG4ASEB4ASLG4ASSB4ASZG4AV4B4AVBG
999829,4APWG4AQ3B4AQAG4ASEB4ASLG4ASSB4ASZG4AV4B4AVBG
725633,4APWG4AQ3B4AQAG4ASEB4ASLG4ASSB4ASZG4AV4B4AVBG
862793,4APWG4AQ3B4AQAG4ASEB4ASLG4ASSB4ASZG4AV4B4AVBG
862799,4APWG4AQ3B4AQAG4ASEB4ASLG4ASSB4ASZG4AV4B4AVBG
724747,4APWG4AQ3B4AQAG4ASEB4ASLG4ASSB4ASZG4AV4B4AVBG
999834,4APWG4AQ3B4AQAG4ASEB4ASLG4ASSB4ASZG4AV4B4AVBG
726025,4APWG4AQ3B4AQAG4ASEB4ASLG4ASSB4ASZG4AV4B4AVBG
726027,4APWG4AQ3B4AQAG4ASEB4ASLG4ASSB4ASZG4AV4B4AVBG
726028,4APWG4AQ3B4AQAG4ASEB4ASLG4ASSB4ASZG4AV4B4AVBG
726030,4APWG4AQ3B4AQAG4ASEB4ASLG4ASSB4ASZG4AV4B4AVBG
726031,4APWG4AQ3B4AQAG4ASEB4ASLG4ASSB4ASZG4AV4B4AVBG
726032,4APWG4AQ3B4AQAG4ASEB4ASLG4ASSB4ASZG4AV4B4AVBG
701875,4APWG4AQ3B4AQAG4ASEB4ASLG4ASSB4ASZG4AV4B4AVBG
726034,4APWG4AQ3B4AQAG4ASEB4ASLG4ASSB4ASZG4AV4B4AVBG
726035,4APWG4AQ3B4AQAG4ASEB4ASLG4ASSB4ASZG4AV4B4AVBG
726037,4APWG4AQ3B4AQAG4ASEB4ASLG4ASSB4ASZG4AV4B4AVBG
1010191,4APWG4AQ3B4AQAG4ASEB4ASLG4ASSB4ASZG4AV4B4AVBG
726015,4APWG4AQ3B4AQAG4ASEB4ASLG4ASSB4ASZG4AV4B4AVBG
726033,4APWG4AQ3B4AQAG4ASEB4ASLG4ASSB4ASZG4AV4B4AVBG
862797,4APWG4AQ3B4AQAG4ASEB4ASLG4ASSB4ASZG4AV4B4AVBG
726010,4APWG4AQ3B4AQAG4ASEB4ASLG4ASSB4ASZG4AV4B4AVBG
726012,4APWG4AQ3B4AQAG4ASEB4ASLG4ASSB4ASZG4AV4B4AVBG
726013,4APWG4AQ3B4AQAG4ASEB4ASLG4ASSB4ASZG4AV4B4AVBG
1010190,4APWG4AQ3B4AQAG4ASEB4ASLG4ASSB4ASZG4AV4B4AVBG
726014,4APWG4AQ3B4AQAG4ASEB4ASLG4ASSB4ASZG4AV4B4AVBG
726016,4APWG4AQ3B4AQAG4ASEB4ASLG4ASSB4ASZG4AV4B4AVBG
862800,4APWG4AQ3B4AQAG4ASEB4ASLG4ASSB4ASZG4AV4B4AVBG
726018,4APWG4AQ3B4AQAG4ASEB4ASLG4ASSB4ASZG4AV4B4AVBG
701874,4APWG4AQ3B4AQAG4ASEB4ASLG4ASSB4ASZG4AV4B4AVBG
726020,4APWG4AQ3B4AQAG4ASEB4ASLG4ASSB4ASZG4AV4B4AVBG
726021,4APWG4AQ3B4AQAG4ASEB4ASLG4ASSB4ASZG4AV4B4AVBG
726022,4APWG4AQ3B4AQAG4ASEB4ASLG4ASSB4ASZG4AV4B4AVBG
720914,4APWG4AQ3B4AQAG4ASEB4ASLG4ASSB4ASZG4AV4B4AVBG
720917,4APWG4AQ3B4AQAG4ASEB4ASLG4ASSB4ASZG4AV4B4AVBG
720919,4APWG4AQ3B4AQAG4ASEB4ASLG4ASSB4ASZG4AV4B4AVBG
864092,4APWG4AQ3B4AQAG4ASEB4ASLG4ASSB4ASZG4AV4B4AVBG
720920,4APWG4AQ3B4AQAG4ASEB4ASLG4ASSB4ASZG4AV4B4AVBG
720922,4APWG4AQ3B4AQAG4ASEB4ASLG4ASSB4ASZG4AV4B4AVBG
725610,4APWG4AQ3B4AQAG4ASEB4ASLG4ASSB4ASZG4AV4B4AVBG
624015,4APWG4AQ3B4AQAG4ASEB4ASLG4ASSB4ASZG4AV4B4AVBG
725601,4APWG4AQ3B4AQAG4ASEB4ASLG4ASSB4ASZG4AV4B4AVBG
725603,4APWG4AQ3B4AQAG4ASEB4ASLG4ASSB4ASZG4AV4B4AVBG
999827,4APWG4AQ3B4AQAG4ASEB4ASLG4ASSB4ASZG4AV4B4AVBG
725605,4APWG4AQ3B4AQAG4ASEB4ASLG4ASSB4ASZG4AV4B4AVBG
728500,4APTG4AQ0B4AQ7G4ASBB4ASIG4ASPB4ASWG4AV1B4AV8G
691663,4APTG4AQ0B4AQ7G4ASBB4ASIG4ASPB4ASWG4AV1B4AV8G
691667,4APTG4AQ0B4AQ7G4ASBB4ASIG4ASPB4ASWG4AV1B4AV8G
901953,4APTG4AQ0B4AQ7G4ASBB4ASIG4ASPB4ASWG4AV1B4AV8G
728510,4APTG4AQ0B4AQ7G4ASBB4ASIG4ASPB4ASWG4AV1B4AV8G
691659,4APTG4AQ0B4AQ7G4ASBB4ASIG4ASPB4ASWG4AV1B4AV8G
691657,4APTG4AQ0B4AQ7G4ASBB4ASIG4ASPB4ASWG4AV1B4AV8G
727193,4APTG4AQ0B4AQ7G4ASBB4ASIG4ASPB4ASWG4AV1B4AV8G
727199,4APTG4AQ0B4AQ7G4ASBB4ASIG4ASPB4ASWG4AV1B4AV8G
727201,4APTG4AQ0B4AQ7G4ASBB4ASIG4ASPB4ASWG4AV1B4AV8G
727188,4APTG4AQ0B4AQ7G4ASBB4ASIG4ASPB4ASWG4AV1B4AV8G
727186,4APTG4AQ0B4AQ7G4ASBB4ASIG4ASPB4ASWG4AV1B4AV8G
745256,4APTG4AQ0B4AQ7G4ASBB4ASIG4ASPB4ASWG4AV1B4AV8G
727191,4APTG4AQ0B4AQ7G4ASBB4ASIG4ASPB4ASWG4AV1B4AV8G
903542,4APTG4AQ0B4AQ7G4ASBB4ASIG4ASPB4ASWG4AV1B4AV8G
727223,4APTG4AQ0B4AQ7G4ASBB4ASIG4ASPB4ASWG4AV1B4AV8G
724237,4APVB4AQ2G4AQ9B4ASDG4ASKB4ASRG4ASYB4AV3G4AVAB
724250,4APVB4AQ2G4AQ9B4ASDG4ASKB4ASRG4ASYB4AV3G4AVAB
724213,4APVB4AQ2G4AQ9B4ASDG4ASKB4ASRG4ASYB4AV3G4AVAB
724224,4APVB4AQ2G4AQ9B4ASDG4ASKB4ASRG4ASYB4AV3G4AVAB
724226,4APVB4AQ2G4AQ9B4ASDG4ASKB4ASRG4ASYB4AV3G4AVAB
763377,4APVB4AQ2G4AQ9B4ASDG4ASKB4ASRG4ASYB4AV3G4AVAB
722299,4APVB4AQ2G4AQ9B4ASDG4ASKB4ASRG4ASYB4AV3G4AVAB
722315,4APVB4AQ2G4AQ9B4ASDG4ASKB4ASRG4ASYB4AV3G4AVAB
724591,4APVB4AQ2G4AQ9B4ASDG4ASKB4ASRG4ASYB4AV3G4AVAB
874785,4APUG4AQ1B4AQ8G4ASCB4ASJG4ASQB4ASXG4AV2B4AV9G
786698,4APUG4AQ1B4AQ8G4ASCB4ASJG4ASQB4ASXG4AV2B4AV9G
774031,4APUG4AQ1B4AQ8G4ASCB4ASJG4ASQB4ASXG4AV2B4AV9G
745047,4APUG4AQ1B4AQ8G4ASCB4ASJG4ASQB4ASXG4AV2B4AV9G
876465,4APUG4AQ1B4AQ8G4ASCB4ASJG4ASQB4ASXG4AV2B4AV9G
876463,4APUG4AQ1B4AQ8G4ASCB4ASJG4ASQB4ASXG4AV2B4AV9G
876468,4APUG4AQ1B4AQ8G4ASCB4ASJG4ASQB4ASXG4AV2B4AV9G
876459,4APUG4AQ1B4AQ8G4ASCB4ASJG4ASQB4ASXG4AV2B4AV9G
876474,4APUG4AQ1B4AQ8G4ASCB4ASJG4ASQB4ASXG4AV2B4AV9G
876462,4APUG4AQ1B4AQ8G4ASCB4ASJG4ASQB4ASXG4AV2B4AV9G
876480,4APUG4AQ1B4AQ8G4ASCB4ASJG4ASQB4ASXG4AV2B4AV9G
876478,4APUG4AQ1B4AQ8G4ASCB4ASJG4ASQB4ASXG4AV2B4AV9G
876475,4APUG4AQ1B4AQ8G4ASCB4ASJG4ASQB4ASXG4AV2B4AV9G
876473,4APUG4AQ1B4AQ8G4ASCB4ASJG4ASQB4ASXG4AV2B4AV9G
876471,4APUG4AQ1B4AQ8G4ASCB4ASJG4ASQB4ASXG4AV2B4AV9G
876476,4APUG4AQ1B4AQ8G4ASCB4ASJG4ASQB4ASXG4AV2B4AV9G
877761,4APUG4AQ1B4AQ8G4ASCB4ASJG4ASQB4ASXG4AV2B4AV9G
877762,4APUG4AQ1B4AQ8G4ASCB4ASJG4ASQB4ASXG4AV2B4AV9G
876437,4APUG4AQ1B4AQ8G4ASCB4ASJG4ASQB4ASXG4AV2B4AV9G
876439,4APUG4AQ1B4AQ8G4ASCB4ASJG4ASQB4ASXG4AV2B4AV9G
876441,4APUG4AQ1B4AQ8G4ASCB4ASJG4ASQB4ASXG4AV2B4AV9G
745046,4APUG4AQ1B4AQ8G4ASCB4ASJG4ASQB4ASXG4AV2B4AV9G
876454,4APUG4AQ1B4AQ8G4ASCB4ASJG4ASQB4ASXG4AV2B4AV9G
876453,4APUG4AQ1B4AQ8G4ASCB4ASJG4ASQB4ASXG4AV2B4AV9G
876444,4APUG4AQ1B4AQ8G4ASCB4ASJG4ASQB4ASXG4AV2B4AV9G
876449,4APUG4AQ1B4AQ8G4ASCB4ASJG4ASQB4ASXG4AV2B4AV9G
1017847,4APUG4AQ1B4AQ8G4ASCB4ASJG4ASQB4ASXG4AV2B4AV9G
876445,4APUG4AQ1B4AQ8G4ASCB4ASJG4ASQB4ASXG4AV2B4AV9G
877825,4APUG4AQ1B4AQ8G4ASCB4ASJG4ASQB4ASXG4AV2B4AV9G
827397,4APUG4AQ1B4AQ8G4ASCB4ASJG4ASQB4ASXG4AV2B4AV9G
925735,4APUG4AQ1B4AQ8G4ASCB4ASJG4ASQB4ASXG4AV2B4AV9G
925727,4APUG4AQ1B4AQ8G4ASCB4ASJG4ASQB4ASXG4AV2B4AV9G
1005731,4AQ1B4ASCB4ASQB4AV2B4AVGB4AVUB
925729,4APUG4AQ1B4AQ8G4ASCB4ASJG4ASQB4ASXG4AV2B4AV9G
925732,4APUG4AQ1B4AQ8G4ASCB4ASJG4ASQB4ASXG4AV2B4AV9G
827398,4APUG4AQ1B4AQ8G4ASCB4ASJG4ASQB4ASXG4AV2B4AV9G
779774,4APUG4AQ1B4AQ8G4ASCB4ASJG4ASQB4ASXG4AV2B4AV9G
925748,4APUG4AQ1B4AQ8G4ASCB4ASJG4ASQB4ASXG4AV2B4AV9G
925746,4APUG4AQ1B4AQ8G4ASCB4ASJG4ASQB4ASXG4AV2B4AV9G
925743,4APUG4AQ1B4AQ8G4ASCB4ASJG4ASQB4ASXG4AV2B4AV9G
925741,4AQ1B4ASCB4ASQB4AV2B4AVGB4AVUB
922080,4APUG4AQ1B4AQ8G4ASCB4ASJG4ASQB4ASXG4AV2B4AV9G
873990,4APUG4AQ1B4AQ8G4ASCB4ASJG4ASQB4ASXG4AV2B4AV9G
874342,4APUG4AQ1B4AQ8G4ASCB4ASJG4ASQB4ASXG4AV2B4AV9G
874344,4APUG4AQ1B4AQ8G4ASCB4ASJG4ASQB4ASXG4AV2B4AV9G
745072,4APUG4AQ1B4AQ8G4ASCB4ASJG4ASQB4ASXG4AV2B4AV9G
874346,4APUG4AQ1B4AQ8G4ASCB4ASJG4ASQB4ASXG4AV2B4AV9G
776316,4APUG4AQ1B4AQ8G4ASCB4ASJG4ASQB4ASXG4AV2B4AV9G
873988,4APUG4AQ1B4AQ8G4ASCB4ASJG4ASQB4ASXG4AV2B4AV9G
746311,4APUG4AQ1B4AQ8G4ASCB4ASJG4ASQB4ASXG4AV2B4AV9G
925725,4APUG4AQ1B4AQ8G4ASCB4ASJG4ASQB4ASXG4AV2B4AV9G
925717,4APUG4AQ1B4AQ8G4ASCB4ASJG4ASQB4ASXG4AV2B4AV9G
925720,4APUG4AQ1B4AQ8G4ASCB4ASJG4ASQB4ASXG4AV2B4AV9G
925718,4APUG4AQ1B4AQ8G4ASCB4ASJG4ASQB4ASXG4AV2B4AV9G
926093,4APUG4AQ1B4AQ8G4ASCB4ASJG4ASQB4ASXG4AV2B4AV9G
779782,4APUG4AQ1B4AQ8G4ASCB4ASJG4ASQB4ASXG4AV2B4AV9G
1005733,4APUG4AQ1B4AQ8G4ASCB4ASJG4ASQB4ASXG4AV2B4AV9G
827400,4APUG4AQ1B4AQ8G4ASCB4ASJG4ASQB4ASXG4AV2B4AV9G
925778,4APUG4AQ1B4AQ8G4ASCB4ASJG4ASQB4ASXG4AV2B4AV9G
779780,4APUG4AQ1B4AQ8G4ASCB4ASJG4ASQB4ASXG4AV2B4AV9G
925773,4APUG4AQ1B4AQ8G4ASCB4ASJG4ASQB4ASXG4AV2B4AV9G
827401,4APUG4AQ1B4AQ8G4ASCB4ASJG4ASQB4ASXG4AV2B4AV9G
926097,4APUG4AQ1B4AQ8G4ASCB4ASJG4ASQB4ASXG4AV2B4AV9G
926095,4APUG4AQ1B4AQ8G4ASCB4ASJG4ASQB4ASXG4AV2B4AV9G
925779,4APUG4AQ1B4AQ8G4ASCB4ASJG4ASQB4ASXG4AV2B4AV9G
926091,4APUG4AQ1B4AQ8G4ASCB4ASJG4ASQB4ASXG4AV2B4AV9G
925781,4APUG4AQ1B4AQ8G4ASCB4ASJG4ASQB4ASXG4AV2B4AV9G
995227,4APUG4AQ1B4AQ8G4ASCB4ASJG4ASQB4ASXG4AV2B4AV9G
651087,4APUG4AQ1B4AQ8G4ASCB4ASJG4ASQB4ASXG4AV2B4AV9G
807673,4APUG4AQ1B4AQ8G4ASCB4ASJG4ASQB4ASXG4AV2B4AV9G
982372,4APUG4AQ1B4AQ8G4ASCB4ASJG4ASQB4ASXG4AV2B4AV9G
982383,4APUG4AQ1B4AQ8G4ASCB4ASJG4ASQB4ASXG4AV2B4AV9G
982384,4APUG4AQ1B4AQ8G4ASCB4ASJG4ASQB4ASXG4AV2B4AV9G
995226,4APUG4AQ1B4AQ8G4ASCB4ASJG4ASQB4ASXG4AV2B4AV9G
805342,4APUG4AQ1B4AQ8G4ASCB4ASJG4ASQB4ASXG4AV2B4AV9G
807694,4APUG4AQ1B4AQ8G4ASCB4ASJG4ASQB4ASXG4AV2B4AV9G
741011,4APUG4AQ1B4AQ8G4ASCB4ASJG4ASQB4ASXG4AV2B4AV9G
746314,4APUG4AQ1B4AQ8G4ASCB4ASJG4ASQB4ASXG4AV2B4AV9G
925772,4APUG4AQ1B4AQ8G4ASCB4ASJG4ASQB4ASXG4AV2B4AV9G
925758,4APUG4AQ1B4AQ8G4ASCB4ASJG4ASQB4ASXG4AV2B4AV9G
925757,4APUG4AQ1B4AQ8G4ASCB4ASJG4ASQB4ASXG4AV2B4AV9G
925753,4APUG4AQ1B4AQ8G4ASCB4ASJG4ASQB4ASXG4AV2B4AV9G
925754,4APUG4AQ1B4AQ8G4ASCB4ASJG4ASQB4ASXG4AV2B4AV9G
1005732,4APUG4AQ1B4AQ8G4ASCB4ASJG4ASQB4ASXG4AV2B4AV9G
779775,4APUG4AQ1B4AQ8G4ASCB4ASJG4ASQB4ASXG4AV2B4AV9G
925770,4APUG4AQ1B4AQ8G4ASCB4ASJG4ASQB4ASXG4AV2B4AV9G
925767,4APUG4AQ1B4AQ8G4ASCB4ASJG4ASQB4ASXG4AV2B4AV9G
779779,4APUG4AQ1B4AQ8G4ASCB4ASJG4ASQB4ASXG4AV2B4AV9G
925765,4APUG4AQ1B4AQ8G4ASCB4ASJG4ASQB4ASXG4AV2B4AV9G
779778,4APUG4AQ1B4AQ8G4ASCB4ASJG4ASQB4ASXG4AV2B4AV9G
925762,4APUG4AQ1B4AQ8G4ASCB4ASJG4ASQB4ASXG4AV2B4AV9G
746315,4APUG4AQ1B4AQ8G4ASCB4ASJG4ASQB4ASXG4AV2B4AV9G
878186,4APUG4AQ1B4AQ8G4ASCB4ASJG4ASQB4ASXG4AV2B4AV9G
878184,4APUG4AQ1B4AQ8G4ASCB4ASJG4ASQB4ASXG4AV2B4AV9G
878176,4APUG4AQ1B4AQ8G4ASCB4ASJG4ASQB4ASXG4AV2B4AV9G
774973,4APUG4AQ1B4AQ8G4ASCB4ASJG4ASQB4ASXG4AV2B4AV9G
878179,4APUG4AQ1B4AQ8G4ASCB4ASJG4ASQB4ASXG4AV2B4AV9G
1017866,4APUG4AQ1B4AQ8G4ASCB4ASJG4ASQB4ASXG4AV2B4AV9G
774976,4APUG4AQ1B4AQ8G4ASCB4ASJG4ASQB4ASXG4AV2B4AV9G
878196,4APUG4AQ1B4AQ8G4ASCB4ASJG4ASQB4ASXG4AV2B4AV9G
878188,4APUG4AQ1B4AQ8G4ASCB4ASJG4ASQB4ASXG4AV2B4AV9G
774974,4APUG4AQ1B4AQ8G4ASCB4ASJG4ASQB4ASXG4AV2B4AV9G
878191,4APUG4AQ1B4AQ8G4ASCB4ASJG4ASQB4ASXG4AV2B4AV9G
784778,4APUG4AQ1B4AQ8G4ASCB4ASJG4ASQB4ASXG4AV2B4AV9G
878152,4APUG4AQ1B4AQ8G4ASCB4ASJG4ASQB4ASXG4AV2B4AV9G
878155,4APUG4AQ1B4AQ8G4ASCB4ASJG4ASQB4ASXG4AV2B4AV9G
878156,4APUG4AQ1B4AQ8G4ASCB4ASJG4ASQB4ASXG4AV2B4AV9G
878160,4APUG4AQ1B4AQ8G4ASCB4ASJG4ASQB4ASXG4AV2B4AV9G
878161,4APUG4AQ1B4AQ8G4ASCB4ASJG4ASQB4ASXG4AV2B4AV9G
878168,4APUG4AQ1B4AQ8G4ASCB4ASJG4ASQB4ASXG4AV2B4AV9G
878151,4APUG4AQ1B4AQ8G4ASCB4ASJG4ASQB4ASXG4AV2B4AV9G
878171,4APUG4AQ1B4AQ8G4ASCB4ASJG4ASQB4ASXG4AV2B4AV9G
878169,4APUG4AQ1B4AQ8G4ASCB4ASJG4ASQB4ASXG4AV2B4AV9G
878175,4APUG4AQ1B4AQ8G4ASCB4ASJG4ASQB4ASXG4AV2B4AV9G
660911,4APUG4AQ1B4AQ8G4ASCB4ASJG4ASQB4ASXG4AV2B4AV9G
943040,4APUG4AQ1B4AQ8G4ASCB4ASJG4ASQB4ASXG4AV2B4AV9G
1016083,4APVB4AQ2G4AQ9B4ASDG4ASKB4ASRG4ASYB4AV3G4AVAB
859138,4APVB4AQ2G4AQ9B4ASDG4ASKB4ASRG4ASYB4AV3G4AVAB
764414,4APVB4AQ2G4AQ9B4ASDG4ASKB4ASRG4ASYB4AV3G4AVAB
764413,4APVB4AQ2G4AQ9B4ASDG4ASKB4ASRG4ASYB4AV3G4AVAB
859137,4APVB4AQ2G4AQ9B4ASDG4ASKB4ASRG4ASYB4AV3G4AVAB
764411,4APVB4AQ2G4AQ9B4ASDG4ASKB4ASRG4ASYB4AV3G4AVAB
740880,4APVB4AQ2G4AQ9B4ASDG4ASKB4ASRG4ASYB4AV3G4AVAB
764417,4APVB4AQ2G4AQ9B4ASDG4ASKB4ASRG4ASYB4AV3G4AVAB
764434,4APVB4AQ2G4AQ9B4ASDG4ASKB4ASRG4ASYB4AV3G4AVAB
764433,4APVB4AQ2G4AQ9B4ASDG4ASKB4ASRG4ASYB4AV3G4AVAB
764432,4APVB4AQ2G4AQ9B4ASDG4ASKB4ASRG4ASYB4AV3G4AVAB
831268,4APVB4AQ2G4AQ9B4ASDG4ASKB4ASRG4ASYB4AV3G4AVAB
764430,4APVB4AQ2G4AQ9B4ASDG4ASKB4ASRG4ASYB4AV3G4AVAB
764423,4APVB4AQ2G4AQ9B4ASDG4ASKB4ASRG4ASYB4AV3G4AVAB
740881,4APVB4AQ2G4AQ9B4ASDG4ASKB4ASRG4ASYB4AV3G4AVAB
764428,4APVB4AQ2G4AQ9B4ASDG4ASKB4ASRG4ASYB4AV3G4AVAB
859142,4APVB4AQ2G4AQ9B4ASDG4ASKB4ASRG4ASYB4AV3G4AVAB
764426,4APVB4AQ2G4AQ9B4ASDG4ASKB4ASRG4ASYB4AV3G4AVAB
764424,4APVB4AQ2G4AQ9B4ASDG4ASKB4ASRG4ASYB4AV3G4AVAB
859141,4APVB4AQ2G4AQ9B4ASDG4ASKB4ASRG4ASYB4AV3G4AVAB
764034,4APVB4AQ2G4AQ9B4ASDG4ASKB4ASRG4ASYB4AV3G4AVAB
762738,4APVB4AQ2G4AQ9B4ASDG4ASKB4ASRG4ASYB4AV3G4AVAB
760789,4APVB4AQ2G4AQ9B4ASDG4ASKB4ASRG4ASYB4AV3G4AVAB
760788,4APVB4AQ2G4AQ9B4ASDG4ASKB4ASRG4ASYB4AV3G4AVAB
1023159,4APVB4AQ2G4AQ9B4ASDG4ASKB4ASRG4ASYB4AV3G4AVAB
760786,4APVB4AQ2G4AQ9B4ASDG4ASKB4ASRG4ASYB4AV3G4AVAB
907221,4APVB4AQ2G4AQ9B4ASDG4ASKB4ASRG4ASYB4AV3G4AVAB
943460,4APZB4ASAB4ASOB4AT2B4AVEB4AVSB
808910,4APWB4AQ3G4AQAB4ASEG4ASLB4ASSG4ASZB4AV4G4AVBB
808919,4APWB4AQ3G4AQAB4ASEG4ASLB4ASSG4ASZB4AV4G4AVBB
998030,4APWB4AQ3G4AQAB4ASEG4ASLB4ASSG4ASZB4AV4G4AVBB
1009945,4APWB4AQ3G4AQAB4ASEG4ASLB4ASSG4ASZB4AV4G4AVBB
808906,4APWB4AQ3G4AQAB4ASEG4ASLB4ASSG4ASZB4AV4G4AVBB
808949,4APWB4AQ3G4AQAB4ASEG4ASLB4ASSG4ASZB4AV4G4AVBB
809382,4APWB4AQ3G4AQAB4ASEG4ASLB4ASSG4ASZB4AV4G4AVBB
1052862,4APZB4ASAB4ASOB4AT2B4AVEB4AVSB
763209,4APWB4AQ3G4AQAB4ASEG4ASLB4ASSG4ASZB4AV4G4AVBB
763213,4APWB4AQ3G4AQAB4ASEG4ASLB4ASSG4ASZB4AV4G4AVBB
698433,4APWB4AQ3G4AQAB4ASEG4ASLB4ASSG4ASZB4AV4G4AVBB
861710,4APWB4AQ3G4AQAB4ASEG4ASLB4ASSG4ASZB4AV4G4AVBB
907526,4APWB4AQ3G4AQAB4ASEG4ASLB4ASSG4ASZB4AV4G4AVBB
861709,4APWB4AQ3G4AQAB4ASEG4ASLB4ASSG4ASZB4AV4G4AVBB
808911,4APWB4AQ3G4AQAB4ASEG4ASLB4ASSG4ASZB4AV4G4AVBB
808915,4APWB4AQ3G4AQAB4ASEG4ASLB4ASSG4ASZB4AV4G4AVBB
945072,4APRB4APYG4AQ5B4AS9G4ASGB4ASNG4ASUB4AT1G4AV6B
760796,4APTB4AQ0G4AQ7B4ASBG4ASIB4ASPG4ASWB4AV1G4AV8B
760798,4APTB4AQ0G4AQ7B4ASBG4ASIB4ASPG4ASWB4AV1G4AV8B
665814,4APTB4AQ0G4AQ7B4ASBG4ASIB4ASPG4ASWB4AV1G4AV8B
665811,4APTB4AQ0G4AQ7B4ASBG4ASIB4ASPG4ASWB4AV1G4AV8B
665807,4APTB4AQ0G4AQ7B4ASBG4ASIB4ASPG4ASWB4AV1G4AV8B
665833,4APTB4AQ0G4AQ7B4ASBG4ASIB4ASPG4ASWB4AV1G4AV8B
998904,4APTB4AQ0G4AQ7B4ASBG4ASIB4ASPG4ASWB4AV1G4AV8B
665834,4APTB4AQ0G4AQ7B4ASBG4ASIB4ASPG4ASWB4AV1G4AV8B
665824,4APTB4AQ0G4AQ7B4ASBG4ASIB4ASPG4ASWB4AV1G4AV8B
665820,4APTB4AQ0G4AQ7B4ASBG4ASIB4ASPG4ASWB4AV1G4AV8B
998887,4APTB4AQ0G4AQ7B4ASBG4ASIB4ASPG4ASWB4AV1G4AV8B
735831,4APTB4AQ0G4AQ7B4ASBG4ASIB4ASPG4ASWB4AV1G4AV8B
671455,4APTB4AQ0G4AQ7B4ASBG4ASIB4ASPG4ASWB4AV1G4AV8B
671452,4APTB4AQ0G4AQ7B4ASBG4ASIB4ASPG4ASWB4AV1G4AV8B
706092,4APTB4AQ0G4AQ7B4ASBG4ASIB4ASPG4ASWB4AV1G4AV8B
666242,4APTB4AQ0G4AQ7B4ASBG4ASIB4ASPG4ASWB4AV1G4AV8B
666245,4APTB4AQ0G4AQ7B4ASBG4ASIB4ASPG4ASWB4AV1G4AV8B
665903,4APTB4AQ0G4AQ7B4ASBG4ASIB4ASPG4ASWB4AV1G4AV8B
666258,4APTB4AQ0G4AQ7B4ASBG4ASIB4ASPG4ASWB4AV1G4AV8B
666252,4APTB4AQ0G4AQ7B4ASBG4ASIB4ASPG4ASWB4AV1G4AV8B
665844,4APTB4AQ0G4AQ7B4ASBG4ASIB4ASPG4ASWB4AV1G4AV8B
665841,4APTB4AQ0G4AQ7B4ASBG4ASIB4ASPG4ASWB4AV1G4AV8B
671495,4APTB4AQ0G4AQ7B4ASBG4ASIB4ASPG4ASWB4AV1G4AV8B
665899,4APTB4AQ0G4AQ7B4ASBG4ASIB4ASPG4ASWB4AV1G4AV8B
1008052,4APTB4AQ0G4AQ7B4ASBG4ASIB4ASPG4ASWB4AV1G4AV8B
670644,4APTB4AQ0G4AQ7B4ASBG4ASIB4ASPG4ASWB4AV1G4AV8B
945068,4APTB4AQ0G4AQ7B4ASBG4ASIB4ASPG4ASWB4AV1G4AV8B
667599,4APTB4AQ0G4AQ7B4ASBG4ASIB4ASPG4ASWB4AV1G4AV8B
667604,4APTB4AQ0G4AQ7B4ASBG4ASIB4ASPG4ASWB4AV1G4AV8B
670651,4APTB4AQ0G4AQ7B4ASBG4ASIB4ASPG4ASWB4AV1G4AV8B
666201,4APTB4AQ0G4AQ7B4ASBG4ASIB4ASPG4ASWB4AV1G4AV8B
671422,4APSB4APZG4AQ6B4ASAG4ASHB4ASOG4ASVB4AT2G4AV7B
671426,4APSB4APZG4AQ6B4ASAG4ASHB4ASOG4ASVB4AT2G4AV7B
671446,4APSB4APZG4AQ6B4ASAG4ASHB4ASOG4ASVB4AT2G4AV7B
790060,4APSB4APZG4AQ6B4ASAG4ASHB4ASOG4ASVB4AT2G4AV7B
998885,4APSB4APZG4AQ6B4ASAG4ASHB4ASOG4ASVB4AT2G4AV7B
671409,4APSB4APZG4AQ6B4ASAG4ASHB4ASOG4ASVB4AT2G4AV7B
671402,4APSB4APZG4AQ6B4ASAG4ASHB4ASOG4ASVB4AT2G4AV7B
671403,4APSB4APZG4AQ6B4ASAG4ASHB4ASOG4ASVB4AT2G4AV7B
709913,4APSB4APZG4AQ6B4ASAG4ASHB4ASOG4ASVB4AT2G4AV7B
998912,4APSB4APZG4AQ6B4ASAG4ASHB4ASOG4ASVB4AT2G4AV7B
701174,4APSB4APZG4AQ6B4ASAG4ASHB4ASOG4ASVB4AT2G4AV7B
1032714,4APSB4APZG4AQ6B4ASAG4ASHB4ASOG4ASVB4AT2G4AV7B
709906,4APSB4APZG4AQ6B4ASAG4ASHB4ASOG4ASVB4AT2G4AV7B
671399,4APSB4APZG4AQ6B4ASAG4ASHB4ASOG4ASVB4AT2G4AV7B
1003186,4APTB4AQ0G4AQ7B4ASBG4ASIB4ASPG4ASWB4AV1G4AV8B
1006856,4APTB4AQ0G4AQ7B4ASBG4ASIB4ASPG4ASWB4AV1G4AV8B
945069,4APSB4APZG4AQ6B4ASAG4ASHB4ASOG4ASVB4AT2G4AV7B
779189,4APSB4APZG4AQ6B4ASAG4ASHB4ASOG4ASVB4AT2G4AV7B
671439,4APSB4APZG4AQ6B4ASAG4ASHB4ASOG4ASVB4AT2G4AV7B
945070,4APSB4APZG4AQ6B4ASAG4ASHB4ASOG4ASVB4AT2G4AV7B
708345,4APSB4APZG4AQ6B4ASAG4ASHB4ASOG4ASVB4AT2G4AV7B
945071,4APSB4APZG4AQ6B4ASAG4ASHB4ASOG4ASVB4AT2G4AV7B
942233,4APWG4AQ3B4AQAG4ASEB4ASLG4ASSB4ASZG4AV4B4AVBG
845048,4APUG4AQ1B4AQ8G4ASCB4ASJG4ASQB4ASXG4AV2B4AV9G
845049,4APUG4AQ1B4AQ8G4ASCB4ASJG4ASQB4ASXG4AV2B4AV9G
844691,4APUG4AQ1B4AQ8G4ASCB4ASJG4ASQB4ASXG4AV2B4AV9G
844693,4APUG4AQ1B4AQ8G4ASCB4ASJG4ASQB4ASXG4AV2B4AV9G
958725,4APRG4APYB4AQ5G4AS9B4ASGG4ASNB4ASUG4AT1B4AV6G
737563,4APRG4APYB4AQ5G4AS9B4ASGG4ASNB4ASUG4AT1B4AV6G
957448,4APRG4APYB4AQ5G4AS9B4ASGG4ASNB4ASUG4AT1B4AV6G
957446,4APRG4APYB4AQ5G4AS9B4ASGG4ASNB4ASUG4AT1B4AV6G
819683,4APSG4APTB4AQ0B4AQ6G4AQ7B4ASBB4ASHG4ASIB4ASPB
1015731,4APTB4AQ0B4AQ7B4ASBB4ASIB4ASPB4ASWB4AV1B4AV8B
760791,4APTB4AQ0B4AQ7B4ASBB4ASIB4ASPB4ASWB4AV1B4AV8B
760790,4APTB4AQ0B4AQ7B4ASBB4ASIB4ASPB4ASWB4AV1B4AV8B
760772,4APTB4AQ0B4AQ7B4ASBB4ASIB4ASPB4ASWB4AV1B4AV8B
907219,4APSG4APTB4AQ0B4AQ6G4AQ7B4ASBB4ASHG4ASIB4ASPB
760442,4APSG4APTB4AQ0B4AQ6G4AQ7B4ASBB4ASHG4ASIB4ASPB
760441,4APTB4AQ0B4AQ7B4ASBB4ASIB4ASPB4ASWB4AV1B4AV8B
760440,4APSG4APTB4AQ0B4AQ6G4AQ7B4ASBB4ASHG4ASIB4ASPB
760436,4APSG4APTB4AQ0B4AQ6G4AQ7B4ASBB4ASHG4ASIB4ASPB
760444,4APTB4AQ0B4AQ7B4ASBB4ASIB4ASPB4ASWB4AV1B4AV8B
740250,4APSG4APTB4AQ0B4AQ6G4AQ7B4ASBB4ASHG4ASIB4ASPB
760438,4APSG4APTB4AQ0B4AQ6G4AQ7B4ASBB4ASHG4ASIB4ASPB
910552,4APSB4APZG4AQ6B4ASAG4ASHB4ASOG4ASVB4AT2G4AV7B
843759,4APSB4APZG4AQ6B4ASAG4ASHB4ASOG4ASVB4AT2G4AV7B
843757,4APSB4APZG4AQ6B4ASAG4ASHB4ASOG4ASVB4AT2G4AV7B
841610,4APSB4APZG4AQ6B4ASAG4ASHB4ASOG4ASVB4AT2G4AV7B
841632,4APSB4APZG4AQ6B4ASAG4ASHB4ASOG4ASVB4AT2G4AV7B
841630,4APSB4APZG4AQ6B4ASAG4ASHB4ASOG4ASVB4AT2G4AV7B
841629,4APSB4APZG4AQ6B4ASAG4ASHB4ASOG4ASVB4AT2G4AV7B
841626,4APSB4APZG4AQ6B4ASAG4ASHB4ASOG4ASVB4AT2G4AV7B
800198,4APSB4APZG4AQ6B4ASAG4ASHB4ASOG4ASVB4AT2G4AV7B
800194,4APSB4APZG4AQ6B4ASAG4ASHB4ASOG4ASVB4AT2G4AV7B
800192,4APSB4APZG4AQ6B4ASAG4ASHB4ASOG4ASVB4AT2G4AV7B
800210,4APSB4APZG4AQ6B4ASAG4ASHB4ASOG4ASVB4AT2G4AV7B
800209,4APSB4APZG4AQ6B4ASAG4ASHB4ASOG4ASVB4AT2G4AV7B
800208,4APSB4APZG4AQ6B4ASAG4ASHB4ASOG4ASVB4AT2G4AV7B
800207,4APSB4APZG4AQ6B4ASAG4ASHB4ASOG4ASVB4AT2G4AV7B
800199,4APSB4APZG4AQ6B4ASAG4ASHB4ASOG4ASVB4AT2G4AV7B
943041,4APSB4APZG4AQ6B4ASAG4ASHB4ASOG4ASVB4AT2G4AV7B
1033106,4APSB4APZG4AQ6B4ASAG4ASHB4ASOG4ASVB4AT2G4AV7B
784447,4APSB4APZG4AQ6B4ASAG4ASHB4ASOG4ASVB4AT2G4AV7B
800204,4APSB4APZG4AQ6B4ASAG4ASHB4ASOG4ASVB4AT2G4AV7B
1033105,4APSB4APZG4AQ6B4ASAG4ASHB4ASOG4ASVB4AT2G4AV7B
800202,4APSB4APZG4AQ6B4ASAG4ASHB4ASOG4ASVB4AT2G4AV7B
800201,4APSB4APZG4AQ6B4ASAG4ASHB4ASOG4ASVB4AT2G4AV7B
800200,4APSB4APZG4AQ6B4ASAG4ASHB4ASOG4ASVB4AT2G4AV7B
824564,4APSB4APZG4AQ6B4ASAG4ASHB4ASOG4ASVB4AT2G4AV7B
800190,4APSB4APZG4AQ6B4ASAG4ASHB4ASOG4ASVB4AT2G4AV7B
1033121,4APSB4APZG4AQ6B4ASAG4ASHB4ASOG4ASVB4AT2G4AV7B
842003,4APSB4APZG4AQ6B4ASAG4ASHB4ASOG4ASVB4AT2G4AV7B
825519,4APSB4APZG4AQ6B4ASAG4ASHB4ASOG4ASVB4AT2G4AV7B
821881,4APSB4APZG4AQ6B4ASAG4ASHB4ASOG4ASVB4AT2G4AV7B
1014281,4APSB4APZG4AQ6B4ASAG4ASHB4ASOG4ASVB4AT2G4AV7B
842002,4APSB4APZG4AQ6B4ASAG4ASHB4ASOG4ASVB4AT2G4AV7B
842001,4APSB4APZG4AQ6B4ASAG4ASHB4ASOG4ASVB4AT2G4AV7B
841667,4APSB4APZG4AQ6B4ASAG4ASHB4ASOG4ASVB4AT2G4AV7B
842000,4APSB4APZG4AQ6B4ASAG4ASHB4ASOG4ASVB4AT2G4AV7B
821882,4APSB4APZG4AQ6B4ASAG4ASHB4ASOG4ASVB4AT2G4AV7B
841998,4APSB4APZG4AQ6B4ASAG4ASHB4ASOG4ASVB4AT2G4AV7B
841999,4APSB4APZG4AQ6B4ASAG4ASHB4ASOG4ASVB4AT2G4AV7B
821879,4APSB4APZG4AQ6B4ASAG4ASHB4ASOG4ASVB4AT2G4AV7B
841670,4APSB4APZG4AQ6B4ASAG4ASHB4ASOG4ASVB4AT2G4AV7B
841669,4APSB4APZG4AQ6B4ASAG4ASHB4ASOG4ASVB4AT2G4AV7B
800183,4APSB4APZG4AQ6B4ASAG4ASHB4ASOG4ASVB4AT2G4AV7B
841668,4APSB4APZG4AQ6B4ASAG4ASHB4ASOG4ASVB4AT2G4AV7B
821880,4APSB4APZG4AQ6B4ASAG4ASHB4ASOG4ASVB4AT2G4AV7B
800188,4APSB4APZG4AQ6B4ASAG4ASHB4ASOG4ASVB4AT2G4AV7B
800187,4APSB4APZG4AQ6B4ASAG4ASHB4ASOG4ASVB4AT2G4AV7B
800186,4APSB4APZG4AQ6B4ASAG4ASHB4ASOG4ASVB4AT2G4AV7B
800185,4APSB4APZG4AQ6B4ASAG4ASHB4ASOG4ASVB4AT2G4AV7B
842004,4APSB4APZG4AQ6B4ASAG4ASHB4ASOG4ASVB4AT2G4AV7B
821884,4APSB4APZG4AQ6B4ASAG4ASHB4ASOG4ASVB4AT2G4AV7B
842008,4APSB4APZG4AQ6B4ASAG4ASHB4ASOG4ASVB4AT2G4AV7B
1033122,4APSB4APZG4AQ6B4ASAG4ASHB4ASOG4ASVB4AT2G4AV7B
842007,4APSB4APZG4AQ6B4ASAG4ASHB4ASOG4ASVB4AT2G4AV7B
821883,4APSB4APZG4AQ6B4ASAG4ASHB4ASOG4ASVB4AT2G4AV7B
842005,4APSB4APZG4AQ6B4ASAG4ASHB4ASOG4ASVB4AT2G4AV7B
1033129,4APSB4APZG4AQ6B4ASAG4ASHB4ASOG4ASVB4AT2G4AV7B
843386,4APSB4APZG4AQ6B4ASAG4ASHB4ASOG4ASVB4AT2G4AV7B
843388,4APSB4APZG4AQ6B4ASAG4ASHB4ASOG4ASVB4AT2G4AV7B
843385,4APSB4APZG4AQ6B4ASAG4ASHB4ASOG4ASVB4AT2G4AV7B
843376,4APSB4APZG4AQ6B4ASAG4ASHB4ASOG4ASVB4AT2G4AV7B
843390,4APSB4APZG4AQ6B4ASAG4ASHB4ASOG4ASVB4AT2G4AV7B
1014295,4APSB4APZG4AQ6B4ASAG4ASHB4ASOG4ASVB4AT2G4AV7B
843381,4APSB4APZG4AQ6B4ASAG4ASHB4ASOG4ASVB4AT2G4AV7B
843380,4APSB4APZG4AQ6B4ASAG4ASHB4ASOG4ASVB4AT2G4AV7B
843378,4APSB4APZG4AQ6B4ASAG4ASHB4ASOG4ASVB4AT2G4AV7B
843377,4APSB4APZG4AQ6B4ASAG4ASHB4ASOG4ASVB4AT2G4AV7B
1033126,4APSB4APZG4AQ6B4ASAG4ASHB4ASOG4ASVB4AT2G4AV7B
1033125,4APSB4APZG4AQ6B4ASAG4ASHB4ASOG4ASVB4AT2G4AV7B
821944,4APSB4APZG4AQ6B4ASAG4ASHB4ASOG4ASVB4AT2G4AV7B
843402,4APRB4APYG4AQ5B4AS9G4ASGB4ASNG4ASUB4AT1G4AV6B
843401,4APSB4APZG4AQ6B4ASAG4ASHB4ASOG4ASVB4AT2G4AV7B
843400,4APRB4APYG4AQ5B4AS9G4ASGB4ASNG4ASUB4AT1G4AV6B
843391,4APSB4APZG4AQ6B4ASAG4ASHB4ASOG4ASVB4AT2G4AV7B
843399,4APRB4APYG4AQ5B4AS9G4ASGB4ASNG4ASUB4AT1G4AV6B
843397,4APSB4APZG4AQ6B4ASAG4ASHB4ASOG4ASVB4AT2G4AV7B
843395,4APRB4APYG4AQ5B4AS9G4ASGB4ASNG4ASUB4AT1G4AV6B
843394,4APSB4APZG4AQ6B4ASAG4ASHB4ASOG4ASVB4AT2G4AV7B
843392,4APRB4APYG4AQ5B4AS9G4ASGB4ASNG4ASUB4AT1G4AV6B
843383,4APRB4APYG4AQ5B4AS9G4ASGB4ASNG4ASUB4AT1G4AV6B
843363,4APRB4APYG4AQ5B4AS9G4ASGB4ASNG4ASUB4AT1G4AV6B
843362,4APRB4APYG4AQ5B4AS9G4ASGB4ASNG4ASUB4AT1G4AV6B
1014294,4APRB4APYG4AQ5B4AS9G4ASGB4ASNG4ASUB4AT1G4AV6B
843360,4APRB4APYG4AQ5B4AS9G4ASGB4ASNG4ASUB4AT1G4AV6B
843358,4APRB4APYG4AQ5B4AS9G4ASGB4ASNG4ASUB4AT1G4AV6B
843366,4APRB4APYG4AQ5B4AS9G4ASGB4ASNG4ASUB4AT1G4AV6B
843357,4APRB4APYG4AQ5B4AS9G4ASGB4ASNG4ASUB4AT1G4AV6B
843356,4APRB4APYG4AQ5B4AS9G4ASGB4ASNG4ASUB4AT1G4AV6B
843354,4APRB4APYG4AQ5B4AS9G4ASGB4ASNG4ASUB4AT1G4AV6B
843372,4APRB4APYG4AQ5B4AS9G4ASGB4ASNG4ASUB4AT1G4AV6B
843375,4APRB4APYG4AQ5B4AS9G4ASGB4ASNG4ASUB4AT1G4AV6B
843374,4APRB4APYG4AQ5B4AS9G4ASGB4ASNG4ASUB4AT1G4AV6B
843373,4APRB4APYG4AQ5B4AS9G4ASGB4ASNG4ASUB4AT1G4AV6B
843371,4APRB4APYG4AQ5B4AS9G4ASGB4ASNG4ASUB4AT1G4AV6B
843370,4APRB4APYG4AQ5B4AS9G4ASGB4ASNG4ASUB4AT1G4AV6B
843369,4APRB4APYG4AQ5B4AS9G4ASGB4ASNG4ASUB4AT1G4AV6B
843368,4APRB4APYG4AQ5B4AS9G4ASGB4ASNG4ASUB4AT1G4AV6B
843367,4APRB4APYG4AQ5B4AS9G4ASGB4ASNG4ASUB4AT1G4AV6B
830115,4APRB4APYG4AQ5B4AS9G4ASGB4ASNG4ASUB4AT1G4AV6B
1033128,4APRB4APYG4AQ5B4AS9G4ASGB4ASNG4ASUB4AT1G4AV6B
830114,4APRB4APYG4AQ5B4AS9G4ASGB4ASNG4ASUB4AT1G4AV6B
843741,4APRB4APYG4AQ5B4AS9G4ASGB4ASNG4ASUB4AT1G4AV6B
843739,4APRB4APYG4AQ5B4AS9G4ASGB4ASNG4ASUB4AT1G4AV6B
843743,4APRB4APYG4AQ5B4AS9G4ASGB4ASNG4ASUB4AT1G4AV6B
843737,4APRB4APYG4AQ5B4AS9G4ASGB4ASNG4ASUB4AT1G4AV6B
821951,4APRB4APYG4AQ5B4AS9G4ASGB4ASNG4ASUB4AT1G4AV6B
843753,4APRB4APYG4AQ5B4AS9G4ASGB4ASNG4ASUB4AT1G4AV6B
843750,4APRB4APYG4AQ5B4AS9G4ASGB4ASNG4ASUB4AT1G4AV6B
843748,4APRB4APYG4AQ5B4AS9G4ASGB4ASNG4ASUB4AT1G4AV6B
843747,4APRB4APYG4AQ5B4AS9G4ASGB4ASNG4ASUB4AT1G4AV6B
1033420,4APRB4APYG4AQ5B4AS9G4ASGB4ASNG4ASUB4AT1G4AV6B
823176,4APRB4APYG4AQ5B4AS9G4ASGB4ASNG4ASUB4AT1G4AV6B
1014297,4APRB4APYG4AQ5B4AS9G4ASGB4ASNG4ASUB4AT1G4AV6B
821946,4APRB4APYG4AQ5B4AS9G4ASGB4ASNG4ASUB4AT1G4AV6B
943042,4APRB4APYG4AQ5B4AS9G4ASGB4ASNG4ASUB4AT1G4AV6B
1044069,4APRB4APYG4AQ5B4AS9G4ASGB4ASNG4ASUB4AT1G4AV6B
980504,4APSB4APZG4AQ6B4ASAG4ASHB4ASOG4ASVB4AT2G4AV7B
1044070,4APRB4APYG4AQ5B4AS9G4ASGB4ASNG4ASUB4AT1G4AV6B
737613,4APSB4APZG4AQ6B4ASAG4ASHB4ASOG4ASVB4AT2G4AV7B
1055623,4APSB4APZG4AQ6B4ASAG4ASHB4ASOG4ASVB4AT2G4AV7B
779384,4APSB4APZG4AQ6B4ASAG4ASHB4ASOG4ASVB4AT2G4AV7B
843752,4APRB4APYG4AQ5B4AS9G4ASGB4ASNG4ASUB4AT1G4AV6B
922704,4APSB4APZG4AQ6B4ASAG4ASHB4ASOG4ASVB4AT2G4AV7B
821950,4APRB4APYG4AQ5B4AS9G4ASGB4ASNG4ASUB4AT1G4AV6B
779385,4APSB4APZG4AQ6B4ASAG4ASHB4ASOG4ASVB4AT2G4AV7B
899290,4APRB4APYG4AQ5B4AS9G4ASGB4ASNG4ASUB4AT1G4AV6B
828996,4APSB4APZG4AQ6B4ASAG4ASHB4ASOG4ASVB4AT2G4AV7B
878927,4APSB4APZG4AQ6B4ASAG4ASHB4ASOG4ASVB4AT2G4AV7B
1010367,4APRB4APYG4AQ5B4AS9G4ASGB4ASNG4ASUB4AT1G4AV6B
841620,4APSB4APZG4AQ6B4ASAG4ASHB4ASOG4ASVB4AT2G4AV7B
843746,4APRB4APYG4AQ5B4AS9G4ASGB4ASNG4ASUB4AT1G4AV6B
873648,4APSB4APZG4AQ6B4ASAG4ASHB4ASOG4ASVB4AT2G4AV7B
843744,4APRB4APYG4AQ5B4AS9G4ASGB4ASNG4ASUB4AT1G4AV6B
994909,4APRB4APYG4AQ5B4AS9G4ASGB4ASNG4ASUB4AT1G4AV6B
962789,4APRB4APYG4AQ5B4AS9G4ASGB4ASNG4ASUB4AT1G4AV6B
843728,4APRB4APYG4AQ5B4AS9G4ASGB4ASNG4ASUB4AT1G4AV6B
900552,4APSB4APZG4AQ6B4ASAG4ASHB4ASOG4ASVB4AT2G4AV7B
800196,4APSB4APZG4AQ6B4ASAG4ASHB4ASOG4ASVB4AT2G4AV7B
922717,4APSB4APZG4AQ6B4ASAG4ASHB4ASOG4ASVB4AT2G4AV7B
843745,4APRB4APYG4AQ5B4AS9G4ASGB4ASNG4ASUB4AT1G4AV6B
1032470,4APRB4APYG4AQ5B4AS9G4ASGB4ASNG4ASUB4AT1G4AV6B
729562,4APSB4APZG4AQ6B4ASAG4ASHB4ASOG4ASVB4AT2G4AV7B
760437,4APSB4APZG4AQ6B4ASAG4ASHB4ASOG4ASVB4AT2G4AV7B
1039431,4APSB4APZG4AQ6B4ASAG4ASHB4ASOG4ASVB4AT2G4AV7B
760439,4APSB4APZG4AQ6B4ASAG4ASHB4ASOG4ASVB4AT2G4AV7B
1037895,4APSB4APZG4AQ6B4ASAG4ASHB4ASOG4ASVB4AT2G4AV7B
1037896,4APSB4APZG4AQ6B4ASAG4ASHB4ASOG4ASVB4AT2G4AV7B
760774,4APSB4APZG4AQ6B4ASAG4ASHB4ASOG4ASVB4AT2G4AV7B
760775,4APSB4APZG4AQ6B4ASAG4ASHB4ASOG4ASVB4AT2G4AV7B
819678,4APSB4APZG4AQ6B4ASAG4ASHB4ASOG4ASVB4AT2G4AV7B
760445,4APSB4APZG4AQ6B4ASAG4ASHB4ASOG4ASVB4AT2G4AV7B
760773,4APSB4APZG4AQ6B4ASAG4ASHB4ASOG4ASVB4AT2G4AV7B
819679,4APSB4APZG4AQ6B4ASAG4ASHB4ASOG4ASVB4AT2G4AV7B
907220,4APSB4APZG4AQ6B4ASAG4ASHB4ASOG4ASVB4AT2G4AV7B
760771,4APSB4APZG4AQ6B4ASAG4ASHB4ASOG4ASVB4AT2G4AV7B
907455,4APSB4APZG4AQ6B4ASAG4ASHB4ASOG4ASVB4AT2G4AV7B
760770,4APSB4APZG4AQ6B4ASAG4ASHB4ASOG4ASVB4AT2G4AV7B
760447,4APSB4APZG4AQ6B4ASAG4ASHB4ASOG4ASVB4AT2G4AV7B
760443,4APSB4APZG4AQ6B4ASAG4ASHB4ASOG4ASVB4AT2G4AV7B
760795,4APSB4APZG4AQ6B4ASAG4ASHB4ASOG4ASVB4AT2G4AV7B
762125,4APSB4APZG4AQ6B4ASAG4ASHB4ASOG4ASVB4AT2G4AV7B
762124,4APSB4APZG4AQ6B4ASAG4ASHB4ASOG4ASVB4AT2G4AV7B
762123,4APSB4APZG4AQ6B4ASAG4ASHB4ASOG4ASVB4AT2G4AV7B
762122,4APSB4APZG4AQ6B4ASAG4ASHB4ASOG4ASVB4AT2G4AV7B
762121,4APSB4APZG4AQ6B4ASAG4ASHB4ASOG4ASVB4AT2G4AV7B
819693,4APSB4APZG4AQ6B4ASAG4ASHB4ASOG4ASVB4AT2G4AV7B
762119,4APSB4APZG4AQ6B4ASAG4ASHB4ASOG4ASVB4AT2G4AV7B
1037898,4APSB4APZG4AQ6B4ASAG4ASHB4ASOG4ASVB4AT2G4AV7B
762118,4APSB4APZG4AQ6B4ASAG4ASHB4ASOG4ASVB4AT2G4AV7B
762120,4APSB4APZG4AQ6B4ASAG4ASHB4ASOG4ASVB4AT2G4AV7B
831289,4APSB4APZG4AQ6B4ASAG4ASHB4ASOG4ASVB4AT2G4AV7B
765736,4APSB4APZG4AQ6B4ASAG4ASHB4ASOG4ASVB4AT2G4AV7B
765735,4APSB4APZG4AQ6B4ASAG4ASHB4ASOG4ASVB4AT2G4AV7B
765734,4APSB4APZG4AQ6B4ASAG4ASHB4ASOG4ASVB4AT2G4AV7B
765733,4APSB4APZG4AQ6B4ASAG4ASHB4ASOG4ASVB4AT2G4AV7B
762127,4APSB4APZG4AQ6B4ASAG4ASHB4ASOG4ASVB4AT2G4AV7B
765737,4APSB4APZG4AQ6B4ASAG4ASHB4ASOG4ASVB4AT2G4AV7B
1037907,4APSB4APZG4AQ6B4ASAG4ASHB4ASOG4ASVB4AT2G4AV7B
765730,4APSB4APZG4AQ6B4ASAG4ASHB4ASOG4ASVB4AT2G4AV7B
765729,4APSB4APZG4AQ6B4ASAG4ASHB4ASOG4ASVB4AT2G4AV7B
765727,4APSB4APZG4AQ6B4ASAG4ASHB4ASOG4ASVB4AT2G4AV7B
765726,4APSB4APZG4AQ6B4ASAG4ASHB4ASOG4ASVB4AT2G4AV7B
819691,4APSB4APZG4AQ6B4ASAG4ASHB4ASOG4ASVB4AT2G4AV7B
760800,4APSB4APZG4AQ6B4ASAG4ASHB4ASOG4ASVB4AT2G4AV7B
819689,4APSB4APZG4AQ6B4ASAG4ASHB4ASOG4ASVB4AT2G4AV7B
760812,4APSB4APZG4AQ6B4ASAG4ASHB4ASOG4ASVB4AT2G4AV7B
760810,4APSB4APZG4AQ6B4ASAG4ASHB4ASOG4ASVB4AT2G4AV7B
760809,4APSB4APZG4AQ6B4ASAG4ASHB4ASOG4ASVB4AT2G4AV7B
945073,4APSB4APZG4AQ6B4ASAG4ASHB4ASOG4ASVB4AT2G4AV7B
819687,4APSB4APZG4AQ6B4ASAG4ASHB4ASOG4ASVB4AT2G4AV7B
760804,4APSB4APZG4AQ6B4ASAG4ASHB4ASOG4ASVB4AT2G4AV7B
760803,4APSB4APZG4AQ6B4ASAG4ASHB4ASOG4ASVB4AT2G4AV7B
819686,4APSB4APZG4AQ6B4ASAG4ASHB4ASOG4ASVB4AT2G4AV7B
760801,4APSB4APZG4AQ6B4ASAG4ASHB4ASOG4ASVB4AT2G4AV7B
760806,4APSB4APZG4AQ6B4ASAG4ASHB4ASOG4ASVB4AT2G4AV7B
760808,4APSB4APZG4AQ6B4ASAG4ASHB4ASOG4ASVB4AT2G4AV7B
760821,4APSB4APZG4AQ6B4ASAG4ASHB4ASOG4ASVB4AT2G4AV7B
760820,4APSB4APZG4AQ6B4ASAG4ASHB4ASOG4ASVB4AT2G4AV7B
760819,4APVB4AQ2G4AQ9B4ASDG4ASKB4ASRG4ASYB4AV3G4AVAB
765732,4APVB4AQ2G4AQ9B4ASDG4ASKB4ASRG4ASYB4AV3G4AVAB
760446,4APVB4AQ2G4AQ9B4ASDG4ASKB4ASRG4ASYB4AV3G4AVAB
763161,4APVB4AQ2G4AQ9B4ASDG4ASKB4ASRG4ASYB4AV3G4AVAB
763160,4APVB4AQ2G4AQ9B4ASDG4ASKB4ASRG4ASYB4AV3G4AVAB
763158,4APVB4AQ2G4AQ9B4ASDG4ASKB4ASRG4ASYB4AV3G4AVAB
763157,4APVB4AQ2G4AQ9B4ASDG4ASKB4ASRG4ASYB4AV3G4AVAB
763155,4APVB4AQ2G4AQ9B4ASDG4ASKB4ASRG4ASYB4AV3G4AVAB
763147,4APVB4AQ2G4AQ9B4ASDG4ASKB4ASRG4ASYB4AV3G4AVAB
763162,4APVB4AQ2G4AQ9B4ASDG4ASKB4ASRG4ASYB4AV3G4AVAB
763153,4APVB4AQ2G4AQ9B4ASDG4ASKB4ASRG4ASYB4AV3G4AVAB
826366,4APVB4AQ2G4AQ9B4ASDG4ASKB4ASRG4ASYB4AV3G4AVAB
763151,4APVB4AQ2G4AQ9B4ASDG4ASKB4ASRG4ASYB4AV3G4AVAB
763149,4APVB4AQ2G4AQ9B4ASDG4ASKB4ASRG4ASYB4AV3G4AVAB
763148,4APVB4AQ2G4AQ9B4ASDG4ASKB4ASRG4ASYB4AV3G4AVAB
1016072,4APVB4AQ2G4AQ9B4ASDG4ASKB4ASRG4ASYB4AV3G4AVAB
1037902,4APVB4AQ2G4AQ9B4ASDG4ASKB4ASRG4ASYB4AV3G4AVAB
760816,4APVB4AQ2G4AQ9B4ASDG4ASKB4ASRG4ASYB4AV3G4AVAB
1047525,4APVB4AQ2G4AQ9B4ASDG4ASKB4ASRG4ASYB4AV3G4AVAB
760823,4APVB4AQ2G4AQ9B4ASDG4ASKB4ASRG4ASYB4AV3G4AVAB
1015732,4APVB4AQ2G4AQ9B4ASDG4ASKB4ASRG4ASYB4AV3G4AVAB
819690,4APVB4AQ2G4AQ9B4ASDG4ASKB4ASRG4ASYB4AV3G4AVAB
1037897,4APVB4AQ2G4AQ9B4ASDG4ASKB4ASRG4ASYB4AV3G4AVAB
826368,4APVB4AQ2G4AQ9B4ASDG4ASKB4ASRG4ASYB4AV3G4AVAB
1016073,4APVB4AQ2G4AQ9B4ASDG4ASKB4ASRG4ASYB4AV3G4AVAB
763176,4APVB4AQ2G4AQ9B4ASDG4ASKB4ASRG4ASYB4AV3G4AVAB
763175,4APVB4AQ2G4AQ9B4ASDG4ASKB4ASRG4ASYB4AV3G4AVAB
763173,4APVB4AQ2G4AQ9B4ASDG4ASKB4ASRG4ASYB4AV3G4AVAB
763163,4APVB4AQ2G4AQ9B4ASDG4ASKB4ASRG4ASYB4AV3G4AVAB
763179,4APVB4AQ2G4AQ9B4ASDG4ASKB4ASRG4ASYB4AV3G4AVAB
763169,4APVB4AQ2G4AQ9B4ASDG4ASKB4ASRG4ASYB4AV3G4AVAB
1037903,4APVB4AQ2G4AQ9B4ASDG4ASKB4ASRG4ASYB4AV3G4AVAB
763167,4APVB4AQ2G4AQ9B4ASDG4ASKB4ASRG4ASYB4AV3G4AVAB
763165,4APVB4AQ2G4AQ9B4ASDG4ASKB4ASRG4ASYB4AV3G4AVAB
826367,4APVB4AQ2G4AQ9B4ASDG4ASKB4ASRG4ASYB4AV3G4AVAB
763172,4APVB4AQ2G4AQ9B4ASDG4ASKB4ASRG4ASYB4AV3G4AVAB
1037901,4APVB4AQ2G4AQ9B4ASDG4ASKB4ASRG4ASYB4AV3G4AVAB
761834,4APVB4AQ2G4AQ9B4ASDG4ASKB4ASRG4ASYB4AV3G4AVAB
761833,4APVB4AQ2G4AQ9B4ASDG4ASKB4ASRG4ASYB4AV3G4AVAB
827910,4APVB4AQ2G4AQ9B4ASDG4ASKB4ASRG4ASYB4AV3G4AVAB
761824,4APVB4AQ2G4AQ9B4ASDG4ASKB4ASRG4ASYB4AV3G4AVAB
761829,4APVB4AQ2G4AQ9B4ASDG4ASKB4ASRG4ASYB4AV3G4AVAB
864574,4APVB4AQ2G4AQ9B4ASDG4ASKB4ASRG4ASYB4AV3G4AVAB
761827,4APVB4AQ2G4AQ9B4ASDG4ASKB4ASRG4ASYB4AV3G4AVAB
761825,4APVB4AQ2G4AQ9B4ASDG4ASKB4ASRG4ASYB4AV3G4AVAB
864573,4APVB4AQ2G4AQ9B4ASDG4ASKB4ASRG4ASYB4AV3G4AVAB
761841,4APVB4AQ2G4AQ9B4ASDG4ASKB4ASRG4ASYB4AV3G4AVAB
864575,4APVB4AQ2G4AQ9B4ASDG4ASKB4ASRG4ASYB4AV3G4AVAB
864580,4APSB4APZG4AQ6B4ASAG4ASHB4ASOG4ASVB4AT2G4AV7B
761844,4APSB4APZG4AQ6B4ASAG4ASHB4ASOG4ASVB4AT2G4AV7B
761843,4APSB4APZG4AQ6B4ASAG4ASHB4ASOG4ASVB4AT2G4AV7B
761842,4APSB4APZG4AQ6B4ASAG4ASHB4ASOG4ASVB4AT2G4AV7B
761837,4APSB4AQ6B4ASHB4ASVB4AV7B4AVLB4AXWB
1016057,4APSB4APZG4AQ6B4ASAG4ASHB4ASOG4ASVB4AT2G4AV7B
761840,4APSB4APZG4AQ6B4ASAG4ASHB4ASOG4ASVB4AT2G4AV7B
761838,4APSB4APZG4AQ6B4ASAG4ASHB4ASOG4ASVB4AT2G4AV7B
864577,4APSB4APZG4AQ6B4ASAG4ASHB4ASOG4ASVB4AT2G4AV7B
760426,4APSB4APZG4AQ6B4ASAG4ASHB4ASOG4ASVB4AT2G4AV7B
763164,4APSB4APZG4AQ6B4ASAG4ASHB4ASOG4ASVB4AT2G4AV7B
763543,4APSB4APZG4AQ6B4ASAG4ASHB4ASOG4ASVB4AT2G4AV7B
763542,4APSB4APZG4AQ6B4ASAG4ASHB4ASOG4ASVB4AT2G4AV7B
859109,4APSB4APZG4AQ6B4ASAG4ASHB4ASOG4ASVB4AT2G4AV7B
1037906,4APSB4APZG4AQ6B4ASAG4ASHB4ASOG4ASVB4AT2G4AV7B
763533,4APSB4APZG4AQ6B4ASAG4ASHB4ASOG4ASVB4AT2G4AV7B
763540,4APSB4APZG4AQ6B4ASAG4ASHB4ASOG4ASVB4AT2G4AV7B
763539,4APSB4APZG4AQ6B4ASAG4ASHB4ASOG4ASVB4AT2G4AV7B
763538,4APSB4APZG4AQ6B4ASAG4ASHB4ASOG4ASVB4AT2G4AV7B
859107,4APSB4APZG4AQ6B4ASAG4ASHB4ASOG4ASVB4AT2G4AV7B
763536,4APSB4APZG4AQ6B4ASAG4ASHB4ASOG4ASVB4AT2G4AV7B
763534,4APSB4APZG4AQ6B4ASAG4ASHB4ASOG4ASVB4AT2G4AV7B
760424,4APSB4APZG4AQ6B4ASAG4ASHB4ASOG4ASVB4AT2G4AV7B
826371,4APSB4APZG4AQ6B4ASAG4ASHB4ASOG4ASVB4AT2G4AV7B
760434,4APSB4APZG4AQ6B4ASAG4ASHB4ASOG4ASVB4AT2G4AV7B
948674,4APSB4APZG4AQ6B4ASAG4ASHB4ASOG4ASVB4AT2G4AV7B
940351,4APSB4APZG4AQ6B4ASAG4ASHB4ASOG4ASVB4AT2G4AV7B
760432,4APVB4AQ2G4AQ9B4ASDG4ASKB4ASRG4ASYB4AV3G4AVAB
760431,4APVB4AQ2G4AQ9B4ASDG4ASKB4ASRG4ASYB4AV3G4AVAB
760429,4APVB4AQ2G4AQ9B4ASDG4ASKB4ASRG4ASYB4AV3G4AVAB
763546,4APVB4AQ2G4AQ9B4ASDG4ASKB4ASRG4ASYB4AV3G4AVAB
760423,4APVB4AQ2G4AQ9B4ASDG4ASKB4ASRG4ASYB4AV3G4AVAB
907218,4APVB4AQ2G4AQ9B4ASDG4ASKB4ASRG4ASYB4AV3G4AVAB
1037894,4APVB4AQ2G4AQ9B4ASDG4ASKB4ASRG4ASYB4AV3G4AVAB
763548,4APVB4AQ2G4AQ9B4ASDG4ASKB4ASRG4ASYB4AV3G4AVAB
1016075,4APVB4AQ2G4AQ9B4ASDG4ASKB4ASRG4ASYB4AV3G4AVAB
826369,4APVB4AQ2G4AQ9B4ASDG4ASKB4ASRG4ASYB4AV3G4AVAB
763514,4APVB4AQ2G4AQ9B4ASDG4ASKB4ASRG4ASYB4AV3G4AVAB
763513,4APVB4AQ2G4AQ9B4ASDG4ASKB4ASRG4ASYB4AV3G4AVAB
763180,4APVB4AQ2G4AQ9B4ASDG4ASKB4ASRG4ASYB4AV3G4AVAB
763509,4APVB4AQ2G4AQ9B4ASDG4ASKB4ASRG4ASYB4AV3G4AVAB
763505,4APVB4AQ2G4AQ9B4ASDG4ASKB4ASRG4ASYB4AV3G4AVAB
1037905,4APVB4AQ2G4AQ9B4ASDG4ASKB4ASRG4ASYB4AV3G4AVAB
763531,4APVB4AQ2G4AQ9B4ASDG4ASKB4ASRG4ASYB4AV3G4AVAB
763528,4APVB4AQ2G4AQ9B4ASDG4ASKB4ASRG4ASYB4AV3G4AVAB
763518,4APVB4AQ2G4AQ9B4ASDG4ASKB4ASRG4ASYB4AV3G4AVAB
940354,4APVB4AQ2G4AQ9B4ASDG4ASKB4ASRG4ASYB4AV3G4AVAB
763526,4APVB4AQ2G4AQ9B4ASDG4ASKB4ASRG4ASYB4AV3G4AVAB
945082,4APVB4AQ2G4AQ9B4ASDG4ASKB4ASRG4ASYB4AV3G4AVAB
1027055,4APVB4AQ2G4AQ9B4ASDG4ASKB4ASRG4ASYB4AV3G4AVAB
1027054,4APVB4AQ2G4AQ9B4ASDG4ASKB4ASRG4ASYB4AV3G4AVAB
945077,4APVB4AQ2G4AQ9B4ASDG4ASKB4ASRG4ASYB4AV3G4AVAB
945079,4APVB4AQ2G4AQ9B4ASDG4ASKB4ASRG4ASYB4AV3G4AVAB
1037904,4APVB4AQ2G4AQ9B4ASDG4ASKB4ASRG4ASYB4AV3G4AVAB
989992,4APVB4AQ2G4AQ9B4ASDG4ASKB4ASRG4ASYB4AV3G4AVAB
1033593,4APVB4AQ2G4AQ9B4ASDG4ASKB4ASRG4ASYB4AV3G4AVAB
945080,4APVB4AQ2G4AQ9B4ASDG4ASKB4ASRG4ASYB4AV3G4AVAB
1048894,4APVB4AQ2G4AQ9B4ASDG4ASKB4ASRG4ASYB4AV3G4AVAB
945076,4APVB4AQ2G4AQ9B4ASDG4ASKB4ASRG4ASYB4AV3G4AVAB
945078,4APVB4AQ2G4AQ9B4ASDG4ASKB4ASRG4ASYB4AV3G4AVAB
945081,4APVB4AQ2G4AQ9B4ASDG4ASKB4ASRG4ASYB4AV3G4AVAB
945074,4APVB4AQ2G4AQ9B4ASDG4ASKB4ASRG4ASYB4AV3G4AVAB
945075,4APVB4AQ2G4AQ9B4ASDG4ASKB4ASRG4ASYB4AV3G4AVAB
763525,4APVB4AQ2G4AQ9B4ASDG4ASKB4ASRG4ASYB4AV3G4AVAB
1016074,4APVB4AQ2G4AQ9B4ASDG4ASKB4ASRG4ASYB4AV3G4AVAB
763523,4APVB4AQ2G4AQ9B4ASDG4ASKB4ASRG4ASYB4AV3G4AVAB
763522,4APVB4AQ2G4AQ9B4ASDG4ASKB4ASRG4ASYB4AV3G4AVAB
763520,4APVB4AQ2G4AQ9B4ASDG4ASKB4ASRG4ASYB4AV3G4AVAB
861714,4APVB4AQ2G4AQ9B4ASDG4ASKB4ASRG4ASYB4AV3G4AVAB
861712,4APVB4AQ2G4AQ9B4ASDG4ASKB4ASRG4ASYB4AV3G4AVAB
761074,4APVB4AQ2G4AQ9B4ASDG4ASKB4ASRG4ASYB4AV3G4AVAB
761076,4APVB4AQ2G4AQ9B4ASDG4ASKB4ASRG4ASYB4AV3G4AVAB
761427,4APVB4AQ2G4AQ9B4ASDG4ASKB4ASRG4ASYB4AV3G4AVAB
761424,4APVB4AQ2G4AQ9B4ASDG4ASKB4ASRG4ASYB4AV3G4AVAB
1004857,4APVB4AQ2G4AQ9B4ASDG4ASKB4ASRG4ASYB4AV3G4AVAB
761086,4APVB4AQ2G4AQ9B4ASDG4ASKB4ASRG4ASYB4AV3G4AVAB
761085,4APVB4AQ2G4AQ9B4ASDG4ASKB4ASRG4ASYB4AV3G4AVAB
761083,4APVB4AQ2G4AQ9B4ASDG4ASKB4ASRG4ASYB4AV3G4AVAB
861715,4APVB4AQ2G4AQ9B4ASDG4ASKB4ASRG4ASYB4AV3G4AVAB
761059,4APVB4AQ2G4AQ9B4ASDG4ASKB4ASRG4ASYB4AV3G4AVAB
761058,4APVB4AQ2G4AQ9B4ASDG4ASKB4ASRG4ASYB4AV3G4AVAB
761054,4APVB4AQ2G4AQ9B4ASDG4ASKB4ASRG4ASYB4AV3G4AVAB
761052,4APVB4AQ2G4AQ9B4ASDG4ASKB4ASRG4ASYB4AV3G4AVAB
761055,4APVB4AQ2G4AQ9B4ASDG4ASKB4ASRG4ASYB4AV3G4AVAB
761070,4APVB4AQ2G4AQ9B4ASDG4ASKB4ASRG4ASYB4AV3G4AVAB
999549,4APVB4AQ2G4AQ9B4ASDG4ASKB4ASRG4ASYB4AV3G4AVAB
761069,4APVB4AQ2G4AQ9B4ASDG4ASKB4ASRG4ASYB4AV3G4AVAB
761064,4APVB4AQ2G4AQ9B4ASDG4ASKB4ASRG4ASYB4AV3G4AVAB
761437,4APVB4AQ2G4AQ9B4ASDG4ASKB4ASRG4ASYB4AV3G4AVAB
1010033,4APVB4AQ2G4AQ9B4ASDG4ASKB4ASRG4ASYB4AV3G4AVAB
761082,4APVB4AQ2G4AQ9B4ASDG4ASKB4ASRG4ASYB4AV3G4AVAB
945083,4APVB4AQ2G4AQ9B4ASDG4ASKB4ASRG4ASYB4AV3G4AVAB
945087,4APVB4AQ2G4AQ9B4ASDG4ASKB4ASRG4ASYB4AV3G4AVAB
945088,4APVB4AQ2G4AQ9B4ASDG4ASKB4ASRG4ASYB4AV3G4AVAB
945092,4APVB4AQ2G4AQ9B4ASDG4ASKB4ASRG4ASYB4AV3G4AVAB
940356,4APVB4AQ2G4AQ9B4ASDG4ASKB4ASRG4ASYB4AV3G4AVAB
945084,4APVB4AQ2G4AQ9B4ASDG4ASKB4ASRG4ASYB4AV3G4AVAB
989993,4APVB4AQ2G4AQ9B4ASDG4ASKB4ASRG4ASYB4AV3G4AVAB
945089,4APVB4AQ2G4AQ9B4ASDG4ASKB4ASRG4ASYB4AV3G4AVAB
761048,4APVB4AQ2G4AQ9B4ASDG4ASKB4ASRG4ASYB4AV3G4AVAB
1004810,4APVB4AQ2G4AQ9B4ASDG4ASKB4ASRG4ASYB4AV3G4AVAB
1033594,4APVB4AQ2G4AQ9B4ASDG4ASKB4ASRG4ASYB4AV3G4AVAB
945090,4APVB4AQ2G4AQ9B4ASDG4ASKB4ASRG4ASYB4AV3G4AVAB
761050,4APVB4AQ2G4AQ9B4ASDG4ASKB4ASRG4ASYB4AV3G4AVAB
945094,4AQ2G4ASDG4ASRG4AV3G4AVHG4AVVG
945098,4APVB4AQ2G4AQ9B4ASDG4ASKB4ASRG4ASYB4AV3G4AVAB
945096,4APVB4AQ2G4AQ9B4ASDG4ASKB4ASRG4ASYB4AV3G4AVAB
945097,4APVB4AQ2G4AQ9B4ASDG4ASKB4ASRG4ASYB4AV3G4AVAB
862054,4APVB4AQ2G4AQ9B4ASDG4ASKB4ASRG4ASYB4AV3G4AVAB
761450,4APVB4AQ2G4AQ9B4ASDG4ASKB4ASRG4ASYB4AV3G4AVAB
761449,4APVB4AQ2G4AQ9B4ASDG4ASKB4ASRG4ASYB4AV3G4AVAB
1037912,4APVB4AQ2G4AQ9B4ASDG4ASKB4ASRG4ASYB4AV3G4AVAB
762333,4APVB4AQ2G4AQ9B4ASDG4ASKB4ASRG4ASYB4AV3G4AVAB
762337,4APVB4AQ2G4AQ9B4ASDG4ASKB4ASRG4ASYB4AV3G4AVAB
762338,4APVB4AQ2G4AQ9B4ASDG4ASKB4ASRG4ASYB4AV3G4AVAB
1037913,4APVB4AQ2G4AQ9B4ASDG4ASKB4ASRG4ASYB4AV3G4AVAB
998001,4APVB4AQ2G4AQ9B4ASDG4ASKB4ASRG4ASYB4AV3G4AVAB
762332,4APVB4AQ2G4AQ9B4ASDG4ASKB4ASRG4ASYB4AV3G4AVAB
762330,4APVB4AQ2G4AQ9B4ASDG4ASKB4ASRG4ASYB4AV3G4AVAB
762329,4APVB4AQ2G4AQ9B4ASDG4ASKB4ASRG4ASYB4AV3G4AVAB
762327,4APVB4AQ2G4AQ9B4ASDG4ASKB4ASRG4ASYB4AV3G4AVAB
761443,4APVB4AQ2G4AQ9B4ASDG4ASKB4ASRG4ASYB4AV3G4AVAB
761446,4APVB4AQ2G4AQ9B4ASDG4ASKB4ASRG4ASYB4AV3G4AVAB
761436,4APVB4AQ2G4AQ9B4ASDG4ASKB4ASRG4ASYB4AV3G4AVAB
761434,4APVB4AQ2G4AQ9B4ASDG4ASKB4ASRG4ASYB4AV3G4AVAB
1027057,4APVB4AQ2G4AQ9B4ASDG4ASKB4ASRG4ASYB4AV3G4AVAB
762340,4APVB4AQ2G4AQ9B4ASDG4ASKB4ASRG4ASYB4AV3G4AVAB
764015,4APVB4AQ2G4AQ9B4ASDG4ASKB4ASRG4ASYB4AV3G4AVAB
945103,4APVB4AQ2G4AQ9B4ASDG4ASKB4ASRG4ASYB4AV3G4AVAB
807827,4APVB4AQ2G4AQ9B4ASDG4ASKB4ASRG4ASYB4AV3G4AVAB
807832,4APVB4AQ2G4AQ9B4ASDG4ASKB4ASRG4ASYB4AV3G4AVAB
945104,4APVB4AQ2G4AQ9B4ASDG4ASKB4ASRG4ASYB4AV3G4AVAB
945102,4APVB4AQ2G4AQ9B4ASDG4ASKB4ASRG4ASYB4AV3G4AVAB
761441,4APVB4AQ2G4AQ9B4ASDG4ASKB4ASRG4ASYB4AV3G4AVAB
1022704,4APRG4APYB4AQ5G4AS9B4ASGG4ASNB4ASUG4AT1B4AV6G
807822,4APRG4APYB4AQ5G4AS9B4ASGG4ASNB4ASUG4AT1B4AV6G
807845,4APRG4APYB4AQ5G4AS9B4ASGG4ASNB4ASUG4AT1B4AV6G
782227,4APRG4APYB4AQ5G4AS9B4ASGG4ASNB4ASUG4AT1B4AV6G
863519,4APRG4APYB4AQ5G4AS9B4ASGG4ASNB4ASUG4AT1B4AV6G
704001,4APRG4APYB4AQ5G4AS9B4ASGG4ASNB4ASUG4AT1B4AV6G
807842,4APRG4APYB4AQ5G4AS9B4ASGG4ASNB4ASUG4AT1B4AV6G
807841,4APRG4APYB4AQ5G4AS9B4ASGG4ASNB4ASUG4AT1B4AV6G
807840,4APRG4APYB4AQ5G4AS9B4ASGG4ASNB4ASUG4AT1B4AV6G
807846,4APRG4APYB4AQ5G4AS9B4ASGG4ASNB4ASUG4AT1B4AV6G
807838,4APRG4APYB4AQ5G4AS9B4ASGG4ASNB4ASUG4AT1B4AV6G
863517,4APRG4APYB4AQ5G4AS9B4ASGG4ASNB4ASUG4AT1B4AV6G
807836,4APRG4APYB4AQ5G4AS9B4ASGG4ASNB4ASUG4AT1B4AV6G
807835,4APRG4APYB4AQ5G4AS9B4ASGG4ASNB4ASUG4AT1B4AV6G
1022703,4APRG4APYB4AQ5G4AS9B4ASGG4ASNB4ASUG4AT1B4AV6G
863518,4APRG4APYB4AQ5G4AS9B4ASGG4ASNB4ASUG4AT1B4AV6G
942006,4APRG4APYB4AQ5G4AS9B4ASGG4ASNB4ASUG4AT1B4AV6G
807799,4APRG4APYB4AQ5G4AS9B4ASGG4ASNB4ASUG4AT1B4AV6G
807798,4APRG4APYB4AQ5G4AS9B4ASGG4ASNB4ASUG4AT1B4AV6G
807796,4APRG4APYB4AQ5G4AS9B4ASGG4ASNB4ASUG4AT1B4AV6G
807795,4APRG4APYB4AQ5G4AS9B4ASGG4ASNB4ASUG4AT1B4AV6G
1022702,4APRG4APYB4AQ5G4AS9B4ASGG4ASNB4ASUG4AT1B4AV6G
807793,4APRG4APYB4AQ5G4AS9B4ASGG4ASNB4ASUG4AT1B4AV6G
765028,4APUB4AQ1G4AQ8B4ASCG4ASJB4ASQG4ASXB4AV2G4AV9B
765027,4APUB4AQ1G4AQ8B4ASCG4ASJB4ASQG4ASXB4AV2G4AV9B
765026,4APUB4AQ1G4AQ8B4ASCG4ASJB4ASQG4ASXB4AV2G4AV9B
765024,4APUB4AQ1G4AQ8B4ASCG4ASJB4ASQG4ASXB4AV2G4AV9B
765023,4APUB4AQ1G4AQ8B4ASCG4ASJB4ASQG4ASXB4AV2G4AV9B
782223,4APRG4APYB4AQ5G4AS9B4ASGG4ASNB4ASUG4AT1B4AV6G
703999,4APRG4APYB4AQ5G4AS9B4ASGG4ASNB4ASUG4AT1B4AV6G
807790,4APRG4APYB4AQ5G4AS9B4ASGG4ASNB4ASUG4AT1B4AV6G
807789,4APRG4APYB4AQ5G4AS9B4ASGG4ASNB4ASUG4AT1B4AV6G
807787,4APRG4APYB4AQ5G4AS9B4ASGG4ASNB4ASUG4AT1B4AV6G
807786,4APRG4APYB4AQ5G4AS9B4ASGG4ASNB4ASUG4AT1B4AV6G
807807,4APRG4APYB4AQ5G4AS9B4ASGG4ASNB4ASUG4AT1B4AV6G
807809,4APRG4APYB4AQ5G4AS9B4ASGG4ASNB4ASUG4AT1B4AV6G
807815,4APRG4APYB4AQ5G4AS9B4ASGG4ASNB4ASUG4AT1B4AV6G
704000,4APRG4APYB4AQ5G4AS9B4ASGG4ASNB4ASUG4AT1B4AV6G
807813,4APRG4APYB4AQ5G4AS9B4ASGG4ASNB4ASUG4AT1B4AV6G
807812,4APRG4APYB4AQ5G4AS9B4ASGG4ASNB4ASUG4AT1B4AV6G
807810,4APRG4APYB4AQ5G4AS9B4ASGG4ASNB4ASUG4AT1B4AV6G
807800,4APRG4APYB4AQ5G4AS9B4ASGG4ASNB4ASUG4AT1B4AV6G
807816,4APRG4APYB4AQ5G4AS9B4ASGG4ASNB4ASUG4AT1B4AV6G
782224,4APRG4APYB4AQ5G4AS9B4ASGG4ASNB4ASUG4AT1B4AV6G
807805,4APRG4APYB4AQ5G4AS9B4ASGG4ASNB4ASUG4AT1B4AV6G
807803,4APRG4APYB4AQ5G4AS9B4ASGG4ASNB4ASUG4AT1B4AV6G
807802,4APRG4APYB4AQ5G4AS9B4ASGG4ASNB4ASUG4AT1B4AV6G
807860,4APRG4APYB4AQ5G4AS9B4ASGG4ASNB4ASUG4AT1B4AV6G
764025,4APRG4APYB4AQ5G4AS9B4ASGG4ASNB4ASUG4AT1B4AV6G
764014,4APRG4APYB4AQ5G4AS9B4ASGG4ASNB4ASUG4AT1B4AV6G
764013,4APRG4APYB4AQ5G4AS9B4ASGG4ASNB4ASUG4AT1B4AV6G
764011,4APRG4APYB4AQ5G4AS9B4ASGG4ASNB4ASUG4AT1B4AV6G
764010,4APRG4APYB4AQ5G4AS9B4ASGG4ASNB4ASUG4AT1B4AV6G
764009,4APRG4APYB4AQ5G4AS9B4ASGG4ASNB4ASUG4AT1B4AV6G
1016066,4APRG4APYB4AQ5G4AS9B4ASGG4ASNB4ASUG4AT1B4AV6G
764016,4APRG4APYB4AQ5G4AS9B4ASGG4ASNB4ASUG4AT1B4AV6G
764005,4APRG4APYB4AQ5G4AS9B4ASGG4ASNB4ASUG4AT1B4AV6G
762706,4APRG4APYB4AQ5G4AS9B4ASGG4ASNB4ASUG4AT1B4AV6G
762705,4APRG4APYB4AQ5G4AS9B4ASGG4ASNB4ASUG4AT1B4AV6G
703992,4APRG4APYB4AQ5G4AS9B4ASGG4ASNB4ASUG4AT1B4AV6G
762704,4APRG4APYB4AQ5G4AS9B4ASGG4ASNB4ASUG4AT1B4AV6G
764008,4APRG4APYB4AQ5G4AS9B4ASGG4ASNB4ASUG4AT1B4AV6G
892487,4APRG4APYB4AQ5G4AS9B4ASGG4ASNB4ASUG4AT1B4AV6G
892488,4APRG4APYB4AQ5G4AS9B4ASGG4ASNB4ASUG4AT1B4AV6G
761045,4APRG4APYB4AQ5G4AS9B4ASGG4ASNB4ASUG4AT1B4AV6G
761044,4APRG4APYB4AQ5G4AS9B4ASGG4ASNB4ASUG4AT1B4AV6G
703993,4APRG4APYB4AQ5G4AS9B4ASGG4ASNB4ASUG4AT1B4AV6G
761042,4APRG4APYB4AQ5G4AS9B4ASGG4ASNB4ASUG4AT1B4AV6G
764026,4APRG4APYB4AQ5G4AS9B4ASGG4ASNB4ASUG4AT1B4AV6G
764017,4APRG4APYB4AQ5G4AS9B4ASGG4ASNB4ASUG4AT1B4AV6G
761047,4APRG4APYB4AQ5G4AS9B4ASGG4ASNB4ASUG4AT1B4AV6G
831262,4APRG4APYB4AQ5G4AS9B4ASGG4ASNB4ASUG4AT1B4AV6G
764022,4APRG4APYB4AQ5G4AS9B4ASGG4ASNB4ASUG4AT1B4AV6G
764021,4APRG4APYB4AQ5G4AS9B4ASGG4ASNB4ASUG4AT1B4AV6G
764019,4APRG4APYB4AQ5G4AS9B4ASGG4ASNB4ASUG4AT1B4AV6G
764018,4APRG4APYB4AQ5G4AS9B4ASGG4ASNB4ASUG4AT1B4AV6G
762696,4APRG4APYB4AQ5G4AS9B4ASGG4ASNB4ASUG4AT1B4AV6G
807847,4APRG4APYB4AQ5G4AS9B4ASGG4ASNB4ASUG4AT1B4AV6G
807859,4APRG4APYB4AQ5G4AS9B4ASGG4ASNB4ASUG4AT1B4AV6G
782228,4APRG4APYB4AQ5G4AS9B4ASGG4ASNB4ASUG4AT1B4AV6G
858273,4APSG4APZB4AQ6G4ASAB4ASHG4ASOB4ASVG4AT2B4AV7G
905343,4APSG4APZB4AQ6G4ASAB4ASHG4ASOB4ASVG4AT2B4AV7G
856525,4APSG4APZB4AQ6G4ASAB4ASHG4ASOB4ASVG4AT2B4AV7G
856496,4APSG4APZB4AQ6G4ASAB4ASHG4ASOB4ASVG4AT2B4AV7G
856506,4APSG4APZB4AQ6G4ASAB4ASHG4ASOB4ASVG4AT2B4AV7G
852492,4APSG4APZB4AQ6G4ASAB4ASHG4ASOB4ASVG4AT2B4AV7G
856532,4APSG4APZB4AQ6G4ASAB4ASHG4ASOB4ASVG4AT2B4AV7G
661143,4APSG4APZB4AQ6G4ASAB4ASHG4ASOB4ASVG4AT2B4AV7G
950984,4APSG4APZB4AQ6G4ASAB4ASHG4ASOB4ASVG4AT2B4AV7G
853158,4APSG4APZB4AQ6G4ASAB4ASHG4ASOB4ASVG4AT2B4AV7G
852789,4APSG4APZB4AQ6G4ASAB4ASHG4ASOB4ASVG4AT2B4AV7G
1041930,4APSG4APZB4AQ6G4ASAB4ASHG4ASOB4ASVG4AT2B4AV7G
856475,4APSG4APZB4AQ6G4ASAB4ASHG4ASOB4ASVG4AT2B4AV7G
853167,4APSG4APZB4AQ6G4ASAB4ASHG4ASOB4ASVG4AT2B4AV7G
813661,4APSG4APZB4AQ6G4ASAB4ASHG4ASOB4ASVG4AT2B4AV7G
813669,4APSG4APZB4AQ6G4ASAB4ASHG4ASOB4ASVG4AT2B4AV7G
858310,4APSG4APZB4AQ6G4ASAB4ASHG4ASOB4ASVG4AT2B4AV7G
813666,4APSG4APZB4AQ6G4ASAB4ASHG4ASOB4ASVG4AT2B4AV7G
852777,4APSG4APZB4AQ6G4ASAB4ASHG4ASOB4ASVG4AT2B4AV7G
899939,4APSG4APZB4AQ6G4ASAB4ASHG4ASOB4ASVG4AT2B4AV7G
895336,4APSG4APZB4AQ6G4ASAB4ASHG4ASOB4ASVG4AT2B4AV7G
663644,4APSG4APZB4AQ6G4ASAB4ASHG4ASOB4ASVG4AT2B4AV7G
857944,4APSG4APZB4AQ6G4ASAB4ASHG4ASOB4ASVG4AT2B4AV7G
1046384,4APSG4APZB4AQ6G4ASAB4ASHG4ASOB4ASVG4AT2B4AV7G
856142,4APSG4APZB4AQ6G4ASAB4ASHG4ASOB4ASVG4AT2B4AV7G
856489,4APSG4APZB4AQ6G4ASAB4ASHG4ASOB4ASVG4AT2B4AV7G
852361,4APSG4APZB4AQ6G4ASAB4ASHG4ASOB4ASVG4AT2B4AV7G
852726,4APSG4APZB4AQ6G4ASAB4ASHG4ASOB4ASVG4AT2B4AV7G
950978,4APSG4APZB4AQ6G4ASAB4ASHG4ASOB4ASVG4AT2B4AV7G
852712,4APSG4APZB4AQ6G4ASAB4ASHG4ASOB4ASVG4AT2B4AV7G
854070,4APSG4APZB4AQ6G4ASAB4ASHG4ASOB4ASVG4AT2B4AV7G
854082,4APSG4APZB4AQ6G4ASAB4ASHG4ASOB4ASVG4AT2B4AV7G
854053,4APSG4APZB4AQ6G4ASAB4ASHG4ASOB4ASVG4AT2B4AV7G
1021261,4APSG4APZB4AQ6G4ASAB4ASHG4ASOB4ASVG4AT2B4AV7G
895514,4APSG4APZB4AQ6G4ASAB4ASHG4ASOB4ASVG4AT2B4AV7G
898032,4APSG4APZB4AQ6G4ASAB4ASHG4ASOB4ASVG4AT2B4AV7G
663608,4APSG4APZB4AQ6G4ASAB4ASHG4ASOB4ASVG4AT2B4AV7G
664901,4APSG4APZB4AQ6G4ASAB4ASHG4ASOB4ASVG4AT2B4AV7G
895537,4APSG4APZB4AQ6G4ASAB4ASHG4ASOB4ASVG4AT2B4AV7G
895528,4APSG4APZB4AQ6G4ASAB4ASHG4ASOB4ASVG4AT2B4AV7G
863523,4APRG4APYB4AQ5G4AS9B4ASGG4ASNB4ASUG4AT1B4AV6G
807857,4APRG4APYB4AQ5G4AS9B4ASGG4ASNB4ASUG4AT1B4AV6G
807855,4APRG4APYB4AQ5G4AS9B4ASGG4ASNB4ASUG4AT1B4AV6G
863520,4APRG4APYB4AQ5G4AS9B4ASGG4ASNB4ASUG4AT1B4AV6G
863524,4APRG4APYB4AQ5G4AS9B4ASGG4ASNB4ASUG4AT1B4AV6G
807852,4APRG4APYB4AQ5G4AS9B4ASGG4ASNB4ASUG4AT1B4AV6G
807850,4APRG4APYB4AQ5G4AS9B4ASGG4ASNB4ASUG4AT1B4AV6G
863521,4APYB4AS9B4ASNB4AT1B4AVDB4AVRB4AY2B
803180,4APRB4APYG4AQ5B4AS9G4ASGB4ASNG4ASUB4AT1G4AV6B
1048206,4APRB4APYG4AQ5B4AS9G4ASGB4ASNG4ASUB4AT1G4AV6B
803178,4APRB4APYG4AQ5B4AS9G4ASGB4ASNG4ASUB4AT1G4AV6B
803174,4APRB4APYG4AQ5B4AS9G4ASGB4ASNG4ASUB4AT1G4AV6B
991889,4APRB4APYG4AQ5B4AS9G4ASGB4ASNG4ASUB4AT1G4AV6B
786007,4APRB4APYG4AQ5B4AS9G4ASGB4ASNG4ASUB4AT1G4AV6B
803175,4APRB4APYG4AQ5B4AS9G4ASGB4ASNG4ASUB4AT1G4AV6B
803176,4APRB4APYG4AQ5B4AS9G4ASGB4ASNG4ASUB4AT1G4AV6B
822922,4APRB4APYG4AQ5B4AS9G4ASGB4ASNG4ASUB4AT1G4AV6B
786008,4APRB4AQ5B4ASGB4ASUB4AV6B4AVKB4AXVB
803192,4APRB4APYG4AQ5B4AS9G4ASGB4ASNG4ASUB4AT1G4AV6B
803190,4APRB4APYG4AQ5B4AS9G4ASGB4ASNG4ASUB4AT1G4AV6B
803188,4APRB4APYG4AQ5B4AS9G4ASGB4ASNG4ASUB4AT1G4AV6B
803195,4APRB4APYG4AQ5B4AS9G4ASGB4ASNG4ASUB4AT1G4AV6B
991890,4APRB4APYG4AQ5B4AS9G4ASGB4ASNG4ASUB4AT1G4AV6B
803186,4APRB4APYG4AQ5B4AS9G4ASGB4ASNG4ASUB4AT1G4AV6B
822919,4APRB4APYG4AQ5B4AS9G4ASGB4ASNG4ASUB4AT1G4AV6B
803184,4APRB4APYG4AQ5B4AS9G4ASGB4ASNG4ASUB4AT1G4AV6B
786010,4APRB4APYG4AQ5B4AS9G4ASGB4ASNG4ASUB4AT1G4AV6B
798068,4APRB4APYG4AQ5B4AS9G4ASGB4ASNG4ASUB4AT1G4AV6B
798067,4APRB4APYG4AQ5B4AS9G4ASGB4ASNG4ASUB4AT1G4AV6B
798066,4APRB4APYG4AQ5B4AS9G4ASGB4ASNG4ASUB4AT1G4AV6B
784415,4APRB4APYG4AQ5B4AS9G4ASGB4ASNG4ASUB4AT1G4AV6B
1027313,4APRB4APYG4AQ5B4AS9G4ASGB4ASNG4ASUB4AT1G4AV6B
798070,4APRB4APYG4AQ5B4AS9G4ASGB4ASNG4ASUB4AT1G4AV6B
991893,4APRB4APYG4AQ5B4AS9G4ASGB4ASNG4ASUB4AT1G4AV6B
798059,4APRB4APYG4AQ5B4AS9G4ASGB4ASNG4ASUB4AT1G4AV6B
798058,4APRB4APYG4AQ5B4AS9G4ASGB4ASNG4ASUB4AT1G4AV6B
991894,4APRB4APYG4AQ5B4AS9G4ASGB4ASNG4ASUB4AT1G4AV6B
623304,4APRB4APYG4AQ5B4AS9G4ASGB4ASNG4ASUB4AT1G4AV6B
853651,4APSB4APZG4AQ6B4ASAG4ASHB4ASOG4ASVB4AT2G4AV7B
950963,4APSB4APZG4AQ6B4ASAG4ASHB4ASOG4ASVB4AT2G4AV7B
852283,4APSB4APZG4AQ6B4ASAG4ASHB4ASOG4ASVB4AT2G4AV7B
853636,4APSB4APZG4AQ6B4ASAG4ASHB4ASOG4ASVB4AT2G4AV7B
858787,4APSB4APZG4AQ6B4ASAG4ASHB4ASOG4ASVB4AT2G4AV7B
858791,4APSB4APZG4AQ6B4ASAG4ASHB4ASOG4ASVB4AT2G4AV7B
