1110078,4YBYG4YC5B4YEAG4YEHB4YEOG4YEVB4YF3G559NB559TG
1110105,4YBXR4YBYG4YC5B4YE9R4YEAG4YEHB4YEOG4YEVB4YF3G
1110079,4YBXR4YBYG4YC5B4YE9R4YEAG4YEHB4YEOG4YEVB4YF3G
1110104,4YBXR4YBYG4YC5B4YE9R4YEAG4YEHB4YEOG4YEVB4YF3G
1110080,4YBXR4YBYG4YC5B4YE9R4YEAG4YEHB4YEOG4YEVB4YF3G
1110081,4YBXR4YBYG4YC5B4YE9R4YEAG4YEHB4YEOG4YEVB4YF3G
1110087,4YBXR4YBYG4YC5B4YE9R4YEAG4YEHB4YEOG4YEVB4YF3G
1110074,4YBXR4YBYG4YC5B4YE9R4YEAG4YEHB4YEOG4YEVB4YF3G
1110109,4YBXR4YBYG4YC5B4YE9R4YEAG4YEHB4YEOG4YEVB4YF3G
1110075,4YBYG4YC5B4YEAG4YEHB4YEOG4YEVB4YF3G559NB559TG
1110108,4YBXR4YBYG4YC5B4YE9R4YEAG4YEHB4YEOG4YEVB4YF3G
1110076,4YBXR4YBYG4YC5B4YE9R4YEAG4YEHB4YEOG4YEVB4YF3G
1110107,4YBXR4YBYG4YC5B4YE9R4YEAG4YEHB4YEOG4YEVB4YF3G
1110077,4YBYG4YC5B4YEAG4YEHB4YEOG4YEVB4YF3G559NB559TG
1110106,4YBXR4YBYG4YC5B4YE9R4YEAG4YEHB4YEOG4YEVB4YF3G
752685,4YBYG4YC5B4YC5R4YEAG4YEHB4YEOG4YEVB4YF3G559NB
829356,4YBYG4YC5B4YC5R4YEAG4YEHB4YEOG4YEVB4YF3G559NB
752365,4YBYG4YC5B4YEAG4YEHB4YEOG4YEVB4YF3G559NB559TG
752364,4YBYG4YC5B4YC5R4YEAG4YEHB4YEOG4YEVB4YF3G559NB
752362,4YBYG4YC5B4YC5R4YEAG4YEHB4YEOG4YEVB4YF3G559NB
752361,4YBYG4YC5B4YC5R4YEAG4YEHB4YEOG4YEVB4YF3G559NB
752359,4YBYG4YC5B4YEAG4YEHB4YEOG4YEVB4YF3G559NB559TG
733844,4YBYG4YC5B4YC5R4YEAG4YEHB4YEOG4YEVB4YF3G559NB
1016267,4YBYG4YC5B4YC5R4YEAG4YEHB4YEOG4YEVB4YF3G559NB
659752,4YBYG4YC5B4YC5R4YEAG4YEHB4YEOG4YEVB4YF3G559NB
752673,4YBYG4YC5B4YEAG4YEHB4YEOG4YEVB4YF3G559NB559TG
666724,4YBYG4YC5B4YC5R4YEAG4YEHB4YEOG4YEVB4YF3G559NB
994010,4YBYG4YC5B4YC5R4YEAG4YEHB4YEOG4YEVB4YF3G559NB
753022,4YBYG4YC5B4YC5R4YEAG4YEHB4YEOG4YEVB4YF3G559NB
954986,4YBYG4YC5B4YEAG4YEHB4YEOG4YEVB4YF3G559NB559TG
954987,4YBYG4YC5B4YEAG4YEHB4YEOG4YEVB4YF3G559NB559TG
666723,4YBYG4YC5B4YC5R4YEAG4YEHB4YEOG4YEVB4YF3G559NB
666719,4YBYG4YC5B4YC5R4YEAG4YEHB4YEOG4YEVB4YF3G559NB
997326,4YBYG4YC5B4YC5R4YEAG4YEHB4YEOG4YEVB4YF3G559NB
666713,4YBYG4YC5B4YC5R4YEAG4YEHB4YEOG4YEVB4YF3G559NB
666691,4YBYG4YC5B4YC5R4YEAG4YEHB4YEOG4YEVB4YF3G559NB
666698,4YBYG4YC5B4YC5R4YEAG4YEHB4YEOG4YEVB4YF3G559NB
666699,4YBYG4YC5B4YC5R4YEAG4YEHB4YEOG4YEVB4YF3G559NB
671909,4YBYG4YC5B4YC5R4YEAG4YEHB4YEOG4YEVB4YF3G559NB
829341,4YBYG4YC5B4YC5R4YEAG4YEHB4YEOG4YEVB4YF3G559NB
671907,4YBYG4YC5B4YC5R4YEAG4YEHB4YEOG4YEVB4YF3G559NB
735860,4YBYG4YC5B4YC5R4YEAG4YEHB4YEOG4YEVB4YF3G559NB
671902,4YBYG4YC5B4YC5R4YEAG4YEHB4YEOG4YEVB4YF3G559NB
671901,4YBYG4YC5B4YC5R4YEAG4YEHB4YEOG4YEVB4YF3G559NB
664712,4YBYG4YC5B4YC5R4YEAG4YEHB4YEOG4YEVB4YF3G559NB
671898,4YBYG4YC5B4YC5R4YEAG4YEHB4YEOG4YEVB4YF3G559NB
829355,4YBYG4YC5B4YC5R4YEAG4YEHB4YEOG4YEVB4YF3G559NB
735861,4YBYG4YC5B4YC5R4YEAG4YEHB4YEOG4YEVB4YF3G559NB
671912,4YBYG4YC5B4YC5R4YEAG4YEHB4YEOG4YEVB4YF3G559NB
993187,4YBYG4YC5B4YC5R4YEAG4YEHB4YEOG4YEVB4YF3G559NB
753020,4YBYG4YC5B4YC5R4YEAG4YEHB4YEOG4YEVB4YF3G559NB
752690,4YBYG4YC5B4YC5R4YEAG4YEHB4YEOG4YEVB4YF3G559NB
752689,4YBYG4YC5B4YC5R4YEAG4YEHB4YEOG4YEVB4YF3G559NB
752687,4YBYG4YC5B4YC5R4YEAG4YEHB4YEOG4YEVB4YF3G559NB
752675,4YBYG4YC5B4YC5R4YEAG4YEHB4YEOG4YEVB4YF3G559NB
659754,4YBYG4YC5B4YC5R4YEAG4YEHB4YEOG4YEVB4YF3G559NB
752679,4YBYG4YC5B4YC5R4YEAG4YEHB4YEOG4YEVB4YF3G559NB
752677,4YBYG4YC5B4YC5R4YEAG4YEHB4YEOG4YEVB4YF3G559NB
753031,4YBYG4YC5B4YC5R4YEAG4YEHB4YEOG4YEVB4YF3G559NB
753025,4YBYG4YC5B4YC5R4YEAG4YEHB4YEOG4YEVB4YF3G559NB
753024,4YBYG4YC5B4YC5R4YEAG4YEHB4YEOG4YEVB4YF3G559NB
1021042,4YC5B4YC5R4YEHB4YEVB559NB55A0B55CBB
666694,4YBYG4YC5B4YC5R4YEAG4YEHB4YEOG4YEVB4YF3G559NB
659753,4YBYG4YC5B4YC5R4YEAG4YEHB4YEOG4YEVB4YF3G559NB
752652,4YBYG4YC5B4YC5R4YEAG4YEHB4YEOG4YEVB4YF3G559NB
945330,4YBYG4YC5B4YEAG4YEHB4YEOG4YEVB4YF3G559NB559TG
1102836,4YBYG4YC5B4YEAG4YEHB4YEOG4YEVB4YF3G559NB559TG
666343,4YBYG4YC5B4YEAG4YEHB4YEOG4YEVB4YF3G559NB559TG
946983,4YBYG4YC5B4YC5R4YEAG4YEHB4YEOG4YEVB4YF3G559NB
666340,4YBYG4YC5B4YEAG4YEHB4YEOG4YEVB4YF3G559NB559TG
666692,4YBYG4YC5B4YEAG4YEHB4YEOG4YEVB4YF3G559NB559TG
735862,4YBYG4YC5B4YEAG4YEHB4YEOG4YEVB4YF3G559NB559TG
664714,4YBYG4YC5B4YEAG4YEHB4YEOG4YEVB4YF3G559NB559TG
753027,4YBYG4YC5B4YEAG4YEHB4YEOG4YEVB4YF3G559NB559TG
947542,4YBYG4YC5B4YC5R4YEAG4YEHB4YEOG4YEVB4YF3G559NB
664717,4YBYG4YC5B4YC5R4YEAG4YEHB4YEOG4YEVB4YF3G559NB
753028,4YBYG4YC5B4YC5R4YEAG4YEHB4YEOG4YEVB4YF3G559NB
630625,4YBTG4YBVB4YC2B4YC9B4YEEB4YEJG4YELB4YESB4YF0B
629337,4YBXB4YC4G4YE9B4YEGG4YENB4YEUG4YF2B559MG559SB
629338,4YBXB4YC4G4YE9B4YEGG4YENB4YEUG4YF2B559MG559SB
643493,4YBVB4YBVG4YC2B4YC9B4YEEB4YELB4YELG4YESB4YF0B
1015565,4YBWB4YC3G4YCAB4YEFG4YEMB4YETG4YF1B559LG559RB
669934,4YBVB4YC2G4YC9B4YEEG4YELB4YESG4YF0B559KG559QB
630046,4YBVB4YBVB4YC2G4YC9B4YC9B4YEEG4YELB4YELB4YESG
1026978,4YBVB4YBVB4YC2G4YC9B4YC9B4YEEG4YELB4YELB4YESG
949374,4YBVB4YBVB4YC2G4YC9B4YC9B4YEEG4YELB4YELB4YESG
626830,4YBVB4YBVB4YC2G4YC9B4YC9B4YEEG4YELB4YELB4YESG
630060,4YBVB4YBVB4YC2G4YC9B4YC9B4YEEG4YELB4YELB4YESG
1032826,4YBVB4YBVB4YC2G4YC9B4YC9B4YEEG4YELB4YELB4YESG
668416,4YBUB4YBUB4YC1B4YC1B4YC8B4YC8B4YECG4YEDB4YEDB
734538,4YBUB4YBUB4YC1B4YC1B4YC8B4YC8B4YECG4YEDB4YEDB
1035817,4YBUB4YBUB4YC1B4YC1B4YC8B4YC8B4YECG4YEDB4YEDB
668444,4YBUB4YBUB4YC1B4YC1B4YC8B4YC8B4YECG4YEDB4YEDB
668410,4YBUB4YBUB4YC1B4YC1B4YC8B4YC8B4YECG4YEDB4YEDB
1047929,4YBUB4YBUB4YC1B4YC1B4YC8B4YC8B4YECG4YEDB4YEDB
992740,4YBUB4YBUB4YC1B4YC1B4YC8B4YC8B4YECG4YEDB4YEDB
734531,4YBUB4YBUB4YC1B4YC1B4YC8B4YC8B4YECG4YEDB4YEDB
668775,4YBUB4YBUB4YC1B4YC1B4YC8B4YC8B4YECG4YEDB4YEDB
668777,4YBUB4YBUB4YC1B4YC1B4YC8B4YC8B4YECG4YEDB4YEDB
998519,4YBUB4YBUB4YC1B4YC1B4YC8B4YC8B4YECG4YEDB4YEDB
668774,4YBUB4YBUB4YC1B4YC1B4YC8B4YC8B4YECG4YEDB4YEDB
1045941,4YBVB4YC2B4YC9B4YEEB4YELB4YESB4YF0B559KB559QB
1045942,4YBVB4YC2B4YC9B4YEEB4YELB4YESB4YF0B559KB559QB
1045943,4YBVB4YC2B4YC9B4YEEB4YELB4YESB4YF0B559KB559QB
642788,4YBVB4YBWG4YC2B4YC9B4YEEB4YELB4YEMG4YESB4YF0B
642789,4YBVB4YBWG4YC2B4YC9B4YEEB4YELB4YEMG4YESB4YF0B
1043926,4YBVB4YBWG4YC2B4YC9B4YEEB4YELB4YEMG4YESB4YF0B
642790,4YBVB4YBWG4YC2B4YC9B4YEEB4YELB4YEMG4YESB4YF0B
642791,4YBVB4YBWG4YC2B4YC9B4YEEB4YELB4YEMG4YESB4YF0B
1094947,4YBVB4YC2B4YC9B4YEEB4YELB4YESB4YF0B559KB559QB
1094946,4YBVB4YBVG4YC2B4YC9B4YEEB4YELB4YELG4YESB4YF0B
955812,4YBVB4YBVB4YBVG4YC2B4YC2B4YC9B4YC9B4YEEB4YEEB
955813,4YBVB4YBVB4YBVG4YC2B4YC2B4YC9B4YC9B4YEEB4YEEB
955814,4YBVB4YBVB4YBVG4YC2B4YC2B4YC9B4YC9B4YEEB4YEEB
955815,4YBVB4YBVB4YBVG4YC2B4YC2B4YC9B4YC9B4YEEB4YEEB
955149,4YBXB4YC1G4YC4B4YE9B4YEDG4YEGB4YENB4YERG4YEUB
955150,4YBXB4YC1G4YC4B4YE9B4YEDG4YEGB4YENB4YERG4YEUB
955151,4YBXB4YC1G4YC4B4YE9B4YEDG4YEGB4YENB4YERG4YEUB
955152,4YBXB4YC1G4YC4B4YE9B4YEDG4YEGB4YENB4YERG4YEUB
955153,4YBXB4YC1G4YC4B4YE9B4YEDG4YEGB4YENB4YERG4YEUB
755726,4YBXB4YC1G4YC4B4YE9B4YEDG4YEGB4YENB4YERG4YEUB
755730,4YBXB4YC4B4YE9B4YEGB4YENB4YEUB4YF2B559MB559SB
756128,4YBXB4YC4B4YE9B4YEGB4YENB4YEUB4YF2B559MB559SB
757446,4YBXB4YC1G4YC4B4YE9B4YEDG4YEGB4YENB4YERG4YEUB
940484,4YBVB4YC2B4YC9B4YEEB4YELB4YESB4YF0B559KB559QB
1139646,4YBVB4YC2B4YC3G4YC9B4YEEB4YELB4YESB4YETG4YF0B
1144061,4YBVB4YC0G4YC2B4YC9B4YEEB4YELB4YEQG4YESB4YF0B
1138267,4YBTB4YC0B4YC1G4YC7B4YECB4YEDG4YEJB4YEQB4YERG
942399,4YBTB4YC0B4YC1G4YC7B4YECB4YEDG4YEJB4YEQB4YERG
1100123,4YBTB4YC0B4YC1G4YC7B4YECB4YEDG4YEJB4YEQB4YERG
661095,4YBTB4YC0B4YC1G4YC7B4YECB4YEDG4YEJB4YEQB4YERG
987894,4YBTB4YC0B4YC1G4YC7B4YECB4YEDG4YEJB4YEQB4YERG
955630,4YBTB4YC0B4YC7B4YECB4YECG4YEJB4YEQB4YEWB559IB
1025027,4YBXB4YC4B4YCAG4YE9B4YEGB4YENB4YEUB4YF1G4YF2B
1020488,4YBXB4YC4B4YCAG4YE9B4YEGB4YENB4YEUB4YF1G4YF2B
993279,4YBVB4YC2G4YC9B4YEEG4YELB4YESG4YF0B559KG559QB
1106679,4YBVB4YC2G4YC9B4YEEG4YELB4YESG4YF0B559KG559QB
906627,4YBVB4YC2G4YC9B4YEEG4YELB4YESG4YF0B559KG559QB
948779,4YBYG4YBYR4YC5B4YEAG4YEAR4YEHB4YEOG4YEVB4YF3G
1016970,4YBYG4YC5B4YEAG4YEHB4YEOG4YEVB4YF3G559NB559TG
943068,4YBYG4YBYR4YC5B4YEAG4YEAR4YEHB4YEOG4YEVB4YF3G
750045,4YBVR4YBXG4YC4B4YC9R4YE9G4YEGB4YENG4YEUB4YF2G
745723,4YBVR4YBXG4YC4B4YC9R4YE9G4YEGB4YENG4YEUB4YF2G
738671,4YC4B4YEGB4YEUB559MB559ZB55CAB
996658,4YBVR4YBXG4YC4B4YC9R4YE9G4YEGB4YENG4YEUB4YF2G
940487,4YBUB4YC1B4YC8B4YEDB4YEHG4YEKB4YERB4YEZB559JB
1133071,4YBWB4YC3B4YCAB4YEFB4YEMB4YETB4YF1B559LB559RB
658045,4YBWB4YC3B4YCAB4YEAG4YEFB4YEMB4YETB4YF1B4YF3G
988639,4YBXG4YC4B4YE9G4YEGB4YENG4YEUB4YF2G559MB559SG
1033600,4YBXG4YC4B4YE9G4YEGB4YENG4YEUB4YF2G559MB559SG
893969,4YBXG4YC2R4YC4B4YE9G4YEGB4YENG4YEUB4YF2G559MB
988635,4YBXG4YC4B4YE9G4YEGB4YENG4YEUB4YF2G559MB559SG
988636,4YBXG4YC4B4YE9G4YEGB4YENG4YEUB4YF2G559MB559SG
1004809,4YBXG4YE9G4YENG4YF2G559SG55A6G55CHG
988637,4YBXG4YC4B4YE9G4YEGB4YENG4YEUB4YF2G559MB559SG
789247,4YBXG4YC4B4YE9G4YEGB4YENG4YEUB4YF2G559MB559SG
950353,4YBXG4YC4B4YE9G4YEGB4YENG4YEUB4YF2G559MB559SG
1153770,4YBXG4YC4B4YE9G4YEGB4YENG4YEUB4YF2G559MB559SG
1153771,4YBXG4YC4B4YE9G4YEGB4YENG4YEUB4YF2G559MB559SG
898258,4YBTB4YC0B4YC7B4YECB4YEJB4YEQB4YEWB559IB559OB
1025302,4YBXB4YC4B4YE9B4YEGB4YEHG4YENB4YEUB4YF2B559MB
953111,4YBVB4YC2B4YC9B4YEEB4YELB4YESB4YF0B559KB559QB
655493,4YBVB4YC2B4YC9B4YEEB4YELB4YESB4YF0B559KB559QB
943447,4YBXB4YC4B4YE9B4YE9G4YEGB4YENB4YEUB4YF2B4YF2G
943448,4YBXB4YC4B4YE9B4YE9G4YEGB4YENB4YEUB4YF2B4YF2G
947574,4YBXB4YC4B4YE9B4YE9G4YEGB4YENB4YEUB4YF2B4YF2G
1092129,4YBXB4YC4B4YE9B4YE9G4YEGB4YENB4YEUB4YF2B4YF2G
1092130,4YBXB4YC4B4YE9B4YE9G4YEGB4YENB4YEUB4YF2B4YF2G
1040456,4YBXG4YC4B4YE9G4YEGB4YENG4YEUB4YF2G559MB559SG
964530,4YBXG4YC4B4YE9G4YEGB4YENG4YEUB4YF2G559MB559SG
678408,4YBXG4YC1R4YC4B4YE9G4YEGB4YENG4YEUB4YF2G559MB
638427,4YBXG4YC1R4YC4B4YE9G4YEGB4YENG4YEUB4YF2G559MB
634555,4YBXG4YC1R4YC4B4YE9G4YEGB4YENG4YEUB4YF2G559MB
1005363,4YBXG4YC1R4YC4B4YE9G4YEGB4YENG4YEUB4YF2G559MB
777626,4YBXG4YC1R4YC4B4YE9G4YEGB4YENG4YEUB4YF2G559MB
678527,4YBXG4YC1R4YC4B4YE9G4YEGB4YENG4YEUB4YF2G559MB
777625,4YBXG4YC1R4YC4B4YE9G4YEGB4YENG4YEUB4YF2G559MB
678505,4YBXG4YC1R4YC4B4YE9G4YEGB4YENG4YEUB4YF2G559MB
678510,4YBXG4YC1R4YC4B4YE9G4YEGB4YENG4YEUB4YF2G559MB
940489,4YBXG4YC1R4YC4B4YE9G4YEGB4YENG4YEUB4YF2G559MB
950761,4YBXG4YC4B4YE9G4YEGB4YENG4YEUB4YF2G559MB559SG
951038,4YBXG4YC4B4YE9G4YEGB4YENG4YEUB4YF2G559MB559SG
678513,4YBXG4YC1R4YC4B4YE9G4YEGB4YENG4YEUB4YF2G559MB
678858,4YBXG4YC1R4YC4B4YE9G4YEGB4YENG4YEUB4YF2G559MB
678863,4YBXG4YC1R4YC4B4YE9G4YEGB4YENG4YEUB4YF2G559MB
678867,4YBXG4YC1R4YC4B4YE9G4YEGB4YENG4YEUB4YF2G559MB
775869,4YBXG4YC1R4YC4B4YE9G4YEGB4YENG4YEUB4YF2G559MB
1031411,4YBXG4YC4B4YE9G4YEGB4YENG4YEUB4YF2G559MB559SG
964531,4YBXG4YC4B4YE9G4YEGB4YENG4YEUB4YF2G559MB559SG
788855,4YBXG4YC1R4YC4B4YE9G4YEGB4YENG4YEUB4YF2G559MB
678390,4YBXG4YC1R4YC4B4YE9G4YEGB4YENG4YEUB4YF2G559MB
626998,4YBXG4YC4B4YE9G4YEGB4YENG4YEUB4YF2G559MB559SG
673761,4YBXG4YC4B4YE9G4YEGB4YENG4YEUB4YF2G559MB559SG
627006,4YBXG4YC4B4YE9G4YEGB4YENG4YEUB4YF2G559MB559SG
674097,4YBXG4YC4B4YE9G4YEGB4YENG4YEUB4YF2G559MB559SG
627008,4YBXG4YC4B4YE9G4YEGB4YENG4YEUB4YF2G559MB559SG
674098,4YBXG4YC4B4YE9G4YEGB4YENG4YEUB4YF2G559MB559SG
678399,4YBXG4YC1R4YC4B4YE9G4YEGB4YENG4YEUB4YF2G559MB
789902,4YBXG4YE9G4YENG4YF2G559SG55A6G55CHG
627130,4YBUG4YC1B4YC4R4YC8G4YEDB4YEKG4YERB4YEZG559JB
702539,4YBUG4YC1B4YC4R4YC8G4YEDB4YEKG4YERB4YEZG559JB
1122929,4YBTG4YBVB4YC2B4YC9B4YEEB4YEJG4YELB4YESB4YF0B
1049972,4YBVB4YC2B4YC3G4YC9B4YEEB4YEFG4YELB4YESB4YETG
1124580,4YBVB4YC0G4YC2B4YC9B4YECG4YEEB4YELB4YEQG4YESB
1123455,4YBVB4YC0G4YC2B4YC9B4YECG4YEEB4YELB4YEQG4YESB
1123456,4YBVB4YC0G4YC2B4YC9B4YECG4YEEB4YELB4YEQG4YESB
1123457,4YBVB4YC0G4YC2B4YC9B4YECG4YEEB4YELB4YEQG4YESB
1123458,4YBVB4YC0G4YC2B4YC9B4YECG4YEEB4YELB4YEQG4YESB
940490,4YBVB4YC0G4YC2B4YC9B4YECG4YEEB4YELB4YEQG4YESB
940491,4YBVB4YC2B4YC9B4YECG4YEEB4YELB4YESB4YF0B559IG
1133736,4YBWG4YC3B4YCAG4YEFB4YEMG4YETB4YF1G559LB559RG
736897,4YBUB4YC1B4YC8B4YEDB4YEHG4YEKB4YERB4YEZB559JB
1102039,4YBTG4YBVB4YC2B4YC9B4YEEB4YEJG4YELB4YESB4YF0B
1102040,4YBTG4YBVB4YC2B4YC9B4YEEB4YEJG4YELB4YESB4YF0B
1100095,4YBTG4YBVB4YC2B4YC9B4YEEB4YEJG4YELB4YESB4YF0B
1100096,4YBTG4YBVB4YC2B4YC9B4YEEB4YEJG4YELB4YESB4YF0B
1043965,4YBYB4YC5G4YEAB4YEHG4YEOB4YEVG4YF3B559NG559TB
856313,4YBYB4YC5G4YEAB4YEHG4YEOB4YEVG4YF3B559NG559TB
787423,4YBYB4YC5G4YEAB4YEHG4YEOB4YEVG4YF3B559NG559TB
949982,4YBYB4YC5G4YEAB4YEHG4YEOB4YEVG4YF3B559NG559TB
902737,4YBYB4YC5G4YEAB4YEHG4YEOB4YEVG4YF3B559NG559TB
695778,4YBWB4YBYG4YC3B4YCAB4YEAG4YEFB4YEMB4YEOG4YETB
1057858,4YBWB4YBYG4YC3B4YCAB4YEAG4YEFB4YEMB4YEOG4YETB
831101,4YBWB4YBYG4YC3B4YCAB4YEAG4YEFB4YEMB4YEOG4YETB
985848,4YBWB4YBYG4YC3B4YCAB4YEAG4YEFB4YEMB4YEOG4YETB
622537,4YBXB4YC4B4YE9B4YEEG4YEGB4YENB4YEUB4YF2B559KG
832044,4YBWB4YBYG4YC3B4YCAB4YEAG4YEFB4YEMB4YEOG4YETB
989941,4YBWB4YC3B4YCAB4YEFB4YEMB4YETB4YF1B559LB559RB
949973,4YBUB4YC1B4YC8B4YEDB4YEKB4YERB4YEZB559JB559PB
954105,4YBUB4YC1B4YC8B4YEDB4YEKB4YERB4YEZB559JB559PB
695790,4YBXG4YC2R4YC4B4YE9G4YEGB4YENG4YEUB4YF2G559MB
797936,4YBXG4YC2R4YC4B4YE9G4YEGB4YENG4YEUB4YF2G559MB
797937,4YBXG4YC2R4YC4B4YE9G4YEGB4YENG4YEUB4YF2G559MB
821917,4YBXG4YC2R4YC4B4YE9G4YEGB4YENG4YEUB4YF2G559MB
842897,4YBXG4YC2R4YC4B4YE9G4YEGB4YENG4YEUB4YF2G559MB
838674,4YBXG4YC2R4YC4B4YE9G4YEGB4YENG4YEUB4YF2G559MB
872279,4YBXG4YC2R4YC4B4YE9G4YEGB4YENG4YEUB4YF2G559MB
844187,4YBXG4YC4B4YE9G4YEGB4YENG4YEUB4YF2G559MB559SG
844171,4YBXG4YC2R4YC4B4YE9G4YEGB4YENG4YEUB4YF2G559MB
844169,4YBXG4YC2R4YC4B4YE9G4YEGB4YENG4YEUB4YF2G559MB
844160,4YBXG4YC2R4YC4B4YE9G4YEGB4YENG4YEUB4YF2G559MB
945876,4YBVG4YBYR4YC2B4YC2B4YC9G4YEAR4YEEB4YEEB4YELG
871297,4YBVG4YBYR4YC2B4YC9G4YEAR4YEEB4YELG4YESB4YF0G
947029,4YBVG4YBYR4YC2B4YC9G4YEAR4YEEB4YELG4YESB4YF0G
871270,4YBVG4YBYR4YC2B4YC9G4YEAR4YEEB4YELG4YESB4YF0G
871278,4YBVG4YBYR4YC2B4YC9G4YEAR4YEEB4YELG4YESB4YF0G
871285,4YBVG4YBYR4YC2B4YC9G4YEAR4YEEB4YELG4YESB4YF0G
1050036,4YBWB4YBWB4YC3G4YC3G4YCAB4YCAB4YEFG4YEFG4YEMB
1050044,4YBWB4YBWB4YC3G4YC3G4YCAB4YCAB4YEFG4YEFG4YEMB
957249,4YBWB4YC1R4YC3G4YCAB4YEFG4YEMB4YETG4YF1B559LG
1050045,4YBWB4YBWB4YC3G4YC3G4YCAB4YCAB4YEFG4YEFG4YEMB
1050046,4YBWB4YBWB4YC3G4YC3G4YCAB4YCAB4YEFG4YEFG4YEMB
957248,4YBWB4YC3G4YCAB4YEFG4YEMB4YETG4YF1B559LG559RB
1050047,4YBWB4YBWB4YC3G4YC3G4YCAB4YCAB4YEFG4YEFG4YEMB
910949,4YBWB4YBWB4YC3G4YC3G4YCAB4YCAB4YEFG4YEFG4YEMB
1050048,4YBWB4YBWB4YC3G4YC3G4YCAB4YCAB4YEFG4YEFG4YEMB
1050037,4YBWB4YBWB4YC3G4YC3G4YCAB4YCAB4YEFG4YEFG4YEMB
1008038,4YBWB4YC1R4YC3G4YCAB4YEFG4YEMB4YETG4YF1B559LG
1050038,4YBWB4YBWB4YC3G4YC3G4YCAB4YCAB4YEFG4YEFG4YEMB
1050039,4YBWB4YBWB4YC3G4YC3G4YCAB4YCAB4YEFG4YEFG4YEMB
957238,4YBWB4YC1R4YC3G4YCAB4YEFG4YEMB4YETG4YF1B559LG
1050040,4YBWB4YBWB4YC3G4YC3G4YCAB4YCAB4YEFG4YEFG4YEMB
1050041,4YBWB4YBWB4YC3G4YC3G4YCAB4YCAB4YEFG4YEFG4YEMB
829599,4YBWB4YC1R4YC3G4YCAB4YEFG4YEMB4YETG4YF1B559LG
1050042,4YBWB4YBWB4YC3G4YC3G4YCAB4YCAB4YEFG4YEFG4YEMB
1050043,4YBWB4YBWB4YC3G4YC3G4YCAB4YCAB4YEFG4YEFG4YEMB
958551,4YBWB4YC1R4YC3G4YCAB4YEFG4YEMB4YETG4YF1B559LG
1025437,4YBWB4YBWB4YC3G4YC3G4YCAB4YCAB4YEFG4YEFG4YEMB
1047169,4YBUG4YBWR4YC1B4YC8G4YCAR4YEDB4YEKG4YERB4YEZG
721206,4YBUG4YBWR4YC1B4YC8G4YCAR4YEDB4YEKG4YERB4YEZG
721207,4YBUG4YBWR4YC1B4YC8G4YCAR4YEDB4YEKG4YERB4YEZG
721208,4YBUG4YBWR4YC1B4YC8G4YCAR4YEDB4YEKG4YERB4YEZG
721209,4YBUG4YBWR4YC1B4YC8G4YCAR4YEDB4YEKG4YERB4YEZG
991140,4YBUG4YBWR4YC1B4YC8G4YCAR4YEDB4YEKG4YERB4YEZG
721211,4YBUG4YBWR4YC1B4YC8G4YCAR4YEDB4YEKG4YERB4YEZG
1047015,4YBUG4YC1B4YC8G4YEDB4YEKG4YERB4YEZG559JB559PG
1047170,4YBUG4YBWR4YC1B4YC8G4YCAR4YEDB4YEKG4YERB4YEZG
1047171,4YBUG4YC1B4YC8G4YEDB4YEKG4YERB4YEZG559JB559PG
721214,4YBUG4YBWR4YC1B4YC8G4YCAR4YEDB4YEKG4YERB4YEZG
862967,4YBUG4YBWR4YC1B4YC8G4YCAR4YEDB4YEKG4YERB4YEZG
720864,4YBUG4YBWR4YC1B4YC8G4YCAR4YEDB4YEKG4YERB4YEZG
720862,4YBUG4YBWR4YC1B4YC8G4YCAR4YEDB4YEKG4YERB4YEZG
1047014,4YBUG4YC1B4YC8G4YEDB4YEKG4YERB4YEZG559JB559PG
1047172,4YBUG4YC1B4YC8G4YEDB4YEKG4YERB4YEZG559JB559PG
1047173,4YBUG4YBWR4YC1B4YC8G4YCAR4YEDB4YEKG4YERB4YEZG
1047013,4YBUG4YC1B4YC8G4YEDB4YEKG4YERB4YEZG559JB559PG
1047174,4YBUG4YBWR4YC1B4YC8G4YCAR4YEDB4YEKG4YERB4YEZG
1047175,4YBUG4YC1B4YC8G4YEDB4YEKG4YERB4YEZG559JB559PG
1047012,4YBUG4YC1B4YC8G4YEDB4YEKG4YERB4YEZG559JB559PG
1047176,4YBUG4YC1B4YC8G4YEDB4YEKG4YERB4YEZG559JB559PG
725776,4YBUG4YBWR4YC1B4YC8G4YCAR4YEDB4YEKG4YERB4YEZG
1140016,4YBUG4YC1B4YC8G4YEDB4YEKG4YERB4YEZG559JB559PG
1035448,4YBUG4YBWR4YC1B4YC8G4YCAR4YEDB4YEKG4YERB4YEZG
944285,4YBUG4YC1B4YC8G4YEDB4YEKG4YERB4YEZG559JB559PG
894492,4YBUG4YBWR4YC1B4YC8G4YCAR4YEDB4YEKG4YERB4YEZG
720857,4YBUG4YBWR4YC1B4YC8G4YCAR4YEDB4YEKG4YERB4YEZG
1020722,4YBUG4YBWR4YC1B4YC8G4YCAR4YEDB4YEKG4YERB4YEZG
1040576,4YBUG4YBWR4YC1B4YC8G4YCAR4YEDB4YEKG4YERB4YEZG
1035449,4YBUG4YBWR4YC1B4YC8G4YCAR4YEDB4YEKG4YERB4YEZG
861768,4YBUG4YBWR4YC1B4YC8G4YCAR4YEDB4YEKG4YERB4YEZG
1140017,4YBUG4YBWR4YC1B4YC8G4YCAR4YEDB4YEKG4YERB4YEZG
1045293,4YBUG4YBWR4YC1B4YC8G4YCAR4YEDB4YEKG4YERB4YEZG
720860,4YBUG4YBWR4YC1B4YC8G4YCAR4YEDB4YEKG4YERB4YEZG
902829,4YBUG4YBWR4YC1B4YC8G4YCAR4YEDB4YEKG4YERB4YEZG
666587,4YBUB4YC1G4YC4R4YC8B4YEDG4YEKB4YERG4YEZB559JG
666585,4YBUB4YC1G4YC4R4YC8B4YEDG4YEKB4YERG4YEZB559JG
666580,4YBUB4YC1G4YC4R4YC8B4YEDG4YEKB4YERG4YEZB559JG
1000096,4YBUB4YC1G4YC8B4YEDG4YEKB4YERG4YEZB559JG559PB
666209,4YBUB4YC1G4YC4R4YC8B4YEDG4YEKB4YERG4YEZB559JG
706055,4YBUB4YC1G4YC8B4YEDG4YEKB4YERG4YEZB559JG559PB
666205,4YBUB4YC1G4YC4R4YC8B4YEDG4YEKB4YERG4YEZB559JG
666207,4YBUB4YC1G4YC4R4YC8B4YEDG4YEKB4YERG4YEZB559JG
666225,4YBUB4YC1G4YC4R4YC8B4YEDG4YEKB4YERG4YEZB559JG
666218,4YBUB4YC1G4YC4R4YC8B4YEDG4YEKB4YERG4YEZB559JG
666216,4YBUB4YC1G4YC4R4YC8B4YEDG4YEKB4YERG4YEZB559JG
739878,4YBUB4YC1G4YC4R4YC8B4YEDG4YEKB4YERG4YEZB559JG
666617,4YBUB4YC1G4YC4R4YC8B4YEDG4YEKB4YERG4YEZB559JG
666620,4YBUB4YC1G4YC4R4YC8B4YEDG4YEKB4YERG4YEZB559JG
672369,4YBUB4YC1G4YC4R4YC8B4YEDG4YEKB4YERG4YEZB559JG
907089,4YBUB4YC1G4YC4R4YC8B4YEDG4YEKB4YERG4YEZB559JG
666614,4YBUB4YC1G4YC4R4YC8B4YEDG4YEKB4YERG4YEZB559JG
666616,4YBUB4YC1G4YC1G4YC4R4YC8B4YEDG4YEDG4YEKB4YERG
667945,4YBUB4YC1G4YC4R4YC8B4YEDG4YEKB4YERG4YEZB559JG
667941,4YBUB4YC1G4YC4R4YC8B4YEDG4YEKB4YERG4YEZB559JG
666623,4YBUB4YC1G4YC4R4YC8B4YEDG4YEKB4YERG4YEZB559JG
666232,4YBUB4YC1G4YC4R4YC8B4YEDG4YEKB4YERG4YEZB559JG
666230,4YBUB4YC1G4YC4R4YC8B4YEDG4YEKB4YERG4YEZB559JG
739560,4YBUB4YC1G4YC4R4YC8B4YEDG4YEKB4YERG4YEZB559JG
1024233,4YBUB4YC1G4YC8B4YEDG4YEKB4YERG4YEZB559JG559PB
1016288,4YBUB4YC1G4YC8B4YEDG4YEKB4YERG4YEZB559JG559PB
715202,4YBTG4YC0B4YC0R4YC7G4YECB4YEJG4YEQB4YEWG559IB
758621,4YBTG4YBWR4YC0B4YC7G4YCAR4YECB4YEJG4YEQB4YEWG
758646,4YBTG4YBWR4YC0B4YC7G4YCAR4YECB4YEJG4YEQB4YEWG
818668,4YBTG4YBWR4YC0B4YC7G4YCAR4YECB4YEJG4YEQB4YEWG
758643,4YBTG4YBWR4YC0B4YC7G4YCAR4YECB4YEJG4YEQB4YEWG
758639,4YBTG4YBWR4YC0B4YC7G4YCAR4YECB4YEJG4YEQB4YEWG
758626,4YBTG4YBWR4YC0B4YC7G4YCAR4YECB4YEJG4YEQB4YEWG
758628,4YBTG4YBWR4YC0B4YC7G4YCAR4YECB4YEJG4YEQB4YEWG
758632,4YBTG4YBWR4YC0B4YC7G4YCAR4YECB4YEJG4YEQB4YEWG
818666,4YBTG4YBWR4YC0B4YC7G4YCAR4YECB4YEJG4YEQB4YEWG
716640,4YBTG4YC0B4YC7G4YECB4YEJG4YEQB4YEWG559IB559OG
741106,4YBTG4YBWR4YC0B4YC7G4YCAR4YECB4YEJG4YEQB4YEWG
715163,4YBTG4YBWR4YC0B4YC7G4YCAR4YECB4YEJG4YEQB4YEWG
715167,4YBTG4YBWR4YC0B4YC7G4YCAR4YECB4YEJG4YEQB4YEWG
715152,4YBTG4YC0B4YC7G4YECB4YEJG4YEQB4YEWG559IB559OG
715147,4YBTG4YBWR4YC0B4YC7G4YCAR4YECB4YEJG4YEQB4YEWG
838235,4YBTG4YBWR4YC0B4YC7G4YCAR4YECB4YEJG4YEQB4YEWG
795553,4YBTG4YBWR4YC0B4YC7G4YCAR4YECB4YEJG4YEQB4YEWG
715156,4YBTG4YC0B4YC7G4YECB4YEJG4YEQB4YEWG559IB559OG
795552,4YBTG4YBWR4YC0B4YC7G4YCAR4YECB4YEJG4YEQB4YEWG
795551,4YBTG4YC0B4YC7G4YECB4YEJG4YEQB4YEWG559IB559OG
795549,4YBTG4YC0B4YC7G4YECB4YEJG4YEQB4YEWG559IB559OG
715153,4YBTG4YBWR4YC0B4YC7G4YCAR4YECB4YEJG4YEQB4YEWG
741107,4YBTG4YC0B4YC7G4YECB4YEJG4YEQB4YEWG559IB559OG
716645,4YBTG4YC0B4YC0R4YC7G4YECB4YEJG4YEQB4YEWG559IB
716638,4YBTG4YC0B4YC0R4YC7G4YECB4YEJG4YEQB4YEWG559IB
715181,4YBTG4YBWR4YC0B4YC7G4YCAR4YECB4YEJG4YEQB4YEWG
715188,4YBTG4YC0B4YC7G4YECB4YEJG4YEQB4YEWG559IB559OG
741305,4YBTG4YBWR4YC0B4YC7G4YCAR4YECB4YEJG4YEQB4YEWG
1005747,4YBTG4YBWR4YC0B4YC7G4YCAR4YECB4YEJG4YEQB4YEWG
754945,4YBTG4YBWR4YC0B4YC7G4YCAR4YECB4YEJG4YEQB4YEWG
820024,4YBTG4YBWR4YC0B4YC7G4YCAR4YECB4YEJG4YEQB4YEWG
754951,4YBTG4YC0B4YC7G4YECB4YEJG4YEQB4YEWG559IB559OG
753598,4YBTG4YBWR4YC0B4YC7G4YCAR4YECB4YEJG4YEQB4YEWG
754929,4YBTG4YC0B4YC7G4YECB4YEJG4YEQB4YEWG559IB559OG
741503,4YBTG4YBWR4YC0B4YC7G4YCAR4YECB4YEJG4YEQB4YEWG
754935,4YBTG4YC0B4YC7G4YECB4YEJG4YEQB4YEWG559IB559OG
740194,4YBTG4YC0B4YC0R4YC7G4YECB4YEJG4YEQB4YEWG559IB
782487,4YBTG4YC0B4YC7G4YECB4YEJG4YEQB4YEWG559IB559OG
753623,4YBTG4YC0B4YC7G4YECB4YEJG4YEQB4YEWG559IB559OG
753619,4YBTG4YBWR4YC0B4YC7G4YCAR4YECB4YEJG4YEQB4YEWG
741484,4YBTG4YC0B4YC7G4YECB4YEJG4YEQB4YEWG559IB559OG
753628,4YBTG4YBWR4YC0B4YC7G4YCAR4YECB4YEJG4YEQB4YEWG
753608,4YBTG4YBWR4YC0B4YC7G4YCAR4YECB4YEJG4YEQB4YEWG
753614,4YBTG4YBWR4YC0B4YC7G4YCAR4YECB4YEJG4YEQB4YEWG
758660,4YBTG4YBWR4YC0B4YC7G4YCAR4YECB4YEJG4YEQB4YEWG
754886,4YBTG4YBWR4YC0B4YC7G4YCAR4YECB4YEJG4YEQB4YEWG
754890,4YBTG4YBWR4YC0B4YC7G4YCAR4YECB4YEJG4YEQB4YEWG
758648,4YBTG4YBWR4YC0B4YC7G4YCAR4YECB4YEJG4YEQB4YEWG
818670,4YBTG4YBWR4YC0B4YC7G4YCAR4YECB4YEJG4YEQB4YEWG
716626,4YBTG4YC0B4YC0R4YC7G4YECB4YEJG4YEQB4YEWG559IB
780389,4YBTG4YC0B4YC0R4YC7G4YECB4YEJG4YEQB4YEWG559IB
696914,4YBTG4YC0B4YC7G4YECB4YEJG4YEQB4YEWG559IB559OG
758654,4YBTG4YBWR4YC0B4YC7G4YCAR4YECB4YEJG4YEQB4YEWG
697344,4YBTG4YC0B4YC7G4YECB4YEJG4YEQB4YEWG559IB559OG
818672,4YBTG4YBWR4YC0B4YC7G4YCAR4YECB4YEJG4YEQB4YEWG
697345,4YBTG4YC0B4YC7G4YECB4YEJG4YEQB4YEWG559IB559OG
754912,4YBTG4YBWR4YC0B4YC7G4YCAR4YECB4YEJG4YEQB4YEWG
993353,4YBTG4YC0B4YC7G4YECB4YEJG4YEQB4YEWG559IB559OG
697346,4YBTG4YC0B4YC7G4YECB4YEJG4YEQB4YEWG559IB559OG
741504,4YBTG4YC0B4YC0R4YC7G4YECB4YEJG4YEQB4YEWG559IB
697347,4YBTG4YC0B4YC7G4YECB4YEJG4YEQB4YEWG559IB559OG
697348,4YBTG4YC0B4YC7G4YECB4YEJG4YEQB4YEWG559IB559OG
697349,4YBTG4YC0B4YC7G4YECB4YEJG4YEQB4YEWG559IB559OG
787636,4YBTG4YC0B4YC7G4YECB4YEJG4YEQB4YEWG559IB559OG
990433,4YBTG4YC0B4YC7G4YECB4YEJG4YEQB4YEWG559IB559OG
715205,4YBTG4YC0B4YC7G4YECB4YEJG4YEQB4YEWG559IB559OG
715207,4YBTG4YC0B4YC0R4YC7G4YECB4YEJG4YEQB4YEWG559IB
715539,4YBTG4YC0B4YC0R4YC7G4YECB4YEJG4YEQB4YEWG559IB
818661,4YBTG4YC0B4YC0R4YC7G4YECB4YEJG4YEQB4YEWG559IB
990434,4YBTG4YC0B4YC7G4YECB4YEJG4YEQB4YEWG559IB559OG
990435,4YBTG4YC0B4YC7G4YECB4YEJG4YEQB4YEWG559IB559OG
990436,4YBTG4YBWR4YC0B4YC7G4YCAR4YECB4YEJG4YEQB4YEWG
990437,4YBTG4YC0B4YC7G4YECB4YEJG4YEQB4YEWG559IB559OG
715193,4YBTG4YC0B4YC0R4YC7G4YECB4YEJG4YEQB4YEWG559IB
715196,4YBTG4YC0B4YC0R4YC7G4YECB4YEJG4YEQB4YEWG559IB
715200,4YBTG4YBWR4YC0B4YC7G4YCAR4YECB4YEJG4YEQB4YEWG
984156,4YBTG4YC0B4YC7G4YECB4YEJG4YEQB4YEWG559IB559OG
1043222,4YBXG4YC4B4YE9G4YEGB4YENG4YEUB4YF2G559MB559SG
800743,4YBXG4YC3R4YC4B4YE9G4YEGB4YENG4YEUB4YF2G559MB
802882,4YBXG4YC4B4YE9G4YEGB4YENG4YEUB4YF2G559MB559SG
800746,4YBXG4YC4B4YE9G4YEGB4YENG4YEUB4YF2G559MB559SG
802870,4YBXG4YC4B4YE9G4YEGB4YENG4YEUB4YF2G559MB559SG
824487,4YBXG4YC3R4YC4B4YE9G4YEGB4YENG4YEUB4YF2G559MB
840020,4YBXG4YC4B4YE9G4YEGB4YENG4YEUB4YF2G559MB559SG
802884,4YBXG4YC3R4YC4B4YE9G4YEGB4YENG4YEUB4YF2G559MB
840023,4YBXG4YC3R4YC4B4YE9G4YEGB4YENG4YEUB4YF2G559MB
840019,4YBXG4YC4B4YE9G4YEGB4YENG4YEUB4YF2G559MB559SG
840006,4YBXG4YC3R4YC4B4YE9G4YEGB4YENG4YEUB4YF2G559MB
840009,4YBXG4YC4B4YE9G4YEGB4YENG4YEUB4YF2G559MB559SG
840010,4YBXG4YC4B4YE9G4YEGB4YENG4YEUB4YF2G559MB559SG
840012,4YBXG4YC3R4YC4B4YE9G4YEGB4YENG4YEUB4YF2G559MB
1007036,4YBXG4YC4B4YE9G4YEGB4YENG4YEUB4YF2G559MB559SG
839410,4YBXG4YC4B4YE9G4YEGB4YENG4YEUB4YF2G559MB559SG
839411,4YBXG4YC3R4YC4B4YE9G4YEGB4YENG4YEUB4YF2G559MB
820238,4YBXG4YC4B4YE9G4YEGB4YENG4YEUB4YF2G559MB559SG
840382,4YBXG4YC4B4YE9G4YEGB4YENG4YEUB4YF2G559MB559SG
839414,4YBXG4YC4B4YE9G4YEGB4YENG4YEUB4YF2G559MB559SG
820239,4YBXG4YC4B4YE9G4YEGB4YENG4YEUB4YF2G559MB559SG
663747,4YBXG4YC3R4YC4B4YE9G4YEGB4YENG4YEUB4YF2G559MB
839398,4YBXG4YC4B4YE9G4YEGB4YENG4YEUB4YF2G559MB559SG
839399,4YBXG4YC4B4YE9G4YEGB4YENG4YEUB4YF2G559MB559SG
839402,4YBXG4YC4B4YE9G4YEGB4YENG4YEUB4YF2G559MB559SG
839404,4YBXG4YC3R4YC4B4YE9G4YEGB4YENG4YEUB4YF2G559MB
839406,4YC4B4YEGB4YEUB559MB559ZB55CAB
825484,4YBXG4YC4B4YE9G4YEGB4YENG4YEUB4YF2G559MB559SG
838213,4YBXG4YC3R4YC4B4YE9G4YEGB4YENG4YEUB4YF2G559MB
839432,4YBXG4YC3R4YC4B4YE9G4YEGB4YENG4YEUB4YF2G559MB
843414,4YBXG4YC4B4YE9G4YEGB4YENG4YEUB4YF2G559MB559SG
824497,4YBXG4YC3R4YC4B4YE9G4YEGB4YENG4YEUB4YF2G559MB
839434,4YBXG4YC4B4YE9G4YEGB4YENG4YEUB4YF2G559MB559SG
839436,4YBXG4YC4B4YE9G4YEGB4YENG4YEUB4YF2G559MB559SG
820245,4YBXG4YC4B4YE9G4YEGB4YENG4YEUB4YF2G559MB559SG
825487,4YBXG4YC3R4YC4B4YE9G4YEGB4YENG4YEUB4YF2G559MB
839424,4YBXG4YC4B4YE9G4YEGB4YENG4YEUB4YF2G559MB559SG
839422,4YBXG4YC4B4YE9G4YEGB4YENG4YEUB4YF2G559MB559SG
839425,4YBXG4YC4B4YE9G4YEGB4YENG4YEUB4YF2G559MB559SG
840381,4YBXG4YC4B4YE9G4YEGB4YENG4YEUB4YF2G559MB559SG
843440,4YBXG4YC4B4YE9G4YEGB4YENG4YEUB4YF2G559MB559SG
843443,4YBXG4YC4B4YE9G4YEGB4YENG4YEUB4YF2G559MB559SG
843446,4YBXG4YC3R4YC4B4YE9G4YEGB4YENG4YEUB4YF2G559MB
839042,4YBXG4YC4B4YE9G4YEGB4YENG4YEUB4YF2G559MB559SG
843434,4YBXG4YC4B4YE9G4YEGB4YENG4YEUB4YF2G559MB559SG
744500,4YBXG4YC3R4YC4B4YE9G4YEGB4YENG4YEUB4YF2G559MB
843428,4YBXG4YC4B4YE9G4YEGB4YENG4YEUB4YF2G559MB559SG
839044,4YBXG4YC4B4YE9G4YEGB4YENG4YEUB4YF2G559MB559SG
839059,4YBXG4YC4B4YE9G4YEGB4YENG4YEUB4YF2G559MB559SG
839385,4YBXG4YC4B4YE9G4YEGB4YENG4YEUB4YF2G559MB559SG
839396,4YBXG4YC4B4YE9G4YEGB4YENG4YEUB4YF2G559MB559SG
839391,4YBXG4YC4B4YE9G4YEGB4YENG4YEUB4YF2G559MB559SG
744505,4YBXG4YC4B4YE9G4YEGB4YENG4YEUB4YF2G559MB559SG
820232,4YBXG4YC4B4YE9G4YEGB4YENG4YEUB4YF2G559MB559SG
840002,4YBXG4YE9G4YENG4YF2G559SG55A6G55CHG
800740,4YBXG4YC4B4YE9G4YEGB4YENG4YEUB4YF2G559MB559SG
802877,4YBXG4YC4B4YE9G4YEGB4YENG4YEUB4YF2G559MB559SG
1057681,4YBXG4YC4B4YE9G4YEGB4YENG4YEUB4YF2G559MB559SG
1059205,4YBXG4YC4B4YE9G4YEGB4YENG4YEUB4YF2G559MB559SG
1057684,4YBXG4YC4B4YE9G4YEGB4YENG4YEUB4YF2G559MB559SG
1057680,4YBXG4YC4B4YE9G4YEGB4YENG4YEUB4YF2G559MB559SG
1059206,4YBXG4YC4B4YE9G4YEGB4YENG4YEUB4YF2G559MB559SG
1057687,4YBXG4YC4B4YE9G4YEGB4YENG4YEUB4YF2G559MB559SG
1057682,4YBXG4YC4B4YE9G4YEGB4YENG4YEUB4YF2G559MB559SG
1059207,4YBXG4YC4B4YE9G4YEGB4YENG4YEUB4YF2G559MB559SG
1057688,4YBXG4YC4B4YE9G4YEGB4YENG4YEUB4YF2G559MB559SG
1057683,4YBXG4YC4B4YE9G4YEGB4YENG4YEUB4YF2G559MB559SG
1057689,4YBXG4YC4B4YE9G4YEGB4YENG4YEUB4YF2G559MB559SG
1057685,4YBXG4YC4B4YE9G4YEGB4YENG4YEUB4YF2G559MB559SG
650317,4YBUB4YC1G4YC8B4YEDG4YEKB4YERG4YEZB559JG559PB
1011187,4YBUB4YC1G4YC8B4YEDG4YEKB4YERG4YEZB559JG559PB
957230,4YBVG4YC2B4YC2R4YC9G4YEEB4YELG4YESB4YF0G559KB
957229,4YBVG4YC2B4YC2R4YC9G4YEEB4YELG4YESB4YF0G559KB
746104,4YBVG4YC2B4YC9G4YEEB4YELG4YESB4YF0G559KB559QG
695773,4YBVG4YC2B4YC9G4YEEB4YELG4YESB4YF0G559KB559QG
957224,4YBVG4YC2B4YC9G4YEEB4YELG4YESB4YF0G559KB559QG
695772,4YBVG4YC2B4YC9G4YEEB4YELG4YESB4YF0G559KB559QG
957215,4YBVG4YC2B4YC9G4YEEB4YELG4YESB4YF0G559KB559QG
958547,4YBVG4YC2B4YC2R4YC9G4YEEB4YELG4YESB4YF0G559KB
1008037,4YBVG4YC2B4YC2R4YC9G4YEEB4YELG4YESB4YF0G559KB
957246,4YBVG4YC2B4YC9G4YEEB4YELG4YESB4YF0G559KB559QG
829915,4YBVG4YC2B4YC2R4YC9G4YEEB4YELG4YESB4YF0G559KB
958590,4YBVG4YC2B4YC2R4YC9G4YEEB4YELG4YESB4YF0G559KB
958587,4YBVG4YC2B4YC2R4YC9G4YEEB4YELG4YESB4YF0G559KB
958585,4YBVG4YC2B4YC2R4YC9G4YEEB4YELG4YESB4YF0G559KB
958578,4YBVG4YC2B4YC2R4YC9G4YEEB4YELG4YESB4YF0G559KB
957213,4YBVG4YC2B4YC2R4YC9G4YEEB4YELG4YESB4YF0G559KB
629960,4YBVG4YC2B4YC2R4YC9G4YEEB4YELG4YESB4YF0G559KB
957228,4YBVG4YC2B4YC2R4YC9G4YEEB4YELG4YESB4YF0G559KB
957233,4YBVG4YC2B4YC2R4YC9G4YEEB4YELG4YESB4YF0G559KB
957231,4YBVG4YC2B4YC2R4YC9G4YEEB4YELG4YESB4YF0G559KB
1037739,4YBVG4YC2B4YC9G4YEEB4YELG4YESB4YF0G559KB559QG
957217,4YBVG4YC2B4YC9G4YEEB4YELG4YESB4YF0G559KB559QG
747955,4YBVG4YC2B4YC9G4YEEB4YELG4YESB4YF0G559KB559QG
1036900,4YBVG4YC2B4YC2R4YC9G4YEEB4YELG4YESB4YF0G559KB
957218,4YBVG4YC2B4YC9G4YEEB4YELG4YESB4YF0G559KB559QG
1045932,4YBVG4YC2B4YC9G4YEEB4YELG4YESB4YF0G559KB559QG
1022086,4YBVG4YC2B4YC2R4YC9G4YEEB4YELG4YESB4YF0G559KB
681827,4YBVG4YC2B4YC2R4YC9G4YEEB4YELG4YESB4YF0G559KB
958581,4YBVG4YC2B4YC9G4YEEB4YELG4YESB4YF0G559KB559QG
958583,4YBVG4YC2B4YC9G4YEEB4YELG4YESB4YF0G559KB559QG
743480,4YBVG4YC2B4YC2R4YC9G4YEEB4YELG4YESB4YF0G559KB
1037738,4YBVG4YC2B4YC9G4YEEB4YELG4YESB4YF0G559KB559QG
802697,4YBYG4YC1R4YC5B4YEAG4YEHB4YEOG4YEVB4YF3G559NB
801369,4YBYG4YC5B4YEAG4YEHB4YEOG4YEVB4YF3G559NB559TG
940493,4YBYG4YC5B4YEAG4YEHB4YEOG4YEVB4YF3G559NB559TG
1122883,4YBVG4YBYR4YC2B4YC9G4YEAR4YEEB4YELG4YESB4YF0G
904884,4YBVG4YC2B4YC9G4YEEB4YELG4YESB4YF0G559KB559QG
1002408,4YBXB4YC4B4YE9B4YE9G4YEGB4YENB4YEUB4YF2B4YF2G
1151604,4YBUB4YC1B4YC2G4YC8B4YEDB4YEEG4YEKB4YERB4YESG
787755,4YBTG4YBVB4YC2B4YC9B4YEEB4YEJG4YELB4YESB4YF0B
954146,4YBTG4YBVB4YC2B4YC9B4YEEB4YEJG4YELB4YESB4YF0B
944934,4YBTB4YC0G4YC7B4YECG4YEJB4YEQG4YEWB559IG559OB
952233,4YBWB4YC1G4YC3B4YCAB4YEDG4YEFB4YEMB4YERG4YETB
909493,4YBWB4YBYG4YC3B4YCAB4YEAG4YEFB4YEMB4YEOG4YETB
658124,4YBVB4YC2G4YC2R4YC9B4YEEG4YELB4YESG4YF0B559KG
1010136,4YBWB4YC3B4YCAB4YEFB4YEMB4YETB4YF1B559LB559RB
816968,4YBUB4YC1B4YC8B4YEDB4YEHG4YEKB4YERB4YEZB559JB
768318,4YBUB4YC1B4YC8B4YEDB4YEHG4YEKB4YERB4YEZB559JB
768335,4YBUB4YC1B4YC8B4YEDB4YEHG4YEKB4YERB4YEZB559JB
1001760,4YBYG4YBYR4YC5B4YEAG4YEAR4YEHB4YEOG4YEVB4YF3G
894018,4YBYG4YC5B4YEAG4YEHB4YEOG4YEVB4YF3G559NB559TG
1049338,4YBYG4YC5B4YEAG4YEHB4YEOG4YEVB4YF3G559NB559TG
894019,4YBYG4YC5B4YEAG4YEHB4YEOG4YEVB4YF3G559NB559TG
1036563,4YBYG4YC5B4YEAG4YEHB4YEOG4YEVB4YF3G559NB559TG
958567,4YBYG4YBYR4YC5B4YEAG4YEAR4YEHB4YEOG4YEVB4YF3G
1125285,4YBYG4YC5B4YEAG4YEHB4YEOG4YEVB4YF3G559NB559TG
958557,4YBYG4YBYR4YC5B4YEAG4YEAR4YEHB4YEOG4YEVB4YF3G
958556,4YBYG4YC5B4YEAG4YEHB4YEOG4YEVB4YF3G559NB559TG
958555,4YBYG4YBYR4YC5B4YEAG4YEAR4YEHB4YEOG4YEVB4YF3G
958553,4YBYG4YC5B4YEAG4YEHB4YEOG4YEVB4YF3G559NB559TG
958552,4YBYG4YC5B4YEAG4YEHB4YEOG4YEVB4YF3G559NB559TG
958565,4YBYG4YC5B4YEAG4YEHB4YEOG4YEVB4YF3G559NB559TG
1036243,4YBYG4YC5B4YEAG4YEHB4YEOG4YEVB4YF3G559NB559TG
958560,4YBYG4YBYR4YC5B4YEAG4YEAR4YEHB4YEOG4YEVB4YF3G
958563,4YBYG4YC5B4YEAG4YEHB4YEOG4YEVB4YF3G559NB559TG
829600,4YBYG4YC5B4YEAG4YEHB4YEOG4YEVB4YF3G559NB559TG
958561,4YBYG4YBYR4YC5B4YEAG4YEAR4YEHB4YEOG4YEVB4YF3G
1138509,4YBUB4YC1G4YC8B4YEDG4YEKB4YERG4YEZB559JG559PB
1138505,4YBUB4YC1G4YC8B4YEDG4YEKB4YERG4YEZB559JG559PB
1138508,4YBUB4YC1G4YC8B4YEDG4YEKB4YERG4YEZB559JG559PB
1138500,4YBUB4YC1G4YC8B4YEDG4YEKB4YERG4YEZB559JG559PB
1138502,4YBUB4YC1G4YC8B4YEDG4YEKB4YERG4YEZB559JG559PB
869086,4YBUB4YC1G4YC8B4YEDG4YEKB4YERG4YEZB559JG559PB
1138507,4YBUB4YC1G4YC8B4YEDG4YEKB4YERG4YEZB559JG559PB
1138504,4YBUB4YC1G4YC8B4YEDG4YEKB4YERG4YEZB559JG559PB
895744,4YBUB4YBUB4YBWR4YC1G4YC1G4YC8B4YC8B4YCAR4YEDG
1138501,4YBUB4YC1G4YC8B4YEDG4YEKB4YERG4YEZB559JG559PB
1138503,4YBUB4YC1G4YC8B4YEDG4YEKB4YERG4YEZB559JG559PB
1138506,4YBUB4YC1G4YC8B4YEDG4YEKB4YERG4YEZB559JG559PB
790239,4YBXG4YC4B4YE9G4YEGB4YENG4YEUB4YF2G559MB559SG
690602,4YBYG4YC5B4YEAG4YEHB4YEOG4YEVB4YF3G559NB559TG
1035004,4YBYB4YC5G4YEAB4YEHG4YEOB4YEVG4YF3B559NG559TB
947176,4YBYB4YC5G4YEAB4YEHG4YEOB4YEVG4YF3B559NG559TB
947182,4YBYB4YC5G4YEAB4YEHG4YEOB4YEVG4YF3B559NG559TB
947183,4YBYB4YC5G4YC5G4YEAB4YEHG4YEHG4YEOB4YEVG4YEVG
947187,4YBYB4YC5G4YEAB4YEHG4YEOB4YEVG4YF3B559NG559TB
947188,4YBYB4YC5G4YEAB4YEHG4YEOB4YEVG4YF3B559NG559TB
947189,4YBYB4YC5G4YEAB4YEHG4YEOB4YEVG4YF3B559NG559TB
947190,4YBYB4YC5G4YEAB4YEHG4YEOB4YEVG4YF3B559NG559TB
947194,4YBYB4YC5G4YEAB4YEHG4YEOB4YEVG4YF3B559NG559TB
1029133,4YBYB4YC5G4YEAB4YEHG4YEOB4YEVG4YF3B559NG559TB
1001227,4YBYB4YEAB4YEOB4YF3B559TB55A7B55CIB
911420,4YBYB4YEAB4YEOB4YF3B559TB55A7B55CIB
951807,4YBYB4YC5G4YEAB4YEHG4YEOB4YEVG4YF3B559NG559TB
691937,4YBYB4YC5G4YEAB4YEHG4YEOB4YEVG4YF3B559NG559TB
801990,4YBTG4YBVB4YC2B4YC9B4YEEB4YEJG4YELB4YESB4YF0B
1134369,4YBTG4YBVB4YC2B4YC9B4YEEB4YEJG4YELB4YESB4YF0B
765070,4YBWB4YC3G4YCAB4YEFG4YEMB4YETG4YF1B559LG559RB
765082,4YBWB4YC3G4YCAB4YEFG4YEMB4YETG4YF1B559LG559RB
765084,4YBWB4YC3G4YCAB4YEFG4YEMB4YETG4YF1B559LG559RB
765085,4YBWB4YC3G4YCAB4YEFG4YEMB4YETG4YF1B559LG559RB
940495,4YBVB4YBXG4YC2B4YC9B4YE9G4YEEB4YELB4YENG4YESB
1134574,4YBVB4YBXG4YC2B4YC9B4YE9G4YEEB4YELB4YENG4YESB
898082,4YBVB4YBXG4YC2B4YC9B4YE9G4YEEB4YELB4YENG4YESB
1024079,4YBUB4YC1B4YC2G4YC8B4YEDB4YEEG4YEKB4YERB4YESG
1029135,4YBXG4YC4B4YE9G4YEGB4YENG4YEUB4YF2G559MB559SG
945093,4YBXG4YC4B4YE9G4YEGB4YENG4YEUB4YF2G559MB559SG
940496,4YBXG4YC4B4YE9G4YEGB4YENG4YEUB4YF2G559MB559SG
952248,4YBXG4YC4B4YE9G4YEGB4YENG4YEUB4YF2G559MB559SG
952428,4YBXG4YC4B4YE9G4YEGB4YENG4YEUB4YF2G559MB559SG
1029134,4YBXG4YC4B4YE9G4YEGB4YENG4YEUB4YF2G559MB559SG
828988,4YBYB4YC5B4YEAB4YEHB4YEOB4YEVB4YF3B559NB559TB
673256,4YBYB4YC5B4YE9G4YEAB4YEHB4YEOB4YEVB4YF2G4YF3B
1049627,4YBYB4YC5B4YE9G4YEAB4YEHB4YEOB4YEVB4YF2G4YF3B
1049628,4YBYB4YC5B4YE9G4YEAB4YEHB4YEOB4YEVB4YF2G4YF3B
980947,4YBTB4YC0B4YC7B4YECB4YEJB4YEQB4YEWB559IB559OB
982558,4YBTB4YC0B4YC7B4YECB4YEJB4YEQB4YEWB559IB559OB
898259,4YBTB4YC0B4YC7B4YECB4YEJB4YEQB4YEWB559IB559OB
981002,4YBTB4YC0B4YC7B4YECB4YEJB4YEQB4YEWB559IB559OB
898261,4YBTB4YC0B4YC7B4YECB4YEJB4YEQB4YEWB559IB559OB
1121645,4YBTB4YC0B4YC7B4YECB4YEJB4YEQB4YEWB559IB559OB
623306,4YBXB4YC4G4YE9B4YEGG4YENB4YEUG4YF2B559MG559SB
842559,4YBXB4YC4G4YE9B4YEGG4YENB4YEUG4YF2B559MG559SB
1028712,4YBXB4YC4G4YE9B4YEGG4YENB4YEUG4YF2B559MG559SB
840846,4YBXB4YC4G4YE9B4YEGG4YENB4YEUG4YF2B559MG559SB
994050,4YBVB4YC2B4YC9B4YEEB4YELB4YESB4YF0B559KB559QB
933906,4YBVB4YC2B4YC9B4YEEB4YELB4YESB4YF0B559KB559QB
988965,4YBWB4YBYG4YBYR4YC3B4YCAB4YEAG4YEAR4YEFB4YEMB
789654,4YBWB4YBYG4YBYR4YC3B4YCAB4YEAG4YEAR4YEFB4YEMB
988970,4YBWB4YBYG4YBYR4YC3B4YCAB4YEAG4YEAR4YEFB4YEMB
952407,4YBWB4YBYG4YBYR4YC3B4YCAB4YEAG4YEAR4YEFB4YEMB
991180,4YBWB4YBYG4YBYR4YC3B4YCAB4YEAG4YEAR4YEFB4YEMB
950363,4YBWB4YBYG4YBYR4YC3B4YCAB4YEAG4YEAR4YEFB4YEMB
991179,4YBWB4YBYG4YBYR4YC3B4YCAB4YEAG4YEAR4YEFB4YEMB
988966,4YBWB4YBYG4YBYR4YC3B4YCAB4YEAG4YEAR4YEFB4YEMB
988967,4YBWB4YBYG4YBYR4YC3B4YCAB4YEAG4YEAR4YEFB4YEMB
950362,4YBWB4YBYG4YBYR4YC3B4YCAB4YEAG4YEAR4YEFB4YEMB
988968,4YBWB4YBYG4YBYR4YC3B4YCAB4YEAG4YEAR4YEFB4YEMB
1004812,4YBWB4YBYG4YBYR4YC3B4YCAB4YEAG4YEAR4YEFB4YEMB
701241,4YBWB4YBYG4YBYR4YC3B4YCAB4YEAG4YEAR4YEFB4YEMB
988969,4YBWB4YBYG4YBYR4YC3B4YCAB4YEAG4YEAR4YEFB4YEMB
909615,4YBWB4YC3B4YCAB4YEFB4YEMB4YETB4YF1B559LB559RB
1029857,4YBWB4YBYG4YC3B4YCAB4YEAG4YEFB4YEMB4YEOG4YETB
909616,4YBWB4YC3B4YCAB4YEFB4YEMB4YETB4YF1B559LB559RB
702371,4YBWB4YBYG4YC3B4YCAB4YEAG4YEFB4YEMB4YEOG4YETB
909617,4YBWB4YC3B4YCAB4YEFB4YEMB4YETB4YF1B559LB559RB
807032,4YBWB4YBYG4YC3B4YCAB4YEAG4YEFB4YEMB4YEOG4YETB
909618,4YBWB4YC3B4YCAB4YEFB4YEMB4YETB4YF1B559LB559RB
807030,4YBWB4YBYG4YC3B4YCAB4YEAG4YEFB4YEMB4YEOG4YETB
909619,4YBWB4YC3B4YCAB4YEFB4YEMB4YETB4YF1B559LB559RB
807029,4YBWB4YBYG4YC3B4YCAB4YEAG4YEFB4YEMB4YEOG4YETB
909620,4YBWB4YC3B4YCAB4YEFB4YEMB4YETB4YF1B559LB559RB
807028,4YBWB4YBYG4YC3B4YCAB4YEAG4YEFB4YEMB4YEOG4YETB
807026,4YBWB4YBYG4YC3B4YCAB4YEAG4YEFB4YEMB4YEOG4YETB
862161,4YBWB4YBYG4YC3B4YCAB4YEAG4YEFB4YEMB4YEOG4YETB
810395,4YBWB4YBYG4YC3B4YCAB4YEAG4YEFB4YEMB4YEOG4YETB
940834,4YBWB4YBYG4YC3B4YCAB4YEAG4YEFB4YEMB4YEOG4YETB
940497,4YBUB4YC1B4YC8B4YEDB4YEHG4YEKB4YERB4YEZB559JB
992061,4YBUB4YC1B4YC8B4YECG4YEDB4YEKB4YERB4YEZB559IG
953612,4YBUB4YC1B4YC8B4YECG4YEDB4YEKB4YERB4YEZB559IG
953664,4YBUB4YC1B4YC8B4YECG4YEDB4YEKB4YERB4YEZB559IG
1035997,4YBUB4YBWR4YC1G4YC8B4YCAR4YEDG4YEKB4YERG4YEZB
951804,4YBWB4YC3B4YC9G4YCAB4YEFB4YEMB4YETB4YF0G4YF1B
998129,4YBVG4YBYR4YC2B4YC9G4YEAR4YEEB4YELG4YESB4YF0G
869750,4YBVG4YBYR4YC2B4YC9G4YEAR4YEEB4YELG4YESB4YF0G
696579,4YBVG4YBYR4YC2B4YC9G4YEAR4YEEB4YELG4YESB4YF0G
870765,4YBVG4YC2B4YC9G4YEEB4YELG4YESB4YF0G559KB559QG
870771,4YBVG4YBYR4YC2B4YC9G4YEAR4YEEB4YELG4YESB4YF0G
869741,4YBVG4YBYR4YC2B4YC9G4YEAR4YEEB4YELG4YESB4YF0G
739262,4YBVG4YBYR4YC2B4YC9G4YEAR4YEEB4YELG4YESB4YF0G
660648,4YBVG4YBYR4YC2B4YC9G4YEAR4YEEB4YELG4YESB4YF0G
869745,4YBVG4YBYR4YC2B4YC9G4YEAR4YEEB4YELG4YESB4YF0G
1013182,4YBVG4YBYR4YC2B4YC9G4YEAR4YEEB4YELG4YESB4YF0G
894732,4YBVG4YC2B4YC9G4YEEB4YELG4YESB4YF0G559KB559QG
649306,4YBVG4YC2B4YC9G4YEEB4YELG4YESB4YF0G559KB559QG
894733,4YBVG4YC2B4YC9G4YEEB4YELG4YESB4YF0G559KB559QG
1006643,4YBVG4YC2B4YC9G4YEEB4YELG4YESB4YF0G559KB559QG
869748,4YBVG4YBYR4YC2B4YC9G4YEAR4YEEB4YELG4YESB4YF0G
661096,4YBWB4YC1G4YC3B4YCAB4YEDG4YEFB4YEMB4YERG4YETB
988301,4YBUB4YC1G4YC8B4YEDG4YEKB4YERG4YEZB559JG559PB
736090,4YBUB4YC1G4YC4R4YC8B4YEDG4YEKB4YERG4YEZB559JG
695724,4YBUB4YC1G4YC8B4YEDG4YEKB4YERG4YEZB559JG559PB
940341,4YBTG4YC0B4YC1R4YC7G4YECB4YEJG4YEQB4YEWG559IB
940500,4YBTG4YC0B4YC1R4YC7G4YECB4YEJG4YEQB4YEWG559IB
948671,4YBTG4YC0B4YC1R4YC7G4YECB4YEJG4YEQB4YEWG559IB
940342,4YBTG4YC0B4YC1R4YC7G4YECB4YEJG4YEQB4YEWG559IB
940343,4YBTG4YC0B4YC1R4YC7G4YECB4YEJG4YEQB4YEWG559IB
940344,4YBTG4YC0B4YC1R4YC7G4YECB4YEJG4YEQB4YEWG559IB
626777,4YBTG4YC0B4YC1R4YC7G4YECB4YEJG4YEQB4YEWG559IB
1049083,4YBWB4YC3B4YCAB4YEFB4YEMB4YETB4YF1B559LB559RB
1040208,4YBWB4YC3B4YCAB4YEFB4YEMB4YETB4YF1B559LB559RB
1040209,4YBWB4YC3B4YCAB4YEFB4YEMB4YETB4YF1B559LB559RB
1040210,4YBWB4YC3B4YCAB4YEFB4YEMB4YETB4YF1B559LB559RB
998258,4YBWB4YC3B4YCAB4YEFB4YEMB4YETB4YF1B559LB559RB
1006244,4YBWB4YC3B4YCAB4YEFB4YEMB4YETB4YF1B559LB559RB
1041478,4YBWB4YC3B4YCAB4YEFB4YEMB4YETB4YF1B559LB559RB
1041480,4YBWB4YC3B4YCAB4YEFB4YEMB4YETB4YF1B559LB559RB
1041481,4YBWB4YC3B4YCAB4YEFB4YEMB4YETB4YF1B559LB559RB
840466,4YBVB4YBVR4YC2G4YC9B4YC9R4YEEG4YELB4YESG4YF0B
840480,4YBVB4YBVR4YC2G4YC9B4YC9R4YEEG4YELB4YESG4YF0B
927269,4YBVB4YBVR4YC2G4YC9B4YC9R4YEEG4YELB4YESG4YF0B
840478,4YBVB4YBVR4YC2G4YC9B4YC9R4YEEG4YELB4YESG4YF0B
823338,4YBVB4YBVR4YC2G4YC9B4YC9R4YEEG4YELB4YESG4YF0B
863781,4YBVB4YBVR4YC2G4YC9B4YC9R4YEEG4YELB4YESG4YF0B
782587,4YBVB4YBVR4YC2G4YC9B4YC9R4YEEG4YELB4YESG4YF0B
755331,4YBVG4YC2B4YC2R4YC9G4YEEB4YELG4YESB4YF0G559KB
755335,4YBVG4YC2B4YC2R4YC9G4YEEB4YELG4YESB4YF0G559KB
755332,4YBVG4YC2B4YC2R4YC9G4YEEB4YELG4YESB4YF0G559KB
754976,4YBVG4YC2B4YC2R4YC9G4YEEB4YELG4YESB4YF0G559KB
820032,4YBVG4YC2B4YC2R4YC9G4YEEB4YELG4YESB4YF0G559KB
782490,4YBVG4YC2B4YC2R4YC9G4YEEB4YELG4YESB4YF0G559KB
755323,4YBVG4YC2B4YC2R4YC9G4YEEB4YELG4YESB4YF0G559KB
754927,4YBVG4YC2B4YC2R4YC9G4YEEB4YELG4YESB4YF0G559KB
741502,4YBVG4YC2B4YC9G4YEEB4YELG4YESB4YF0G559KB559QG
754925,4YBVG4YC2B4YC2R4YC9G4YEEB4YELG4YESB4YF0G559KB
754897,4YBVG4YC2B4YC2R4YC9G4YEEB4YELG4YESB4YF0G559KB
754901,4YBVG4YC2B4YC2R4YC9G4YEEB4YELG4YESB4YF0G559KB
754903,4YBVG4YC2B4YC2R4YC9G4YEEB4YELG4YESB4YF0G559KB
754907,4YBVG4YC2B4YC2R4YC9G4YEEB4YELG4YESB4YF0G559KB
742412,4YBVG4YC2B4YC2R4YC9G4YEEB4YELG4YESB4YF0G559KB
755328,4YBVG4YC2B4YC2R4YC9G4YEEB4YELG4YESB4YF0G559KB
