690215,4XVEB4XVLG4XXPB4XXWG4XY3B4XYAG4Y0FB4Y0MG4Y0TB
1011545,4XVEB4XVLG4XXPB4XXWG4XY3B4XYAG4Y0FB4Y0MG4Y0TB
1037508,4XVEB4XVLG4XXPB4XXWG4XY3B4XYAG4Y0FB4Y0MG4Y0TB
690198,4XVEB4XVLG4XXPB4XXWG4XY3B4XYAG4Y0FB4Y0MG4Y0TB
827189,4XVEB4XVLG4XXPB4XXWG4XY3B4XYAG4Y0FB4Y0MG4Y0TB
690554,4XVEB4XVLG4XXPB4XXWG4XY3B4XYAG4Y0FB4Y0MG4Y0TB
976453,4XVFG4XVHB4XVMG4XXLB4XXQG4XXSB4XXXG4XXZB4XY4G
950492,4XVFG4XVHB4XVMG4XXLB4XXQG4XXSB4XXXG4XXZB4XY4G
1041747,4XVFG4XVHB4XVMG4XXLB4XXQG4XXSB4XXXG4XXZB4XY4G
971093,4XVFG4XVHB4XVMG4XXLB4XXQG4XXSB4XXXG4XXZB4XY4G
971094,4XVFG4XVHB4XVMG4XXLB4XXQG4XXSB4XXXG4XXZB4XY4G
912114,4XVHB4XVMG4XXLB4XXSB4XXZB4XY6B4XYBG4XYDB4Y0IB
943232,4XVHB4XVMG4XXLB4XXSB4XXZB4XY6B4XYBG4XYDB4Y0IB
700316,4XVHB4XVMG4XXLB4XXSB4XXZB4XY6B4XYBG4XYDB4Y0IB
1010035,4XVHB4XVMG4XXLB4XXSB4XXZB4XY6B4XYBG4XYDB4Y0IB
945405,4XVHB4XVMG4XXLB4XXSB4XXZB4XY6B4XYBG4XYDB4Y0IB
700323,4XVHB4XVMG4XXLB4XXSB4XXZB4XY6B4XYBG4XYDB4Y0IB
943342,4XVHB4XVMG4XXLB4XXSB4XXZB4XY6B4XYBG4XYDB4Y0IB
1045312,4XVHB4XVMG4XXLB4XXSB4XXZB4XY6B4XYBG4XYDB4Y0IB
988975,4XVHB4XVMG4XXLB4XXSB4XXZB4XY6B4XYBG4XYDB4Y0IB
943343,4XVHB4XVMG4XXLB4XXSB4XXZB4XY6B4XYBG4XYDB4Y0IB
1120373,4XVFG4XVHB4XVMG4XXLB4XXQG4XXSB4XXXG4XXZB4XY4G
1137944,4XVFG4XVHB4XVMG4XXLB4XXQG4XXSB4XXXG4XXZB4XY4G
1137945,4XVFG4XVHB4XVMG4XXLB4XXQG4XXSB4XXXG4XXZB4XY4G
1137946,4XVFG4XVHB4XVMG4XXLB4XXQG4XXSB4XXXG4XXZB4XY4G
1010941,4XVHB4XVMG4XXLB4XXSB4XXZB4XY6B4XYBG4XYDB4Y0IB
1140047,4XVHB4XVMG4XXLB4XXSB4XXZB4XY6B4XYBG4XYDB4Y0IB
1019036,4XVHB4XVMG4XXLB4XXSB4XXZB4XY6B4XYBG4XYDB4Y0IB
1140048,4XVHB4XVMG4XXLB4XXSB4XXZB4XY6B4XYBG4XYDB4Y0IB
1019037,4XVHB4XVMG4XXLB4XXSB4XXZB4XY6B4XYBG4XYDB4Y0IB
755224,4XVEG4XVLB4XVMR4XXPG4XXWB4XXXR4XY3G4XYAB4XYBR
718922,4XVEG4XVLB4XVMR4XXPG4XXWB4XXXR4XY3G4XYAB4XYBR
718915,4XVEG4XVLB4XVMR4XXPG4XXWB4XXXR4XY3G4XYAB4XYBR
718907,4XVEG4XVLB4XXPG4XXWB4XY3G4XYAB4Y0FG4Y0MB4Y0TG
997914,4XVEG4XVLB4XVMR4XXPG4XXWB4XXXR4XY3G4XYAB4XYBR
719285,4XVEG4XVLB4XVMR4XXPG4XXWB4XXXR4XY3G4XYAB4XYBR
719291,4XVEG4XVLB4XVMR4XXPG4XXWB4XXXR4XY3G4XYAB4XYBR
719277,4XVEG4XVLB4XVMR4XXPG4XXWB4XXXR4XY3G4XYAB4XYBR
719281,4XVEG4XVLB4XVMR4XXPG4XXWB4XXXR4XY3G4XYAB4XYBR
719303,4XVEG4XVLB4XVMR4XXPG4XXWB4XXXR4XY3G4XYAB4XYBR
1030240,4XVEG4XVLB4XVMR4XXPG4XXWB4XXXR4XY3G4XYAB4XYBR
719298,4XVEG4XVLB4XVMR4XXPG4XXWB4XXXR4XY3G4XYAB4XYBR
719294,4XVEG4XVLB4XVMR4XXPG4XXWB4XXXR4XY3G4XYAB4XYBR
717997,4XVEG4XVLB4XVMR4XXPG4XXWB4XXXR4XY3G4XYAB4XYBR
717993,4XVEG4XVLB4XVMR4XXPG4XXWB4XXXR4XY3G4XYAB4XYBR
776284,4XVEG4XVLB4XVMR4XXPG4XXWB4XXXR4XY3G4XYAB4XYBR
717989,4XVEG4XVLB4XVMR4XXPG4XXWB4XXXR4XY3G4XYAB4XYBR
776286,4XVEG4XVLB4XVMR4XXPG4XXWB4XXXR4XY3G4XYAB4XYBR
719275,4XVEG4XVLB4XVMR4XXPG4XXWB4XXXR4XY3G4XYAB4XYBR
718002,4XVEG4XVLB4XXPG4XXWB4XY3G4XYAB4Y0FG4Y0MB4Y0TG
1030224,4XVEG4XVLB4XXPG4XXWB4XY3G4XYAB4Y0FG4Y0MB4Y0TG
753523,4XVEG4XVLB4XVMR4XXPG4XXWB4XXXR4XY3G4XYAB4XYBR
753493,4XVEG4XVLB4XXPG4XXWB4XY3G4XYAB4Y0FG4Y0MB4Y0TG
753489,4XVLB4XVMR4XXWB4XXXR4XYAB4XYBR4Y0MB4Y0NR4Y10B
675770,4XVEG4XVLB4XXPG4XXWB4XY3G4XYAB4Y0FG4Y0MB4Y0TG
1018218,4XVEG4XVLB4XVMR4XXPG4XXWB4XXXR4XY3G4XYAB4XYBR
675765,4XVEG4XVLB4XVMR4XXPG4XXWB4XXXR4XY3G4XYAB4XYBR
754860,4XVEG4XVLB4XVMR4XXPG4XXWB4XXXR4XY3G4XYAB4XYBR
754864,4XVEG4XVLB4XVMR4XXPG4XXWB4XXXR4XY3G4XYAB4XYBR
754854,4XVEG4XVLB4XVMR4XXPG4XXWB4XXXR4XY3G4XYAB4XYBR
754865,4XVEG4XVLB4XVMR4XXPG4XXWB4XXXR4XY3G4XYAB4XYBR
784016,4XVEG4XVLB4XVMR4XXPG4XXWB4XXXR4XY3G4XYAB4XYBR
783997,4XVEG4XVLB4XVMR4XXPG4XXWB4XXXR4XY3G4XYAB4XYBR
754848,4XVEG4XVLB4XVMR4XXPG4XXWB4XXXR4XY3G4XYAB4XYBR
717372,4XVEG4XVLB4XVMR4XXPG4XXWB4XXXR4XY3G4XYAB4XYBR
755241,4XVEG4XVLB4XXPG4XXWB4XY3G4XYAB4Y0FG4Y0MB4Y0TG
718937,4XVHG4XXLB4XXSG4XXZB4XY6G4XYDB4Y0IG4Y0PB4Y0WG
718935,4XVHG4XVMR4XXLB4XXSG4XXXR4XXZB4XY6G4XYBR4XYDB
1011793,4XVEG4XVLB4XXPG4XXWB4XY3G4XYAB4Y0FG4Y0MB4Y0TG
997910,4XVIB4XVMR4XXMB4XXTB4XXXR4XY0B4XY7B4XYBR4XYEB
718923,4XVEG4XVIB4XVMR4XXMB4XXPG4XXTB4XXXR4XY0B4XY3G
718926,4XVEG4XVIB4XVMR4XXMB4XXPG4XXTB4XXXR4XY0B4XY3G
750197,4XVGR4XVHG4XXLB4XXRR4XXSG4XXZB4XY5R4XY6G4XYDB
987637,4XVFG4XVIB4XVMG4XXMB4XXQG4XXTB4XXXG4XY0B4XY4G
987677,4XVFG4XVIB4XVMG4XXMB4XXQG4XXTB4XXXG4XY0B4XY4G
987638,4XVFG4XVIB4XVMG4XXMB4XXQG4XXTB4XXXG4XY0B4XY4G
987639,4XVFG4XVIB4XVMG4XXMB4XXQG4XXTB4XXXG4XY0B4XY4G
987678,4XVFG4XVIB4XVMG4XXMB4XXQG4XXTB4XXXG4XY0B4XY4G
987640,4XVFG4XVIB4XVMG4XXMB4XXQG4XXTB4XXXG4XY0B4XY4G
744265,4XVFG4XVIB4XVMG4XXMB4XXQG4XXTB4XXXG4XY0B4XY4G
987641,4XVFG4XVIB4XVMG4XXMB4XXQG4XXTB4XXXG4XY0B4XY4G
987679,4XVFG4XVIB4XVMG4XXMB4XXQG4XXTB4XXXG4XY0B4XY4G
987672,4XVFG4XVIB4XVMG4XXMB4XXQG4XXTB4XXXG4XY0B4XY4G
987642,4XVFG4XVIB4XVMG4XXMB4XXQG4XXTB4XXXG4XY0B4XY4G
987680,4XVFG4XVIB4XVMG4XXMB4XXQG4XXTB4XXXG4XY0B4XY4G
987643,4XVFG4XVIB4XVMG4XXMB4XXQG4XXTB4XXXG4XY0B4XY4G
987681,4XVFG4XVIB4XVMG4XXMB4XXQG4XXTB4XXXG4XY0B4XY4G
987644,4XVFG4XVIB4XVMG4XXMB4XXQG4XXTB4XXXG4XY0B4XY4G
987682,4XVFG4XVIB4XVMG4XXMB4XXQG4XXTB4XXXG4XY0B4XY4G
987645,4XVFG4XVIB4XVMG4XXMB4XXQG4XXTB4XXXG4XY0B4XY4G
987683,4XVFG4XVIB4XVMG4XXMB4XXQG4XXTB4XXXG4XY0B4XY4G
987646,4XVFG4XVIB4XVMG4XXMB4XXQG4XXTB4XXXG4XY0B4XY4G
987684,4XVFG4XVIB4XVMG4XXMB4XXQG4XXTB4XXXG4XY0B4XY4G
987634,4XVFG4XVIB4XVMG4XXMB4XXQG4XXTB4XXXG4XY0B4XY4G
744262,4XVFG4XVIB4XVMG4XXMB4XXQG4XXTB4XXXG4XY0B4XY4G
987685,4XVFG4XVIB4XVMG4XXMB4XXQG4XXTB4XXXG4XY0B4XY4G
987647,4XVFG4XVIB4XVMG4XXMB4XXQG4XXTB4XXXG4XY0B4XY4G
987686,4XVFG4XVIB4XVMG4XXMB4XXQG4XXTB4XXXG4XY0B4XY4G
987648,4XVFG4XVIB4XVMG4XXMB4XXQG4XXTB4XXXG4XY0B4XY4G
987687,4XVFG4XVIB4XVMG4XXMB4XXQG4XXTB4XXXG4XY0B4XY4G
987649,4XVFG4XVIB4XVMG4XXMB4XXQG4XXTB4XXXG4XY0B4XY4G
987688,4XVFG4XVIB4XVMG4XXMB4XXQG4XXTB4XXXG4XY0B4XY4G
987650,4XVFG4XVIB4XVMG4XXMB4XXQG4XXTB4XXXG4XY0B4XY4G
947922,4XVFG4XVIB4XVMG4XXMB4XXQG4XXTB4XXXG4XY0B4XY4G
987673,4XVFG4XVIB4XVMG4XXMB4XXQG4XXTB4XXXG4XY0B4XY4G
987651,4XVFG4XVIB4XVMG4XXMB4XXQG4XXTB4XXXG4XY0B4XY4G
744266,4XVFG4XVIB4XVMG4XXMB4XXQG4XXTB4XXXG4XY0B4XY4G
987652,4XVFG4XVIB4XVMG4XXMB4XXQG4XXTB4XXXG4XY0B4XY4G
987689,4XVFG4XVIB4XVMG4XXMB4XXQG4XXTB4XXXG4XY0B4XY4G
987653,4XVFG4XVIB4XVMG4XXMB4XXQG4XXTB4XXXG4XY0B4XY4G
987690,4XVFG4XVIB4XVMG4XXMB4XXQG4XXTB4XXXG4XY0B4XY4G
987654,4XVFG4XVIB4XVMG4XXMB4XXQG4XXTB4XXXG4XY0B4XY4G
987691,4XVFG4XVIB4XVMG4XXMB4XXQG4XXTB4XXXG4XY0B4XY4G
987655,4XVFG4XVIB4XVMG4XXMB4XXQG4XXTB4XXXG4XY0B4XY4G
947923,4XVFG4XVIB4XVMG4XXMB4XXQG4XXTB4XXXG4XY0B4XY4G
987635,4XVFG4XVIB4XVMG4XXMB4XXQG4XXTB4XXXG4XY0B4XY4G
987656,4XVFG4XVIB4XVMG4XXMB4XXQG4XXTB4XXXG4XY0B4XY4G
987692,4XVFG4XVIB4XVMG4XXMB4XXQG4XXTB4XXXG4XY0B4XY4G
744263,4XVFG4XVIB4XVMG4XXMB4XXQG4XXTB4XXXG4XY0B4XY4G
987693,4XVFG4XVIB4XVMG4XXMB4XXQG4XXTB4XXXG4XY0B4XY4G
987657,4XVFG4XVIB4XVMG4XXMB4XXQG4XXTB4XXXG4XY0B4XY4G
987694,4XVFG4XVIB4XVMG4XXMB4XXQG4XXTB4XXXG4XY0B4XY4G
987658,4XVFG4XVIB4XVMG4XXMB4XXQG4XXTB4XXXG4XY0B4XY4G
947924,4XVFG4XVIB4XVMG4XXMB4XXQG4XXTB4XXXG4XY0B4XY4G
987659,4XVFG4XVIB4XVMG4XXMB4XXQG4XXTB4XXXG4XY0B4XY4G
987674,4XVFG4XVIB4XVMG4XXMB4XXQG4XXTB4XXXG4XY0B4XY4G
987660,4XVFG4XVIB4XVMG4XXMB4XXQG4XXTB4XXXG4XY0B4XY4G
987661,4XVFG4XVIB4XVMG4XXMB4XXQG4XXTB4XXXG4XY0B4XY4G
987662,4XVFG4XVIB4XVMG4XXMB4XXQG4XXTB4XXXG4XY0B4XY4G
987663,4XVFG4XVIB4XVMG4XXMB4XXQG4XXTB4XXXG4XY0B4XY4G
987664,4XVFG4XVIB4XVMG4XXMB4XXQG4XXTB4XXXG4XY0B4XY4G
744261,4XVFG4XVIB4XVMG4XXMB4XXQG4XXTB4XXXG4XY0B4XY4G
987665,4XVFG4XVIB4XVMG4XXMB4XXQG4XXTB4XXXG4XY0B4XY4G
987666,4XVFG4XVIB4XVMG4XXMB4XXQG4XXTB4XXXG4XY0B4XY4G
987667,4XVFG4XVIB4XVMG4XXMB4XXQG4XXTB4XXXG4XY0B4XY4G
744264,4XVFG4XVIB4XVMG4XXMB4XXQG4XXTB4XXXG4XY0B4XY4G
987668,4XVFG4XVIB4XVMG4XXMB4XXQG4XXTB4XXXG4XY0B4XY4G
987675,4XVFG4XVIB4XVMG4XXMB4XXQG4XXTB4XXXG4XY0B4XY4G
987669,4XVFG4XVIB4XVMG4XXMB4XXQG4XXTB4XXXG4XY0B4XY4G
987670,4XVFG4XVIB4XVMG4XXMB4XXQG4XXTB4XXXG4XY0B4XY4G
987671,4XVFG4XVIB4XVMG4XXMB4XXQG4XXTB4XXXG4XY0B4XY4G
987636,4XVFG4XVIB4XVMG4XXMB4XXQG4XXTB4XXXG4XY0B4XY4G
987676,4XVFG4XVIB4XVMG4XXMB4XXQG4XXTB4XXXG4XY0B4XY4G
830292,4XVFR4XVGB4XVNG4XXQR4XXRB4XXYG4XY4R4XY5B4XYCG
902631,4XVGB4XVNG4XXRB4XXYG4XY5B4XYCG4Y0HB4Y0OG4Y0VB
647414,4XVGB4XVNG4XXRB4XXYG4XY5B4XYCG4Y0HB4Y0OG4Y0VB
902635,4XVFR4XVGB4XVNG4XXQR4XXRB4XXYG4XY4R4XY5B4XYCG
830258,4XVGB4XVNG4XXRB4XXYG4XY5B4XYCG4Y0HB4Y0OG4Y0VB
652563,4XVFR4XVGB4XVNG4XXQR4XXRB4XXYG4XY4R4XY5B4XYCG
652566,4XVGB4XVNG4XXRB4XXYG4XY5B4XYCG4Y0HB4Y0OG4Y0VB
1018973,4XVFR4XVGB4XVNG4XXQR4XXRB4XXYG4XY4R4XY5B4XYCG
901358,4XVGB4XVNG4XXRB4XXYG4XY5B4XYCG4Y0HB4Y0OG4Y0VB
652578,4XVFR4XVGB4XVNG4XXQR4XXRB4XXYG4XY4R4XY5B4XYCG
652568,4XVGB4XVNG4XXRB4XXYG4XY5B4XYCG4Y0HB4Y0OG4Y0VB
652543,4XVFR4XVGB4XVNG4XXQR4XXRB4XXYG4XY4R4XY5B4XYCG
652537,4XVGB4XVNG4XXRB4XXYG4XY5B4XYCG4Y0HB4Y0OG4Y0VB
652560,4XVFR4XVGB4XVNG4XXQR4XXRB4XXYG4XY4R4XY5B4XYCG
652549,4XVGB4XVNG4XXRB4XXYG4XY5B4XYCG4Y0HB4Y0OG4Y0VB
652552,4XVFR4XVGB4XVNG4XXQR4XXRB4XXYG4XY4R4XY5B4XYCG
979671,4XVGB4XVNG4XXRB4XXYG4XY5B4XYCG4Y0HB4Y0OG4Y0VB
690952,4XVFR4XVGB4XVNG4XXQR4XXRB4XXYG4XY4R4XY5B4XYCG
1034559,4XVGB4XVNG4XXRB4XXYG4XY5B4XYCG4Y0HB4Y0OG4Y0VB
665506,4XVFR4XVGB4XVNG4XXQR4XXRB4XXYG4XY4R4XY5B4XYCG
690982,4XVFR4XVGB4XVNG4XXQR4XXRB4XXYG4XY4R4XY5B4XYCG
691312,4XVFR4XVGB4XVNG4XXQR4XXRB4XXYG4XY4R4XY5B4XYCG
690968,4XVGB4XVNG4XXRB4XXYG4XY5B4XYCG4Y0HB4Y0OG4Y0VB
1133333,4XVFR4XVNG4XXQR4XXYG4XY4R4XYCG4Y0GR4Y0OG4Y0UR
1133334,4XVFR4XVGB4XVNG4XXQR4XXRB4XXYG4XY4R4XY5B4XYCG
978238,4XVGB4XVNG4XXRB4XXYG4XY5B4XYCG4Y0HB4Y0OG4Y0VB
978221,4XVFR4XVGB4XVNG4XXQR4XXRB4XXYG4XY4R4XY5B4XYCG
788262,4XVFR4XVGB4XVNG4XXQR4XXRB4XXYG4XY4R4XY5B4XYCG
652176,4XVFR4XVGB4XVNG4XXQR4XXRB4XXYG4XY4R4XY5B4XYCG
902637,4XVGB4XVNG4XXRB4XXYG4XY5B4XYCG4Y0HB4Y0OG4Y0VB
652175,4XVGB4XVNG4XXRB4XXYG4XY5B4XYCG4Y0HB4Y0OG4Y0VB
652182,4XVFR4XVGB4XVNG4XXQR4XXRB4XXYG4XY4R4XY5B4XYCG
652185,4XVFR4XVGB4XVNG4XXQR4XXRB4XXYG4XY4R4XY5B4XYCG
647412,4XVGB4XVNG4XXRB4XXYG4XY5B4XYCG4Y0HB4Y0OG4Y0VB
943630,4XVFR4XVGB4XVNG4XXQR4XXRB4XXYG4XY4R4XY5B4XYCG
943631,4XVER4XVFB4XVMG4XXPR4XXQB4XXXG4XY3R4XY4B4XYBG
753933,4XVER4XVFB4XVMG4XXPR4XXQB4XXXG4XY3R4XY4B4XYBG
753939,4XVFB4XVMG4XXQB4XXXG4XY4B4XYBG4Y0GB4Y0NG4Y0UB
753956,4XVER4XVFB4XVMG4XXPR4XXQB4XXXG4XY3R4XY4B4XYBG
822518,4XVER4XVFB4XVMG4XXPR4XXQB4XXXG4XY3R4XY4B4XYBG
753948,4XVER4XVFB4XVMG4XXPR4XXQB4XXXG4XY3R4XY4B4XYBG
753930,4XVER4XVFB4XVMG4XXPR4XXQB4XXXG4XY3R4XY4B4XYBG
753919,4XVER4XVFB4XVMG4XXPR4XXQB4XXXG4XY3R4XY4B4XYBG
744910,4XVER4XVFB4XVMG4XXPR4XXQB4XXXG4XY3R4XY4B4XYBG
753921,4XVER4XVFB4XVMG4XXPR4XXQB4XXXG4XY3R4XY4B4XYBG
753912,4XVER4XVFB4XVMG4XXPR4XXQB4XXXG4XY3R4XY4B4XYBG
753925,4XVER4XVFB4XVMG4XXPR4XXQB4XXXG4XY3R4XY4B4XYBG
753929,4XVER4XVFB4XVMG4XXPR4XXQB4XXXG4XY3R4XY4B4XYBG
753922,4XVER4XVFB4XVMG4XXPR4XXQB4XXXG4XY3R4XY4B4XYBG
753931,4XVER4XVFB4XVMG4XXPR4XXQB4XXXG4XY3R4XY4B4XYBG
753924,4XVER4XVFB4XVMG4XXPR4XXQB4XXXG4XY3R4XY4B4XYBG
753498,4XVER4XVFB4XVMG4XXPR4XXQB4XXXG4XY3R4XY4B4XYBG
753512,4XVFB4XVMG4XXQB4XXXG4XY4B4XYBG4Y0GB4Y0NG4Y0UB
822497,4XVER4XVFB4XVMG4XXPR4XXQB4XXXG4XY3R4XY4B4XYBG
822498,4XVER4XVFB4XVMG4XXPR4XXQB4XXXG4XY3R4XY4B4XYBG
744607,4XVER4XVFB4XVMG4XXPR4XXQB4XXXG4XY3R4XY4B4XYBG
758970,4XVER4XVFB4XVMG4XXPR4XXQB4XXXG4XY3R4XY4B4XYBG
758968,4XVER4XVFB4XVMG4XXPR4XXQB4XXXG4XY3R4XY4B4XYBG
758967,4XVER4XVFB4XVMG4XXPR4XXQB4XXXG4XY3R4XY4B4XYBG
753517,4XVER4XVFB4XVMG4XXPR4XXQB4XXXG4XY3R4XY4B4XYBG
753496,4XVER4XVFB4XVMG4XXPR4XXQB4XXXG4XY3R4XY4B4XYBG
1006520,4XVER4XVFB4XVMG4XXPR4XXQB4XXXG4XY3R4XY4B4XYBG
758944,4XVER4XVFB4XVMG4XXPR4XXQB4XXXG4XY3R4XY4B4XYBG
758940,4XVER4XVFB4XVMG4XXPR4XXQB4XXXG4XY3R4XY4B4XYBG
821585,4XVER4XVFB4XVMG4XXPR4XXQB4XXXG4XY3R4XY4B4XYBG
753505,4XVER4XVFB4XVMG4XXPR4XXQB4XXXG4XY3R4XY4B4XYBG
753507,4XVER4XVFB4XVMG4XXPR4XXQB4XXXG4XY3R4XY4B4XYBG
753932,4XVER4XVFB4XVMG4XXPR4XXQB4XXXG4XY3R4XY4B4XYBG
783982,4XVER4XVFB4XVMG4XXPR4XXQB4XXXG4XY3R4XY4B4XYBG
758992,4XVER4XVFB4XVMG4XXPR4XXQB4XXXG4XY3R4XY4B4XYBG
821231,4XVER4XVFB4XVMG4XXPR4XXQB4XXXG4XY3R4XY4B4XYBG
943632,4XVER4XVFB4XVMG4XXPR4XXQB4XXXG4XY3R4XY4B4XYBG
758996,4XVER4XVHB4XXLG4XXPR4XXSB4XXZG4XY3R4XY6B4XYDG
1009718,4XVFB4XVMG4XXQB4XXXG4XY4B4XYBG4Y0GB4Y0NG4Y0UB
753497,4XVER4XVHB4XXLG4XXPR4XXSB4XXZG4XY3R4XY6B4XYDG
967354,4XVER4XVFB4XVMG4XXPR4XXQB4XXXG4XY3R4XY4B4XYBG
742067,4XVER4XVFB4XVMG4XXPR4XXQB4XXXG4XY3R4XY4B4XYBG
1006487,4XVER4XVFB4XVMG4XXPR4XXQB4XXXG4XY3R4XY4B4XYBG
967351,4XVER4XVFB4XVMG4XXPR4XXQB4XXXG4XY3R4XY4B4XYBG
967349,4XVER4XVFB4XVMG4XXPR4XXQB4XXXG4XY3R4XY4B4XYBG
922417,4XVER4XVFB4XVMG4XXPR4XXQB4XXXG4XY3R4XY4B4XYBG
635480,4XVHB4XXLG4XXSB4XXZG4XY6B4XYDG4Y0IB4Y0PG4Y0WB
778464,4XVHB4XXLG4XXSB4XXZG4XY6B4XYDG4Y0IB4Y0PG4Y0WB
827719,4XVHB4XXLG4XXSB4XXZG4XY6B4XYDG4Y0IB4Y0PG4Y0WB
753515,4XVER4XVHB4XXLG4XXPR4XXSB4XXZG4XY3R4XY6B4XYDG
713677,4XVER4XVHB4XXLG4XXPR4XXSB4XXZG4XY3R4XY6B4XYDG
827734,4XVER4XVHB4XXLG4XXPR4XXSB4XXZG4XY3R4XY6B4XYDG
818556,4XVER4XVHB4XXLG4XXPR4XXSB4XXZG4XY3R4XY6B4XYDG
713672,4XVER4XVHB4XXLG4XXPR4XXSB4XXZG4XY3R4XY6B4XYDG
744597,4XVER4XVHB4XXLG4XXPR4XXSB4XXZG4XY3R4XY6B4XYDG
818561,4XVER4XVHB4XXLG4XXPR4XXSB4XXZG4XY3R4XY6B4XYDG
818562,4XVER4XVHB4XXLG4XXPR4XXSB4XXZG4XY3R4XY6B4XYDG
675127,4XVHB4XXLG4XXSB4XXZG4XY6B4XYDG4Y0IB4Y0PG4Y0WB
713680,4XVER4XVHB4XXLG4XXPR4XXSB4XXZG4XY3R4XY6B4XYDG
713669,4XVER4XVHB4XXLG4XXPR4XXSB4XXZG4XY3R4XY6B4XYDG
673595,4XVHB4XXLG4XXSB4XXZG4XY6B4XYDG4Y0IB4Y0PG4Y0WB
713649,4XVER4XVHB4XXLG4XXPR4XXSB4XXZG4XY3R4XY6B4XYDG
713666,4XVER4XVHB4XXLG4XXPR4XXSB4XXZG4XY3R4XY6B4XYDG
673600,4XVER4XVHB4XXLG4XXPR4XXSB4XXZG4XY3R4XY6B4XYDG
779084,4XVER4XVHB4XXLG4XXPR4XXSB4XXZG4XY3R4XY6B4XYDG
779083,4XVER4XVHB4XXLG4XXPR4XXSB4XXZG4XY3R4XY6B4XYDG
716185,4XVER4XVHB4XXLG4XXPR4XXSB4XXZG4XY3R4XY6B4XYDG
676239,4XVER4XVHB4XXLG4XXPR4XXSB4XXZG4XY3R4XY6B4XYDG
716183,4XVHB4XXLG4XXSB4XXZG4XY6B4XYDG4Y0IB4Y0PG4Y0WB
1012773,4XVER4XVHB4XXLG4XXPR4XXSB4XXZG4XY3R4XY6B4XYDG
716181,4XVHB4XXLG4XXSB4XXZG4XY6B4XYDG4Y0IB4Y0PG4Y0WB
716196,4XVHB4XXLG4XXSB4XXZG4XY6B4XYDG4Y0IB4Y0PG4Y0WB
716193,4XVER4XVHB4XXLG4XXPR4XXSB4XXZG4XY3R4XY6B4XYDG
716199,4XVER4XVHB4XXLG4XXPR4XXSB4XXZG4XY3R4XY6B4XYDG
716188,4XVHB4XXLG4XXSB4XXZG4XY6B4XYDG4Y0IB4Y0PG4Y0WB
714032,4XVER4XVHB4XXLG4XXPR4XXSB4XXZG4XY3R4XY6B4XYDG
818564,4XVER4XVHB4XXLG4XXPR4XXSB4XXZG4XY3R4XY6B4XYDG
818563,4XVER4XVHB4XXLG4XXPR4XXSB4XXZG4XY3R4XY6B4XYDG
1012761,4XVER4XVHB4XXLG4XXPR4XXSB4XXZG4XY3R4XY6B4XYDG
676593,4XVER4XVHB4XXLG4XXPR4XXSB4XXZG4XY3R4XY6B4XYDG
818567,4XVER4XVHB4XXLG4XXPR4XXSB4XXZG4XY3R4XY6B4XYDG
714037,4XVER4XVHB4XXLG4XXPR4XXSB4XXZG4XY3R4XY6B4XYDG
714036,4XVER4XVHB4XXLG4XXPR4XXSB4XXZG4XY3R4XY6B4XYDG
717354,4XVER4XVHB4XXLG4XXPR4XXSB4XXZG4XY3R4XY6B4XYDG
823669,4XVER4XVHB4XXLG4XXPR4XXSB4XXZG4XY3R4XY6B4XYDG
623292,4XVHB4XXLG4XXSB4XXZG4XY6B4XYDG4Y0IB4Y0PG4Y0WB
717350,4XVER4XVHB4XXLG4XXPR4XXSB4XXZG4XY3R4XY6B4XYDG
1012729,4XVER4XVHB4XXLG4XXPR4XXSB4XXZG4XY3R4XY6B4XYDG
823668,4XVHB4XXLG4XXSB4XXZG4XY6B4XYDG4Y0IB4Y0PG4Y0WB
717362,4XVER4XVHB4XXLG4XXPR4XXSB4XXZG4XY3R4XY6B4XYDG
717356,4XVER4XVHB4XXLG4XXPR4XXSB4XXZG4XY3R4XY6B4XYDG
676599,4XVER4XVHB4XXLG4XXPR4XXSB4XXZG4XY3R4XY6B4XYDG
744593,4XVER4XVHB4XXLG4XXPR4XXSB4XXZG4XY3R4XY6B4XYDG
717360,4XVER4XVHB4XXLG4XXPR4XXSB4XXZG4XY3R4XY6B4XYDG
823665,4XVER4XVHB4XXLG4XXPR4XXSB4XXZG4XY3R4XY6B4XYDG
743711,4XVER4XVHB4XXLG4XXPR4XXSB4XXZG4XY3R4XY6B4XYDG
717035,4XVER4XXLG4XXPR4XXZG4XY3R4XYDG4Y0FR4Y0PG4Y0TR
675123,4XVHB4XXLG4XXSB4XXZG4XY6B4XYDG4Y0IB4Y0PG4Y0WB
823662,4XVER4XVHB4XXLG4XXPR4XXSB4XXZG4XY3R4XY6B4XYDG
717335,4XVER4XVHB4XXLG4XXPR4XXSB4XXZG4XY3R4XY6B4XYDG
717343,4XVER4XVHB4XXLG4XXPR4XXSB4XXZG4XY3R4XY6B4XYDG
717341,4XVER4XVHB4XXLG4XXPR4XXSB4XXZG4XY3R4XY6B4XYDG
717337,4XVER4XVHB4XXLG4XXPR4XXSB4XXZG4XY3R4XY6B4XYDG
676596,4XVER4XVHB4XXLG4XXPR4XXSB4XXZG4XY3R4XY6B4XYDG
717357,4XVER4XVHB4XXLG4XXPR4XXSB4XXZG4XY3R4XY6B4XYDG
713637,4XVER4XVHB4XXLG4XXPR4XXSB4XXZG4XY3R4XY6B4XYDG
713634,4XVER4XVHB4XXLG4XXPR4XXSB4XXZG4XY3R4XY6B4XYDG
713630,4XVER4XVHB4XXLG4XXPR4XXSB4XXZG4XY3R4XY6B4XYDG
744596,4XVER4XVHB4XXLG4XXPR4XXSB4XXZG4XY3R4XY6B4XYDG
675118,4XVHB4XXLG4XXSB4XXZG4XY6B4XYDG4Y0IB4Y0PG4Y0WB
676590,4XVHB4XXLG4XXSB4XXZG4XY6B4XYDG4Y0IB4Y0PG4Y0WB
713644,4XVER4XVHB4XXLG4XXPR4XXSB4XXZG4XY3R4XY6B4XYDG
717370,4XVER4XVHB4XXLG4XXPR4XXSB4XXZG4XY3R4XY6B4XYDG
676602,4XVER4XVHB4XXLG4XXPR4XXSB4XXZG4XY3R4XY6B4XYDG
675114,4XVHB4XXLG4XXSB4XXZG4XY6B4XYDG4Y0IB4Y0PG4Y0WB
675099,4XVHB4XXLG4XXSB4XXZG4XY6B4XYDG4Y0IB4Y0PG4Y0WB
676628,4XVHB4XXLG4XXSB4XXZG4XY6B4XYDG4Y0IB4Y0PG4Y0WB
676625,4XVER4XVHB4XXLG4XXPR4XXSB4XXZG4XY3R4XY6B4XYDG
778840,4XVER4XVHB4XXLG4XXPR4XXSB4XXZG4XY3R4XY6B4XYDG
743336,4XVER4XVHB4XXLG4XXPR4XXSB4XXZG4XY3R4XY6B4XYDG
779749,4XVHB4XXLG4XXSB4XXZG4XY6B4XYDG4Y0IB4Y0PG4Y0WB
675094,4XVER4XVHB4XXLG4XXPR4XXSB4XXZG4XY3R4XY6B4XYDG
675092,4XVER4XVHB4XXPR4XXSB4XY3R4XY6B4Y0FR4Y0IB4Y0TR
675087,4XVER4XVHB4XXLG4XXPR4XXSB4XXZG4XY3R4XY6B4XYDG
675084,4XVER4XVHB4XXLG4XXPR4XXSB4XXZG4XY3R4XY6B4XYDG
675109,4XVER4XVHB4XXLG4XXPR4XXSB4XXZG4XY3R4XY6B4XYDG
997917,4XVER4XVHB4XXLG4XXPR4XXSB4XXZG4XY3R4XY6B4XYDG
719328,4XVER4XVHB4XXLG4XXPR4XXSB4XXZG4XY3R4XY6B4XYDG
719323,4XVER4XVHB4XXLG4XXPR4XXSB4XXZG4XY3R4XY6B4XYDG
719326,4XVER4XVHB4XXLG4XXPR4XXSB4XXZG4XY3R4XY6B4XYDG
743728,4XVER4XVHB4XXLG4XXPR4XXSB4XXZG4XY3R4XY6B4XYDG
676618,4XVER4XVHB4XXLG4XXPR4XXSB4XXZG4XY3R4XY6B4XYDG
719338,4XVER4XVHB4XXLG4XXPR4XXSB4XXZG4XY3R4XY6B4XYDG
719336,4XVER4XVHB4XXLG4XXPR4XXSB4XXZG4XY3R4XY6B4XYDG
719335,4XVER4XVHB4XXLG4XXPR4XXSB4XXZG4XY3R4XY6B4XYDG
719332,4XVHB4XXLG4XXSB4XXZG4XY6B4XYDG4Y0IB4Y0PG4Y0WB
1012057,4XVER4XVHB4XXLG4XXPR4XXSB4XXZG4XY3R4XY6B4XYDG
675106,4XVHB4XXLG4XXSB4XXZG4XY6B4XYDG4Y0IB4Y0PG4Y0WB
1006540,4XVER4XVHB4XXLG4XXPR4XXSB4XXZG4XY3R4XY6B4XYDG
753962,4XVHB4XXLG4XXSB4XXZG4XY6B4XYDG4Y0IB4Y0PG4Y0WB
753960,4XVER4XVHB4XXLG4XXPR4XXSB4XXZG4XY3R4XY6B4XYDG
719317,4XVHB4XXLG4XXSB4XXZG4XY6B4XYDG4Y0IB4Y0PG4Y0WB
719321,4XVER4XVHB4XXLG4XXPR4XXSB4XXZG4XY3R4XY6B4XYDG
676614,4XVER4XVHB4XXLG4XXPR4XXSB4XXZG4XY3R4XY6B4XYDG
719318,4XVER4XVHB4XXLG4XXPR4XXSB4XXZG4XY3R4XY6B4XYDG
719313,4XVER4XVHB4XXLG4XXPR4XXSB4XXZG4XY3R4XY6B4XYDG
719344,4XVER4XVHB4XXLG4XXPR4XXSB4XXZG4XY3R4XY6B4XYDG
778468,4XVER4XVHB4XXLG4XXPR4XXSB4XXZG4XY3R4XY6B4XYDG
635489,4XVER4XVHB4XXLG4XXPR4XXSB4XXZG4XY3R4XY6B4XYDG
675111,4XVHB4XXLG4XXSB4XXZG4XY6B4XYDG4Y0IB4Y0PG4Y0WB
635492,4XVHB4XXLG4XXSB4XXZG4XY6B4XYDG4Y0IB4Y0PG4Y0WB
676236,4XVHB4XXLG4XXSB4XXZG4XY6B4XYDG4Y0IB4Y0PG4Y0WB
743335,4XVHB4XXLG4XXSB4XXZG4XY6B4XYDG4Y0IB4Y0PG4Y0WB
676233,4XVHB4XXLG4XXSB4XXZG4XY6B4XYDG4Y0IB4Y0PG4Y0WB
676227,4XVHB4XXLG4XXSB4XXZG4XY6B4XYDG4Y0IB4Y0PG4Y0WB
676586,4XVER4XVHB4XXLG4XXPR4XXSB4XXZG4XY3R4XY6B4XYDG
778465,4XVHB4XXLG4XXSB4XXZG4XY6B4XYDG4Y0IB4Y0PG4Y0WB
719347,4XVHB4XXLG4XXSB4XXZG4XY6B4XYDG4Y0IB4Y0PG4Y0WB
719345,4XVER4XVHB4XXLG4XXPR4XXSB4XXZG4XY3R4XY6B4XYDG
719343,4XVHB4XXLG4XXSB4XXZG4XY6B4XYDG4Y0IB4Y0PG4Y0WB
719341,4XVHB4XXLG4XXSB4XXZG4XY6B4XYDG4Y0IB4Y0PG4Y0WB
743699,4XVHB4XXLG4XXSB4XXZG4XY6B4XYDG4Y0IB4Y0PG4Y0WB
1001965,4XVHB4XXLG4XXSB4XXZG4XY6B4XYDG4Y0IB4Y0PG4Y0WB
713623,4XVER4XVHB4XXLG4XXPR4XXSB4XXZG4XY3R4XY6B4XYDG
780359,4XVHB4XXLG4XXSB4XXZG4XY6B4XYDG4Y0IB4Y0PG4Y0WB
757344,4XVER4XVHB4XXLG4XXPR4XXSB4XXZG4XY3R4XY6B4XYDG
757342,4XVER4XVHB4XXLG4XXPR4XXSB4XXZG4XY3R4XY6B4XYDG
757337,4XVHB4XXLG4XXSB4XXZG4XY6B4XYDG4Y0IB4Y0PG4Y0WB
757334,4XVER4XVHB4XXLG4XXPR4XXSB4XXZG4XY3R4XY6B4XYDG
674880,4XVHB4XXLG4XXSB4XXZG4XY6B4XYDG4Y0IB4Y0PG4Y0WB
757304,4XVHB4XXLG4XXSB4XXZG4XY6B4XYDG4Y0IB4Y0PG4Y0WB
713621,4XVHB4XXLG4XXSB4XXZG4XY6B4XYDG4Y0IB4Y0PG4Y0WB
780356,4XVHB4XVHB4XXLG4XXSB4XXSB4XXZG4XY6B4XY6B4XYDG
757298,4XVHB4XXLG4XXSB4XXZG4XY6B4XYDG4Y0IB4Y0PG4Y0WB
674889,4XVHB4XXLG4XXSB4XXZG4XY6B4XYDG4Y0IB4Y0PG4Y0WB
674892,4XVHB4XXLG4XXSB4XXZG4XY6B4XYDG4Y0IB4Y0PG4Y0WB
780358,4XVHB4XXLG4XXSB4XXZG4XY6B4XYDG4Y0IB4Y0PG4Y0WB
823674,4XVER4XVHB4XXLG4XXPR4XXSB4XXZG4XY3R4XY6B4XYDG
674885,4XVHB4XXLG4XXSB4XXZG4XY6B4XYDG4Y0IB4Y0PG4Y0WB
757335,4XVHB4XXLG4XXSB4XXZG4XY6B4XYDG4Y0IB4Y0PG4Y0WB
819930,4XVHB4XXLG4XXSB4XXZG4XY6B4XYDG4Y0IB4Y0PG4Y0WB
757369,4XVHB4XXLG4XXSB4XXZG4XY6B4XYDG4Y0IB4Y0PG4Y0WB
819928,4XVHB4XXLG4XXSB4XXZG4XY6B4XYDG4Y0IB4Y0PG4Y0WB
823670,4XVHB4XXLG4XXSB4XXZG4XY6B4XYDG4Y0IB4Y0PG4Y0WB
819929,4XVHB4XXLG4XXSB4XXZG4XY6B4XYDG4Y0IB4Y0PG4Y0WB
758612,4XVHB4XVHB4XXLG4XXSB4XXSB4XXZG4XY6B4XY6B4XYDG
820258,4XVHB4XXLG4XXSB4XXZG4XY6B4XYDG4Y0IB4Y0PG4Y0WB
820259,4XVHB4XXLG4XXSB4XXZG4XY6B4XYDG4Y0IB4Y0PG4Y0WB
744606,4XVHB4XXLG4XXSB4XXZG4XY6B4XYDG4Y0IB4Y0PG4Y0WB
717366,4XVER4XVHB4XXLG4XXPR4XXSB4XXZG4XY3R4XY6B4XYDG
819923,4XVHB4XXLG4XXSB4XXZG4XY6B4XYDG4Y0IB4Y0PG4Y0WB
757350,4XVHB4XXLG4XXSB4XXZG4XY6B4XYDG4Y0IB4Y0PG4Y0WB
1011892,4XVHB4XXLG4XXSB4XXZG4XY6B4XYDG4Y0IB4Y0PG4Y0WB
757347,4XVHB4XXLG4XXSB4XXZG4XY6B4XYDG4Y0IB4Y0PG4Y0WB
819926,4XVHB4XXLG4XXSB4XXZG4XY6B4XYDG4Y0IB4Y0PG4Y0WB
757330,4XVHB4XXLG4XXSB4XXZG4XY6B4XYDG4Y0IB4Y0PG4Y0WB
819925,4XVHB4XXLG4XXSB4XXZG4XY6B4XYDG4Y0IB4Y0PG4Y0WB
757359,4XVHB4XXLG4XXSB4XXZG4XY6B4XYDG4Y0IB4Y0PG4Y0WB
819924,4XVHB4XXLG4XXSB4XXZG4XY6B4XYDG4Y0IB4Y0PG4Y0WB
716230,4XVHB4XXLG4XXSB4XXZG4XY6B4XYDG4Y0IB4Y0PG4Y0WB
716228,4XVHB4XXLG4XXSB4XXZG4XY6B4XYDG4Y0IB4Y0PG4Y0WB
713622,4XVER4XVHB4XXLG4XXPR4XXSB4XXZG4XY3R4XY6B4XYDG
1012775,4XVHB4XXLG4XXSB4XXZG4XY6B4XYDG4Y0IB4Y0PG4Y0WB
716225,4XVHB4XXLG4XXSB4XXZG4XY6B4XYDG4Y0IB4Y0PG4Y0WB
744604,4XVHB4XXLG4XXSB4XXZG4XY6B4XYDG4Y0IB4Y0PG4Y0WB
713624,4XVER4XVHB4XXLG4XXPR4XXSB4XXZG4XY3R4XY6B4XYDG
757327,4XVHB4XXLG4XXSB4XXZG4XY6B4XYDG4Y0IB4Y0PG4Y0WB
744603,4XVER4XVHB4XXLG4XXPR4XXSB4XXZG4XY3R4XY6B4XYDG
757295,4XVER4XVHB4XXLG4XXPR4XXSB4XXZG4XY3R4XY6B4XYDG
757285,4XVER4XVHB4XXLG4XXPR4XXSB4XXZG4XY3R4XY6B4XYDG
757289,4XVER4XVHB4XXLG4XXPR4XXSB4XXZG4XY3R4XY6B4XYDG
819868,4XVER4XVHB4XXLG4XXPR4XXSB4XXZG4XY3R4XY6B4XYDG
1012777,4XVER4XVHB4XXLG4XXPR4XXSB4XXZG4XY3R4XY6B4XYDG
819876,4XVER4XVHB4XXLG4XXPR4XXSB4XXZG4XY3R4XY6B4XYDG
757294,4XVER4XVHB4XXLG4XXPR4XXSB4XXZG4XY3R4XY6B4XYDG
716244,4XVER4XVHB4XXLG4XXPR4XXSB4XXZG4XY3R4XY6B4XYDG
1012776,4XVER4XVHB4XXLG4XXPR4XXSB4XXZG4XY3R4XY6B4XYDG
819872,4XVER4XVHB4XXLG4XXPR4XXSB4XXZG4XY3R4XY6B4XYDG
716263,4XVER4XVHB4XXLG4XXPR4XXSB4XXZG4XY3R4XY6B4XYDG
757286,4XVER4XVHB4XXLG4XXPR4XXSB4XXZG4XY3R4XY6B4XYDG
819878,4XVER4XVHB4XXLG4XXPR4XXSB4XXZG4XY3R4XY6B4XYDG
757292,4XVER4XVHB4XXLG4XXPR4XXSB4XXZG4XY3R4XY6B4XYDG
785583,4XVER4XVHB4XXLG4XXPR4XXSB4XXZG4XY3R4XY6B4XYDG
715314,4XVER4XVHB4XXLG4XXPR4XXSB4XXZG4XY3R4XY6B4XYDG
744600,4XVER4XVHB4XXLG4XXPR4XXSB4XXZG4XY3R4XY6B4XYDG
715316,4XVER4XVHB4XXLG4XXPR4XXSB4XXZG4XY3R4XY6B4XYDG
744601,4XVER4XVHB4XXLG4XXPR4XXSB4XXZG4XY3R4XY6B4XYDG
715319,4XVER4XVHB4XXLG4XXPR4XXSB4XXZG4XY3R4XY6B4XYDG
719140,4XVER4XVHB4XXLG4XXPR4XXSB4XXZG4XY3R4XY6B4XYDG
719142,4XVER4XVHB4XXLG4XXPR4XXSB4XXZG4XY3R4XY6B4XYDG
716257,4XVER4XVHB4XXLG4XXPR4XXSB4XXZG4XY3R4XY6B4XYDG
998602,4XVER4XVHB4XXLG4XXPR4XXSB4XXZG4XY3R4XY6B4XYDG
719146,4XVER4XVHB4XXLG4XXPR4XXSB4XXZG4XY3R4XY6B4XYDG
719143,4XVER4XVHB4XXLG4XXPR4XXSB4XXZG4XY3R4XY6B4XYDG
716203,4XVER4XVHB4XXLG4XXPR4XXSB4XXZG4XY3R4XY6B4XYDG
716200,4XVER4XVHB4XXLG4XXPR4XXSB4XXZG4XY3R4XY6B4XYDG
819874,4XVER4XVHB4XXLG4XXPR4XXSB4XXZG4XY3R4XY6B4XYDG
716253,4XVHB4XXLG4XXSB4XXZG4XY6B4XYDG4Y0IB4Y0PG4Y0WB
717032,4XVER4XVHB4XXLG4XXPR4XXSB4XXZG4XY3R4XY6B4XYDG
716256,4XVER4XVHB4XXLG4XXPR4XXSB4XXZG4XY3R4XY6B4XYDG
716251,4XVER4XVHB4XXLG4XXPR4XXSB4XXZG4XY3R4XY6B4XYDG
716260,4XVER4XVHB4XXLG4XXPR4XXSB4XXZG4XY3R4XY6B4XYDG
716241,4XVER4XVHB4XXLG4XXPR4XXSB4XXZG4XY3R4XY6B4XYDG
674883,4XVER4XVHB4XXLG4XXPR4XXSB4XXZG4XY3R4XY6B4XYDG
757357,4XVER4XVHB4XXLG4XXPR4XXSB4XXZG4XY3R4XY6B4XYDG
757363,4XVER4XVHB4XXLG4XXPR4XXSB4XXZG4XY3R4XY6B4XYDG
757361,4XVER4XVHB4XXLG4XXPR4XXSB4XXZG4XY3R4XY6B4XYDG
775255,4XVER4XVHB4XXLG4XXPR4XXSB4XXZG4XY3R4XY6B4XYDG
819922,4XVER4XVHB4XXLG4XXPR4XXSB4XXZG4XY3R4XY6B4XYDG
757348,4XVER4XVHB4XXLG4XXPR4XXSB4XXZG4XY3R4XY6B4XYDG
757349,4XVER4XVHB4XXLG4XXPR4XXSB4XXZG4XY3R4XY6B4XYDG
757352,4XVHB4XXLG4XXSB4XXZG4XY6B4XYDG4Y0IB4Y0PG4Y0WB
719149,4XVER4XVHB4XXLG4XXPR4XXSB4XXZG4XY3R4XY6B4XYDG
716235,4XVER4XVHB4XXLG4XXPR4XXSB4XXZG4XY3R4XY6B4XYDG
716234,4XVHB4XXLG4XXSB4XXZG4XY6B4XYDG4Y0IB4Y0PG4Y0WB
716239,4XVER4XVHB4XXLG4XXPR4XXSB4XXZG4XY3R4XY6B4XYDG
716227,4XVER4XVHB4XXLG4XXPR4XXSB4XXZG4XY3R4XY6B4XYDG
744599,4XVER4XVHB4XXLG4XXPR4XXSB4XXZG4XY3R4XY6B4XYDG
719150,4XVER4XVHB4XXLG4XXPR4XXSB4XXZG4XY3R4XY6B4XYDG
716229,4XVER4XVHB4XXLG4XXPR4XXSB4XXZG4XY3R4XY6B4XYDG
757301,4XVER4XVHB4XXLG4XXPR4XXSB4XXZG4XY3R4XY6B4XYDG
674886,4XVER4XVHB4XXLG4XXPR4XXSB4XXZG4XY3R4XY6B4XYDG
674882,4XVER4XVHB4XXLG4XXPR4XXSB4XXZG4XY3R4XY6B4XYDG
757354,4XVER4XVHB4XXLG4XXPR4XXSB4XXZG4XY3R4XY6B4XYDG
757374,4XVER4XVHB4XXLG4XXPR4XXSB4XXZG4XY3R4XY6B4XYDG
785619,4XVER4XVHB4XXLG4XXPR4XXSB4XXZG4XY3R4XY6B4XYDG
758610,4XVER4XVHB4XXLG4XXPR4XXSB4XXZG4XY3R4XY6B4XYDG
758613,4XVER4XVHB4XXLG4XXPR4XXSB4XXZG4XY3R4XY6B4XYDG
1006506,4XVER4XVHB4XXLG4XXPR4XXSB4XXZG4XY3R4XY6B4XYDG
757366,4XVER4XVHB4XXLG4XXPR4XXSB4XXZG4XY3R4XY6B4XYDG
819927,4XVER4XVHB4XXLG4XXPR4XXSB4XXZG4XY3R4XY6B4XYDG
757371,4XVER4XVHB4XXLG4XXPR4XXSB4XXZG4XY3R4XY6B4XYDG
757341,4XVER4XVHB4XXLG4XXPR4XXSB4XXZG4XY3R4XY6B4XYDG
757336,4XVER4XVHB4XXLG4XXPR4XXSB4XXZG4XY3R4XY6B4XYDG
757339,4XVER4XVHB4XXLG4XXPR4XXSB4XXZG4XY3R4XY6B4XYDG
744605,4XVER4XVHB4XXLG4XXPR4XXSB4XXZG4XY3R4XY6B4XYDG
674891,4XVER4XVHB4XXLG4XXPR4XXSB4XXZG4XY3R4XY6B4XYDG
757345,4XVER4XVHB4XXLG4XXPR4XXSB4XXZG4XY3R4XY6B4XYDG
757340,4XVER4XVHB4XXLG4XXPR4XXSB4XXZG4XY3R4XY6B4XYDG
757333,4XVER4XVHB4XXLG4XXPR4XXSB4XXZG4XY3R4XY6B4XYDG
757329,4XVER4XVHB4XXLG4XXPR4XXSB4XXZG4XY3R4XY6B4XYDG
943634,4XVER4XVHB4XXLG4XXPR4XXSB4XXZG4XY3R4XY6B4XYDG
757331,4XVER4XXLG4XXPR4XXZG4XY3R4XYDG4Y0FR4Y0PG4Y0TR
757303,4XVER4XVHB4XXLG4XXPR4XXSB4XXZG4XY3R4XY6B4XYDG
757299,4XVER4XVHB4XXLG4XXPR4XXSB4XXZG4XY3R4XY6B4XYDG
757302,4XVER4XVHB4XXLG4XXPR4XXSB4XXZG4XY3R4XY6B4XYDG
757305,4XVER4XVHB4XXLG4XXPR4XXSB4XXZG4XY3R4XY6B4XYDG
627262,4XVIG4XXTG4XY7G4Y0JG4Y0XG4Y38G4Y3MG
1044759,4XVIG4XXMB4XXNR4XXTG4XY0B4XY1R4XY7G4XYEB4Y0DR
627264,4XVIG4XXMB4XXTG4XY0B4XY7G4XYEB4Y0JG4Y0QB4Y0XG
627266,4XVIG4XXMB4XXTG4XY0B4XY7G4XYEB4Y0JG4Y0QB4Y0XG
942272,4XVIG4XXMB4XXNR4XXTG4XY0B4XY1R4XY7G4XYEB4Y0DR
870803,4XVIG4XXMB4XXNR4XXTG4XY0B4XY1R4XY7G4XYEB4Y0DR
942271,4XVIG4XXMB4XXNR4XXTG4XY0B4XY1R4XY7G4XYEB4Y0DR
870807,4XVIG4XXMB4XXNR4XXTG4XY0B4XY1R4XY7G4XYEB4Y0DR
942270,4XVIG4XXMB4XXNR4XXTG4XY0B4XY1R4XY7G4XYEB4Y0DR
1034206,4XVIG4XXMB4XXNR4XXTG4XY0B4XY1R4XY7G4XYEB4Y0DR
654171,4XVIG4XXMB4XXNR4XXTG4XY0B4XY1R4XY7G4XYEB4Y0DR
989973,4XVIG4XXMB4XXNR4XXTG4XY0B4XY1R4XY7G4XYEB4Y0DR
784414,4XVIG4XXMB4XXNR4XXTG4XY0B4XY1R4XY7G4XYEB4Y0DR
942269,4XVIG4XXMB4XXNR4XXTG4XY0B4XY1R4XY7G4XYEB4Y0DR
799369,4XVIG4XXMB4XXNR4XXTG4XY0B4XY1R4XY7G4XYEB4Y0DR
942268,4XVIG4XXMB4XXNR4XXTG4XY0B4XY1R4XY7G4XYEB4Y0DR
885983,4XVIG4XXMB4XXNR4XXTG4XY0B4XY1R4XY7G4XYEB4Y0DR
800258,4XVIG4XXMB4XXNR4XXTG4XY0B4XY1R4XY7G4XYEB4Y0DR
627253,4XVIG4XXMB4XXNR4XXTG4XY0B4XY1R4XY7G4XYEB4Y0DR
800261,4XVIG4XXMB4XXNR4XXTG4XY0B4XY1R4XY7G4XYEB4Y0DR
800269,4XVIG4XXMB4XXNR4XXTG4XY0B4XY1R4XY7G4XYEB4Y0DR
705382,4XVIG4XXMB4XXNR4XXTG4XY0B4XY1R4XY7G4XYEB4Y0DR
929144,4XVIG4XXMB4XXNR4XXTG4XY0B4XY1R4XY7G4XYEB4Y0DR
661923,4XVIG4XXMB4XXTG4XY0B4XY7G4XYEB4Y0JG4Y0QB4Y0XG
627258,4XVIG4XXMB4XXTG4XY0B4XY7G4XYEB4Y0JG4Y0QB4Y0XG
942275,4XVIG4XXMB4XXNR4XXTG4XY0B4XY1R4XY7G4XYEB4Y0DR
1014692,4XVIG4XXMB4XXTG4XY0B4XY7G4XYEB4Y0JG4Y0QB4Y0XG
942274,4XVIG4XXMB4XXNR4XXTG4XY0B4XY1R4XY7G4XYEB4Y0DR
627261,4XVIG4XXMB4XXTG4XY0B4XY7G4XYEB4Y0JG4Y0QB4Y0XG
942273,4XVIG4XXMB4XXNR4XXTG4XY0B4XY1R4XY7G4XYEB4Y0DR
989396,4XVEB4XVLG4XXNR4XXPB4XXWG4XY1R4XY3B4XYAG4Y0DR
872995,4XVEB4XVLG4XXNR4XXPB4XXWG4XY1R4XY3B4XYAG4Y0DR
779377,4XVEB4XVLG4XXNR4XXPB4XXWG4XY1R4XY3B4XYAG4Y0DR
836638,4XVEB4XVLG4XXNR4XXPB4XXWG4XY1R4XY3B4XYAG4Y0DR
872989,4XVEB4XVLG4XXNR4XXPB4XXWG4XY1R4XY3B4XYAG4Y0DR
873339,4XVEB4XVLG4XXNR4XXPB4XXWG4XY1R4XY3B4XYAG4Y0DR
656286,4XVEB4XVLG4XXNR4XXPB4XXWG4XY1R4XY3B4XYAG4Y0DR
873337,4XVEB4XVLG4XXNR4XXPB4XXWG4XY1R4XY3B4XYAG4Y0DR
991168,4XVEB4XVLG4XXNR4XXPB4XXWG4XY1R4XY3B4XYAG4Y0DR
951284,4XVEB4XVLG4XXNR4XXPB4XXWG4XY1R4XY3B4XYAG4Y0DR
773966,4XVEB4XVLG4XXNR4XXPB4XXWG4XY1R4XY3B4XYAG4Y0DR
656287,4XVEB4XVLG4XXNR4XXPB4XXWG4XY1R4XY3B4XYAG4Y0DR
622076,4XVEB4XVLG4XXNR4XXPB4XXWG4XY1R4XY3B4XYAG4Y0DR
947159,4XVEB4XVLG4XXNR4XXPB4XXWG4XY1R4XY3B4XYAG4Y0DR
855861,4XVEB4XVLG4XXNR4XXPB4XXWG4XY1R4XY3B4XYAG4Y0DR
656288,4XVEB4XVLG4XXNR4XXPB4XXWG4XY1R4XY3B4XYAG4Y0DR
855860,4XVEB4XVLG4XXNR4XXPB4XXWG4XY1R4XY3B4XYAG4Y0DR
900245,4XVEB4XVLG4XXNR4XXPB4XXWG4XY1R4XY3B4XYAG4Y0DR
1021524,4XVEB4XVLG4XXNR4XXPB4XXWG4XY1R4XY3B4XYAG4Y0DR
894428,4XVEB4XVLG4XXNR4XXPB4XXWG4XY1R4XY3B4XYAG4Y0DR
836616,4XVEB4XVLG4XXNR4XXPB4XXWG4XY1R4XY3B4XYAG4Y0DR
902720,4XVEB4XVLG4XXNR4XXPB4XXWG4XY1R4XY3B4XYAG4Y0DR
894429,4XVEB4XVLG4XXNR4XXPB4XXWG4XY1R4XY3B4XYAG4Y0DR
1040572,4XVEB4XVLG4XXNR4XXPB4XXWG4XY1R4XY3B4XYAG4Y0DR
894430,4XVEB4XVLG4XXNR4XXPB4XXWG4XY1R4XY3B4XYAG4Y0DR
894434,4XVEB4XVLG4XXNR4XXPB4XXWG4XY1R4XY3B4XYAG4Y0DR
894431,4XVEB4XVLG4XXPB4XXWG4XY3B4XYAG4Y0FB4Y0MG4Y0TB
894435,4XVEB4XVLG4XXNR4XXPB4XXWG4XY1R4XY3B4XYAG4Y0DR
894432,4XVEB4XVLG4XXNR4XXPB4XXWG4XY1R4XY3B4XYAG4Y0DR
894436,4XVEB4XVLG4XXNR4XXPB4XXWG4XY1R4XY3B4XYAG4Y0DR
894433,4XVEB4XVLG4XXNR4XXPB4XXWG4XY1R4XY3B4XYAG4Y0DR
896771,4XVEB4XVLG4XXNR4XXPB4XXWG4XY1R4XY3B4XYAG4Y0DR
894437,4XVEB4XVLG4XXNR4XXPB4XXWG4XY1R4XY3B4XYAG4Y0DR
787645,4XVEB4XVLG4XXNR4XXPB4XXWG4XY1R4XY3B4XYAG4Y0DR
1040461,4XVEB4XVLG4XXNR4XXPB4XXWG4XY1R4XY3B4XYAG4Y0DR
773963,4XVEB4XVLG4XXNR4XXPB4XXWG4XY1R4XY3B4XYAG4Y0DR
836613,4XVEB4XVLG4XXNR4XXPB4XXWG4XY1R4XY3B4XYAG4Y0DR
1024144,4XVEB4XVLG4XXNR4XXPB4XXWG4XY1R4XY3B4XYAG4Y0DR
836633,4XVEB4XVLG4XXNR4XXPB4XXWG4XY1R4XY3B4XYAG4Y0DR
872994,4XVEB4XVLG4XXNR4XXPB4XXWG4XY1R4XY3B4XYAG4Y0DR
766591,4XVGR4XVHG4XXLB4XXRR4XXSG4XXZB4XY5R4XY6G4XYDB
766592,4XVGR4XVHG4XXLB4XXRR4XXSG4XXZB4XY5R4XY6G4XYDB
766593,4XVGR4XVHG4XXLB4XXRR4XXSG4XXZB4XY5R4XY6G4XYDB
860765,4XVGR4XVHG4XXLB4XXRR4XXSG4XXZB4XY5R4XY6G4XYDB
766595,4XVGR4XVHG4XXLB4XXRR4XXSG4XXZB4XY5R4XY6G4XYDB
761012,4XVGR4XVHG4XXLB4XXRR4XXSG4XXZB4XY5R4XY6G4XYDB
761989,4XVGR4XVHG4XXLB4XXRR4XXSG4XXZB4XY5R4XY6G4XYDB
1046633,4XVGR4XVHG4XXLB4XXRR4XXSG4XXZB4XY5R4XY6G4XYDB
860762,4XVGR4XVHG4XXLB4XXRR4XXSG4XXZB4XY5R4XY6G4XYDB
659855,4XVGR4XVHG4XXLB4XXRR4XXSG4XXZB4XY5R4XY6G4XYDB
762025,4XVGR4XVHG4XXLB4XXRR4XXSG4XXZB4XY5R4XY6G4XYDB
762027,4XVGR4XVHG4XXLB4XXRR4XXSG4XXZB4XY5R4XY6G4XYDB
783322,4XVGR4XVHG4XXLB4XXRR4XXSG4XXZB4XY5R4XY6G4XYDB
762006,4XVGR4XVHG4XXLB4XXRR4XXSG4XXZB4XY5R4XY6G4XYDB
860764,4XVGR4XVHG4XXLB4XXRR4XXSG4XXZB4XY5R4XY6G4XYDB
766586,4XVGR4XVHG4XXLB4XXRR4XXSG4XXZB4XY5R4XY6G4XYDB
766587,4XVGR4XVHG4XXLB4XXRR4XXSG4XXZB4XY5R4XY6G4XYDB
766588,4XVGR4XVHG4XXLB4XXRR4XXSG4XXZB4XY5R4XY6G4XYDB
659862,4XVGR4XVHG4XXLB4XXRR4XXSG4XXZB4XY5R4XY6G4XYDB
766590,4XVGR4XVHG4XXLB4XXRR4XXSG4XXZB4XY5R4XY6G4XYDB
694291,4XVGR4XVHG4XXLB4XXRR4XXSG4XXZB4XY5R4XY6G4XYDB
916287,4XVGR4XVHG4XXLB4XXRR4XXSG4XXZB4XY5R4XY6G4XYDB
694290,4XVGR4XVHG4XXLB4XXRR4XXSG4XXZB4XY5R4XY6G4XYDB
916286,4XVGR4XVHG4XXLB4XXRR4XXSG4XXZB4XY5R4XY6G4XYDB
1023626,4XVGR4XVHG4XXLB4XXRR4XXSG4XXZB4XY5R4XY6G4XYDB
916288,4XVGR4XVHG4XXLB4XXRR4XXSG4XXZB4XY5R4XY6G4XYDB
919174,4XVGR4XVHG4XXLB4XXRR4XXSG4XXZB4XY5R4XY6G4XYDB
919172,4XVGR4XVHG4XXLB4XXRR4XXSG4XXZB4XY5R4XY6G4XYDB
913269,4XVGR4XVHG4XXLB4XXRR4XXSG4XXZB4XY5R4XY6G4XYDB
661166,4XVGR4XVHG4XXLB4XXRR4XXSG4XXZB4XY5R4XY6G4XYDB
916303,4XVGR4XVHG4XXLB4XXRR4XXSG4XXZB4XY5R4XY6G4XYDB
1026181,4XVGR4XVHG4XXLB4XXRR4XXSG4XXZB4XY5R4XY6G4XYDB
913267,4XVGR4XVHG4XXLB4XXRR4XXSG4XXZB4XY5R4XY6G4XYDB
1007254,4XVGR4XVHG4XXLB4XXRR4XXSG4XXZB4XY5R4XY6G4XYDB
918223,4XVGR4XVHG4XXLB4XXRR4XXSG4XXZB4XY5R4XY6G4XYDB
916291,4XVGR4XVHG4XXLB4XXRR4XXSG4XXZB4XY5R4XY6G4XYDB
916290,4XVGR4XVHG4XXLB4XXRR4XXSG4XXZB4XY5R4XY6G4XYDB
916289,4XVGR4XVHG4XXLB4XXRR4XXSG4XXZB4XY5R4XY6G4XYDB
703344,4XVGR4XVHG4XXLB4XXRR4XXSG4XXZB4XY5R4XY6G4XYDB
628750,4XVHB4XXLB4XXNG4XXSB4XXZB4XY1G4XY6B4XYDB4Y0DG
628749,4XVHB4XXLB4XXNG4XXSB4XXZB4XY1G4XY6B4XYDB4Y0DG
1001661,4XVHB4XXLB4XXNG4XXSB4XXZB4XY1G4XY6B4XYDB4Y0DG
628748,4XVHB4XXLB4XXNG4XXSB4XXZB4XY1G4XY6B4XYDB4Y0DG
739520,4XVHB4XXLB4XXNG4XXSB4XXZB4XY1G4XY6B4XYDB4Y0DG
626398,4XVHB4XXLB4XXNG4XXSB4XXZB4XY1G4XY6B4XYDB4Y0DG
628751,4XVHB4XXLB4XXNG4XXSB4XXZB4XY1G4XY6B4XYDB4Y0DG
668223,4XVHB4XXLB4XXNG4XXSB4XXZB4XY1G4XY6B4XYDB4Y0DG
739450,4XVHB4XXLB4XXNG4XXSB4XXZB4XY1G4XY6B4XYDB4Y0DG
668221,4XVHB4XXLB4XXNG4XXSB4XXZB4XY1G4XY6B4XYDB4Y0DG
628753,4XVHB4XXLB4XXNG4XXSB4XXZB4XY1G4XY6B4XYDB4Y0DG
668219,4XVHB4XXLB4XXNG4XXSB4XXZB4XY1G4XY6B4XYDB4Y0DG
668218,4XVHB4XXLB4XXNG4XXSB4XXZB4XY1G4XY6B4XYDB4Y0DG
702234,4XVHB4XXLB4XXNG4XXSB4XXZB4XY1G4XY6B4XYDB4Y0DG
702267,4XVHB4XXLB4XXNG4XXSB4XXZB4XY1G4XY6B4XYDB4Y0DG
626396,4XVHB4XXLB4XXNG4XXSB4XXZB4XY1G4XY6B4XYDB4Y0DG
626395,4XVHB4XXLB4XXNG4XXSB4XXZB4XY1G4XY6B4XYDB4Y0DG
626393,4XVHB4XXLB4XXNG4XXSB4XXZB4XY1G4XY6B4XYDB4Y0DG
626392,4XVHB4XXLB4XXNG4XXSB4XXZB4XY1G4XY6B4XYDB4Y0DG
628431,4XVHB4XXLB4XXNG4XXSB4XXZB4XY1G4XY6B4XYDB4Y0DG
668217,4XVHB4XXLB4XXNG4XXSB4XXZB4XY1G4XY6B4XYDB4Y0DG
739522,4XVHB4XXLB4XXNG4XXSB4XXZB4XY1G4XY6B4XYDB4Y0DG
628426,4XVHB4XXLB4XXNG4XXSB4XXZB4XY1G4XY6B4XYDB4Y0DG
739517,4XVHB4XXLB4XXNG4XXSB4XXZB4XY1G4XY6B4XYDB4Y0DG
628424,4XVHB4XXLB4XXNG4XXSB4XXZB4XY1G4XY6B4XYDB4Y0DG
702218,4XVHB4XXLB4XXNG4XXSB4XXZB4XY1G4XY6B4XYDB4Y0DG
739516,4XVHB4XXLB4XXNG4XXSB4XXZB4XY1G4XY6B4XYDB4Y0DG
628422,4XVHB4XXLB4XXNG4XXSB4XXZB4XY1G4XY6B4XYDB4Y0DG
628420,4XVHB4XXLB4XXNG4XXSB4XXZB4XY1G4XY6B4XYDB4Y0DG
910968,4XVHB4XXLB4XXNG4XXSB4XXZB4XY1G4XY6B4XYDB4Y0DG
628432,4XVHB4XXLB4XXNG4XXSB4XXZB4XY1G4XY6B4XYDB4Y0DG
628756,4XVHB4XXLB4XXNG4XXSB4XXZB4XY1G4XY6B4XYDB4Y0DG
1096922,4XVEB4XVFG4XVLB4XXPB4XXWB4XY3B4XY4G4XYAB4Y0FB
1096923,4XVEB4XVFG4XVLB4XXPB4XXWB4XY3B4XY4G4XYAB4Y0FB
1096925,4XVEB4XVFG4XVLB4XXPB4XXWB4XY3B4XY4G4XYAB4Y0FB
1096926,4XVEB4XVFG4XVLB4XXPB4XXWB4XY3B4XY4G4XYAB4Y0FB
1096928,4XVEB4XVFG4XVLB4XXPB4XXWB4XY3B4XY4G4XYAB4Y0FB
1096931,4XVEB4XVFG4XVLB4XXPB4XXWB4XY3B4XY4G4XYAB4Y0FB
1096932,4XVEB4XVFG4XVLB4XXPB4XXWB4XY3B4XY4G4XYAB4Y0FB
1096933,4XVEB4XVFG4XVLB4XXPB4XXWB4XY3B4XY4G4XYAB4Y0FB
1096934,4XVEB4XVFG4XVLB4XXPB4XXWB4XY3B4XY4G4XYAB4Y0FB
1096935,4XVEB4XVFG4XVLB4XXPB4XXWB4XY3B4XY4G4XYAB4Y0FB
1096936,4XVEB4XVFG4XVLB4XXPB4XXWB4XY3B4XY4G4XYAB4Y0FB
1096937,4XVEB4XVFG4XVLB4XXPB4XXWB4XY3B4XY4G4XYAB4Y0FB
1096938,4XVEB4XVFG4XVLB4XXPB4XXWB4XY3B4XY4G4XYAB4Y0FB
1096939,4XVEB4XVFG4XVLB4XXPB4XXWB4XY3B4XY4G4XYAB4Y0FB
1096940,4XVEB4XVFG4XVLB4XXPB4XXWB4XY3B4XY4G4XYAB4Y0FB
1096941,4XVEB4XVFG4XVLB4XXPB4XXWB4XY3B4XY4G4XYAB4Y0FB
1096943,4XVEB4XVFG4XVLB4XXPB4XXWB4XY3B4XY4G4XYAB4Y0FB
1096944,4XVEB4XVFG4XVLB4XXPB4XXWB4XY3B4XY4G4XYAB4Y0FB
866218,4XVIG4XVNR4XXMB4XXTG4XXYR4XY0B4XY7G4XYCR4XYEB
866220,4XVIG4XVNR4XXMB4XXTG4XXYR4XY0B4XY7G4XYCR4XYEB
742926,4XVIG4XVNR4XXMB4XXTG4XXYR4XY0B4XY7G4XYCR4XYEB
871258,4XVIG4XVNR4XXMB4XXTG4XXYR4XY0B4XY7G4XYCR4XYEB
786629,4XVIG4XVNR4XXMB4XXTG4XXYR4XY0B4XY7G4XYCR4XYEB
1011054,4XVIG4XVNR4XXMB4XXTG4XXYR4XY0B4XY7G4XYCR4XYEB
866231,4XVIG4XVNR4XXMB4XXTG4XXYR4XY0B4XY7G4XYCR4XYEB
871242,4XVIG4XVNR4XXMB4XXTG4XXYR4XY0B4XY7G4XYCR4XYEB
865792,4XVIG4XVNR4XXMB4XXTG4XXYR4XY0B4XY7G4XYCR4XYEB
871240,4XVIG4XXMB4XXTG4XY0B4XY7G4XYEB4Y0JG4Y0QB4Y0XG
866222,4XVIG4XXMB4XXTG4XY0B4XY7G4XYEB4Y0JG4Y0QB4Y0XG
943637,4XVIG4XVNR4XXMB4XXTG4XXYR4XY0B4XY7G4XYCR4XYEB
943636,4XVIG4XVNR4XXMB4XXTG4XXYR4XY0B4XY7G4XYCR4XYEB
742720,4XVIG4XVNR4XXMB4XXTG4XXYR4XY0B4XY7G4XYCR4XYEB
1019442,4XVIG4XVNR4XXMB4XXTG4XXYR4XY0B4XY7G4XYCR4XYEB
884382,4XVIG4XVNR4XXMB4XXTG4XXYR4XY0B4XY7G4XYCR4XYEB
842315,4XVIG4XVNR4XXMB4XXTG4XXYR4XY0B4XY7G4XYCR4XYEB
802124,4XVIG4XVNR4XXMB4XXTG4XXYR4XY0B4XY7G4XYCR4XYEB
821475,4XVIG4XVNR4XXMB4XXTG4XXYR4XY0B4XY7G4XYCR4XYEB
842313,4XVIG4XVNR4XXMB4XXTG4XXYR4XY0B4XY7G4XYCR4XYEB
806947,4XVIG4XVNR4XXMB4XXTG4XXYR4XY0B4XY7G4XYCR4XYEB
784948,4XVIG4XVNR4XXMB4XXTG4XXYR4XY0B4XY7G4XYCR4XYEB
860872,4XVIG4XVNR4XXMB4XXTG4XXYR4XY0B4XY7G4XYCR4XYEB
870357,4XVIG4XVNR4XXMB4XXTG4XXYR4XY0B4XY7G4XYCR4XYEB
695837,4XVIG4XVNR4XXMB4XXTG4XXYR4XY0B4XY7G4XYCR4XYEB
868730,4XVIG4XVNR4XXMB4XXTG4XXYR4XY0B4XY7G4XYCR4XYEB
868731,4XVIG4XVNR4XXMB4XXTG4XXYR4XY0B4XY7G4XYCR4XYEB
706141,4XVIG4XVNR4XXMB4XXTG4XXYR4XY0B4XY7G4XYCR4XYEB
757593,4XVHB4XVNR4XXLG4XXSB4XXYR4XXZG4XY6B4XYCR4XYDG
676609,4XVFB4XVIG4XVMB4XXNR4XXQB4XXXB4XY1R4XY4B4XY7G
676607,4XVFB4XVIG4XVMB4XXNR4XXQB4XXXB4XY1R4XY4B4XY7G
676604,4XVFB4XVIG4XVMB4XXNR4XXQB4XXXB4XY1R4XY4B4XY7G
821225,4XVFB4XVIG4XVMB4XXNR4XXQB4XXXB4XY1R4XY4B4XY7G
758976,4XVFB4XVIG4XVMB4XXNR4XXQB4XXXB4XY1R4XY4B4XY7G
758979,4XVFB4XVIG4XVMB4XXNR4XXQB4XXXB4XY1R4XY4B4XY7G
758974,4XVFB4XVIG4XVMB4XXNR4XXQB4XXXB4XY1R4XY4B4XY7G
758983,4XVFB4XVIG4XVMB4XXNR4XXQB4XXXB4XY1R4XY4B4XY7G
758986,4XVFB4XVIG4XVMB4XXNR4XXQB4XXXB4XY1R4XY4B4XY7G
758984,4XVFB4XVIG4XVMB4XXNR4XXQB4XXXB4XY1R4XY4B4XY7G
821226,4XVFB4XVIG4XVMB4XXNR4XXQB4XXXB4XY1R4XY4B4XY7G
758981,4XVFB4XVIG4XVMB4XXNR4XXQB4XXXB4XY1R4XY4B4XY7G
943646,4XVEB4XVLG4XXPB4XXWG4XY3B4XYAG4Y0FB4Y0MG4Y0TB
943647,4XVEB4XVLG4XXPB4XXWG4XY3B4XYAG4Y0FB4Y0MG4Y0TB
943648,4XVEB4XVLG4XXPB4XXWG4XY3B4XYAG4Y0FB4Y0MG4Y0TB
1022774,4XVEB4XVLG4XXPB4XXWG4XY3B4XYAG4Y0FB4Y0MG4Y0TB
741632,4XVEB4XVLG4XXPB4XXWG4XY3B4XYAG4Y0FB4Y0MG4Y0TB
943638,4XVEB4XVLG4XXPB4XXWG4XY3B4XYAG4Y0FB4Y0MG4Y0TB
741631,4XVEB4XVLG4XXPB4XXWG4XY3B4XYAG4Y0FB4Y0MG4Y0TB
943639,4XVEB4XVLG4XXPB4XXWG4XY3B4XYAG4Y0FB4Y0MG4Y0TB
943640,4XVEB4XVLG4XXPB4XXWG4XY3B4XYAG4Y0FB4Y0MG4Y0TB
943641,4XVEB4XVLG4XXPB4XXWG4XY3B4XYAG4Y0FB4Y0MG4Y0TB
943642,4XVEB4XVLG4XXPB4XXWG4XY3B4XYAG4Y0FB4Y0MG4Y0TB
943643,4XVEB4XVLG4XXPB4XXWG4XY3B4XYAG4Y0FB4Y0MG4Y0TB
943644,4XVEB4XVLG4XXPB4XXWG4XY3B4XYAG4Y0FB4Y0MG4Y0TB
943645,4XVEB4XVLG4XXPB4XXWG4XY3B4XYAG4Y0FB4Y0MG4Y0TB
840125,4XVJG4XXMR4XXNB4XXUG4XY0R4XY1B4XY8G4XYER4Y0DB
745336,4XVJG4XXMR4XXNB4XXUG4XY0R4XY1B4XY8G4XYER4Y0DB
840137,4XVJG4XXMR4XXNB4XXUG4XY0R4XY1B4XY8G4XYER4Y0DB
840131,4XVJG4XXNB4XXUG4XY1B4XY8G4Y0DB4Y0KG4Y0RB4Y0YG
840133,4XVJG4XXMR4XXNB4XXUG4XY0R4XY1B4XY8G4XYER4Y0DB
840134,4XVJG4XXMR4XXNB4XXUG4XY0R4XY1B4XY8G4XYER4Y0DB
838800,4XVJG4XXMR4XXNB4XXUG4XY0R4XY1B4XY8G4XYER4Y0DB
838806,4XVJG4XXMR4XXNB4XXUG4XY0R4XY1B4XY8G4XYER4Y0DB
885206,4XVJG4XXMR4XXNB4XXUG4XY0R4XY1B4XY8G4XYER4Y0DB
820728,4XVJG4XXMR4XXNB4XXUG4XY0R4XY1B4XY8G4XYER4Y0DB
838802,4XVJG4XXMR4XXNB4XXUG4XY0R4XY1B4XY8G4XYER4Y0DB
838804,4XVJG4XXMR4XXNB4XXUG4XY0R4XY1B4XY8G4XYER4Y0DB
746540,4XVJG4XXMR4XXNB4XXUG4XY0R4XY1B4XY8G4XYER4Y0DB
840120,4XVJG4XXMR4XXNB4XXUG4XY0R4XY1B4XY8G4XYER4Y0DB
840122,4XVJG4XXMR4XXNB4XXUG4XY0R4XY1B4XY8G4XYER4Y0DB
840119,4XVJG4XXMR4XXNB4XXUG4XY0R4XY1B4XY8G4XYER4Y0DB
883869,4XVEB4XVLG4XVLR4XXPB4XXWG4XXWR4XY3B4XYAG4XYAR
883871,4XVEB4XVLG4XVLR4XXPB4XXWG4XXWR4XY3B4XYAG4XYAR
1036308,4XVEB4XVLG4XVLR4XXPB4XXWG4XXWR4XY3B4XYAG4XYAR
844921,4XVEB4XVLG4XVLR4XXPB4XXWG4XXWR4XY3B4XYAG4XYAR
844924,4XVEB4XVLG4XVLR4XXPB4XXWG4XXWR4XY3B4XYAG4XYAR
843231,4XVEB4XVLG4XVLR4XXPB4XXWG4XXWR4XY3B4XYAG4XYAR
843228,4XVEB4XVLG4XVLR4XXPB4XXWG4XXWR4XY3B4XYAG4XYAR
880868,4XVEB4XVLG4XVLR4XXPB4XXWG4XXWR4XY3B4XYAG4XYAR
824975,4XVEB4XVLG4XVLR4XXPB4XXWG4XXWR4XY3B4XYAG4XYAR
880866,4XVEB4XVLG4XVLR4XXPB4XXWG4XXWR4XY3B4XYAG4XYAR
880871,4XVEB4XVLG4XVLR4XXPB4XXWG4XXWR4XY3B4XYAG4XYAR
880867,4XVEB4XVLG4XVLR4XXPB4XXWG4XXWR4XY3B4XYAG4XYAR
880874,4XVEB4XVLG4XVLR4XXPB4XXWG4XXWR4XY3B4XYAG4XYAR
841479,4XVEB4XVLG4XVLR4XXPB4XXWG4XXWR4XY3B4XYAG4XYAR
1129839,4XVHB4XXLG4XXSB4XXZG4XY6B4XYDG4Y0IB4Y0PG4Y0WB
1129833,4XVHB4XXLG4XXSB4XXZG4XY6B4XYDG4Y0IB4Y0PG4Y0WB
1129838,4XVHB4XVMR4XXLG4XXSB4XXXR4XXZG4XY6B4XYBR4XYDG
1129834,4XVHB4XXLG4XXSB4XXZG4XY6B4XYDG4Y0IB4Y0PG4Y0WB
1129837,4XVHB4XVMR4XXLG4XXSB4XXXR4XXZG4XY6B4XYBR4XYDG
1129835,4XVHB4XXLG4XXSB4XXZG4XY6B4XYDG4Y0IB4Y0PG4Y0WB
1129836,4XVHB4XXLG4XXSB4XXZG4XY6B4XYDG4Y0IB4Y0PG4Y0WB
622955,4XVFG4XVJB4XVJB4XVMG4XXNB4XXNB4XXQG4XXUB4XXUB
850400,4XVFG4XVJB4XVJB4XVMG4XXNB4XXNB4XXQG4XXUB4XXUB
865275,4XVFG4XVJB4XVJB4XVMG4XXNB4XXNB4XXQG4XXUB4XXUB
1034191,4XVFG4XVJB4XVJB4XVMG4XXNB4XXNB4XXQG4XXUB4XXUB
859801,4XVFG4XVJB4XVJB4XVMG4XXNB4XXNB4XXQG4XXUB4XXUB
859802,4XVFG4XVJB4XVJB4XVMG4XXNB4XXNB4XXQG4XXUB4XXUB
859803,4XVFG4XVJB4XVJB4XVMG4XXNB4XXNB4XXQG4XXUB4XXUB
850422,4XVFG4XVJB4XVJB4XVMG4XXNB4XXNB4XXQG4XXUB4XXUB
850420,4XVFG4XVJB4XVJB4XVMG4XXNB4XXNB4XXQG4XXUB4XXUB
850416,4XVFG4XVJB4XVJB4XVMG4XXNB4XXNB4XXQG4XXUB4XXUB
760459,4XVFG4XVJB4XVJB4XVMG4XXNB4XXNB4XXQG4XXUB4XXUB
850427,4XVFG4XVJB4XVJB4XVMG4XXNB4XXNB4XXQG4XXUB4XXUB
809031,4XVFG4XVJB4XVJB4XVMG4XXNB4XXNB4XXQG4XXUB4XXUB
849075,4XVFG4XVJB4XVJB4XVMG4XXNB4XXNB4XXQG4XXUB4XXUB
849078,4XVFG4XVJB4XVJB4XVMG4XXNB4XXNB4XXQG4XXUB4XXUB
622954,4XVFG4XVJB4XVJB4XVMG4XXNB4XXNB4XXQG4XXUB4XXUB
849083,4XVFG4XVJB4XVJB4XVMG4XXNB4XXNB4XXQG4XXUB4XXUB
850404,4XVFG4XVJB4XVJB4XVMG4XXNB4XXNB4XXQG4XXUB4XXUB
948085,4XVFG4XVJB4XVJB4XVMG4XXNB4XXNB4XXQG4XXUB4XXUB
850410,4XVFG4XVJB4XVJB4XVMG4XXNB4XXNB4XXQG4XXUB4XXUB
850413,4XVFG4XVJB4XVJB4XVMG4XXNB4XXNB4XXQG4XXUB4XXUB
849103,4XVFG4XVJB4XVJB4XVMG4XXNB4XXNB4XXQG4XXUB4XXUB
907635,4XVFG4XVJB4XVJB4XVMG4XXNB4XXNB4XXQG4XXUB4XXUB
849099,4XVFG4XVJB4XVJB4XVMG4XXNB4XXNB4XXQG4XXUB4XXUB
694709,4XVGR4XVIB4XXMG4XXRR4XXTB4XY0G4XY5R4XY7B4XYEG
1030695,4XVGR4XVIB4XXMG4XXRR4XXTB4XY0G4XY5R4XY7B4XYEG
1030696,4XVGR4XVIB4XXMG4XXRR4XXTB4XY0G4XY5R4XY7B4XYEG
788586,4XVGR4XVIB4XXMG4XXRR4XXTB4XY0G4XY5R4XY7B4XYEG
699162,4XVGR4XVIB4XXMG4XXRR4XXTB4XY0G4XY5R4XY7B4XYEG
699163,4XVGR4XVIB4XXMG4XXRR4XXTB4XY0G4XY5R4XY7B4XYEG
696197,4XVIB4XXMG4XXTB4XY0G4XY7B4XYEG4Y0JB4Y0QG4Y0XB
696198,4XVGR4XVIB4XXMG4XXRR4XXTB4XY0G4XY5R4XY7B4XYEG
696199,4XVGR4XVIB4XXMG4XXRR4XXTB4XY0G4XY5R4XY7B4XYEG
696200,4XVGR4XVIB4XXMG4XXRR4XXTB4XY0G4XY5R4XY7B4XYEG
696201,4XVGR4XVIB4XXMG4XXRR4XXTB4XY0G4XY5R4XY7B4XYEG
637989,4XVGG4XVNB4XXRG4XXYB4XY5G4XYCB4Y0HG4Y0OB4Y0VG
621341,4XVGG4XVNB4XXRG4XXYB4XY5G4XYCB4Y0HG4Y0OB4Y0VG
633296,4XVGG4XVGR4XVNB4XXRG4XXRR4XXYB4XY5G4XY5R4XYCB
676742,4XVGG4XVNB4XXRG4XXYB4XY5G4XYCB4Y0HG4Y0OB4Y0VG
673711,4XVGG4XVGR4XVNB4XXRG4XXRR4XXYB4XY5G4XY5R4XYCB
633300,4XVGG4XVGR4XVNB4XXRG4XXRR4XXYB4XY5G4XY5R4XYCB
676726,4XVGG4XVGR4XVNB4XXRG4XXRR4XXYB4XY5G4XY5R4XYCB
675024,4XVGG4XVGR4XVNB4XXRG4XXRR4XXYB4XY5G4XY5R4XYCB
633281,4XVGG4XVGR4XVNB4XXRG4XXRR4XXYB4XY5G4XY5R4XYCB
624707,4XVGG4XVGR4XVNB4XXRG4XXRR4XXYB4XY5G4XY5R4XYCB
677274,4XVGG4XVNB4XXRG4XXYB4XY5G4XYCB4Y0HG4Y0OB4Y0VG
633274,4XVGR4XVNB4XXRR4XXYB4XY5R4XYCB4Y0HR4Y0OB4Y0VR
673692,4XVGG4XVGR4XVNB4XXRG4XXRR4XXYB4XY5G4XY5R4XYCB
963856,4XVGG4XVGR4XVNB4XXRG4XXRR4XXYB4XY5G4XY5R4XYCB
621342,4XVGG4XVGR4XVNB4XXRG4XXRR4XXYB4XY5G4XY5R4XYCB
621343,4XVGG4XVGR4XVNB4XXRG4XXRR4XXYB4XY5G4XY5R4XYCB
677282,4XVGG4XVGR4XVNB4XXRG4XXRR4XXYB4XY5G4XY5R4XYCB
673322,4XVGG4XVGR4XVNB4XXRG4XXRR4XXYB4XY5G4XY5R4XYCB
910768,4XVFR4XVGB4XVNG4XXQR4XXRB4XXYG4XY4R4XY5B4XYCG
953102,4XVFR4XVGB4XVNG4XXQR4XXRB4XXYG4XY4R4XY5B4XYCG
954695,4XVGB4XVNG4XXRB4XXYG4XY5B4XYCG4Y0HB4Y0OG4Y0VB
953103,4XVFR4XVGB4XVNG4XXQR4XXRB4XXYG4XY4R4XY5B4XYCG
953104,4XVFR4XVGB4XVNG4XXQR4XXRB4XXYG4XY4R4XY5B4XYCG
954696,4XVFR4XVGB4XVNG4XXQR4XXRB4XXYG4XY4R4XY5B4XYCG
953105,4XVFR4XVGB4XVNG4XXQR4XXRB4XXYG4XY4R4XY5B4XYCG
790502,4XVFR4XVGB4XVNG4XXQR4XXRB4XXYG4XY4R4XY5B4XYCG
953106,4XVFR4XVGB4XVNG4XXQR4XXRB4XXYG4XY4R4XY5B4XYCG
954697,4XVFR4XVGB4XVNG4XXQR4XXRB4XXYG4XY4R4XY5B4XYCG
953093,4XVFR4XVNG4XXQR4XXYG4XY4R4XYCG4Y0GR4Y0OG4Y0UR
953107,4XVFR4XVGB4XVNG4XXQR4XXRB4XXYG4XY4R4XY5B4XYCG
954698,4XVFR4XVGB4XVNG4XXQR4XXRB4XXYG4XY4R4XY5B4XYCG
954375,4XVFR4XVGB4XVNG4XXQR4XXRB4XXYG4XY4R4XY5B4XYCG
954699,4XVFR4XVGB4XVNG4XXQR4XXRB4XXYG4XY4R4XY5B4XYCG
954376,4XVFR4XVGB4XVNG4XXQR4XXRB4XXYG4XY4R4XY5B4XYCG
954700,4XVFR4XVGB4XVNG4XXQR4XXRB4XXYG4XY4R4XY5B4XYCG
954377,4XVFR4XVGB4XVNG4XXQR4XXRB4XXYG4XY4R4XY5B4XYCG
954701,4XVFR4XVGB4XVNG4XXQR4XXRB4XXYG4XY4R4XY5B4XYCG
954378,4XVFR4XVGB4XVNG4XXQR4XXRB4XXYG4XY4R4XY5B4XYCG
954702,4XVFR4XVGB4XVNG4XXQR4XXRB4XXYG4XY4R4XY5B4XYCG
953098,4XVFR4XVGB4XVNG4XXQR4XXRB4XXYG4XY4R4XY5B4XYCG
790500,4XVFR4XVGB4XVNG4XXQR4XXRB4XXYG4XY4R4XY5B4XYCG
954703,4XVFR4XVGB4XVNG4XXQR4XXRB4XXYG4XY4R4XY5B4XYCG
953454,4XVGB4XVNG4XXRB4XXYG4XY5B4XYCG4Y0HB4Y0OG4Y0VB
954704,4XVFR4XVGB4XVNG4XXQR4XXRB4XXYG4XY4R4XY5B4XYCG
953455,4XVGB4XVNG4XXRB4XXYG4XY5B4XYCG4Y0HB4Y0OG4Y0VB
1025576,4XVFR4XVGB4XVNG4XXQR4XXRB4XXYG4XY4R4XY5B4XYCG
953456,4XVGB4XVNG4XXRB4XXYG4XY5B4XYCG4Y0HB4Y0OG4Y0VB
954705,4XVGB4XVNG4XXRB4XXYG4XY5B4XYCG4Y0HB4Y0OG4Y0VB
953457,4XVGB4XVNG4XXRB4XXYG4XY5B4XYCG4Y0HB4Y0OG4Y0VB
954706,4XVGB4XVNG4XXRB4XXYG4XY5B4XYCG4Y0HB4Y0OG4Y0VB
953094,4XVFR4XVGB4XVNG4XXQR4XXRB4XXYG4XY4R4XY5B4XYCG
953458,4XVFR4XVGB4XVNG4XXQR4XXRB4XXYG4XY4R4XY5B4XYCG
954707,4XVGB4XVNG4XXRB4XXYG4XY5B4XYCG4Y0HB4Y0OG4Y0VB
953459,4XVFR4XVGB4XVNG4XXQR4XXRB4XXYG4XY4R4XY5B4XYCG
954708,4XVGB4XVNG4XXRB4XXYG4XY5B4XYCG4Y0HB4Y0OG4Y0VB
953460,4XVGB4XVNG4XXRB4XXYG4XY5B4XYCG4Y0HB4Y0OG4Y0VB
954709,4XVGB4XVNG4XXRB4XXYG4XY5B4XYCG4Y0HB4Y0OG4Y0VB
953461,4XVGB4XVNG4XXRB4XXYG4XY5B4XYCG4Y0HB4Y0OG4Y0VB
954710,4XVGB4XVNG4XXRB4XXYG4XY5B4XYCG4Y0HB4Y0OG4Y0VB
1025575,4XVFR4XVGB4XVNG4XXQR4XXRB4XXYG4XY4R4XY5B4XYCG
954711,4XVGB4XVNG4XXRB4XXYG4XY5B4XYCG4Y0HB4Y0OG4Y0VB
953099,4XVFR4XVGB4XVNG4XXQR4XXRB4XXYG4XY4R4XY5B4XYCG
954692,4XVFR4XVGB4XVNG4XXQR4XXRB4XXYG4XY4R4XY5B4XYCG
954712,4XVGB4XVNG4XXRB4XXYG4XY5B4XYCG4Y0HB4Y0OG4Y0VB
954693,4XVGB4XVNG4XXRB4XXYG4XY5B4XYCG4Y0HB4Y0OG4Y0VB
954713,4XVGB4XVNG4XXRB4XXYG4XY5B4XYCG4Y0HB4Y0OG4Y0VB
954694,4XVFR4XVGB4XVNG4XXQR4XXRB4XXYG4XY4R4XY5B4XYCG
954714,4XVGB4XVNG4XXRB4XXYG4XY5B4XYCG4Y0HB4Y0OG4Y0VB
954715,4XVGB4XVNG4XXRB4XXYG4XY5B4XYCG4Y0HB4Y0OG4Y0VB
954716,4XVGB4XVNG4XXRB4XXYG4XY5B4XYCG4Y0HB4Y0OG4Y0VB
954717,4XVGB4XVNG4XXRB4XXYG4XY5B4XYCG4Y0HB4Y0OG4Y0VB
954718,4XVGB4XVNG4XXRB4XXYG4XY5B4XYCG4Y0HB4Y0OG4Y0VB
953095,4XVFR4XVGB4XVNG4XXQR4XXRB4XXYG4XY4R4XY5B4XYCG
954719,4XVGB4XVNG4XXRB4XXYG4XY5B4XYCG4Y0HB4Y0OG4Y0VB
1025577,4XVGB4XVNG4XXRB4XXYG4XY5B4XYCG4Y0HB4Y0OG4Y0VB
954720,4XVGB4XVNG4XXRB4XXYG4XY5B4XYCG4Y0HB4Y0OG4Y0VB
954721,4XVGB4XVNG4XXRB4XXYG4XY5B4XYCG4Y0HB4Y0OG4Y0VB
790503,4XVGB4XVNG4XXRB4XXYG4XY5B4XYCG4Y0HB4Y0OG4Y0VB
953100,4XVFR4XVGB4XVNG4XXQR4XXRB4XXYG4XY4R4XY5B4XYCG
954722,4XVGB4XVNG4XXRB4XXYG4XY5B4XYCG4Y0HB4Y0OG4Y0VB
954723,4XVGB4XVNG4XXRB4XXYG4XY5B4XYCG4Y0HB4Y0OG4Y0VB
954724,4XVGB4XVNG4XXRB4XXYG4XY5B4XYCG4Y0HB4Y0OG4Y0VB
954725,4XVGB4XVNG4XXRB4XXYG4XY5B4XYCG4Y0HB4Y0OG4Y0VB
954726,4XVGB4XVNG4XXRB4XXYG4XY5B4XYCG4Y0HB4Y0OG4Y0VB
953096,4XVFR4XVGB4XVNG4XXQR4XXRB4XXYG4XY4R4XY5B4XYCG
954727,4XVGB4XVNG4XXRB4XXYG4XY5B4XYCG4Y0HB4Y0OG4Y0VB
954728,4XVGB4XVNG4XXRB4XXYG4XY5B4XYCG4Y0HB4Y0OG4Y0VB
954729,4XVGB4XVNG4XXRB4XXYG4XY5B4XYCG4Y0HB4Y0OG4Y0VB
954730,4XVGB4XVNG4XXRB4XXYG4XY5B4XYCG4Y0HB4Y0OG4Y0VB
954731,4XVGB4XVNG4XXRB4XXYG4XY5B4XYCG4Y0HB4Y0OG4Y0VB
953101,4XVFR4XVGB4XVNG4XXQR4XXRB4XXYG4XY4R4XY5B4XYCG
954732,4XVGB4XVNG4XXRB4XXYG4XY5B4XYCG4Y0HB4Y0OG4Y0VB
954733,4XVFR4XVGB4XVNG4XXQR4XXRB4XXYG4XY4R4XY5B4XYCG
1025578,4XVFR4XVGB4XVNG4XXQR4XXRB4XXYG4XY4R4XY5B4XYCG
955745,4XVFR4XVGB4XVNG4XXQR4XXRB4XXYG4XY4R4XY5B4XYCG
910767,4XVFR4XVGB4XVNG4XXQR4XXRB4XXYG4XY4R4XY5B4XYCG
953097,4XVFR4XVGB4XVNG4XXQR4XXRB4XXYG4XY4R4XY5B4XYCG
704153,4XVEB4XVLB4XXPB4XXWB4XXXG4XY3B4XYAB4Y0FB4Y0MB
919506,4XVEB4XVLB4XXPB4XXWB4XXXG4XY3B4XYAB4Y0FB4Y0MB
919507,4XVEB4XVLB4XXPB4XXWB4XXXG4XY3B4XYAB4Y0FB4Y0MB
919492,4XVEB4XVLB4XXPB4XXWB4XXXG4XY3B4XYAB4Y0FB4Y0MB
919502,4XVEB4XVLB4XXPB4XXWB4XXXG4XY3B4XYAB4Y0FB4Y0MB
919497,4XVEB4XVLB4XXPB4XXWB4XXXG4XY3B4XYAB4Y0FB4Y0MB
919486,4XVEB4XVLB4XXPB4XXWB4XXXG4XY3B4XYAB4Y0FB4Y0MB
919498,4XVEB4XVLB4XXPB4XXWB4XXXG4XY3B4XYAB4Y0FB4Y0MB
779304,4XVEB4XVLB4XXPB4XXWB4XXXG4XY3B4XYAB4Y0FB4Y0MB
919500,4XVEB4XVLB4XXPB4XXWB4XXXG4XY3B4XYAB4Y0FB4Y0MB
919501,4XVEB4XVLB4XXPB4XXWB4XXXG4XY3B4XYAB4Y0FB4Y0MB
919509,4XVEB4XVLB4XXPB4XXWB4XXXG4XY3B4XYAB4Y0FB4Y0MB
919503,4XVEB4XVLB4XXPB4XXWB4XXXG4XY3B4XYAB4Y0FB4Y0MB
919504,4XVEB4XVLB4XXPB4XXWB4XXXG4XY3B4XYAB4Y0FB4Y0MB
919505,4XVEB4XVLB4XXPB4XXWB4XXXG4XY3B4XYAB4Y0FB4Y0MB
720674,4XVHB4XVIR4XXLG4XXSB4XXTR4XXZG4XY6B4XY7R4XYDG
720675,4XVHB4XVIR4XXLG4XXSB4XXTR4XXZG4XY6B4XY7R4XYDG
720676,4XVHB4XVIR4XXLG4XXSB4XXTR4XXZG4XY6B4XY7R4XYDG
725681,4XVHB4XVIR4XXLG4XXSB4XXTR4XXZG4XY6B4XY7R4XYDG
860366,4XVHB4XVIR4XXLG4XXSB4XXTR4XXZG4XY6B4XY7R4XYDG
725699,4XVHB4XVIR4XXLG4XXSB4XXTR4XXZG4XY6B4XY7R4XYDG
725700,4XVHB4XVIR4XXLG4XXSB4XXTR4XXZG4XY6B4XY7R4XYDG
725701,4XVHB4XVIR4XXLG4XXSB4XXTR4XXZG4XY6B4XY7R4XYDG
725702,4XVHB4XVIR4XXLG4XXSB4XXTR4XXZG4XY6B4XY7R4XYDG
725703,4XVHB4XVIR4XXLG4XXSB4XXTR4XXZG4XY6B4XY7R4XYDG
720666,4XVHB4XVIR4XXLG4XXSB4XXTR4XXZG4XY6B4XY7R4XYDG
725714,4XVHB4XVIR4XXLG4XXSB4XXTR4XXZG4XY6B4XY7R4XYDG
725705,4XVHB4XVIR4XXLG4XXSB4XXTR4XXZG4XY6B4XY7R4XYDG
725707,4XVHB4XVIR4XXLG4XXSB4XXTR4XXZG4XY6B4XY7R4XYDG
783005,4XVHB4XVIR4XXLG4XXSB4XXTR4XXZG4XY6B4XY7R4XYDG
725709,4XVHB4XVIR4XXLG4XXSB4XXTR4XXZG4XY6B4XY7R4XYDG
725710,4XVHB4XVIR4XXLG4XXSB4XXTR4XXZG4XY6B4XY7R4XYDG
740704,4XVHB4XVIR4XXLG4XXSB4XXTR4XXZG4XY6B4XY7R4XYDG
725713,4XVHB4XVIR4XXLG4XXSB4XXTR4XXZG4XY6B4XY7R4XYDG
740703,4XVHB4XVIR4XXLG4XXSB4XXTR4XXZG4XY6B4XY7R4XYDG
725704,4XVHB4XVIR4XXLG4XXSB4XXTR4XXZG4XY6B4XY7R4XYDG
860361,4XVHB4XVIR4XXLG4XXSB4XXTR4XXZG4XY6B4XY7R4XYDG
783003,4XVHB4XVIR4XXLG4XXSB4XXTR4XXZG4XY6B4XY7R4XYDG
725683,4XVHB4XVIR4XXLG4XXSB4XXTR4XXZG4XY6B4XY7R4XYDG
725685,4XVHB4XVIR4XXLG4XXSB4XXTR4XXZG4XY6B4XY7R4XYDG
725686,4XVHB4XVIR4XXLG4XXSB4XXTR4XXZG4XY6B4XY7R4XYDG
725688,4XVHB4XVIR4XXLG4XXSB4XXTR4XXZG4XY6B4XY7R4XYDG
725689,4XVHB4XVIR4XXLG4XXSB4XXTR4XXZG4XY6B4XY7R4XYDG
720668,4XVHB4XVIR4XXLG4XXSB4XXTR4XXZG4XY6B4XY7R4XYDG
725691,4XVHB4XVIR4XXLG4XXSB4XXTR4XXZG4XY6B4XY7R4XYDG
860362,4XVHB4XVIR4XXLG4XXSB4XXTR4XXZG4XY6B4XY7R4XYDG
720670,4XVHB4XVIR4XXLG4XXSB4XXTR4XXZG4XY6B4XY7R4XYDG
720677,4XVHB4XVIR4XXLG4XXSB4XXTR4XXZG4XY6B4XY7R4XYDG
720665,4XVHB4XVIR4XXLG4XXSB4XXTR4XXZG4XY6B4XY7R4XYDG
860363,4XVHB4XVIR4XXLG4XXSB4XXTR4XXZG4XY6B4XY7R4XYDG
720673,4XVHB4XVIR4XXLG4XXSB4XXTR4XXZG4XY6B4XY7R4XYDG
852836,4XVIB4XVIR4XXMB4XXTB4XXTG4XXTR4XY0B4XY7B4XY7R
818080,4XVIB4XVIR4XXMB4XXTB4XXTG4XXTR4XY0B4XY7B4XY7R
854630,4XVIB4XVIR4XXMB4XXTB4XXTG4XXTR4XY0B4XY7B4XY7R
902689,4XVIB4XVIR4XXMB4XXTB4XXTG4XXTR4XY0B4XY7B4XY7R
854627,4XVIB4XVIR4XXMB4XXTB4XXTG4XXTR4XY0B4XY7B4XY7R
856285,4XVIB4XVIR4XXMB4XXTB4XXTG4XXTR4XY0B4XY7B4XY7R
1021532,4XVIB4XVIR4XXMB4XXTB4XXTG4XXTR4XY0B4XY7B4XY7R
856257,4XVIB4XXMB4XXTB4XXTG4XY0B4XY7B4XYEB4Y0JB4Y0JG
852861,4XVIB4XXMB4XXTB4XXTG4XY0B4XY7B4XYEB4Y0JB4Y0JG
856271,4XVIB4XXMB4XXTB4XXTG4XY0B4XY7B4XYEB4Y0JB4Y0JG
854548,4XVIB4XXMB4XXTB4XXTG4XY0B4XY7B4XYEB4Y0JB4Y0JG
854560,4XVIB4XVIR4XXMB4XXTB4XXTG4XXTR4XY0B4XY7B4XY7R
702295,4XVIB4XVIR4XXMB4XXTB4XXTG4XXTR4XY0B4XY7B4XY7R
902681,4XVIB4XXMB4XXTB4XXTG4XY0B4XY7B4XYEB4Y0JB4Y0JG
1007169,4XVIB4XVIR4XXMB4XXTB4XXTG4XXTR4XY0B4XY7B4XY7R
902677,4XVIB4XXMB4XXTB4XXTG4XY0B4XY7B4XYEB4Y0JB4Y0JG
897832,4XVIB4XXMB4XXTB4XXTG4XY0B4XY7B4XYEB4Y0JB4Y0JG
816567,4XVIB4XVIR4XXMB4XXTB4XXTG4XXTR4XY0B4XY7B4XY7R
702315,4XVIB4XXMB4XXTB4XXTG4XY0B4XY7B4XYEB4Y0JB4Y0JG
852889,4XVIB4XVIR4XXMB4XXTB4XXTG4XXTR4XY0B4XY7B4XY7R
901422,4XVIB4XVIR4XXMB4XXTB4XXTG4XXTR4XY0B4XY7B4XY7R
818075,4XVIB4XVIR4XXMB4XXTB4XXTG4XXTR4XY0B4XY7B4XY7R
818085,4XVIB4XVIR4XXMB4XXTB4XXTG4XXTR4XY0B4XY7B4XY7R
817706,4XVIB4XXMB4XXTB4XXTG4XY0B4XY7B4XYEB4Y0JB4Y0JG
701961,4XVIB4XVIR4XXMB4XXTB4XXTG4XXTR4XY0B4XY7B4XY7R
852830,4XVIB4XVIR4XXMB4XXTB4XXTG4XXTR4XY0B4XY7B4XY7R
717094,4XVIG4XXLR4XXMB4XXTG4XXZR4XY0B4XY7G4XYDR4XYEB
794244,4XVIG4XXLR4XXMB4XXTG4XXZR4XY0B4XY7G4XYDR4XYEB
1018189,4XVIG4XXMB4XXTG4XY0B4XY7G4XYEB4Y0JG4Y0QB4Y0XG
842959,4XVIG4XXMB4XXTG4XY0B4XY7G4XYEB4Y0JG4Y0QB4Y0XG
746446,4XVIG4XXLR4XXMB4XXTG4XXZR4XY0B4XY7G4XYDR4XYEB
842962,4XVIG4XXMB4XXTG4XY0B4XY7G4XYEB4Y0JG4Y0QB4Y0XG
923089,4XVIG4XXLR4XXMB4XXTG4XXZR4XY0B4XY7G4XYDR4XYEB
842965,4XVIG4XXMB4XXTG4XY0B4XY7G4XYEB4Y0JG4Y0QB4Y0XG
784785,4XVIG4XXLR4XXMB4XXTG4XXZR4XY0B4XY7G4XYDR4XYEB
835877,4XVIG4XXLR4XXMB4XXTG4XXZR4XY0B4XY7G4XYDR4XYEB
926556,4XVIG4XXLR4XXMB4XXTG4XXZR4XY0B4XY7G4XYDR4XYEB
878632,4XVIG4XXLR4XXMB4XXTG4XXZR4XY0B4XY7G4XYDR4XYEB
926557,4XVIG4XXLR4XXMB4XXTG4XXZR4XY0B4XY7G4XYDR4XYEB
654671,4XVIG4XXMB4XXTG4XY0B4XY7G4XYEB4Y0JG4Y0QB4Y0XG
926559,4XVIG4XXMB4XXTG4XY0B4XY7G4XYEB4Y0JG4Y0QB4Y0XG
741634,4XVIG4XXLR4XXMB4XXTG4XXZR4XY0B4XY7G4XYDR4XYEB
926561,4XVIG4XXLR4XXMB4XXTG4XXZR4XY0B4XY7G4XYDR4XYEB
980550,4XVIG4XXMB4XXTG4XY0B4XY7G4XYEB4Y0JG4Y0QB4Y0XG
926562,4XVIG4XXMB4XXTG4XY0B4XY7G4XYEB4Y0JG4Y0QB4Y0XG
895124,4XVIG4XXMB4XXTG4XY0B4XY7G4XYEB4Y0JG4Y0QB4Y0XG
855866,4XVIG4XXLR4XXMB4XXTG4XXZR4XY0B4XY7G4XYDR4XYEB
926564,4XVIG4XXMB4XXTG4XY0B4XY7G4XYEB4Y0JG4Y0QB4Y0XG
675293,4XVIG4XXMB4XXTG4XY0B4XY7G4XYEB4Y0JG4Y0QB4Y0XG
715023,4XVIG4XXMB4XXTG4XY0B4XY7G4XYEB4Y0JG4Y0QB4Y0XG
675294,4XVIG4XXLR4XXMB4XXTG4XXZR4XY0B4XY7G4XYDR4XYEB
715024,4XVIG4XXMB4XXTG4XY0B4XY7G4XYEB4Y0JG4Y0QB4Y0XG
715026,4XVIG4XXMB4XXTG4XY0B4XY7G4XYEB4Y0JG4Y0QB4Y0XG
746460,4XVIG4XXMB4XXTG4XY0B4XY7G4XYEB4Y0JG4Y0QB4Y0XG
775109,4XVIG4XXLR4XXMB4XXTG4XXZR4XY0B4XY7G4XYDR4XYEB
717102,4XVIG4XXMB4XXTG4XY0B4XY7G4XYEB4Y0JG4Y0QB4Y0XG
717105,4XVIG4XXMB4XXTG4XY0B4XY7G4XYEB4Y0JG4Y0QB4Y0XG
998572,4XVIG4XXMB4XXTG4XY0B4XY7G4XYEB4Y0JG4Y0QB4Y0XG
717112,4XVIG4XXMB4XXTG4XY0B4XY7G4XYEB4Y0JG4Y0QB4Y0XG
717114,4XVIG4XXMB4XXTG4XY0B4XY7G4XYEB4Y0JG4Y0QB4Y0XG
855865,4XVIG4XXLR4XXMB4XXTG4XXZR4XY0B4XY7G4XYDR4XYEB
717119,4XVIG4XXMB4XXTG4XY0B4XY7G4XYEB4Y0JG4Y0QB4Y0XG
717120,4XVIG4XXMB4XXTG4XY0B4XY7G4XYEB4Y0JG4Y0QB4Y0XG
717121,4XVIG4XXMB4XXTG4XY0B4XY7G4XYEB4Y0JG4Y0QB4Y0XG
795546,4XVIG4XXLR4XXMB4XXTG4XXZR4XY0B4XY7G4XYDR4XYEB
923087,4XVIG4XXLR4XXMB4XXTG4XXZR4XY0B4XY7G4XYDR4XYEB
794246,4XVIG4XXLR4XXMB4XXTG4XXZR4XY0B4XY7G4XYDR4XYEB
855864,4XVIG4XXLR4XXMB4XXTG4XXZR4XY0B4XY7G4XYDR4XYEB
825807,4XVIG4XXLR4XXMB4XXTG4XXZR4XY0B4XY7G4XYDR4XYEB
902721,4XVIG4XXLR4XXMB4XXTG4XXZR4XY0B4XY7G4XYDR4XYEB
741633,4XVIG4XXLR4XXMB4XXTG4XXZR4XY0B4XY7G4XYDR4XYEB
926179,4XVIG4XXLR4XXMB4XXTG4XXZR4XY0B4XY7G4XYDR4XYEB
894446,4XVIG4XXMB4XXTG4XY0B4XY7G4XYEB4Y0JG4Y0QB4Y0XG
878612,4XVIG4XXLR4XXMB4XXTG4XXZR4XY0B4XY7G4XYDR4XYEB
855863,4XVIG4XXLR4XXMB4XXTG4XXZR4XY0B4XY7G4XYDR4XYEB
774991,4XVIG4XXLR4XXMB4XXTG4XXZR4XY0B4XY7G4XYDR4XYEB
894445,4XVIG4XXLR4XXMB4XXTG4XXZR4XY0B4XY7G4XYDR4XYEB
926841,4XVEG4XVIR4XVLB4XXPG4XXTR4XXWB4XY3G4XY7R4XYAB
926832,4XVEG4XVIR4XVLB4XXPG4XXTR4XXWB4XY3G4XY7R4XYAB
1025709,4XVEG4XVIR4XVLB4XXPG4XXTR4XXWB4XY3G4XY7R4XYAB
974963,4XVEG4XVIR4XVLB4XXPG4XXTR4XXWB4XY3G4XY7R4XYAB
824901,4XVEG4XVIR4XVLB4XXPG4XXTR4XXWB4XY3G4XY7R4XYAB
974964,4XVEG4XVIR4XVLB4XXPG4XXTR4XXWB4XY3G4XY7R4XYAB
932352,4XVEG4XVIR4XVLB4XXPG4XXTR4XXWB4XY3G4XY7R4XYAB
823642,4XVEG4XVIR4XVLB4XXPG4XXTR4XXWB4XY3G4XY7R4XYAB
823641,4XVEG4XVIR4XVLB4XXPG4XXTR4XXWB4XY3G4XY7R4XYAB
932347,4XVEG4XVIR4XVLB4XXPG4XXTR4XXWB4XY3G4XY7R4XYAB
932344,4XVEG4XVIR4XVLB4XXPG4XXTR4XXWB4XY3G4XY7R4XYAB
665184,4XVEG4XVIR4XVLB4XXPG4XXTR4XXWB4XY3G4XY7R4XYAB
926839,4XVEG4XVIR4XVLB4XXPG4XXTR4XXWB4XY3G4XY7R4XYAB
1002044,4XVEG4XVIR4XVLB4XXPG4XXTR4XXWB4XY3G4XY7R4XYAB
714040,4XVIG4XXMB4XXTG4XY0B4XY7G4XYEB4Y0JG4Y0QB4Y0XG
716190,4XVIG4XVLR4XXMB4XXTG4XXWR4XY0B4XY7G4XYAR4XYEB
716192,4XVIG4XVLR4XXMB4XXTG4XXWR4XY0B4XY7G4XYAR4XYEB
716194,4XVIG4XVLR4XXMB4XXTG4XXWR4XY0B4XY7G4XYAR4XYEB
716198,4XVIG4XVLR4XXMB4XXTG4XXWR4XY0B4XY7G4XYAR4XYEB
717352,4XVIG4XVLR4XXMB4XXTG4XXWR4XY0B4XY7G4XYAR4XYEB
1012759,4XVIG4XVLR4XXMB4XXTG4XXWR4XY0B4XY7G4XYAR4XYEB
818566,4XVIG4XXMB4XXTG4XY0B4XY7G4XYEB4Y0JG4Y0QB4Y0XG
818568,4XVIG4XVLR4XXMB4XXTG4XXWR4XY0B4XY7G4XYAR4XYEB
706395,4XVIG4XVLR4XXMB4XXTG4XXWR4XY0B4XY7G4XYAR4XYEB
714028,4XVIG4XVLR4XXMB4XXTG4XXWR4XY0B4XY7G4XYAR4XYEB
714024,4XVIG4XVLR4XXMB4XXTG4XXWR4XY0B4XY7G4XYAR4XYEB
713688,4XVIG4XVLR4XXMB4XXTG4XXWR4XY0B4XY7G4XYAR4XYEB
714030,4XVIG4XVLR4XXMB4XXTG4XXWR4XY0B4XY7G4XYAR4XYEB
779863,4XVFB4XVGR4XVMG4XXQB4XXRR4XXXG4XY4B4XY5R4XYBG
779862,4XVFB4XVGR4XVMG4XXQB4XXRR4XXXG4XY4B4XY5R4XYBG
638026,4XVFB4XVGR4XVMG4XXQB4XXRR4XXXG4XY4B4XY5R4XYBG
779867,4XVFB4XVGR4XVMG4XXQB4XXRR4XXXG4XY4B4XY5R4XYBG
783974,4XVFB4XVGR4XVMG4XXQB4XXRR4XXXG4XY4B4XY5R4XYBG
943649,4XVFB4XVMG4XXQB4XXXG4XY4B4XYBG4Y0GB4Y0NG4Y0UB
943650,4XVFB4XVMG4XXQB4XXXG4XY4B4XYBG4Y0GB4Y0NG4Y0UB
622415,4XVFB4XVMG4XXQB4XXXG4XY4B4XYBG4Y0GB4Y0NG4Y0UB
881327,4XVHG4XXLB4XXSG4XXZB4XY6G4XYDB4Y0IG4Y0PB4Y0WG
881320,4XVHG4XXLB4XXSG4XXZB4XY6G4XYDB4Y0IG4Y0PB4Y0WG
881322,4XVHG4XXLB4XXSG4XXZB4XY6G4XYDB4Y0IG4Y0PB4Y0WG
665473,4XVHG4XXLB4XXSG4XXZB4XY6G4XYDB4Y0IG4Y0PB4Y0WG
881340,4XVHG4XXLB4XXSG4XXZB4XY6G4XYDB4Y0IG4Y0PB4Y0WG
995549,4XVHG4XXLB4XXSG4XXZB4XY6G4XYDB4Y0IG4Y0PB4Y0WG
881337,4XVHG4XXLB4XXSG4XXZB4XY6G4XYDB4Y0IG4Y0PB4Y0WG
881336,4XVHG4XXLB4XXSG4XXZB4XY6G4XYDB4Y0IG4Y0PB4Y0WG
668793,4XVJB4XVJG4XXNB4XXNG4XXUB4XXUG4XY1B4XY1G4XY8B
670177,4XVJB4XVJG4XXNB4XXNG4XXUB4XXUG4XY1B4XY1G4XY8B
1022396,4XVJB4XVJG4XXNB4XXNG4XXUB4XXUG4XY1B4XY1G4XY8B
670182,4XVJB4XVJG4XXNB4XXNG4XXUB4XXUG4XY1B4XY1G4XY8B
668794,4XVJB4XVJG4XXNB4XXNG4XXUB4XXUG4XY1B4XY1G4XY8B
668795,4XVJB4XVJG4XXNB4XXNG4XXUB4XXUG4XY1B4XY1G4XY8B
670130,4XVJB4XVJG4XXNB4XXNG4XXUB4XXUG4XY1B4XY1G4XY8B
670137,4XVJB4XVJG4XXNB4XXNG4XXUB4XXUG4XY1B4XY1G4XY8B
948529,4XVJB4XVJG4XXNB4XXNG4XXUB4XXUG4XY1B4XY1G4XY8B
992305,4XVJB4XVJG4XXNB4XXNG4XXUB4XXUG4XY1B4XY1G4XY8B
734593,4XVJB4XVJG4XXNB4XXNG4XXUB4XXUG4XY1B4XY1G4XY8B
1033365,4XVJB4XVJG4XXNB4XXNG4XXUB4XXUG4XY1B4XY1G4XY8B
1128039,4XVJB4XXMR4XXNG4XXUB4XY0R4XY1G4XY8B4XYER4Y0DG
1128028,4XVJB4XXMR4XXNG4XXUB4XY0R4XY1G4XY8B4XYER4Y0DG
1127993,4XVJB4XXMR4XXNG4XXUB4XY0R4XY1G4XY8B4XYER4Y0DG
1127983,4XVJB4XXMR4XXNG4XXUB4XY0R4XY1G4XY8B4XYER4Y0DG
1127992,4XVJB4XXMR4XXNG4XXUB4XY0R4XY1G4XY8B4XYER4Y0DG
1127984,4XVJB4XXMR4XXNG4XXUB4XY0R4XY1G4XY8B4XYER4Y0DG
1127991,4XVJB4XXMR4XXNG4XXUB4XY0R4XY1G4XY8B4XYER4Y0DG
1127990,4XVJB4XXMR4XXNG4XXUB4XY0R4XY1G4XY8B4XYER4Y0DG
1127989,4XVJB4XXMR4XXNG4XXUB4XY0R4XY1G4XY8B4XYER4Y0DG
1127978,4XVJB4XXMR4XXNG4XXUB4XY0R4XY1G4XY8B4XYER4Y0DG
1127988,4XVJB4XXMR4XXNG4XXUB4XY0R4XY1G4XY8B4XYER4Y0DG
1127987,4XVJB4XXMR4XXNG4XXUB4XY0R4XY1G4XY8B4XYER4Y0DG
1127986,4XVJB4XXMR4XXNG4XXUB4XY0R4XY1G4XY8B4XYER4Y0DG
1127985,4XVJB4XXMR4XXNG4XXUB4XY0R4XY1G4XY8B4XYER4Y0DG
1127997,4XVJB4XXMR4XXNG4XXUB4XY0R4XY1G4XY8B4XYER4Y0DG
1127979,4XVJB4XXMR4XXNG4XXUB4XY0R4XY1G4XY8B4XYER4Y0DG
1127996,4XVJB4XXMR4XXNG4XXUB4XY0R4XY1G4XY8B4XYER4Y0DG
1127980,4XVJB4XXMR4XXNG4XXUB4XY0R4XY1G4XY8B4XYER4Y0DG
1127995,4XVJB4XXMR4XXNG4XXUB4XY0R4XY1G4XY8B4XYER4Y0DG
1127981,4XVJB4XXMR4XXNG4XXUB4XY0R4XY1G4XY8B4XYER4Y0DG
1127994,4XVJB4XXMR4XXNG4XXUB4XY0R4XY1G4XY8B4XYER4Y0DG
1127982,4XVJB4XXMR4XXNG4XXUB4XY0R4XY1G4XY8B4XYER4Y0DG
1006552,4XVGR4XVIG4XXMB4XXRR4XXTG4XY0B4XY5R4XY7G4XYEB
755240,4XVGR4XVIG4XXMB4XXRR4XXTG4XY0B4XY5R4XY7G4XYEB
755250,4XVGR4XVIG4XXMB4XXRR4XXTG4XY0B4XY5R4XY7G4XYEB
755245,4XVGR4XVIG4XXMB4XXRR4XXTG4XY0B4XY5R4XY7G4XYEB
755247,4XVGR4XVIG4XXMB4XXRR4XXTG4XY0B4XY5R4XY7G4XYEB
675793,4XVGR4XVIG4XXMB4XXRR4XXTG4XY0B4XY5R4XY7G4XYEB
754837,4XVGR4XVIG4XXMB4XXRR4XXTG4XY0B4XY5R4XY7G4XYEB
754850,4XVGR4XVIG4XXMB4XXRR4XXTG4XY0B4XY5R4XY7G4XYEB
754843,4XVGR4XVIG4XXMB4XXRR4XXTG4XY0B4XY5R4XY7G4XYEB
759005,4XVGR4XVIG4XXMB4XXRR4XXTG4XY0B4XY5R4XY7G4XYEB
753536,4XVGR4XVIG4XXMB4XXRR4XXTG4XY0B4XY5R4XY7G4XYEB
754840,4XVGR4XVIG4XXMB4XXRR4XXTG4XY0B4XY5R4XY7G4XYEB
759008,4XVGR4XVIG4XXMB4XXRR4XXTG4XY0B4XY5R4XY7G4XYEB
759004,4XVGR4XVIG4XXMB4XXRR4XXTG4XY0B4XY5R4XY7G4XYEB
704339,4XVGR4XVIG4XXMB4XXRR4XXTG4XY0B4XY5R4XY7G4XYEB
755238,4XVGR4XVIG4XXMB4XXRR4XXTG4XY0B4XY5R4XY7G4XYEB
755251,4XVGR4XVIG4XXMB4XXRR4XXTG4XY0B4XY5R4XY7G4XYEB
755255,4XVGR4XVIG4XXMB4XXRR4XXTG4XY0B4XY5R4XY7G4XYEB
753906,4XVGR4XVIG4XXMB4XXRR4XXTG4XY0B4XY5R4XY7G4XYEB
753908,4XVGR4XVIG4XXMB4XXRR4XXTG4XY0B4XY5R4XY7G4XYEB
793118,4XVJB4XXNG4XXUB4XY1G4XY8B4Y0DG4Y0KB4Y0RG4Y0YB
793455,4XVJB4XXNG4XXUB4XY1G4XY8B4Y0DG4Y0KB4Y0RG4Y0YB
710142,4XVHR4XVJB4XXNG4XXSR4XXUB4XY1G4XY6R4XY8B4Y0DG
793457,4XVJB4XXNG4XXUB4XY1G4XY8B4Y0DG4Y0KB4Y0RG4Y0YB
793458,4XVJB4XXNG4XXUB4XY1G4XY8B4Y0DG4Y0KB4Y0RG4Y0YB
793459,4XVJB4XXNG4XXUB4XY1G4XY8B4Y0DG4Y0KB4Y0RG4Y0YB
785870,4XVJB4XXNG4XXUB4XY1G4XY8B4Y0DG4Y0KB4Y0RG4Y0YB
711621,4XVHR4XVJB4XXNG4XXSR4XXUB4XY1G4XY6R4XY8B4Y0DG
710285,4XVHR4XVJB4XXNG4XXSR4XXUB4XY1G4XY6R4XY8B4Y0DG
711364,4XVJB4XXNG4XXUB4XY1G4XY8B4Y0DG4Y0KB4Y0RG4Y0YB
711625,4XVHR4XVJB4XXNG4XXSR4XXUB4XY1G4XY6R4XY8B4Y0DG
738556,4XVHR4XVJB4XXNG4XXSR4XXUB4XY1G4XY6R4XY8B4Y0DG
992316,4XVJB4XXNG4XXUB4XY1G4XY8B4Y0DG4Y0KB4Y0RG4Y0YB
711362,4XVHR4XVJB4XXNG4XXSR4XXUB4XY1G4XY6R4XY8B4Y0DG
711604,4XVHG4XVHR4XXLB4XXSG4XXSR4XXZB4XY6G4XY6R4XYDB
793120,4XVJB4XXNG4XXUB4XY1G4XY8B4Y0DG4Y0KB4Y0RG4Y0YB
743833,4XVJB4XXNG4XXUB4XY1G4XY8B4Y0DG4Y0KB4Y0RG4Y0YB
699937,4XVHG4XVHR4XXLB4XXSG4XXSR4XXZB4XY6G4XY6R4XYDB
793123,4XVJB4XXNG4XXUB4XY1G4XY8B4Y0DG4Y0KB4Y0RG4Y0YB
710313,4XVHG4XVHR4XXLB4XXSG4XXSR4XXZB4XY6G4XY6R4XYDB
793124,4XVJB4XXNG4XXUB4XY1G4XY8B4Y0DG4Y0KB4Y0RG4Y0YB
1028502,4XVJB4XXNG4XXUB4XY1G4XY8B4Y0DG4Y0KB4Y0RG4Y0YB
699928,4XVHG4XVHR4XXLB4XXSG4XXSR4XXZB4XY6G4XY6R4XYDB
946433,4XVJB4XXNG4XXUB4XY1G4XY8B4Y0DG4Y0KB4Y0RG4Y0YB
793453,4XVJB4XXNG4XXUB4XY1G4XY8B4Y0DG4Y0KB4Y0RG4Y0YB
810248,4XVJB4XXNG4XXUB4XY1G4XY8B4Y0DG4Y0KB4Y0RG4Y0YB
808527,4XVJB4XXNG4XXUB4XY1G4XY8B4Y0DG4Y0KB4Y0RG4Y0YB
806887,4XVJB4XXNG4XXUB4XY1G4XY8B4Y0DG4Y0KB4Y0RG4Y0YB
808495,4XVJB4XXNG4XXUB4XY1G4XY8B4Y0DG4Y0KB4Y0RG4Y0YB
1048900,4XVJB4XXNG4XXUB4XY1G4XY8B4Y0DG4Y0KB4Y0RG4Y0YB
808498,4XVJB4XXNG4XXUB4XY1G4XY8B4Y0DG4Y0KB4Y0RG4Y0YB
808500,4XVJB4XXNG4XXUB4XY1G4XY8B4Y0DG4Y0KB4Y0RG4Y0YB
740991,4XVJB4XXNG4XXUB4XY1G4XY8B4Y0DG4Y0KB4Y0RG4Y0YB
989845,4XVJB4XXNG4XXUB4XY1G4XY8B4Y0DG4Y0KB4Y0RG4Y0YB
992366,4XVJB4XXNG4XXUB4XY1G4XY8B4Y0DG4Y0KB4Y0RG4Y0YB
810225,4XVJB4XXNG4XXUB4XY1G4XY8B4Y0DG4Y0KB4Y0RG4Y0YB
740992,4XVJB4XXNG4XXUB4XY1G4XY8B4Y0DG4Y0KB4Y0RG4Y0YB
1048905,4XVJB4XXNG4XXUB4XY1G4XY8B4Y0DG4Y0KB4Y0RG4Y0YB
810230,4XVJB4XXNG4XXUB4XY1G4XY8B4Y0DG4Y0KB4Y0RG4Y0YB
810232,4XVJB4XXNG4XXUB4XY1G4XY8B4Y0DG4Y0KB4Y0RG4Y0YB
810235,4XVJB4XXNG4XXUB4XY1G4XY8B4Y0DG4Y0KB4Y0RG4Y0YB
810237,4XVJB4XXNG4XXUB4XY1G4XY8B4Y0DG4Y0KB4Y0RG4Y0YB
911401,4XVJB4XXNG4XXUB4XY1G4XY8B4Y0DG4Y0KB4Y0RG4Y0YB
754857,4XVGR4XVIG4XXMB4XXRR4XXTG4XY0B4XY5R4XY7G4XYEB
704338,4XVGR4XVIG4XXMB4XXRR4XXTG4XY0B4XY5R4XY7G4XYEB
754858,4XVGR4XVIG4XXMB4XXRR4XXTG4XY0B4XY5R4XY7G4XYEB
1006550,4XVIG4XXMB4XXTG4XY0B4XY7G4XYEB4Y0JG4Y0QB4Y0XG
754863,4XVGR4XVIG4XXMB4XXRR4XXTG4XY0B4XY5R4XY7G4XYEB
675764,4XVIG4XXMB4XXTG4XY0B4XY7G4XYEB4Y0JG4Y0QB4Y0XG
780349,4XVGR4XVIG4XXMB4XXRR4XXTG4XY0B4XY5R4XY7G4XYEB
753533,4XVGR4XVIG4XXMB4XXRR4XXTG4XY0B4XY5R4XY7G4XYEB
753537,4XVIG4XXMB4XXTG4XY0B4XY7G4XYEB4Y0JG4Y0QB4Y0XG
822509,4XVGR4XVIG4XXMB4XXRR4XXTG4XY0B4XY5R4XY7G4XYEB
1006536,4XVGR4XVIG4XXMB4XXRR4XXTG4XY0B4XY5R4XY7G4XYEB
754867,4XVIG4XXMB4XXTG4XY0B4XY7G4XYEB4Y0JG4Y0QB4Y0XG
755212,4XVIG4XXMB4XXTG4XY0B4XY7G4XYEB4Y0JG4Y0QB4Y0XG
755216,4XVGR4XVIG4XXMB4XXRR4XXTG4XY0B4XY5R4XY7G4XYEB
755218,4XVGR4XVIG4XXMB4XXRR4XXTG4XY0B4XY5R4XY7G4XYEB
755221,4XVGR4XVIG4XXMB4XXRR4XXTG4XY0B4XY5R4XY7G4XYEB
866152,4XVFR4XVGG4XVNB4XXQR4XXRG4XXYB4XY4R4XY5G4XYCB
866537,4XVFR4XVGG4XVNB4XXQR4XXRG4XXYB4XY4R4XY5G4XYCB
866159,4XVFR4XVGG4XVNB4XXQR4XXRG4XXYB4XY4R4XY5G4XYCB
866162,4XVGG4XVNB4XXRG4XXYB4XY5G4XYCB4Y0HG4Y0OB4Y0VG
866164,4XVFR4XVGG4XVNB4XXQR4XXRG4XXYB4XY4R4XY5G4XYCB
866167,4XVFR4XVGG4XVNB4XXQR4XXRG4XXYB4XY4R4XY5G4XYCB
699110,4XVFR4XVGG4XVNB4XXQR4XXRG4XXYB4XY4R4XY5G4XYCB
866549,4XVFR4XVGG4XVNB4XXQR4XXRG4XXYB4XY4R4XY5G4XYCB
786660,4XVFR4XVGG4XVNB4XXQR4XXRG4XXYB4XY4R4XY5G4XYCB
1042501,4XVFR4XVGG4XVNB4XXQR4XXRG4XXYB4XY4R4XY5G4XYCB
1104773,4XVIB4XXMG4XXNR4XXTB4XY0G4XY1R4XY7B4XYEG4Y0DR
1104789,4XVIB4XXMG4XXNR4XXTB4XY0G4XY1R4XY7B4XYEG4Y0DR
1104772,4XVIB4XXMG4XXNR4XXTB4XY0G4XY1R4XY7B4XYEG4Y0DR
1104798,4XVIB4XXMG4XXNR4XXTB4XY0G4XY1R4XY7B4XYEG4Y0DR
1104799,4XVIB4XXMG4XXTB4XY0G4XY7B4XYEG4Y0JB4Y0QG4Y0XB
1104800,4XVIB4XXMG4XXNR4XXTB4XY0G4XY1R4XY7B4XYEG4Y0DR
1104784,4XVIB4XXMG4XXNR4XXTB4XY0G4XY1R4XY7B4XYEG4Y0DR
1104813,4XVIB4XXMG4XXNR4XXTB4XY0G4XY1R4XY7B4XYEG4Y0DR
1104814,4XVIB4XXMG4XXTB4XY0G4XY7B4XYEG4Y0JB4Y0QG4Y0XB
1104777,4XVIB4XXMG4XXNR4XXTB4XY0G4XY1R4XY7B4XYEG4Y0DR
1104785,4XVIB4XXMG4XXNR4XXTB4XY0G4XY1R4XY7B4XYEG4Y0DR
1104776,4XVIB4XXMG4XXNR4XXTB4XY0G4XY1R4XY7B4XYEG4Y0DR
1104786,4XVIB4XXMG4XXTB4XY0G4XY7B4XYEG4Y0JB4Y0QG4Y0XB
1104775,4XVIB4XXMG4XXNR4XXTB4XY0G4XY1R4XY7B4XYEG4Y0DR
1104787,4XVIB4XXMG4XXNR4XXTB4XY0G4XY1R4XY7B4XYEG4Y0DR
1104774,4XVIB4XXMG4XXNR4XXTB4XY0G4XY1R4XY7B4XYEG4Y0DR
1104788,4XVIB4XXMG4XXNR4XXTB4XY0G4XY1R4XY7B4XYEG4Y0DR
1042800,4XVHG4XVHR4XXLB4XXSG4XXSR4XXZB4XY6G4XY6R4XYDB
828276,4XVHG4XVHR4XXLB4XXSG4XXSR4XXZB4XY6G4XY6R4XYDB
753525,4XVGR4XVIG4XXMB4XXRR4XXTG4XY0B4XY5R4XY7G4XYEB
822504,4XVGR4XVIG4XXMB4XXRR4XXTG4XY0B4XY5R4XY7G4XYEB
822505,4XVGR4XVIG4XXMB4XXRR4XXTG4XY0B4XY5R4XY7G4XYEB
753527,4XVGR4XVIG4XXMB4XXRR4XXTG4XY0B4XY5R4XY7G4XYEB
753529,4XVGR4XVIG4XXMB4XXRR4XXTG4XY0B4XY5R4XY7G4XYEB
716658,4XVGR4XVIG4XXMB4XXRR4XXTG4XY0B4XY5R4XY7G4XYEB
822503,4XVGR4XVIG4XXMB4XXRR4XXTG4XY0B4XY5R4XY7G4XYEB
780352,4XVGR4XVIG4XXMB4XXRR4XXTG4XY0B4XY5R4XY7G4XYEB
1018232,4XVGR4XVIG4XXMB4XXRR4XXTG4XY0B4XY5R4XY7G4XYEB
675762,4XVIG4XXMB4XXTG4XY0B4XY7G4XYEB4Y0JG4Y0QB4Y0XG
675763,4XVIG4XXMB4XXTG4XY0B4XY7G4XYEB4Y0JG4Y0QB4Y0XG
718000,4XVGR4XVIG4XXMB4XXRR4XXTG4XY0B4XY5R4XY7G4XYEB
664872,4XVGR4XVIG4XXMB4XXRR4XXTG4XY0B4XY5R4XY7G4XYEB
719270,4XVGR4XVIG4XXMB4XXRR4XXTG4XY0B4XY5R4XY7G4XYEB
719272,4XVGR4XVIG4XXMB4XXRR4XXTG4XY0B4XY5R4XY7G4XYEB
717987,4XVGR4XVIG4XXMB4XXRR4XXTG4XY0B4XY5R4XY7G4XYEB
717990,4XVGR4XVIG4XXMB4XXRR4XXTG4XY0B4XY5R4XY7G4XYEB
664870,4XVGR4XVIG4XXMB4XXRR4XXTG4XY0B4XY5R4XY7G4XYEB
717995,4XVGR4XVIG4XXMB4XXRR4XXTG4XY0B4XY5R4XY7G4XYEB
1012056,4XVGR4XVIG4XXMB4XXRR4XXTG4XY0B4XY5R4XY7G4XYEB
675771,4XVGR4XVIG4XXMB4XXRR4XXTG4XY0B4XY5R4XY7G4XYEB
719295,4XVGR4XVIG4XXMB4XXRR4XXTG4XY0B4XY5R4XY7G4XYEB
675757,4XVGR4XVIG4XXMB4XXRR4XXTG4XY0B4XY5R4XY7G4XYEB
753490,4XVGR4XVIG4XXMB4XXRR4XXTG4XY0B4XY5R4XY7G4XYEB
753494,4XVGR4XVIG4XXMB4XXRR4XXTG4XY0B4XY5R4XY7G4XYEB
998552,4XVGR4XVIG4XXMB4XXRR4XXTG4XY0B4XY5R4XY7G4XYEB
664857,4XVGR4XVIG4XXMB4XXRR4XXTG4XY0B4XY5R4XY7G4XYEB
1009815,4XVFB4XVMG4XXQB4XXXG4XY4B4XYBG4Y0GB4Y0NG4Y0UB
1009814,4XVFB4XVMG4XXQB4XXXG4XY4B4XYBG4Y0GB4Y0NG4Y0UB
718916,4XVGR4XVJB4XXNG4XXRR4XXUB4XY1G4XY5R4XY8B4Y0DG
718918,4XVGR4XVJB4XXNG4XXRR4XXUB4XY1G4XY5R4XY8B4Y0DG
718920,4XVGR4XVJB4XXNG4XXRR4XXUB4XY1G4XY5R4XY8B4Y0DG
718921,4XVGR4XVJB4XXNG4XXRR4XXUB4XY1G4XY5R4XY8B4Y0DG
784017,4XVGR4XVJB4XXNG4XXRR4XXUB4XY1G4XY5R4XY8B4Y0DG
755225,4XVGR4XVJB4XXNG4XXRR4XXUB4XY1G4XY5R4XY8B4Y0DG
718909,4XVGR4XVJB4XXNG4XXRR4XXUB4XY1G4XY5R4XY8B4Y0DG
718910,4XVGR4XVJB4XXNG4XXRR4XXUB4XY1G4XY5R4XY8B4Y0DG
718924,4XVGR4XVJB4XXNG4XXRR4XXUB4XY1G4XY5R4XY8B4Y0DG
719305,4XVGR4XVJB4XXNG4XXRR4XXUB4XY1G4XY5R4XY8B4Y0DG
718936,4XVGR4XVJB4XXNG4XXRR4XXUB4XY1G4XY5R4XY8B4Y0DG
664871,4XVGR4XVJB4XXNG4XXRR4XXUB4XY1G4XY5R4XY8B4Y0DG
718938,4XVGR4XVJB4XXNG4XXRR4XXUB4XY1G4XY5R4XY8B4Y0DG
718929,4XVGR4XVJB4XXNG4XXRR4XXUB4XY1G4XY5R4XY8B4Y0DG
718927,4XVGR4XVJB4XXNG4XXRR4XXUB4XY1G4XY5R4XY8B4Y0DG
718933,4XVGR4XVJB4XXNG4XXRR4XXUB4XY1G4XY5R4XY8B4Y0DG
777556,4XVGR4XVJB4XXNG4XXRR4XXUB4XY1G4XY5R4XY8B4Y0DG
719292,4XVGR4XVJB4XXNG4XXRR4XXUB4XY1G4XY5R4XY8B4Y0DG
718932,4XVGR4XVJB4XXNG4XXRR4XXUB4XY1G4XY5R4XY8B4Y0DG
675794,4XVGR4XVJB4XXNG4XXRR4XXUB4XY1G4XY5R4XY8B4Y0DG
675797,4XVGR4XVJB4XXNG4XXRR4XXUB4XY1G4XY5R4XY8B4Y0DG
675798,4XVGR4XVJB4XXNG4XXRR4XXUB4XY1G4XY5R4XY8B4Y0DG
664858,4XVGR4XVJB4XXNG4XXRR4XXUB4XY1G4XY5R4XY8B4Y0DG
997915,4XVGR4XVJB4XXNG4XXRR4XXUB4XY1G4XY5R4XY8B4Y0DG
675786,4XVGR4XVJB4XXNG4XXRR4XXUB4XY1G4XY5R4XY8B4Y0DG
675788,4XVGR4XVJB4XXNG4XXRR4XXUB4XY1G4XY5R4XY8B4Y0DG
675790,4XVGR4XVJB4XXNG4XXRR4XXUB4XY1G4XY5R4XY8B4Y0DG
675791,4XVGR4XVJB4XXNG4XXRR4XXUB4XY1G4XY5R4XY8B4Y0DG
675799,4XVGR4XVJB4XXNG4XXRR4XXUB4XY1G4XY5R4XY8B4Y0DG
719299,4XVGR4XVJB4XXNG4XXRR4XXUB4XY1G4XY5R4XY8B4Y0DG
674869,4XVJB4XXNG4XXUB4XY1G4XY8B4Y0DG4Y0KB4Y0RG4Y0YB
674872,4XVGR4XVJB4XXNG4XXRR4XXUB4XY1G4XY5R4XY8B4Y0DG
780353,4XVGR4XVJB4XXNG4XXRR4XXUB4XY1G4XY5R4XY8B4Y0DG
675807,4XVGR4XVJB4XXNG4XXRR4XXUB4XY1G4XY5R4XY8B4Y0DG
675805,4XVGR4XVJB4XXNG4XXRR4XXUB4XY1G4XY5R4XY8B4Y0DG
719278,4XVGR4XVJB4XXNG4XXRR4XXUB4XY1G4XY5R4XY8B4Y0DG
675800,4XVGR4XVJB4XXNG4XXRR4XXUB4XY1G4XY5R4XY8B4Y0DG
674967,4XVGR4XVJB4XXNG4XXRR4XXUB4XY1G4XY5R4XY8B4Y0DG
718785,4XVGR4XVJB4XXNG4XXRR4XXUB4XY1G4XY5R4XY8B4Y0DG
713299,4XVJB4XXNG4XXUB4XY1G4XY8B4Y0DG4Y0KB4Y0RG4Y0YB
719282,4XVGR4XVJB4XXNG4XXRR4XXUB4XY1G4XY5R4XY8B4Y0DG
719286,4XVGR4XVJB4XXNG4XXRR4XXUB4XY1G4XY5R4XY8B4Y0DG
719289,4XVGR4XVJB4XXNG4XXRR4XXUB4XY1G4XY5R4XY8B4Y0DG
776282,4XVGR4XVJB4XXNG4XXRR4XXUB4XY1G4XY5R4XY8B4Y0DG
719165,4XVGR4XVIG4XXMB4XXRR4XXTG4XY0B4XY5R4XY7G4XYEB
675781,4XVGR4XVIG4XXMB4XXRR4XXTG4XY0B4XY5R4XY7G4XYEB
719158,4XVGR4XVIG4XXMB4XXRR4XXTG4XY0B4XY5R4XY7G4XYEB
719156,4XVGR4XVIG4XXMB4XXRR4XXTG4XY0B4XY5R4XY7G4XYEB
664860,4XVGR4XVIG4XXMB4XXRR4XXTG4XY0B4XY5R4XY7G4XYEB
719160,4XVGR4XVIG4XXMB4XXRR4XXTG4XY0B4XY5R4XY7G4XYEB
775263,4XVGR4XVIG4XXMB4XXRR4XXTG4XY0B4XY5R4XY7G4XYEB
674866,4XVGR4XVIG4XXMB4XXRR4XXTG4XY0B4XY5R4XY7G4XYEB
753459,4XVGR4XVIG4XXMB4XXRR4XXTG4XY0B4XY5R4XY7G4XYEB
719153,4XVGR4XVIG4XXMB4XXRR4XXTG4XY0B4XY5R4XY7G4XYEB
704336,4XVGR4XVIG4XXMB4XXRR4XXTG4XY0B4XY5R4XY7G4XYEB
753462,4XVGR4XVIG4XXMB4XXRR4XXTG4XY0B4XY5R4XY7G4XYEB
753461,4XVGR4XVIG4XXMB4XXRR4XXTG4XY0B4XY5R4XY7G4XYEB
759884,4XVIG4XXMB4XXTG4XY0B4XY7G4XYEB4Y0JG4Y0QB4Y0XG
759886,4XVGR4XVIG4XXMB4XXRR4XXTG4XY0B4XY5R4XY7G4XYEB
759890,4XVGR4XVIG4XXMB4XXRR4XXTG4XY0B4XY5R4XY7G4XYEB
759892,4XVGR4XVIG4XXMB4XXRR4XXTG4XY0B4XY5R4XY7G4XYEB
753476,4XVGR4XVIG4XXMB4XXRR4XXTG4XY0B4XY5R4XY7G4XYEB
704337,4XVIG4XXMB4XXTG4XY0B4XY7G4XYEB4Y0JG4Y0QB4Y0XG
753483,4XVGR4XVIG4XXMB4XXRR4XXTG4XY0B4XY5R4XY7G4XYEB
1011997,4XVGR4XVIG4XXMB4XXRR4XXTG4XY0B4XY5R4XY7G4XYEB
753486,4XVGR4XVIG4XXMB4XXRR4XXTG4XY0B4XY5R4XY7G4XYEB
753468,4XVGR4XVIG4XXMB4XXRR4XXTG4XY0B4XY5R4XY7G4XYEB
753470,4XVGR4XVIG4XXMB4XXRR4XXTG4XY0B4XY5R4XY7G4XYEB
753472,4XVGR4XVIG4XXMB4XXRR4XXTG4XY0B4XY5R4XY7G4XYEB
753466,4XVGR4XVIG4XXMB4XXRR4XXTG4XY0B4XY5R4XY7G4XYEB
753473,4XVGR4XVIG4XXMB4XXRR4XXTG4XY0B4XY5R4XY7G4XYEB
753474,4XVGR4XVIG4XXMB4XXRR4XXTG4XY0B4XY5R4XY7G4XYEB
715017,4XVGR4XVIG4XXMB4XXRR4XXTG4XY0B4XY5R4XY7G4XYEB
674898,4XVGR4XVIG4XXMB4XXRR4XXTG4XY0B4XY5R4XY7G4XYEB
664867,4XVGR4XVIG4XXMB4XXRR4XXTG4XY0B4XY5R4XY7G4XYEB
713302,4XVGR4XVIG4XXMB4XXRR4XXTG4XY0B4XY5R4XY7G4XYEB
713721,4XVGR4XVIG4XXMB4XXRR4XXTG4XY0B4XY5R4XY7G4XYEB
674877,4XVIG4XXMB4XXTG4XY0B4XY7G4XYEB4Y0JG4Y0QB4Y0XG
713719,4XVGR4XVIG4XXMB4XXRR4XXTG4XY0B4XY5R4XY7G4XYEB
774568,4XVIG4XXMB4XXTG4XY0B4XY7G4XYEB4Y0JG4Y0QB4Y0XG
713727,4XVGR4XVIG4XXMB4XXRR4XXTG4XY0B4XY5R4XY7G4XYEB
674897,4XVGR4XVIG4XXMB4XXRR4XXTG4XY0B4XY5R4XY7G4XYEB
759882,4XVGR4XVIG4XXMB4XXRR4XXTG4XY0B4XY5R4XY7G4XYEB
674914,4XVGR4XVIG4XXMB4XXRR4XXTG4XY0B4XY5R4XY7G4XYEB
759880,4XVGR4XVIG4XXMB4XXRR4XXTG4XY0B4XY5R4XY7G4XYEB
718841,4XVGR4XVIG4XXMB4XXRR4XXTG4XY0B4XY5R4XY7G4XYEB
674901,4XVGR4XVIG4XXMB4XXRR4XXTG4XY0B4XY5R4XY7G4XYEB
1018221,4XVGR4XVIG4XXMB4XXRR4XXTG4XY0B4XY5R4XY7G4XYEB
664859,4XVGR4XVIG4XXMB4XXRR4XXTG4XY0B4XY5R4XY7G4XYEB
674902,4XVGR4XVIG4XXMB4XXRR4XXTG4XY0B4XY5R4XY7G4XYEB
674904,4XVGR4XVIG4XXMB4XXRR4XXTG4XY0B4XY5R4XY7G4XYEB
718784,4XVGR4XVIG4XXMB4XXRR4XXTG4XY0B4XY5R4XY7G4XYEB
821118,4XVGR4XVIG4XXMB4XXRR4XXTG4XY0B4XY5R4XY7G4XYEB
718787,4XVGR4XVIG4XXMB4XXRR4XXTG4XY0B4XY5R4XY7G4XYEB
775260,4XVIG4XXMB4XXTG4XY0B4XY7G4XYEB4Y0JG4Y0QB4Y0XG
675776,4XVGR4XVIG4XXMB4XXRR4XXTG4XY0B4XY5R4XY7G4XYEB
719167,4XVGR4XVIG4XXMB4XXRR4XXTG4XY0B4XY5R4XY7G4XYEB
718694,4XVGR4XVIG4XXMB4XXRR4XXTG4XY0B4XY5R4XY7G4XYEB
718722,4XVGR4XVIG4XXMB4XXRR4XXTG4XY0B4XY5R4XY7G4XYEB
718725,4XVGR4XVIG4XXMB4XXRR4XXTG4XY0B4XY5R4XY7G4XYEB
718698,4XVGR4XVIG4XXMB4XXRR4XXTG4XY0B4XY5R4XY7G4XYEB
664886,4XVGR4XVIG4XXMB4XXRR4XXTG4XY0B4XY5R4XY7G4XYEB
718703,4XVGR4XVIG4XXMB4XXRR4XXTG4XY0B4XY5R4XY7G4XYEB
718705,4XVGR4XVIG4XXMB4XXRR4XXTG4XY0B4XY5R4XY7G4XYEB
822405,4XVGR4XVIG4XXMB4XXRR4XXTG4XY0B4XY5R4XY7G4XYEB
718687,4XVIG4XXMB4XXTG4XY0B4XY7G4XYEB4Y0JG4Y0QB4Y0XG
718690,4XVGR4XVIG4XXMB4XXRR4XXTG4XY0B4XY5R4XY7G4XYEB
718735,4XVGR4XVIG4XXMB4XXRR4XXTG4XY0B4XY5R4XY7G4XYEB
718955,4XVGR4XVJB4XXNG4XXRR4XXUB4XY1G4XY5R4XY8B4Y0DG
718970,4XVGR4XVJB4XXNG4XXRR4XXUB4XY1G4XY5R4XY8B4Y0DG
718984,4XVGR4XVJB4XXNG4XXRR4XXUB4XY1G4XY5R4XY8B4Y0DG
714617,4XVGR4XVJB4XXNG4XXRR4XXUB4XY1G4XY5R4XY8B4Y0DG
714623,4XVGR4XVJB4XXNG4XXRR4XXUB4XY1G4XY5R4XY8B4Y0DG
714627,4XVGR4XVJB4XXNG4XXRR4XXUB4XY1G4XY5R4XY8B4Y0DG
714618,4XVJB4XXNG4XXUB4XY1G4XY8B4Y0DG4Y0KB4Y0RG4Y0YB
718974,4XVGR4XVJB4XXNG4XXRR4XXUB4XY1G4XY5R4XY8B4Y0DG
718978,4XVGR4XVJB4XXNG4XXRR4XXUB4XY1G4XY5R4XY8B4Y0DG
718981,4XVGR4XVJB4XXNG4XXRR4XXUB4XY1G4XY5R4XY8B4Y0DG
718953,4XVGR4XVJB4XXNG4XXRR4XXUB4XY1G4XY5R4XY8B4Y0DG
713970,4XVGR4XVJB4XXNG4XXRR4XXUB4XY1G4XY5R4XY8B4Y0DG
716345,4XVGR4XVIG4XXMB4XXRR4XXTG4XY0B4XY5R4XY7G4XYEB
713972,4XVGR4XVJB4XXNG4XXRR4XXUB4XY1G4XY5R4XY8B4Y0DG
713976,4XVGR4XVJB4XXNG4XXRR4XXUB4XY1G4XY5R4XY8B4Y0DG
713973,4XVGR4XVJB4XXNG4XXRR4XXUB4XY1G4XY5R4XY8B4Y0DG
719307,4XVGR4XVJB4XXNG4XXRR4XXUB4XY1G4XY5R4XY8B4Y0DG
786797,4XVGR4XVJB4XXNG4XXRR4XXUB4XY1G4XY5R4XY8B4Y0DG
713964,4XVGR4XVJB4XXNG4XXRR4XXUB4XY1G4XY5R4XY8B4Y0DG
718631,4XVGR4XVJB4XXNG4XXRR4XXUB4XY1G4XY5R4XY8B4Y0DG
718627,4XVGR4XVJB4XXNG4XXRR4XXUB4XY1G4XY5R4XY8B4Y0DG
718630,4XVGR4XVJB4XXNG4XXRR4XXUB4XY1G4XY5R4XY8B4Y0DG
718633,4XVGR4XVJB4XXNG4XXRR4XXUB4XY1G4XY5R4XY8B4Y0DG
715674,4XVIG4XXMB4XXTG4XY0B4XY7G4XYEB4Y0JG4Y0QB4Y0XG
718635,4XVGR4XVJB4XXNG4XXRR4XXUB4XY1G4XY5R4XY8B4Y0DG
718637,4XVGR4XVJB4XXNG4XXRR4XXUB4XY1G4XY5R4XY8B4Y0DG
664879,4XVGR4XVJB4XXNG4XXRR4XXUB4XY1G4XY5R4XY8B4Y0DG
713980,4XVGR4XVJB4XXNG4XXRR4XXUB4XY1G4XY5R4XY8B4Y0DG
713983,4XVGR4XVJB4XXNG4XXRR4XXUB4XY1G4XY5R4XY8B4Y0DG
713986,4XVGR4XVJB4XXNG4XXRR4XXUB4XY1G4XY5R4XY8B4Y0DG
718983,4XVEB4XVGR4XVLG4XXPB4XXRR4XXWG4XY3B4XY5R4XYAG
715309,4XVEB4XVGR4XVLG4XXPB4XXRR4XXWG4XY3B4XY5R4XYAG
715677,4XVGR4XVIG4XXMB4XXRR4XXTG4XY0B4XY5R4XY7G4XYEB
715303,4XVJB4XXNG4XXUB4XY1G4XY8B4Y0DG4Y0KB4Y0RG4Y0YB
715289,4XVEB4XVGR4XVLG4XXPB4XXRR4XXWG4XY3B4XY5R4XYAG
715285,4XVGR4XVJB4XXNG4XXRR4XXUB4XY1G4XY5R4XY8B4Y0DG
715295,4XVEB4XVGR4XVLG4XXPB4XXRR4XXWG4XY3B4XY5R4XYAG
715297,4XVJB4XXNG4XXUB4XY1G4XY8B4Y0DG4Y0KB4Y0RG4Y0YB
715667,4XVEB4XVGR4XVLG4XXPB4XXRR4XXWG4XY3B4XY5R4XYAG
715662,4XVGR4XVJB4XXNG4XXRR4XXUB4XY1G4XY5R4XY8B4Y0DG
822392,4XVEB4XVGR4XVLG4XXPB4XXRR4XXWG4XY3B4XY5R4XYAG
715670,4XVGR4XVJB4XXNG4XXRR4XXUB4XY1G4XY5R4XY8B4Y0DG
716337,4XVEB4XVGR4XVLG4XXPB4XXRR4XXWG4XY3B4XY5R4XYAG
1005816,4XVGR4XVJB4XXNG4XXRR4XXUB4XY1G4XY5R4XY8B4Y0DG
715651,4XVEB4XVGR4XVLG4XXPB4XXRR4XXWG4XY3B4XY5R4XYAG
664883,4XVJB4XXNG4XXUB4XY1G4XY8B4Y0DG4Y0KB4Y0RG4Y0YB
715657,4XVEB4XVGR4XVLG4XXPB4XXRR4XXWG4XY3B4XY5R4XYAG
719003,4XVGR4XVJB4XXNG4XXRR4XXUB4XY1G4XY5R4XY8B4Y0DG
719005,4XVEB4XVGR4XVLG4XXPB4XXRR4XXWG4XY3B4XY5R4XYAG
719013,4XVEB4XVGR4XVLG4XXPB4XXRR4XXWG4XY3B4XY5R4XYAG
1005782,4XVEB4XVGR4XVLG4XXPB4XXRR4XXWG4XY3B4XY5R4XYAG
718996,4XVEB4XVGR4XVLG4XXPB4XXRR4XXWG4XY3B4XY5R4XYAG
714631,4XVEB4XVGR4XVLG4XXPB4XXRR4XXWG4XY3B4XY5R4XYAG
822402,4XVGR4XVIG4XXMB4XXRR4XXTG4XY0B4XY5R4XY7G4XYEB
714636,4XVEB4XVGR4XVLG4XXPB4XXRR4XXWG4XY3B4XY5R4XYAG
718998,4XVEB4XVGR4XVLG4XXPB4XXRR4XXWG4XY3B4XY5R4XYAG
664877,4XVEB4XVGR4XVLG4XXPB4XXRR4XXWG4XY3B4XY5R4XYAG
719028,4XVEB4XVGR4XVLG4XXPB4XXRR4XXWG4XY3B4XY5R4XYAG
715280,4XVEB4XVGR4XVLG4XXPB4XXRR4XXWG4XY3B4XY5R4XYAG
664882,4XVEB4XVGR4XVLG4XXPB4XXRR4XXWG4XY3B4XY5R4XYAG
715283,4XVEB4XVGR4XVLG4XXPB4XXRR4XXWG4XY3B4XY5R4XYAG
719015,4XVEB4XVGR4XVLG4XXPB4XXRR4XXWG4XY3B4XY5R4XYAG
719018,4XVEB4XVGR4XVLG4XXPB4XXRR4XXWG4XY3B4XY5R4XYAG
719022,4XVEB4XVGR4XVLG4XXPB4XXRR4XXWG4XY3B4XY5R4XYAG
715707,4XVGR4XVIG4XXMB4XXRR4XXTG4XY0B4XY5R4XY7G4XYEB
719024,4XVEB4XVLG4XXPB4XXWG4XY3B4XYAG4Y0FB4Y0MG4Y0TB
677689,4XVEB4XVGR4XVLG4XXPB4XXRR4XXWG4XY3B4XY5R4XYAG
716037,4XVEB4XVGR4XVLG4XXPB4XXRR4XXWG4XY3B4XY5R4XYAG
716055,4XVEB4XVLG4XXPB4XXWG4XY3B4XYAG4Y0FB4Y0MG4Y0TB
716053,4XVEB4XVGR4XVLG4XXPB4XXRR4XXWG4XY3B4XY5R4XYAG
677668,4XVEB4XVLG4XXPB4XXWG4XY3B4XYAG4Y0FB4Y0MG4Y0TB
716042,4XVEB4XVGR4XVLG4XXPB4XXRR4XXWG4XY3B4XY5R4XYAG
664849,4XVEB4XVGR4XVLG4XXPB4XXRR4XXWG4XY3B4XY5R4XYAG
715702,4XVGR4XVIG4XXMB4XXRR4XXTG4XY0B4XY5R4XY7G4XYEB
716035,4XVEB4XVGR4XVLG4XXPB4XXRR4XXWG4XY3B4XY5R4XYAG
716045,4XVEB4XVGR4XVLG4XXPB4XXRR4XXWG4XY3B4XY5R4XYAG
716054,4XVEB4XVGR4XVLG4XXPB4XXRR4XXWG4XY3B4XY5R4XYAG
716056,4XVEB4XVGR4XVLG4XXPB4XXRR4XXWG4XY3B4XY5R4XYAG
781768,4XVEB4XVGR4XVLG4XXPB4XXRR4XXWG4XY3B4XY5R4XYAG
677686,4XVEB4XVGR4XVLG4XXPB4XXRR4XXWG4XY3B4XY5R4XYAG
677681,4XVEB4XVGR4XVLG4XXPB4XXRR4XXWG4XY3B4XY5R4XYAG
664517,4XVEB4XVGR4XVLG4XXPB4XXRR4XXWG4XY3B4XY5R4XYAG
774839,4XVEB4XVEB4XVLG4XXPB4XXPB4XXWG4XY3B4XY3B4XYAG
638771,4XVEB4XVGR4XVLG4XXPB4XXRR4XXWG4XY3B4XY5R4XYAG
715689,4XVGR4XVIG4XXMB4XXRR4XXTG4XY0B4XY5R4XY7G4XYEB
638779,4XVEB4XVGR4XVLG4XXPB4XXRR4XXWG4XY3B4XY5R4XYAG
774843,4XVEB4XVGR4XVLG4XXPB4XXRR4XXWG4XY3B4XY5R4XYAG
774842,4XVEB4XVLG4XXPB4XXWG4XY3B4XYAG4Y0FB4Y0MG4Y0TB
639147,4XVEB4XVGR4XVLG4XXPB4XXRR4XXWG4XY3B4XY5R4XYAG
639129,4XVEB4XVGR4XVLG4XXPB4XXRR4XXWG4XY3B4XY5R4XYAG
664884,4XVGR4XVIG4XXMB4XXRR4XXTG4XY0B4XY5R4XY7G4XYEB
993068,4XVGR4XVIG4XXMB4XXRR4XXTG4XY0B4XY5R4XY7G4XYEB
639132,4XVEB4XVGR4XVLG4XXPB4XXRR4XXWG4XY3B4XY5R4XYAG
664532,4XVEB4XVGR4XVLG4XXPB4XXRR4XXWG4XY3B4XY5R4XYAG
1005444,4XVEB4XVGR4XVLG4XXPB4XXRR4XXWG4XY3B4XY5R4XYAG
672900,4XVEB4XVGR4XVLG4XXPB4XXRR4XXWG4XY3B4XY5R4XYAG
672897,4XVEB4XVGR4XVLG4XXPB4XXRR4XXWG4XY3B4XY5R4XYAG
715692,4XVGR4XVIG4XXMB4XXRR4XXTG4XY0B4XY5R4XY7G4XYEB
638752,4XVEB4XVGR4XVLG4XXPB4XXRR4XXWG4XY3B4XY5R4XYAG
638758,4XVEB4XVGR4XVLG4XXPB4XXRR4XXWG4XY3B4XY5R4XYAG
715696,4XVGR4XVIG4XXMB4XXRR4XXTG4XY0B4XY5R4XY7G4XYEB
718045,4XVGR4XVIG4XXMB4XXRR4XXTG4XY0B4XY5R4XY7G4XYEB
716999,4XVGR4XVIG4XXMB4XXRR4XXTG4XY0B4XY5R4XY7G4XYEB
717005,4XVGR4XVIG4XXMB4XXRR4XXTG4XY0B4XY5R4XY7G4XYEB
717007,4XVGR4XVIG4XXMB4XXRR4XXTG4XY0B4XY5R4XY7G4XYEB
717010,4XVGR4XVIG4XXMB4XXRR4XXTG4XY0B4XY5R4XY7G4XYEB
719083,4XVGR4XVIG4XXMB4XXRR4XXTG4XY0B4XY5R4XY7G4XYEB
716997,4XVGR4XVIG4XXMB4XXRR4XXTG4XY0B4XY5R4XY7G4XYEB
1012727,4XVGR4XVIG4XXMB4XXRR4XXTG4XY0B4XY5R4XY7G4XYEB
718720,4XVGR4XVIG4XXMB4XXRR4XXTG4XY0B4XY5R4XY7G4XYEB
664885,4XVGR4XVIG4XXMB4XXRR4XXTG4XY0B4XY5R4XY7G4XYEB
717024,4XVGR4XVIG4XXMB4XXRR4XXTG4XY0B4XY5R4XY7G4XYEB
717026,4XVGR4XVIG4XXMB4XXRR4XXTG4XY0B4XY5R4XY7G4XYEB
717030,4XVGR4XVIG4XXMB4XXRR4XXTG4XY0B4XY5R4XY7G4XYEB
717031,4XVGR4XVIG4XXMB4XXRR4XXTG4XY0B4XY5R4XY7G4XYEB
717017,4XVGR4XVIG4XXMB4XXRR4XXTG4XY0B4XY5R4XY7G4XYEB
717016,4XVGR4XVIG4XXMB4XXRR4XXTG4XY0B4XY5R4XY7G4XYEB
718715,4XVGR4XVIG4XXMB4XXRR4XXTG4XY0B4XY5R4XY7G4XYEB
717020,4XVGR4XVIG4XXMB4XXRR4XXTG4XY0B4XY5R4XY7G4XYEB
717021,4XVGR4XVIG4XXMB4XXRR4XXTG4XY0B4XY5R4XY7G4XYEB
824040,4XVGR4XVIG4XXMB4XXRR4XXTG4XY0B4XY5R4XY7G4XYEB
704333,4XVGR4XVIG4XXMB4XXRR4XXTG4XY0B4XY5R4XY7G4XYEB
719054,4XVGR4XVIG4XXMB4XXRR4XXTG4XY0B4XY5R4XY7G4XYEB
718718,4XVGR4XVIG4XXMB4XXRR4XXTG4XY0B4XY5R4XY7G4XYEB
719059,4XVIG4XXMB4XXTG4XY0B4XY7G4XYEB4Y0JG4Y0QB4Y0XG
719055,4XVGR4XVIG4XXMB4XXRR4XXTG4XY0B4XY5R4XY7G4XYEB
824037,4XVGR4XVIG4XXMB4XXRR4XXTG4XY0B4XY5R4XY7G4XYEB
787191,4XVGR4XVIG4XXMB4XXRR4XXTG4XY0B4XY5R4XY7G4XYEB
718743,4XVGR4XVIG4XXMB4XXRR4XXTG4XY0B4XY5R4XY7G4XYEB
715688,4XVGR4XVIG4XXMB4XXRR4XXTG4XY0B4XY5R4XY7G4XYEB
824044,4XVGR4XVIG4XXMB4XXRR4XXTG4XY0B4XY5R4XY7G4XYEB
719075,4XVGR4XVIG4XXMB4XXRR4XXTG4XY0B4XY5R4XY7G4XYEB
719076,4XVGR4XVIG4XXMB4XXRR4XXTG4XY0B4XY5R4XY7G4XYEB
719079,4XVGR4XVIG4XXMB4XXRR4XXTG4XY0B4XY5R4XY7G4XYEB
719068,4XVGR4XVIG4XXMB4XXRR4XXTG4XY0B4XY5R4XY7G4XYEB
715684,4XVGR4XVIG4XXMB4XXRR4XXTG4XY0B4XY5R4XY7G4XYEB
719065,4XVGR4XVIG4XXMB4XXRR4XXTG4XY0B4XY5R4XY7G4XYEB
1012746,4XVGR4XVIG4XXMB4XXRR4XXTG4XY0B4XY5R4XY7G4XYEB
716347,4XVGR4XVIG4XXMB4XXRR4XXTG4XY0B4XY5R4XY7G4XYEB
1105592,4XVGR4XVJB4XXNG4XXRR4XXUB4XY1G4XY5R4XY8B4Y0DG
719071,4XVJB4XXNG4XXUB4XY1G4XY8B4Y0DG4Y0KB4Y0RG4Y0YB
715659,4XVGR4XVJB4XXNG4XXRR4XXUB4XY1G4XY5R4XY8B4Y0DG
718959,4XVGR4XVJB4XXNG4XXRR4XXUB4XY1G4XY5R4XY8B4Y0DG
718963,4XVGR4XVJB4XXNG4XXRR4XXUB4XY1G4XY5R4XY8B4Y0DG
718965,4XVGR4XVJB4XXNG4XXRR4XXUB4XY1G4XY5R4XY8B4Y0DG
1005780,4XVGR4XVJB4XXNG4XXRR4XXUB4XY1G4XY5R4XY8B4Y0DG
718639,4XVGR4XVJB4XXNG4XXRR4XXUB4XY1G4XY5R4XY8B4Y0DG
664876,4XVGR4XVJB4XXNG4XXRR4XXUB4XY1G4XY5R4XY8B4Y0DG
716340,4XVIG4XXMB4XXTG4XY0B4XY7G4XYEB4Y0JG4Y0QB4Y0XG
713039,4XVEB4XVGR4XVLG4XXPB4XXRR4XXWG4XY3B4XY5R4XYAG
713045,4XVEB4XVGR4XVLG4XXPB4XXRR4XXWG4XY3B4XY5R4XYAG
701168,4XVEB4XVGR4XVLG4XXPB4XXRR4XXWG4XY3B4XY5R4XYAG
713031,4XVEB4XVGR4XVLG4XXPB4XXRR4XXWG4XY3B4XY5R4XYAG
712994,4XVEB4XVGR4XVLG4XXPB4XXRR4XXWG4XY3B4XY5R4XYAG
712961,4XVEB4XVGR4XVLG4XXPB4XXRR4XXWG4XY3B4XY5R4XYAG
712965,4XVEB4XVGR4XVLG4XXPB4XXRR4XXWG4XY3B4XY5R4XYAG
787109,4XVEB4XVGR4XVLG4XXPB4XXRR4XXWG4XY3B4XY5R4XYAG
712947,4XVEB4XVGR4XVLG4XXPB4XXRR4XXWG4XY3B4XY5R4XYAG
712972,4XVEB4XVGR4XVLG4XXPB4XXRR4XXWG4XY3B4XY5R4XYAG
712966,4XVEB4XVGR4XVLG4XXPB4XXRR4XXWG4XY3B4XY5R4XYAG
712958,4XVEB4XVGR4XVLG4XXPB4XXRR4XXWG4XY3B4XY5R4XYAG
734852,4XVEB4XVGR4XVLG4XXPB4XXRR4XXWG4XY3B4XY5R4XYAG
712991,4XVEB4XVGR4XVLG4XXPB4XXRR4XXWG4XY3B4XY5R4XYAG
777938,4XVEB4XVGR4XVLG4XXPB4XXRR4XXWG4XY3B4XY5R4XYAG
713019,4XVEB4XVGR4XVLG4XXPB4XXRR4XXWG4XY3B4XY5R4XYAG
941402,4XVEB4XVGR4XVLG4XXPB4XXRR4XXWG4XY3B4XY5R4XYAG
713004,4XVEB4XVGR4XVLG4XXPB4XXRR4XXWG4XY3B4XY5R4XYAG
713000,4XVEB4XVGR4XVLG4XXPB4XXRR4XXWG4XY3B4XY5R4XYAG
777936,4XVEB4XVGR4XVLG4XXPB4XXRR4XXWG4XY3B4XY5R4XYAG
945771,4XVEB4XVGR4XVLG4XXPB4XXRR4XXWG4XY3B4XY5R4XYAG
945772,4XVEB4XVGR4XVLG4XXPB4XXRR4XXWG4XY3B4XY5R4XYAG
701164,4XVIG4XXMB4XXTG4XY0B4XY7G4XYEB4Y0JG4Y0QB4Y0XG
945773,4XVGR4XVIG4XXMB4XXRR4XXTG4XY0B4XY5R4XY7G4XYEB
666604,4XVIG4XXMB4XXTG4XY0B4XY7G4XYEB4Y0JG4Y0QB4Y0XG
999659,4XVJB4XXNG4XXUB4XY1G4XY8B4Y0DG4Y0KB4Y0RG4Y0YB
661440,4XVEB4XVGR4XVLG4XXPB4XXRR4XXWG4XY3B4XY5R4XYAG
666605,4XVGR4XVIG4XXMB4XXRR4XXTG4XY0B4XY5R4XY7G4XYEB
945774,4XVIG4XXMB4XXTG4XY0B4XY7G4XYEB4Y0JG4Y0QB4Y0XG
701163,4XVGR4XVIG4XXMB4XXRR4XXTG4XY0B4XY5R4XY7G4XYEB
945775,4XVGR4XVIG4XXMB4XXRR4XXTG4XY0B4XY5R4XY7G4XYEB
1094091,4XXMB4XY0B4XYEB4Y0QB4Y14B4Y3FB
750762,4XVJB4XVLR4XXNG4XXUB4XXWR4XY1G4XY8B4XYAR4Y0DG
750765,4XVJB4XVLR4XXNG4XXUB4XXWR4XY1G4XY8B4XYAR4Y0DG
750767,4XVJB4XVLR4XXNG4XXUB4XXWR4XY1G4XY8B4XYAR4Y0DG
750769,4XVJB4XVLR4XXNG4XXUB4XXWR4XY1G4XY8B4XYAR4Y0DG
782785,4XVJB4XVLR4XXNG4XXUB4XXWR4XY1G4XY8B4XYAR4Y0DG
740333,4XVGR4XVJB4XXNG4XXRR4XXUB4XY1G4XY5R4XY8B4Y0DG
708539,4XVGR4XVJB4XXNG4XXRR4XXUB4XY1G4XY5R4XY8B4Y0DG
708496,4XVGR4XVJB4XXNG4XXRR4XXUB4XY1G4XY5R4XY8B4Y0DG
708513,4XVGR4XVJB4XXNG4XXRR4XXUB4XY1G4XY5R4XY8B4Y0DG
752408,4XVJB4XVLR4XXNG4XXUB4XXWR4XY1G4XY8B4XYAR4Y0DG
752410,4XVJB4XVLR4XXNG4XXUB4XXWR4XY1G4XY8B4XYAR4Y0DG
709060,4XVJB4XVLR4XXNG4XXUB4XXWR4XY1G4XY8B4XYAR4Y0DG
709072,4XVJB4XVLR4XXNG4XXUB4XXWR4XY1G4XY8B4XYAR4Y0DG
943652,4XVJB4XVLR4XXNG4XXUB4XXWR4XY1G4XY8B4XYAR4Y0DG
708543,4XVJB4XXNG4XXUB4XY1G4XY8B4Y0DG4Y0KB4Y0RG4Y0YB
659732,4XVJB4XXNG4XXUB4XY1G4XY8B4Y0DG4Y0KB4Y0RG4Y0YB
740370,4XVJB4XXNG4XXUB4XY1G4XY8B4Y0DG4Y0KB4Y0RG4Y0YB
1031458,4XVJB4XXNG4XXUB4XY1G4XY8B4Y0DG4Y0KB4Y0RG4Y0YB
709052,4XVJB4XXNG4XXUB4XY1G4XY8B4Y0DG4Y0KB4Y0RG4Y0YB
697786,4XVJB4XVLR4XXNG4XXUB4XXWR4XY1G4XY8B4XYAR4Y0DG
948513,4XVJB4XVLR4XXNG4XXUB4XXWR4XY1G4XY8B4XYAR4Y0DG
907103,4XVGR4XVJB4XXNG4XXRR4XXUB4XY1G4XY5R4XY8B4Y0DG
749332,4XVGR4XVJB4XXNG4XXRR4XXUB4XY1G4XY5R4XY8B4Y0DG
943651,4XVJB4XXNG4XXUB4XY1G4XY8B4Y0DG4Y0KB4Y0RG4Y0YB
749342,4XVJB4XXNG4XXUB4XY1G4XY8B4Y0DG4Y0KB4Y0RG4Y0YB
1003224,4XVGR4XVJB4XXNG4XXRR4XXUB4XY1G4XY5R4XY8B4Y0DG
708896,4XVGR4XVJB4XXNG4XXRR4XXUB4XY1G4XY5R4XY8B4Y0DG
712178,4XVGR4XVJB4XXNG4XXRR4XXUB4XY1G4XY5R4XY8B4Y0DG
708509,4XVJB4XVLR4XXNG4XXUB4XXWR4XY1G4XY8B4XYAR4Y0DG
664733,4XVGR4XVJB4XXNG4XXRR4XXUB4XY1G4XY5R4XY8B4Y0DG
811612,4XVJG4XXMR4XXNB4XXUG4XY0R4XY1B4XY8G4XYER4Y0DB
814934,4XVJG4XXMR4XXNB4XXUG4XY0R4XY1B4XY8G4XYER4Y0DB
905432,4XVJG4XXMR4XXNB4XXUG4XY0R4XY1B4XY8G4XYER4Y0DB
769679,4XVJG4XXMR4XXNB4XXUG4XY0R4XY1B4XY8G4XYER4Y0DB
769670,4XVJG4XXMR4XXNB4XXUG4XY0R4XY1B4XY8G4XYER4Y0DB
812693,4XVJG4XXNB4XXUG4XY1B4XY8G4Y0DB4Y0KG4Y0RB4Y0YG
905430,4XVJG4XXMR4XXNB4XXUG4XY0R4XY1B4XY8G4XYER4Y0DB
812701,4XVJG4XXMR4XXNB4XXUG4XY0R4XY1B4XY8G4XYER4Y0DB
814929,4XVJG4XXMR4XXNB4XXUG4XY0R4XY1B4XY8G4XYER4Y0DB
814928,4XVJG4XXMR4XXNB4XXUG4XY0R4XY1B4XY8G4XYER4Y0DB
903980,4XVJG4XXMR4XXNB4XXUG4XY0R4XY1B4XY8G4XYER4Y0DB
814933,4XVJG4XXMR4XXNB4XXUG4XY0R4XY1B4XY8G4XYER4Y0DB
769681,4XVJG4XXMR4XXNB4XXUG4XY0R4XY1B4XY8G4XYER4Y0DB
814909,4XVJG4XXMR4XXNB4XXUG4XY0R4XY1B4XY8G4XYER4Y0DB
814919,4XVJG4XXMR4XXNB4XXUG4XY0R4XY1B4XY8G4XYER4Y0DB
811607,4XVJG4XXMR4XXNB4XXUG4XY0R4XY1B4XY8G4XYER4Y0DB
816817,4XVJG4XXMR4XXNB4XXUG4XY0R4XY1B4XY8G4XYER4Y0DB
816819,4XVJG4XXMR4XXNB4XXUG4XY0R4XY1B4XY8G4XYER4Y0DB
816826,4XVJG4XXMR4XXNB4XXUG4XY0R4XY1B4XY8G4XYER4Y0DB
816795,4XVJG4XXMR4XXNB4XXUG4XY0R4XY1B4XY8G4XYER4Y0DB
816801,4XVJG4XXMR4XXNB4XXUG4XY0R4XY1B4XY8G4XYER4Y0DB
1008265,4XVJG4XXMR4XXNB4XXUG4XY0R4XY1B4XY8G4XYER4Y0DB
1020894,4XVJG4XXMR4XXNB4XXUG4XY0R4XY1B4XY8G4XYER4Y0DB
816824,4XVJG4XXMR4XXNB4XXUG4XY0R4XY1B4XY8G4XYER4Y0DB
899823,4XVJG4XXMR4XXNB4XXUG4XY0R4XY1B4XY8G4XYER4Y0DB
815599,4XVJG4XXMR4XXNB4XXUG4XY0R4XY1B4XY8G4XYER4Y0DB
816832,4XVJG4XXMR4XXNB4XXUG4XY0R4XY1B4XY8G4XYER4Y0DB
817181,4XVJG4XXMR4XXNB4XXUG4XY0R4XY1B4XY8G4XYER4Y0DB
816834,4XVJG4XXMR4XXNB4XXUG4XY0R4XY1B4XY8G4XYER4Y0DB
899820,4XVJG4XXMR4XXNB4XXUG4XY0R4XY1B4XY8G4XYER4Y0DB
905297,4XVJG4XXMR4XXNB4XXUG4XY0R4XY1B4XY8G4XYER4Y0DB
812960,4XVJG4XXMR4XXNB4XXUG4XY0R4XY1B4XY8G4XYER4Y0DB
818163,4XVJG4XXMR4XXNB4XXUG4XY0R4XY1B4XY8G4XYER4Y0DB
813431,4XVJG4XXMR4XXNB4XXUG4XY0R4XY1B4XY8G4XYER4Y0DB
812939,4XVJG4XXMR4XXNB4XXUG4XY0R4XY1B4XY8G4XYER4Y0DB
812942,4XVJG4XXMR4XXNB4XXUG4XY0R4XY1B4XY8G4XYER4Y0DB
812954,4XVJG4XXMR4XXNB4XXUG4XY0R4XY1B4XY8G4XYER4Y0DB
812949,4XVJG4XXNB4XXUG4XY1B4XY8G4Y0DB4Y0KG4Y0RB4Y0YG
816777,4XVJG4XXMR4XXNB4XXUG4XY0R4XY1B4XY8G4XYER4Y0DB
816778,4XVJG4XXMR4XXNB4XXUG4XY0R4XY1B4XY8G4XYER4Y0DB
816786,4XVJG4XXMR4XXNB4XXUG4XY0R4XY1B4XY8G4XYER4Y0DB
813440,4XVJG4XXMR4XXNB4XXUG4XY0R4XY1B4XY8G4XYER4Y0DB
905303,4XVJG4XXMR4XXNB4XXUG4XY0R4XY1B4XY8G4XYER4Y0DB
903974,4XVJG4XXMR4XXNB4XXUG4XY0R4XY1B4XY8G4XYER4Y0DB
813443,4XVJG4XXMR4XXNB4XXUG4XY0R4XY1B4XY8G4XYER4Y0DB
854042,4XVJG4XXMR4XXNB4XXUG4XY0R4XY1B4XY8G4XYER4Y0DB
855326,4XVJG4XXMR4XXNB4XXUG4XY0R4XY1B4XY8G4XYER4Y0DB
854031,4XVJG4XXMR4XXNB4XXUG4XY0R4XY1B4XY8G4XYER4Y0DB
946361,4XVJG4XXMR4XXNB4XXUG4XY0R4XY1B4XY8G4XYER4Y0DB
855356,4XVJG4XXMR4XXNB4XXUG4XY0R4XY1B4XY8G4XYER4Y0DB
855332,4XVJG4XXMR4XXNB4XXUG4XY0R4XY1B4XY8G4XYER4Y0DB
855343,4XVJG4XXMR4XXNB4XXUG4XY0R4XY1B4XY8G4XYER4Y0DB
853673,4XVJG4XXMR4XXNB4XXUG4XY0R4XY1B4XY8G4XYER4Y0DB
812927,4XVJG4XXMR4XXNB4XXUG4XY0R4XY1B4XY8G4XYER4Y0DB
853999,4XVJG4XXMR4XXNB4XXUG4XY0R4XY1B4XY8G4XYER4Y0DB
853655,4XVJG4XXMR4XXNB4XXUG4XY0R4XY1B4XY8G4XYER4Y0DB
856572,4XVJG4XXMR4XXNB4XXUG4XY0R4XY1B4XY8G4XYER4Y0DB
856570,4XVJG4XXMR4XXNB4XXUG4XY0R4XY1B4XY8G4XYER4Y0DB
946349,4XVJG4XXMR4XXNB4XXUG4XY0R4XY1B4XY8G4XYER4Y0DB
812933,4XVJG4XXMR4XXNB4XXUG4XY0R4XY1B4XY8G4XYER4Y0DB
853634,4XVJG4XXMR4XXNB4XXUG4XY0R4XY1B4XY8G4XYER4Y0DB
812934,4XVJG4XXMR4XXNB4XXUG4XY0R4XY1B4XY8G4XYER4Y0DB
812918,4XVJG4XXMR4XXNB4XXUG4XY0R4XY1B4XY8G4XYER4Y0DB
811598,4XXMR4XXNB4XY0R4XY1B4XYER4Y0DB4Y0QR4Y0RB4Y14R
946707,4XVER4XVFG4XVMB4XXPR4XXQG4XXXB4XY3R4XY4G4XYBB
865956,4XVER4XVFG4XVMB4XXPR4XXQG4XXXB4XY3R4XY4G4XYBB
865977,4XVER4XVFG4XVMB4XXPR4XXQG4XXXB4XY3R4XY4G4XYBB
871758,4XVER4XVFG4XVMB4XXPR4XXQG4XXXB4XY3R4XY4G4XYBB
867770,4XVER4XVFG4XVMB4XXPR4XXQG4XXXB4XY3R4XY4G4XYBB
865985,4XVER4XVFG4XVMB4XXPR4XXQG4XXXB4XY3R4XY4G4XYBB
698752,4XVER4XVFG4XVMB4XXPR4XXQG4XXXB4XY3R4XY4G4XYBB
867787,4XVFG4XVMB4XXQG4XXXB4XY4G4XYBB4Y0GG4Y0NB4Y0UG
872124,4XVER4XVFG4XVMB4XXPR4XXQG4XXXB4XY3R4XY4G4XYBB
947115,4XVER4XVFG4XVMB4XXPR4XXQG4XXXB4XY3R4XY4G4XYBB
872116,4XVER4XVFG4XVMB4XXPR4XXQG4XXXB4XY3R4XY4G4XYBB
872129,4XVER4XVFG4XVMB4XXPR4XXQG4XXXB4XY3R4XY4G4XYBB
947367,4XVER4XVFG4XVMB4XXPR4XXQG4XXXB4XY3R4XY4G4XYBB
866760,4XVER4XVFG4XVMB4XXPR4XXQG4XXXB4XY3R4XY4G4XYBB
947368,4XVER4XVFG4XVMB4XXPR4XXQG4XXXB4XY3R4XY4G4XYBB
996556,4XVER4XVFG4XVMB4XXPR4XXQG4XXXB4XY3R4XY4G4XYBB
947370,4XVER4XVFG4XVMB4XXPR4XXQG4XXXB4XY3R4XY4G4XYBB
866762,4XVER4XVFG4XVMB4XXPR4XXQG4XXXB4XY3R4XY4G4XYBB
947373,4XVER4XVFG4XVMB4XXPR4XXQG4XXXB4XY3R4XY4G4XYBB
947375,4XVER4XVFG4XVMB4XXPR4XXQG4XXXB4XY3R4XY4G4XYBB
866745,4XVER4XVFG4XVMB4XXPR4XXQG4XXXB4XY3R4XY4G4XYBB
947376,4XVER4XVFG4XVMB4XXPR4XXQG4XXXB4XY3R4XY4G4XYBB
943655,4XVFG4XVMB4XXQG4XXXB4XY4G4XYBB4Y0GG4Y0NB4Y0UG
870871,4XVER4XVFG4XVMB4XXPR4XXQG4XXXB4XY3R4XY4G4XYBB
1007589,4XVER4XVFG4XVMB4XXPR4XXQG4XXXB4XY3R4XY4G4XYBB
1102111,4XVER4XVFG4XVMB4XXPR4XXQG4XXXB4XY3R4XY4G4XYBB
884289,4XVJB4XXNB4XXUB4XY1B4XY8B4Y0DB4Y0KB4Y0RB4Y0YB
882953,4XVJB4XXNB4XXUB4XY1B4XY8B4Y0DB4Y0KB4Y0RB4Y0YB
840972,4XVJB4XXNB4XXUB4XY1B4XY8B4Y0DB4Y0KB4Y0RB4Y0YB
1012587,4XVJB4XXNB4XXUB4XY1B4XY8B4Y0DB4Y0KB4Y0RB4Y0YB
882948,4XVJB4XXNB4XXUB4XY1B4XY8B4Y0DB4Y0KB4Y0RB4Y0YB
992172,4XVJB4XXNB4XXUB4XY1B4XY8B4Y0DB4Y0KB4Y0RB4Y0YB
884287,4XVJB4XXNB4XXUB4XY1B4XY8B4Y0DB4Y0KB4Y0RB4Y0YB
788883,4XVJB4XXNB4XXUB4XY1B4XY8B4Y0DB4Y0KB4Y0RB4Y0YB
994017,4XVJB4XXNB4XXUB4XY1B4XY8B4Y0DB4Y0KB4Y0RB4Y0YB
884283,4XVJB4XXNB4XXUB4XY1B4XY8B4Y0DB4Y0KB4Y0RB4Y0YB
884285,4XVJB4XXNB4XXUB4XY1B4XY8B4Y0DB4Y0KB4Y0RB4Y0YB
884291,4XVJB4XXNB4XXUB4XY1B4XY8B4Y0DB4Y0KB4Y0RB4Y0YB
1047636,4XVJB4XXNB4XXUB4XY1B4XY8B4Y0DB4Y0KB4Y0RB4Y0YB
884292,4XVJB4XXNB4XXUB4XY1B4XY8B4Y0DB4Y0KB4Y0RB4Y0YB
840971,4XVJB4XXNB4XXUB4XY1B4XY8B4Y0DB4Y0KB4Y0RB4Y0YB
840973,4XVJB4XXNB4XXUB4XY1B4XY8B4Y0DB4Y0KB4Y0RB4Y0YB
840974,4XVJB4XXNB4XXUB4XY1B4XY8B4Y0DB4Y0KB4Y0RB4Y0YB
840975,4XVJB4XXNB4XXUB4XY1B4XY8B4Y0DB4Y0KB4Y0RB4Y0YB
1043250,4XVJB4XXNB4XXUB4XY1B4XY8B4Y0DB4Y0KB4Y0RB4Y0YB
840978,4XVJB4XXNB4XXUB4XY1B4XY8B4Y0DB4Y0KB4Y0RB4Y0YB
717290,4XVGR4XVIG4XXMB4XXRR4XXTG4XY0B4XY5R4XY7G4XYEB
717282,4XVGR4XVIG4XXMB4XXRR4XXTG4XY0B4XY5R4XY7G4XYEB
673890,4XVGR4XVIG4XXMB4XXRR4XXTG4XY0B4XY5R4XY7G4XYEB
673883,4XVGR4XVIG4XXMB4XXRR4XXTG4XY0B4XY5R4XY7G4XYEB
673876,4XVGR4XVIG4XXMB4XXRR4XXTG4XY0B4XY5R4XY7G4XYEB
717306,4XVGR4XVIG4XXMB4XXRR4XXTG4XY0B4XY5R4XY7G4XYEB
717301,4XVGR4XVIG4XXMB4XXRR4XXTG4XY0B4XY5R4XY7G4XYEB
819748,4XVIG4XXMB4XXTG4XY0B4XY7G4XYEB4Y0JG4Y0QB4Y0XG
717315,4XVGR4XVIG4XXMB4XXRR4XXTG4XY0B4XY5R4XY7G4XYEB
717313,4XVGR4XVIG4XXMB4XXRR4XXTG4XY0B4XY5R4XY7G4XYEB
774847,4XVGR4XVIG4XXMB4XXRR4XXTG4XY0B4XY5R4XY7G4XYEB
774850,4XVGR4XVIG4XXMB4XXRR4XXTG4XY0B4XY5R4XY7G4XYEB
774848,4XVGR4XVIG4XXMB4XXRR4XXTG4XY0B4XY5R4XY7G4XYEB
717295,4XVGR4XVIG4XXMB4XXRR4XXTG4XY0B4XY5R4XY7G4XYEB
650619,4XVER4XVGB4XVNG4XXPR4XXRB4XXYG4XY3R4XY5B4XYCG
650622,4XVER4XVGB4XVNG4XXPR4XXRB4XXYG4XY3R4XY5B4XYCG
650617,4XVER4XVGB4XVNG4XXPR4XXRB4XXYG4XY3R4XY5B4XYCG
1028710,4XVER4XVGB4XVNG4XXPR4XXRB4XXYG4XY3R4XY5B4XYCG
649131,4XVER4XVGB4XVNG4XXPR4XXRB4XXYG4XY3R4XY5B4XYCG
652123,4XVER4XVGB4XVNG4XXPR4XXRB4XXYG4XY3R4XY5B4XYCG
652126,4XVER4XVGB4XVNG4XXPR4XXRB4XXYG4XY3R4XY5B4XYCG
1018968,4XVER4XVGB4XVNG4XXPR4XXRB4XXYG4XY3R4XY5B4XYCG
652131,4XVER4XVGB4XVNG4XXPR4XXRB4XXYG4XY3R4XY5B4XYCG
652133,4XVER4XVGB4XVNG4XXPR4XXRB4XXYG4XY3R4XY5B4XYCG
650603,4XVER4XVGB4XVNG4XXPR4XXRB4XXYG4XY3R4XY5B4XYCG
901341,4XVER4XVGB4XVNG4XXPR4XXRB4XXYG4XY3R4XY5B4XYCG
652109,4XVER4XVGB4XVNG4XXPR4XXRB4XXYG4XY3R4XY5B4XYCG
652121,4XVER4XVGB4XVNG4XXPR4XXRB4XXYG4XY3R4XY5B4XYCG
652116,4XVER4XVGB4XVNG4XXPR4XXRB4XXYG4XY3R4XY5B4XYCG
652120,4XVER4XVGB4XVNG4XXPR4XXRB4XXYG4XY3R4XY5B4XYCG
652114,4XVER4XVGB4XVNG4XXPR4XXRB4XXYG4XY3R4XY5B4XYCG
652149,4XVER4XVGB4XVNG4XXPR4XXRB4XXYG4XY3R4XY5B4XYCG
652151,4XVER4XVGB4XVNG4XXPR4XXRB4XXYG4XY3R4XY5B4XYCG
650606,4XVER4XVGB4XVNG4XXPR4XXRB4XXYG4XY3R4XY5B4XYCG
901347,4XVER4XVGB4XVNG4XXPR4XXRB4XXYG4XY3R4XY5B4XYCG
652153,4XVER4XVGB4XVNG4XXPR4XXRB4XXYG4XY3R4XY5B4XYCG
652140,4XVER4XVGB4XVNG4XXPR4XXRB4XXYG4XY3R4XY5B4XYCG
652136,4XVER4XVGB4XVNG4XXPR4XXRB4XXYG4XY3R4XY5B4XYCG
830255,4XVGB4XVNG4XXRB4XXYG4XY5B4XYCG4Y0HB4Y0OG4Y0VB
650608,4XVER4XVGB4XVNG4XXPR4XXRB4XXYG4XY3R4XY5B4XYCG
652146,4XVER4XVGB4XVNG4XXPR4XXRB4XXYG4XY3R4XY5B4XYCG
652142,4XVER4XVGB4XVNG4XXPR4XXRB4XXYG4XY3R4XY5B4XYCG
665504,4XVER4XVGB4XVNG4XXPR4XXRB4XXYG4XY3R4XY5B4XYCG
830254,4XVER4XVGB4XVNG4XXPR4XXRB4XXYG4XY3R4XY5B4XYCG
900081,4XVER4XVGB4XVNG4XXPR4XXRB4XXYG4XY3R4XY5B4XYCG
781132,4XVER4XVGB4XVNG4XXPR4XXRB4XXYG4XY3R4XY5B4XYCG
651925,4XVER4XVGB4XVNG4XXPR4XXRB4XXYG4XY3R4XY5B4XYCG
651935,4XVER4XVGB4XVNG4XXPR4XXRB4XXYG4XY3R4XY5B4XYCG
651931,4XVER4XVGB4XVNG4XXPR4XXRB4XXYG4XY3R4XY5B4XYCG
651933,4XVER4XVGB4XVNG4XXPR4XXRB4XXYG4XY3R4XY5B4XYCG
825316,4XVER4XVGB4XVNG4XXPR4XXRB4XXYG4XY3R4XY5B4XYCG
