1028207,4Q8GG4QALB4QASG4QAZB4QB6G4QBDB4QDHG4QDOB4QDVG
1028208,4Q8GG4QALB4QASG4QAZB4QB6G4QBDB4QDHG4QDOB4QDVG
1028209,4Q8GG4QALB4QASG4QAZB4QB6G4QBDB4QDHG4QDOB4QDVG
1028210,4Q8GG4QALB4QASG4QAZB4QB6G4QBDB4QDHG4QDOB4QDVG
1028211,4Q8GG4QALB4QASG4QAZB4QB6G4QBDB4QDHG4QDOB4QDVG
1028212,4Q8GG4QALB4QASG4QAZB4QB6G4QBDB4QDHG4QDOB4QDVG
1028213,4Q8GG4QALB4QASG4QAZB4QB6G4QBDB4QDHG4QDOB4QDVG
1028214,4Q8GG4QALB4QASG4QAZB4QB6G4QBDB4QDHG4QDOB4QDVG
1028215,4Q8GG4QALB4QASG4QAZB4QB6G4QBDB4QDHG4QDOB4QDVG
883068,4Q8GG4QALB4QASG4QAZB4QB6G4QBDB4QDHG4QDOB4QDVG
883077,4Q8GG4QALB4QASG4QAZB4QB6G4QBDB4QDHG4QDOB4QDVG
883072,4Q8GG4QALB4QASG4QAZB4QB6G4QBDB4QDHG4QDOB4QDVG
1031782,4Q8GG4QALB4QASG4QAZB4QB6G4QBDB4QDHG4QDOB4QDVG
883026,4Q8GG4QALB4QASG4QAZB4QB6G4QBDB4QDHG4QDOB4QDVG
823141,4Q8GG4QALB4QASG4QAZB4QB6G4QBDB4QDHG4QDOB4QDVG
941924,4Q8FB4Q8MG4QARB4QAYG4QB5B4QBCG4QDGB4QDNG4QDUB
750558,4Q8FB4Q8MG4QARB4QAYG4QB5B4QBCG4QDGB4QDNG4QDUB
707429,4Q8FB4Q8MG4QARB4QAYG4QB5B4QBCG4QDGB4QDNG4QDUB
710901,4Q8FB4QARB4QB5B4QDGB4QDUB4QG5B4QGJB
664795,4Q8FB4Q8MG4QARB4QAYG4QB5B4QBCG4QDGB4QDNG4QDUB
708437,4Q8FB4Q8MG4QARB4QAYG4QB5B4QBCG4QDGB4QDNG4QDUB
710905,4Q8FB4Q8MG4QARB4QAYG4QB5B4QBCG4QDGB4QDNG4QDUB
738531,4Q8FB4Q8MG4QARB4QAYG4QB5B4QBCG4QDGB4QDNG4QDUB
941926,4Q8FB4Q8MG4QARB4QAYG4QB5B4QBCG4QDGB4QDNG4QDUB
779552,4Q8FB4Q8MG4QARB4QAYG4QB5B4QBCG4QDGB4QDNG4QDUB
708436,4Q8FB4Q8MG4QARB4QAYG4QB5B4QBCG4QDGB4QDNG4QDUB
710544,4Q8FB4Q8MG4QARB4QAYG4QB5B4QBCG4QDGB4QDNG4QDUB
709272,4Q8FB4Q8MG4QARB4QAYG4QB5B4QBCG4QDGB4QDNG4QDUB
709267,4Q8FB4Q8MG4QARB4QAYG4QB5B4QBCG4QDGB4QDNG4QDUB
709256,4Q8FB4Q8MG4QARB4QAYG4QB5B4QBCG4QDGB4QDNG4QDUB
709263,4Q8FB4Q8KR4Q8MG4QARB4QAWR4QAYG4QB5B4QBAR4QBCG
779596,4Q8FB4Q8MG4QARB4QAYG4QB5B4QBCG4QDGB4QDNG4QDUB
709260,4Q8FB4Q8MG4QARB4QAYG4QB5B4QBCG4QDGB4QDNG4QDUB
709262,4Q8FB4Q8MG4QARB4QAYG4QB5B4QBCG4QDGB4QDNG4QDUB
941927,4Q8FB4Q8MG4QARB4QAYG4QB5B4QBCG4QDGB4QDNG4QDUB
709268,4Q8FB4Q8MG4QARB4QAYG4QB5B4QBCG4QDGB4QDNG4QDUB
1001709,4Q8FB4Q8MG4QARB4QAYG4QB5B4QBCG4QDGB4QDNG4QDUB
710535,4Q8FB4Q8MG4QARB4QAYG4QB5B4QBCG4QDGB4QDNG4QDUB
710529,4Q8FB4Q8MG4QARB4QAYG4QB5B4QBCG4QDGB4QDNG4QDUB
1125034,4Q8FB4Q8MG4QARB4QAYG4QB5B4QBCG4QDGB4QDNG4QDUB
1125033,4Q8FB4Q8MG4QARB4QAYG4QB5B4QBCG4QDGB4QDNG4QDUB
1125032,4Q8FB4Q8MG4QARB4QAYG4QB5B4QBCG4QDGB4QDNG4QDUB
1125031,4Q8FB4Q8FR4Q8MG4QARB4QARR4QAYG4QB5B4QB5R4QBCG
1125030,4Q8FB4Q8FR4Q8MG4QARB4QARR4QAYG4QB5B4QB5R4QBCG
1125029,4Q8FB4Q8FR4Q8MG4QARB4QARR4QAYG4QB5B4QB5R4QBCG
941928,4Q8FB4Q8MG4QARB4QAYG4QB5B4QBCG4QDGB4QDNG4QDUB
1125028,4Q8FB4Q8MG4QARB4QAYG4QB5B4QBCG4QDGB4QDNG4QDUB
1125027,4Q8FB4Q8FR4Q8MG4QARB4QARR4QAYG4QB5B4QB5R4QBCG
1125026,4Q8FB4Q8MG4QARB4QAYG4QB5B4QBCG4QDGB4QDNG4QDUB
1032761,4Q8FB4Q8MG4QARB4QAYG4QB5B4QBCG4QDGB4QDNG4QDUB
941929,4Q8FB4Q8MG4QARB4QAYG4QB5B4QBCG4QDGB4QDNG4QDUB
750561,4Q8FB4Q8MG4QARB4QAYG4QB5B4QBCG4QDGB4QDNG4QDUB
1027442,4Q8FB4Q8MG4QARB4QAYG4QB5B4QBCG4QDGB4QDNG4QDUB
826159,4Q8FB4Q8MG4QARB4QAYG4QB5B4QBCG4QDGB4QDNG4QDUB
707153,4Q8FB4Q8MG4QARB4QAYG4QB5B4QBCG4QDGB4QDNG4QDUB
941930,4Q8FB4Q8MG4QARB4QAYG4QB5B4QBCG4QDGB4QDNG4QDUB
778298,4Q8FB4Q8MG4QARB4QAYG4QB5B4QBCG4QDGB4QDNG4QDUB
951372,4Q8FB4Q8MG4QARB4QAYG4QB5B4QBCG4QDGB4QDNG4QDUB
707143,4Q8FB4Q8MG4QARB4QAYG4QB5B4QBCG4QDGB4QDNG4QDUB
941931,4Q8FB4Q8MG4QARB4QAYG4QB5B4QBCG4QDGB4QDNG4QDUB
707150,4Q8FB4Q8MG4QARB4QAYG4QB5B4QBCG4QDGB4QDNG4QDUB
1044757,4Q8FB4Q8MG4QARB4QAYG4QB5B4QBCG4QDGB4QDNG4QDUB
942989,4Q8FB4Q8MG4QARB4QAYG4QB5B4QBCG4QDGB4QDNG4QDUB
664837,4Q8FB4Q8MG4QARB4QAYG4QB5B4QBCG4QDGB4QDNG4QDUB
709245,4Q8FB4Q8MG4QARB4QAYG4QB5B4QBCG4QDGB4QDNG4QDUB
941932,4Q8FB4Q8MG4QARB4QAYG4QB5B4QBCG4QDGB4QDNG4QDUB
709242,4Q8FB4Q8MG4QARB4QAYG4QB5B4QBCG4QDGB4QDNG4QDUB
709250,4Q8FB4Q8MG4QARB4QAYG4QB5B4QBCG4QDGB4QDNG4QDUB
785534,4Q8FB4Q8MG4QARB4QAYG4QB5B4QBCG4QDGB4QDNG4QDUB
709247,4Q8FB4Q8MG4QARB4QAYG4QB5B4QBCG4QDGB4QDNG4QDUB
1003137,4Q8FB4Q8MG4QARB4QAYG4QB5B4QBCG4QDGB4QDNG4QDUB
785533,4Q8FB4Q8MG4QARB4QAYG4QB5B4QBCG4QDGB4QDNG4QDUB
951373,4Q8FB4Q8MG4QARB4QAYG4QB5B4QBCG4QDGB4QDNG4QDUB
711208,4Q8FB4Q8MG4QARB4QAYG4QB5B4QBCG4QDGB4QDNG4QDUB
709239,4Q8FB4Q8MG4QARB4QAYG4QB5B4QBCG4QDGB4QDNG4QDUB
779591,4Q8FB4Q8MG4QARB4QAYG4QB5B4QBCG4QDGB4QDNG4QDUB
664774,4Q8FB4Q8MG4Q8MG4QARB4QAYG4QAYG4QB5B4QBCG4QBCG
707109,4Q8FB4Q8MG4QARB4QAYG4QB5B4QBCG4QDGB4QDNG4QDUB
788284,4Q8FB4Q8MG4QARB4QAYG4QB5B4QBCG4QDGB4QDNG4QDUB
778286,4Q8FB4Q8MG4QARB4QAYG4QB5B4QBCG4QDGB4QDNG4QDUB
707116,4Q8FB4Q8MG4QARB4QAYG4QB5B4QBCG4QDGB4QDNG4QDUB
707100,4Q8FB4Q8MG4QARB4QAYG4QB5B4QBCG4QDGB4QDNG4QDUB
707096,4Q8FB4Q8MG4QARB4QAYG4QB5B4QBCG4QDGB4QDNG4QDUB
707099,4Q8FB4Q8MG4QARB4QAYG4QB5B4QBCG4QDGB4QDNG4QDUB
664944,4Q8FB4Q8MG4QARB4QAYG4QB5B4QBCG4QDGB4QDNG4QDUB
735569,4Q8FB4Q8MG4QARB4QAYG4QB5B4QBCG4QDGB4QDNG4QDUB
1027441,4Q8FB4Q8MG4QARB4QAYG4QB5B4QBCG4QDGB4QDNG4QDUB
780836,4Q8FB4Q8MG4QARB4QAYG4QB5B4QBCG4QDGB4QDNG4QDUB
707106,4Q8FB4Q8MG4QARB4QAYG4QB5B4QBCG4QDGB4QDNG4QDUB
778288,4Q8FB4Q8MG4QARB4QAYG4QB5B4QBCG4QDGB4QDNG4QDUB
778294,4Q8FB4Q8MG4QARB4QAYG4QB5B4QBCG4QDGB4QDNG4QDUB
707134,4Q8FB4Q8MG4QARB4QAYG4QB5B4QBCG4QDGB4QDNG4QDUB
707130,4Q8FB4Q8MG4QARB4QAYG4QB5B4QBCG4QDGB4QDNG4QDUB
993221,4Q8FB4Q8MG4QARB4QAYG4QB5B4QBCG4QDGB4QDNG4QDUB
711213,4Q8FB4Q8MG4QARB4QAYG4QB5B4QBCG4QDGB4QDNG4QDUB
778295,4Q8FB4Q8MG4QARB4QAYG4QB5B4QBCG4QDGB4QDNG4QDUB
707139,4Q8FB4Q8MG4QARB4QAYG4QB5B4QBCG4QDGB4QDNG4QDUB
707122,4Q8FB4Q8MG4QARB4QAYG4QB5B4QBCG4QDGB4QDNG4QDUB
707129,4Q8FB4Q8MG4QARB4QAYG4QB5B4QBCG4QDGB4QDNG4QDUB
707124,4Q8FB4Q8MG4QARB4QAYG4QB5B4QBCG4QDGB4QDNG4QDUB
951371,4Q8FB4Q8MG4QARB4QAYG4QB5B4QBCG4QDGB4QDNG4QDUB
711215,4Q8FB4Q8MG4QARB4QAYG4QB5B4QBCG4QDGB4QDNG4QDUB
707126,4Q8FB4Q8MG4QARB4QAYG4QB5B4QBCG4QDGB4QDNG4QDUB
778293,4Q8FB4Q8MG4QARB4QAYG4QB5B4QBCG4QDGB4QDNG4QDUB
710556,4Q8FB4Q8MG4QARB4QAYG4QB5B4QBCG4QDGB4QDNG4QDUB
710545,4Q8FB4Q8MG4QARB4QAYG4QB5B4QBCG4QDGB4QDNG4QDUB
711216,4Q8FB4Q8MG4QARB4QAYG4QB5B4QBCG4QDGB4QDNG4QDUB
664794,4Q8FB4Q8KR4Q8MG4QARB4QAWR4QAYG4QB5B4QBAR4QBCG
710903,4Q8FB4Q8MG4QARB4QAYG4QB5B4QBCG4QDGB4QDNG4QDUB
708440,4Q8FB4Q8MG4QARB4QAYG4QB5B4QBCG4QDGB4QDNG4QDUB
941925,4Q8FB4Q8MG4QARB4QAYG4QB5B4QBCG4QDGB4QDNG4QDUB
1009388,4Q8FB4Q8MG4QARB4QAYG4QB5B4QBCG4QDGB4QDNG4QDUB
708442,4Q8FB4Q8KR4Q8MG4QARB4QAWR4QAYG4QB5B4QBAR4QBCG
708451,4Q8FB4Q8MG4QARB4QAYG4QB5B4QBCG4QDGB4QDNG4QDUB
708445,4Q8FB4Q8MG4QARB4QAYG4QB5B4QBCG4QDGB4QDNG4QDUB
708447,4Q8FB4Q8MG4QARB4QAYG4QB5B4QBCG4QDGB4QDNG4QDUB
710904,4Q8FB4Q8MG4QARB4QAYG4QB5B4QBCG4QDGB4QDNG4QDUB
1042670,4Q8FB4Q8MG4QARB4QAYG4QB5B4QBCG4QDGB4QDNG4QDUB
739017,4Q8FB4Q8MG4QARB4QAYG4QB5B4QBCG4QDGB4QDNG4QDUB
1125035,4Q8FB4Q8MG4QARB4QAYG4QB5B4QBCG4QDGB4QDNG4QDUB
1125036,4Q8FB4Q8MG4QARB4QAYG4QB5B4QBCG4QDGB4QDNG4QDUB
1125037,4Q8FB4Q8MG4QARB4QAYG4QB5B4QBCG4QDGB4QDNG4QDUB
710550,4Q8FB4Q8MG4QARB4QAYG4QB5B4QBCG4QDGB4QDNG4QDUB
945762,4Q8FB4QARB4QB5B4QDGB4QDUB4QG5B4QGJB
710896,4Q8FB4Q8FB4Q8MG4Q8MG4QARB4QARB4QAYG4QAYG4QB5B
710900,4Q8FB4Q8MG4QARB4QAYG4QB5B4QBCG4QDGB4QDNG4QDUB
1033419,4Q8FB4Q8MG4QARB4QAYG4QB5B4QBCG4QDGB4QDNG4QDUB
841143,4Q8FB4Q8MG4QARB4QAYG4QB5B4QBCG4QDGB4QDNG4QDUB
951085,4Q8FB4Q8MG4QARB4QAYG4QB5B4QBCG4QDGB4QDNG4QDUB
1027455,4Q8FB4Q8MG4QARB4QAYG4QB5B4QBCG4QDGB4QDNG4QDUB
725938,4Q8GB4Q8GR4QALG4QASB4QASR4QAZG4QB6B4QB6R4QBDG
720854,4Q8GB4Q8GR4QALG4QASB4QASR4QAZG4QB6B4QB6R4QBDG
1037464,4Q8GB4Q8GR4QALG4QASB4QASR4QAZG4QB6B4QB6R4QBDG
725926,4Q8GB4Q8GR4QALG4QASB4QASR4QAZG4QB6B4QB6R4QBDG
720830,4Q8GB4Q8GR4QALG4QASB4QASR4QAZG4QB6B4QB6R4QBDG
720846,4Q8GB4Q8GR4QALG4QASB4QASR4QAZG4QB6B4QB6R4QBDG
785248,4Q8GB4Q8GR4QALG4QASB4QASR4QAZG4QB6B4QB6R4QBDG
720814,4Q8GB4Q8GR4QALG4QASB4QASR4QAZG4QB6B4QB6R4QBDG
720819,4Q8GB4Q8GR4QALG4QASB4QASR4QAZG4QB6B4QB6R4QBDG
720820,4Q8GB4Q8GR4QALG4QASB4QASR4QAZG4QB6B4QB6R4QBDG
720843,4Q8GB4Q8GR4QASB4QASR4QB6B4QB6R4QDHB4QDHR4QDVB
725282,4Q8GB4Q8GR4QALG4QASB4QASR4QAZG4QB6B4QB6R4QBDG
725944,4Q8GB4Q8GR4QALG4QASB4QASR4QAZG4QB6B4QB6R4QBDG
1107418,4Q8DB4Q8ER4Q8KG4QAPB4QAQR4QAWG4QB3B4QB4R4QBAG
1107697,4Q8DB4Q8ER4Q8KG4QAPB4QAQR4QAWG4QB3B4QB4R4QBAG
1107639,4Q8DB4Q8ER4Q8KG4QAPB4QAQR4QAWG4QB3B4QB4R4QBAG
1107698,4Q8DB4Q8ER4Q8KG4QAPB4QAQR4QAWG4QB3B4QB4R4QBAG
1107640,4Q8DB4Q8ER4Q8KG4QAPB4QAQR4QAWG4QB3B4QB4R4QBAG
1107699,4Q8DB4Q8ER4Q8KG4QAPB4QAQR4QAWG4QB3B4QB4R4QBAG
1107641,4Q8DB4Q8KG4QAPB4QAWG4QB3B4QBAG4QDEB4QDLG4QDSB
1107694,4Q8DB4Q8ER4Q8KG4QAPB4QAQR4QAWG4QB3B4QB4R4QBAG
1107695,4Q8DB4Q8ER4Q8KG4QAPB4QAQR4QAWG4QB3B4QB4R4QBAG
1107696,4Q8DB4Q8ER4Q8KG4QAPB4QAQR4QAWG4QB3B4QB4R4QBAG
1107693,4Q8DB4Q8ER4Q8KG4QAPB4QAQR4QAWG4QB3B4QB4R4QBAG
1107417,4Q8DB4Q8ER4Q8KG4QAPB4QAQR4QAWG4QB3B4QB4R4QBAG
1107692,4Q8DB4Q8ER4Q8KG4QAPB4QAQR4QAWG4QB3B4QB4R4QBAG
818157,4Q8HB4Q8HR4QAMG4QATB4QATR4QB0G4QB7B4QB7R4QBEG
815456,4Q8HB4Q8HR4QAMG4QATB4QATR4QB0G4QB7B4QB7R4QBEG
815457,4Q8HB4Q8HR4QAMG4QATB4QATR4QB0G4QB7B4QB7R4QBEG
815459,4Q8HB4Q8HR4QAMG4QATB4QATR4QB0G4QB7B4QB7R4QBEG
818134,4Q8HB4Q8HR4QAMG4QATB4QATR4QB0G4QB7B4QB7R4QBEG
903585,4Q8HB4Q8HR4QAMG4QATB4QATR4QB0G4QB7B4QB7R4QBEG
816756,4Q8HB4Q8HR4QAMG4QATB4QATR4QB0G4QB7B4QB7R4QBEG
816759,4Q8HB4QAMG4QATB4QB0G4QB7B4QBEG4QDIB4QDPG4QDWB
1008248,4Q8HB4Q8HR4QAMG4QATB4QATR4QB0G4QB7B4QB7R4QBEG
816764,4Q8HB4Q8HR4QAMG4QATB4QATR4QB0G4QB7B4QB7R4QBEG
818152,4Q8HB4Q8HR4QAMG4QATB4QATR4QB0G4QB7B4QB7R4QBEG
816757,4Q8HB4Q8HR4QAMG4QATB4QATR4QB0G4QB7B4QB7R4QBEG
903581,4Q8HB4Q8HR4QAMG4QATB4QATR4QB0G4QB7B4QB7R4QBEG
816752,4Q8HB4Q8HR4QAMG4QATB4QATR4QB0G4QB7B4QB7R4QBEG
816746,4Q8HB4Q8HR4QAMG4QATB4QATR4QB0G4QB7B4QB7R4QBEG
815462,4Q8HB4Q8HR4QAMG4QATB4QATR4QB0G4QB7B4QB7R4QBEG
902307,4Q8HB4Q8HR4QAMG4QATB4QATR4QB0G4QB7B4QB7R4QBEG
902310,4Q8HB4Q8HR4QAMG4QATB4QATR4QB0G4QB7B4QB7R4QBEG
815467,4Q8HB4Q8HR4QAMG4QATB4QATR4QB0G4QB7B4QB7R4QBEG
902309,4Q8HB4Q8HR4QAMG4QATB4QATR4QB0G4QB7B4QB7R4QBEG
815473,4Q8HB4Q8HR4QAMG4QATB4QATR4QB0G4QB7B4QB7R4QBEG
1040957,4Q8HB4Q8HR4QAMG4QATB4QATR4QB0G4QB7B4QB7R4QBEG
818154,4Q8HB4Q8HR4QAMG4QATB4QATR4QB0G4QB7B4QB7R4QBEG
816748,4Q8HB4QAMG4QATB4QB0G4QB7B4QBEG4QDIB4QDPG4QDWB
1040966,4Q8HB4QAMG4QATB4QB0G4QB7B4QBEG4QDIB4QDPG4QDWB
818103,4Q8HB4QAMG4QATB4QB0G4QB7B4QBEG4QDIB4QDPG4QDWB
818107,4Q8HB4QAMG4QATB4QB0G4QB7B4QBEG4QDIB4QDPG4QDWB
818118,4Q8HB4QAMG4QATB4QB0G4QB7B4QBEG4QDIB4QDPG4QDWB
816767,4Q8HB4QAMG4QATB4QB0G4QB7B4QBEG4QDIB4QDPG4QDWB
818111,4Q8HB4QAMG4QATB4QB0G4QB7B4QBEG4QDIB4QDPG4QDWB
818114,4Q8HB4QAMG4QATB4QB0G4QB7B4QBEG4QDIB4QDPG4QDWB
816771,4Q8HB4QAMG4QATB4QB0G4QB7B4QBEG4QDIB4QDPG4QDWB
1020891,4Q8HB4QAMG4QATB4QB0G4QB7B4QBEG4QDIB4QDPG4QDWB
721891,4Q8CB4Q8FR4Q8JG4QAOB4QARR4QAVG4QB2B4QB5R4QB9G
721892,4Q8CB4Q8FR4Q8JG4QAOB4QARR4QAVG4QB2B4QB5R4QB9G
721874,4Q8CB4Q8FR4Q8JG4QAOB4QARR4QAVG4QB2B4QB5R4QB9G
721417,4Q8CB4Q8FR4Q8JG4QAOB4QARR4QAVG4QB2B4QB5R4QB9G
721870,4Q8CB4Q8FR4Q8JG4QAOB4QARR4QAVG4QB2B4QB5R4QB9G
721438,4Q8CB4Q8FR4Q8JG4QAOB4QARR4QAVG4QB2B4QB5R4QB9G
704415,4Q8CB4Q8FR4Q8JG4QAOB4QARR4QAVG4QB2B4QB5R4QB9G
704404,4Q8CB4Q8FR4Q8JG4QAOB4QARR4QAVG4QB2B4QB5R4QB9G
721877,4Q8CB4Q8FR4Q8JG4QAOB4QARR4QAVG4QB2B4QB5R4QB9G
783375,4Q8CB4Q8FR4Q8JG4QAOB4QARR4QAVG4QB2B4QB5R4QB9G
722092,4Q8CB4Q8FR4Q8JG4QAOB4QARR4QAVG4QB2B4QB5R4QB9G
721439,4Q8CB4Q8FR4Q8JG4QAOB4QARR4QAVG4QB2B4QB5R4QB9G
722094,4Q8CB4Q8FR4Q8JG4QAOB4QARR4QAVG4QB2B4QB5R4QB9G
722097,4Q8CB4Q8FR4Q8JG4QAOB4QARR4QAVG4QB2B4QB5R4QB9G
722090,4Q8CB4Q8FR4Q8JG4QAOB4QARR4QAVG4QB2B4QB5R4QB9G
705689,4Q8CB4Q8FR4Q8JG4QAOB4QARR4QAVG4QB2B4QB5R4QB9G
722104,4Q8CB4Q8FR4Q8JG4QAOB4QARR4QAVG4QB2B4QB5R4QB9G
721442,4Q8CB4Q8FR4Q8JG4QAOB4QARR4QAVG4QB2B4QB5R4QB9G
1027243,4Q8CB4Q8FR4Q8JG4QAOB4QARR4QAVG4QB2B4QB5R4QB9G
705687,4Q8CB4Q8FR4Q8JG4QAOB4QARR4QAVG4QB2B4QB5R4QB9G
721236,4Q8CB4Q8FR4Q8JG4QAOB4QARR4QAVG4QB2B4QB5R4QB9G
722089,4Q8CB4Q8FR4Q8JG4QAOB4QARR4QAVG4QB2B4QB5R4QB9G
722083,4Q8CB4Q8FR4Q8JG4QAOB4QARR4QAVG4QB2B4QB5R4QB9G
721445,4Q8CB4Q8FR4Q8JG4QAOB4QARR4QAVG4QB2B4QB5R4QB9G
722084,4Q8CB4Q8FR4Q8JG4QAOB4QARR4QAVG4QB2B4QB5R4QB9G
722087,4Q8CB4Q8FR4Q8JG4QAOB4QARR4QAVG4QB2B4QB5R4QB9G
722132,4Q8CB4Q8FR4Q8JG4QAOB4QARR4QAVG4QB2B4QB5R4QB9G
785273,4Q8CB4Q8FR4Q8JG4QAOB4QARR4QAVG4QB2B4QB5R4QB9G
721437,4Q8CB4Q8FR4Q8JG4QAOB4QARR4QAVG4QB2B4QB5R4QB9G
721418,4Q8CB4Q8FR4Q8JG4QAOB4QARR4QAVG4QB2B4QB5R4QB9G
783368,4Q8CB4Q8FR4Q8JG4QAOB4QARR4QAVG4QB2B4QB5R4QB9G
721422,4Q8CB4Q8FR4Q8JG4QAOB4QARR4QAVG4QB2B4QB5R4QB9G
721424,4Q8CB4Q8FR4Q8JG4QAOB4QARR4QAVG4QB2B4QB5R4QB9G
721427,4Q8CB4Q8FR4Q8JG4QAOB4QARR4QAVG4QB2B4QB5R4QB9G
863053,4Q8CB4Q8FR4Q8JG4QAOB4QARR4QAVG4QB2B4QB5R4QB9G
720147,4Q8CB4Q8FR4Q8JG4QAOB4QARR4QAVG4QB2B4QB5R4QB9G
764517,4Q8CB4Q8FR4Q8JG4QAOB4QARR4QAVG4QB2B4QB5R4QB9G
764520,4Q8CB4Q8FR4Q8JG4QAOB4QARR4QAVG4QB2B4QB5R4QB9G
764522,4Q8CB4Q8FR4Q8JG4QAOB4QARR4QAVG4QB2B4QB5R4QB9G
764525,4Q8CB4Q8FR4Q8JG4QAOB4QARR4QAVG4QB2B4QB5R4QB9G
764527,4Q8CB4Q8FR4Q8JG4QAOB4QARR4QAVG4QB2B4QB5R4QB9G
705701,4Q8CB4Q8FR4Q8JG4QAOB4QARR4QAVG4QB2B4QB5R4QB9G
764531,4Q8CB4Q8FR4Q8JG4QAOB4QARR4QAVG4QB2B4QB5R4QB9G
764524,4Q8CB4Q8FR4Q8JG4QAOB4QARR4QAVG4QB2B4QB5R4QB9G
764506,4Q8CB4Q8FR4Q8JG4QAOB4QARR4QAVG4QB2B4QB5R4QB9G
722595,4Q8CB4Q8FR4Q8JG4QAOB4QARR4QAVG4QB2B4QB5R4QB9G
764509,4Q8CB4Q8FR4Q8JG4QAOB4QARR4QAVG4QB2B4QB5R4QB9G
764511,4Q8CB4Q8FR4Q8JG4QAOB4QARR4QAVG4QB2B4QB5R4QB9G
764513,4Q8CB4Q8FR4Q8JG4QAOB4QARR4QAVG4QB2B4QB5R4QB9G
1040349,4Q8CB4Q8JG4QAOB4QAVG4QB2B4QB9G4QDDB4QDKG4QDRB
1040350,4Q8CB4Q8FR4Q8JG4QAOB4QARR4QAVG4QB2B4QB5R4QB9G
1031618,4Q8CB4Q8FR4Q8JG4QAOB4QARR4QAVG4QB2B4QB5R4QB9G
764534,4Q8CB4Q8FR4Q8JG4QAOB4QARR4QAVG4QB2B4QB5R4QB9G
764548,4Q8CB4Q8FR4Q8JG4QAOB4QARR4QAVG4QB2B4QB5R4QB9G
764550,4Q8CB4Q8FR4Q8JG4QAOB4QARR4QAVG4QB2B4QB5R4QB9G
764553,4Q8CB4Q8FR4Q8JG4QAOB4QARR4QAVG4QB2B4QB5R4QB9G
764554,4Q8CB4Q8FR4Q8JG4QAOB4QARR4QAVG4QB2B4QB5R4QB9G
721485,4Q8CB4Q8FR4Q8JG4QAOB4QARR4QAVG4QB2B4QB5R4QB9G
705696,4Q8CB4Q8FR4Q8JG4QAOB4QARR4QAVG4QB2B4QB5R4QB9G
721486,4Q8CB4Q8FR4Q8JG4QAOB4QARR4QAVG4QB2B4QB5R4QB9G
721488,4Q8CB4Q8FR4Q8JG4QAOB4QARR4QAVG4QB2B4QB5R4QB9G
785300,4Q8CB4Q8FR4Q8JG4QAOB4QARR4QAVG4QB2B4QB5R4QB9G
764536,4Q8CB4Q8FR4Q8JG4QAOB4QARR4QAVG4QB2B4QB5R4QB9G
785299,4Q8CB4Q8FR4Q8JG4QAOB4QARR4QAVG4QB2B4QB5R4QB9G
764540,4Q8CB4Q8FR4Q8JG4QAOB4QARR4QAVG4QB2B4QB5R4QB9G
764542,4Q8CB4Q8FR4Q8JG4QAOB4QARR4QAVG4QB2B4QB5R4QB9G
764545,4Q8CB4Q8FR4Q8JG4QAOB4QARR4QAVG4QB2B4QB5R4QB9G
863046,4Q8CB4Q8FR4Q8JG4QAOB4QARR4QAVG4QB2B4QB5R4QB9G
720155,4Q8CB4Q8FR4Q8JG4QAOB4QARR4QAVG4QB2B4QB5R4QB9G
1031616,4Q8CB4Q8FR4Q8JG4QAOB4QARR4QAVG4QB2B4QB5R4QB9G
720158,4Q8CB4Q8FR4Q8JG4QAOB4QARR4QAVG4QB2B4QB5R4QB9G
720160,4Q8CB4Q8FR4Q8JG4QAOB4QARR4QAVG4QB2B4QB5R4QB9G
720163,4Q8CB4Q8FR4Q8JG4QAOB4QARR4QAVG4QB2B4QB5R4QB9G
720166,4Q8CB4Q8FR4Q8JG4QAOB4QARR4QAVG4QB2B4QB5R4QB9G
720143,4Q8CB4Q8FR4Q8JG4QAOB4QARR4QAVG4QB2B4QB5R4QB9G
720146,4Q8CB4Q8FR4Q8JG4QAOB4QARR4QAVG4QB2B4QB5R4QB9G
720142,4Q8CB4Q8FR4Q8JG4QAOB4QARR4QAVG4QB2B4QB5R4QB9G
722600,4Q8CB4Q8FR4Q8JG4QAOB4QARR4QAVG4QB2B4QB5R4QB9G
704398,4Q8CB4Q8FR4Q8JG4QAOB4QARR4QAVG4QB2B4QB5R4QB9G
720152,4Q8CB4Q8FR4Q8JG4QAOB4QARR4QAVG4QB2B4QB5R4QB9G
722501,4Q8CB4Q8FR4Q8JG4QAOB4QARR4QAVG4QB2B4QB5R4QB9G
722516,4Q8CB4Q8FR4Q8JG4QAOB4QARR4QAVG4QB2B4QB5R4QB9G
831021,4Q8CB4Q8FR4Q8JG4QAOB4QARR4QAVG4QB2B4QB5R4QB9G
722517,4Q8CB4Q8FR4Q8JG4QAOB4QARR4QAVG4QB2B4QB5R4QB9G
722515,4Q8CB4Q8FR4Q8JG4QAOB4QARR4QAVG4QB2B4QB5R4QB9G
722520,4Q8CB4Q8FR4Q8JG4QAOB4QARR4QAVG4QB2B4QB5R4QB9G
722522,4Q8CB4Q8FR4Q8JG4QAOB4QARR4QAVG4QB2B4QB5R4QB9G
863055,4Q8CB4Q8FR4Q8JG4QAOB4QARR4QAVG4QB2B4QB5R4QB9G
705693,4Q8CB4Q8FR4Q8JG4QAOB4QARR4QAVG4QB2B4QB5R4QB9G
722502,4Q8CB4Q8FR4Q8JG4QAOB4QARR4QAVG4QB2B4QB5R4QB9G
722504,4Q8CB4Q8FR4Q8JG4QAOB4QARR4QAVG4QB2B4QB5R4QB9G
722506,4Q8CB4Q8FR4Q8JG4QAOB4QARR4QAVG4QB2B4QB5R4QB9G
1031613,4Q8CB4Q8FR4Q8JG4QAOB4QARR4QAVG4QB2B4QB5R4QB9G
722509,4Q8CB4Q8FR4Q8JG4QAOB4QARR4QAVG4QB2B4QB5R4QB9G
863045,4Q8CB4Q8FR4Q8JG4QAOB4QARR4QAVG4QB2B4QB5R4QB9G
808069,4Q8CB4Q8FR4Q8JG4QAOB4QARR4QAVG4QB2B4QB5R4QB9G
721399,4Q8CB4Q8FR4Q8JG4QAOB4QARR4QAVG4QB2B4QB5R4QB9G
721401,4Q8CB4Q8FR4Q8JG4QAOB4QARR4QAVG4QB2B4QB5R4QB9G
763614,4Q8CB4Q8FR4Q8JG4QAOB4QARR4QAVG4QB2B4QB5R4QB9G
721404,4Q8CB4Q8FR4Q8JG4QAOB4QARR4QAVG4QB2B4QB5R4QB9G
786872,4Q8CB4Q8FR4Q8JG4QAOB4QARR4QAVG4QB2B4QB5R4QB9G
721410,4Q8CB4Q8FR4Q8JG4QAOB4QARR4QAVG4QB2B4QB5R4QB9G
721413,4Q8CB4Q8JG4QAOB4QAVG4QB2B4QB9G4QDDB4QDKG4QDRB
785274,4Q8CB4Q8FR4Q8JG4QAOB4QARR4QAVG4QB2B4QB5R4QB9G
726344,4Q8CB4Q8FR4Q8JG4QAOB4QARR4QAVG4QB2B4QB5R4QB9G
860491,4Q8CB4Q8FR4Q8JG4QAOB4QARR4QAVG4QB2B4QB5R4QB9G
722140,4Q8CB4Q8FR4Q8JG4QAOB4QARR4QAVG4QB2B4QB5R4QB9G
721434,4Q8CB4Q8FR4Q8JG4QAOB4QARR4QAVG4QB2B4QB5R4QB9G
726349,4Q8CB4Q8FR4Q8JG4QAOB4QARR4QAVG4QB2B4QB5R4QB9G
722141,4Q8CB4Q8FR4Q8JG4QAOB4QARR4QAVG4QB2B4QB5R4QB9G
721883,4Q8CB4Q8FR4Q8JG4QAOB4QARR4QAVG4QB2B4QB5R4QB9G
704416,4Q8CB4Q8FR4Q8JG4QAOB4QARR4QAVG4QB2B4QB5R4QB9G
721887,4Q8CB4Q8FR4Q8JG4QAOB4QARR4QAVG4QB2B4QB5R4QB9G
721436,4Q8CB4Q8FR4Q8JG4QAOB4QARR4QAVG4QB2B4QB5R4QB9G
1006989,4Q8CB4Q8JG4QAOB4QAVG4QB2B4QB9G4QDDB4QDKG4QDRB
1014969,4Q8CB4Q8FR4Q8JG4QAOB4QARR4QAVG4QB2B4QB5R4QB9G
731792,4Q8CB4Q8CG4Q8JG4QAOB4QAOG4QAVG4QB2B4QB2G4QB9G
704183,4Q8CB4Q8CG4Q8JG4QAOB4QAOG4QAVG4QB2B4QB2G4QB9G
730483,4Q8CB4Q8CG4Q8JG4QAOB4QAOG4QAVG4QB2B4QB2G4QB9G
730479,4Q8CB4Q8CG4Q8JG4QAOB4QAOG4QAVG4QB2B4QB2G4QB9G
785822,4Q8CB4Q8CG4Q8JG4QAOB4QAOG4QAVG4QB2B4QB2G4QB9G
730464,4Q8CB4Q8CG4Q8JG4QAOB4QAOG4QAVG4QB2B4QB2G4QB9G
785821,4Q8CB4Q8CG4Q8JG4QAOB4QAOG4QAVG4QB2B4QB2G4QB9G
730468,4Q8CB4Q8CG4Q8JG4QAOB4QAOG4QAVG4QB2B4QB2G4QB9G
730470,4Q8CB4Q8CG4Q8JG4QAOB4QAOG4QAVG4QB2B4QB2G4QB9G
731788,4Q8CB4Q8CG4Q8JG4QAOB4QAOG4QAVG4QB2B4QB2G4QB9G
731799,4Q8CB4Q8CG4Q8JG4QAOB4QAOG4QAVG4QB2B4QB2G4QB9G
731795,4Q8CB4Q8CG4Q8JG4QAOB4QAOG4QAVG4QB2B4QB2G4QB9G
731798,4Q8CB4Q8CG4Q8JG4QAOB4QAOG4QAVG4QB2B4QB2G4QB9G
730485,4Q8CB4Q8CG4Q8JG4QAOB4QAOG4QAVG4QB2B4QB2G4QB9G
901868,4Q8CB4Q8CG4Q8JG4QAOB4QAOG4QAVG4QB2B4QB2G4QB9G
730491,4Q8CB4Q8CG4Q8JG4QAOB4QAOG4QAVG4QB2B4QB2G4QB9G
1007130,4Q8CB4Q8CG4Q8JG4QAOB4QAOG4QAVG4QB2B4QB2G4QB9G
726838,4Q8CB4Q8CG4Q8JG4QAOB4QAOG4QAVG4QB2B4QB2G4QB9G
729388,4Q8CB4Q8CG4Q8JG4QAOB4QAOG4QAVG4QB2B4QB2G4QB9G
728145,4Q8CB4Q8CG4Q8JG4QAOB4QAOG4QAVG4QB2B4QB2G4QB9G
726837,4Q8CB4Q8CG4Q8JG4QAOB4QAOG4QAVG4QB2B4QB2G4QB9G
730713,4Q8CB4Q8CG4Q8JG4QAOB4QAOG4QAVG4QB2B4QB2G4QB9G
726826,4Q8CB4Q8CG4Q8JG4QAOB4QAOG4QAVG4QB2B4QB2G4QB9G
726828,4Q8CB4Q8CG4Q8JG4QAOB4QAOG4QAVG4QB2B4QB2G4QB9G
726831,4Q8CB4Q8CG4Q8JG4QAOB4QAOG4QAVG4QB2B4QB2G4QB9G
704491,4Q8CB4Q8CG4Q8JG4QAOB4QAOG4QAVG4QB2B4QB2G4QB9G
726863,4Q8CB4Q8CG4Q8JG4QAOB4QAOG4QAVG4QB2B4QB2G4QB9G
732151,4Q8CB4Q8CG4Q8JG4QAOB4QAOG4QAVG4QB2B4QB2G4QB9G
732161,4Q8CB4Q8CG4Q8JG4QAOB4QAOG4QAVG4QB2B4QB2G4QB9G
732157,4Q8CB4Q8CG4Q8JG4QAOB4QAOG4QAVG4QB2B4QB2G4QB9G
732160,4Q8CB4Q8CG4Q8JG4QAOB4QAOG4QAVG4QB2B4QB2G4QB9G
732140,4Q8CB4Q8CG4Q8JG4QAOB4QAOG4QAVG4QB2B4QB2G4QB9G
1040567,4Q8CB4Q8CG4Q8JG4QAOB4QAOG4QAVG4QB2B4QB2G4QB9G
704186,4Q8CB4Q8CG4Q8JG4QAOB4QAOG4QAVG4QB2B4QB2G4QB9G
1054182,4Q8CG4Q8JG4QAOG4QAVG4QB2G4QB9G4QDDG4QDKG4QDRG
727834,4Q8CB4Q8CG4Q8JG4QAOB4QAOG4QAVG4QB2B4QB2G4QB9G
722118,4Q8CB4Q8FR4Q8JG4QAOB4QARR4QAVG4QB2B4QB5R4QB9G
722121,4Q8CB4Q8FR4Q8JG4QAOB4QARR4QAVG4QB2B4QB5R4QB9G
765889,4Q8CB4Q8FR4Q8JG4QAOB4QARR4QAVG4QB2B4QB5R4QB9G
785275,4Q8CB4Q8FR4Q8JG4QAOB4QARR4QAVG4QB2B4QB5R4QB9G
722160,4Q8CB4Q8FR4Q8JG4QAOB4QARR4QAVG4QB2B4QB5R4QB9G
765534,4Q8CB4Q8FR4Q8JG4QAOB4QARR4QAVG4QB2B4QB5R4QB9G
863041,4Q8CB4Q8FR4Q8JG4QAOB4QARR4QAVG4QB2B4QB5R4QB9G
705719,4Q8CB4Q8FR4Q8JG4QAOB4QARR4QAVG4QB2B4QB5R4QB9G
907191,4Q8CB4Q8FR4Q8JG4QAOB4QARR4QAVG4QB2B4QB5R4QB9G
861821,4Q8CB4Q8FR4Q8JG4QAOB4QARR4QAVG4QB2B4QB5R4QB9G
722139,4Q8CB4Q8FR4Q8JG4QAOB4QARR4QAVG4QB2B4QB5R4QB9G
722145,4Q8CB4Q8FR4Q8JG4QAOB4QARR4QAVG4QB2B4QB5R4QB9G
722147,4Q8CB4Q8FR4Q8JG4QAOB4QARR4QAVG4QB2B4QB5R4QB9G
722156,4Q8CB4Q8FR4Q8JG4QAOB4QARR4QAVG4QB2B4QB5R4QB9G
1027246,4Q8CB4Q8FR4Q8JG4QAOB4QARR4QAVG4QB2B4QB5R4QB9G
722153,4Q8CB4Q8FR4Q8JG4QAOB4QARR4QAVG4QB2B4QB5R4QB9G
861823,4Q8CB4Q8FR4Q8JG4QAOB4QARR4QAVG4QB2B4QB5R4QB9G
722164,4Q8CB4Q8FR4Q8JG4QAOB4QARR4QAVG4QB2B4QB5R4QB9G
722133,4Q8CB4Q8FR4Q8JG4QAOB4QARR4QAVG4QB2B4QB5R4QB9G
705720,4Q8CB4Q8FR4Q8JG4QAOB4QARR4QAVG4QB2B4QB5R4QB9G
765887,4Q8CB4Q8FR4Q8JG4QAOB4QARR4QAVG4QB2B4QB5R4QB9G
765895,4Q8CB4Q8FR4Q8JG4QAOB4QARR4QAVG4QB2B4QB5R4QB9G
765890,4Q8CB4Q8FR4Q8JG4QAOB4QARR4QAVG4QB2B4QB5R4QB9G
765891,4Q8CB4Q8FR4Q8JG4QAOB4QARR4QAVG4QB2B4QB5R4QB9G
1027245,4Q8CB4Q8FR4Q8JG4QAOB4QARR4QAVG4QB2B4QB5R4QB9G
765542,4Q8CB4Q8FR4Q8JG4QAOB4QARR4QAVG4QB2B4QB5R4QB9G
765537,4Q8CB4Q8FR4Q8JG4QAOB4QARR4QAVG4QB2B4QB5R4QB9G
1031636,4Q8CB4Q8FR4Q8JG4QAOB4QARR4QAVG4QB2B4QB5R4QB9G
765881,4Q8CB4Q8FR4Q8JG4QAOB4QARR4QAVG4QB2B4QB5R4QB9G
765875,4Q8CB4Q8FR4Q8JG4QAOB4QARR4QAVG4QB2B4QB5R4QB9G
722137,4Q8CB4Q8FR4Q8JG4QAOB4QARR4QAVG4QB2B4QB5R4QB9G
722114,4Q8CB4Q8FR4Q8JG4QAOB4QARR4QAVG4QB2B4QB5R4QB9G
722109,4Q8CB4Q8FR4Q8JG4QAOB4QARR4QAVG4QB2B4QB5R4QB9G
722111,4Q8CB4Q8FR4Q8JG4QAOB4QARR4QAVG4QB2B4QB5R4QB9G
722123,4Q8CB4Q8FR4Q8JG4QAOB4QARR4QAVG4QB2B4QB5R4QB9G
722116,4Q8CB4Q8FR4Q8JG4QAOB4QARR4QAVG4QB2B4QB5R4QB9G
721901,4Q8CB4Q8FR4Q8JG4QAOB4QARR4QAVG4QB2B4QB5R4QB9G
721897,4Q8CB4Q8FR4Q8JG4QAOB4QARR4QAVG4QB2B4QB5R4QB9G
1027222,4Q8CB4Q8FR4Q8JG4QAOB4QARR4QAVG4QB2B4QB5R4QB9G
1008981,4Q8CB4Q8CB4Q8FR4Q8JG4QAOB4QAOB4QARR4QAVG4QB2B
721903,4Q8CB4Q8FR4Q8JG4QAOB4QARR4QAVG4QB2B4QB5R4QB9G
704417,4Q8CB4Q8FR4Q8JG4QAOB4QARR4QAVG4QB2B4QB5R4QB9G
721906,4Q8CB4Q8FR4Q8JG4QAOB4QARR4QAVG4QB2B4QB5R4QB9G
721914,4Q8CB4Q8FR4Q8JG4QAOB4QARR4QAVG4QB2B4QB5R4QB9G
721935,4Q8CB4Q8FR4Q8JG4QAOB4QARR4QAVG4QB2B4QB5R4QB9G
721937,4Q8CB4Q8FR4Q8JG4QAOB4QARR4QAVG4QB2B4QB5R4QB9G
765877,4Q8CB4Q8FR4Q8JG4QAOB4QARR4QAVG4QB2B4QB5R4QB9G
861819,4Q8CB4Q8FR4Q8JG4QAOB4QARR4QAVG4QB2B4QB5R4QB9G
721941,4Q8CB4Q8FR4Q8JG4QAOB4QARR4QAVG4QB2B4QB5R4QB9G
861632,4Q8CB4Q8FR4Q8JG4QAOB4QARR4QAVG4QB2B4QB5R4QB9G
705691,4Q8CB4Q8FR4Q8JG4QAOB4QARR4QAVG4QB2B4QB5R4QB9G
705342,4Q8CB4Q8FR4Q8JG4QAOB4QARR4QAVG4QB2B4QB5R4QB9G
721923,4Q8CB4Q8FR4Q8JG4QAOB4QARR4QAVG4QB2B4QB5R4QB9G
721926,4Q8CB4Q8FR4Q8JG4QAOB4QARR4QAVG4QB2B4QB5R4QB9G
1027224,4Q8CB4Q8FR4Q8JG4QAOB4QARR4QAVG4QB2B4QB5R4QB9G
783377,4Q8CB4Q8FR4Q8JG4QAOB4QARR4QAVG4QB2B4QB5R4QB9G
721930,4Q8CB4Q8FR4Q8JG4QAOB4QARR4QAVG4QB2B4QB5R4QB9G
907192,4Q8CB4Q8FR4Q8JG4QAOB4QARR4QAVG4QB2B4QB5R4QB9G
1008982,4Q8CB4Q8FR4Q8JG4QAOB4QARR4QAVG4QB2B4QB5R4QB9G
861778,4Q8CB4Q8FR4Q8JG4QAOB4QARR4QAVG4QB2B4QB5R4QB9G
764882,4Q8CB4Q8FR4Q8JG4QAOB4QARR4QAVG4QB2B4QB5R4QB9G
764884,4Q8CB4Q8FR4Q8JG4QAOB4QARR4QAVG4QB2B4QB5R4QB9G
1033037,4Q8CB4Q8FR4Q8JG4QAOB4QARR4QAVG4QB2B4QB5R4QB9G
764889,4Q8CB4Q8FR4Q8JG4QAOB4QARR4QAVG4QB2B4QB5R4QB9G
700452,4Q8CB4Q8FR4Q8JG4QAOB4QARR4QAVG4QB2B4QB5R4QB9G
764894,4Q8CB4Q8FR4Q8JG4QAOB4QARR4QAVG4QB2B4QB5R4QB9G
1025838,4Q8CB4Q8FR4Q8JG4QAOB4QARR4QAVG4QB2B4QB5R4QB9G
763576,4Q8CB4Q8FR4Q8JG4QAOB4QARR4QAVG4QB2B4QB5R4QB9G
861621,4Q8CB4Q8FR4Q8JG4QAOB4QARR4QAVG4QB2B4QB5R4QB9G
764873,4Q8CB4Q8FR4Q8JG4QAOB4QARR4QAVG4QB2B4QB5R4QB9G
764878,4Q8CB4Q8FR4Q8JG4QAOB4QARR4QAVG4QB2B4QB5R4QB9G
1016089,4Q8CB4Q8FR4Q8JG4QAOB4QARR4QAVG4QB2B4QB5R4QB9G
764877,4Q8CB4Q8FR4Q8JG4QAOB4QARR4QAVG4QB2B4QB5R4QB9G
764888,4Q8CB4Q8FR4Q8JG4QAOB4QARR4QAVG4QB2B4QB5R4QB9G
822155,4Q8CB4Q8FR4Q8JG4QAOB4QARR4QAVG4QB2B4QB5R4QB9G
765847,4Q8CB4Q8FR4Q8JG4QAOB4QARR4QAVG4QB2B4QB5R4QB9G
1015626,4Q8CB4Q8FR4Q8JG4QAOB4QARR4QAVG4QB2B4QB5R4QB9G
861622,4Q8CB4Q8FR4Q8JG4QAOB4QARR4QAVG4QB2B4QB5R4QB9G
765850,4Q8CB4Q8FR4Q8JG4QAOB4QARR4QAVG4QB2B4QB5R4QB9G
1031625,4Q8CB4Q8FR4Q8JG4QAOB4QARR4QAVG4QB2B4QB5R4QB9G
822157,4Q8CB4Q8FR4Q8JG4QAOB4QARR4QAVG4QB2B4QB5R4QB9G
764898,4Q8CB4Q8FR4Q8JG4QAOB4QARR4QAVG4QB2B4QB5R4QB9G
764897,4Q8CB4Q8FR4QAOB4QARR4QB2B4QB5R4QDDB4QDGR4QDRB
721911,4Q8CB4Q8FR4Q8JG4QAOB4QARR4QAVG4QB2B4QB5R4QB9G
721920,4Q8CB4Q8FR4Q8JG4QAOB4QARR4QAVG4QB2B4QB5R4QB9G
721915,4Q8CB4Q8FR4Q8JG4QAOB4QARR4QAVG4QB2B4QB5R4QB9G
721916,4Q8CB4Q8FR4Q8JG4QAOB4QARR4QAVG4QB2B4QB5R4QB9G
907523,4Q8CB4Q8FR4Q8JG4QAOB4QARR4QAVG4QB2B4QB5R4QB9G
923842,4Q8GG4Q8MR4QALB4QASG4QAYR4QAZB4QB6G4QBCR4QBDB
873227,4Q8GG4Q8MR4QALB4QASG4QAYR4QAZB4QB6G4QBCR4QBDB
873229,4Q8GG4Q8MR4QALB4QASG4QAYR4QAZB4QB6G4QBCR4QBDB
837147,4Q8FG4Q8MB4QARG4QAYB4QB5G4QBCB4QDGG4QDNB4QDUG
837141,4Q8FG4Q8MB4QARG4QAYB4QB5G4QBCB4QDGG4QDNB4QDUG
736347,4Q8FG4Q8MB4QARG4QAYB4QB5G4QBCB4QDGG4QDNB4QDUG
837148,4Q8FG4Q8MB4QARG4QAYB4QB5G4QBCB4QDGG4QDNB4QDUG
833377,4Q8FG4Q8MB4QARG4QAYB4QB5G4QBCB4QDGG4QDNB4QDUG
836811,4Q8FG4Q8MB4QARG4QAYB4QB5G4QBCB4QDGG4QDNB4QDUG
836804,4Q8FG4Q8MB4QARG4QAYB4QB5G4QBCB4QDGG4QDNB4QDUG
735145,4Q8FG4Q8MB4QARG4QAYB4QB5G4QBCB4QDGG4QDNB4QDUG
835520,4Q8FG4Q8MB4QARG4QAYB4QB5G4QBCB4QDGG4QDNB4QDUG
725726,4Q8CG4Q8GR4Q8JB4QAOG4QASR4QAVB4QB2G4QB6R4QB9B
725728,4Q8CG4Q8GR4Q8JB4QAOG4QASR4QAVB4QB2G4QB6R4QB9B
725729,4Q8CG4Q8GR4Q8JB4QAOG4QASR4QAVB4QB2G4QB6R4QB9B
725730,4Q8CG4Q8GR4Q8JB4QAOG4QASR4QAVB4QB2G4QB6R4QB9B
725732,4Q8CG4Q8GR4Q8JB4QAOG4QASR4QAVB4QB2G4QB6R4QB9B
725718,4Q8CG4Q8GR4Q8JB4QAOG4QASR4QAVB4QB2G4QB6R4QB9B
725716,4Q8CG4Q8GR4Q8JB4QAOG4QASR4QAVB4QB2G4QB6R4QB9B
724783,4Q8CG4Q8GR4Q8JB4QAOG4QASR4QAVB4QB2G4QB6R4QB9B
726119,4Q8CG4Q8GR4Q8JB4QAOG4QASR4QAVB4QB2G4QB6R4QB9B
726121,4Q8CG4Q8GR4Q8JB4QAOG4QASR4QAVB4QB2G4QB6R4QB9B
726123,4Q8CG4Q8GR4Q8JB4QAOG4QASR4QAVB4QB2G4QB6R4QB9B
1016630,4Q8CG4Q8GR4Q8JB4QAOG4QASR4QAVB4QB2G4QB6R4QB9B
704396,4Q8CG4Q8GR4Q8JB4QAOG4QASR4QAVB4QB2G4QB6R4QB9B
725721,4Q8CG4Q8GR4Q8JB4QAOG4QASR4QAVB4QB2G4QB6R4QB9B
704395,4Q8CG4Q8GR4Q8JB4QAOG4QASR4QAVB4QB2G4QB6R4QB9B
859970,4Q8CG4Q8GR4Q8JB4QAOG4QASR4QAVB4QB2G4QB6R4QB9B
725715,4Q8CG4Q8GR4Q8JB4QAOG4QASR4QAVB4QB2G4QB6R4QB9B
681880,4Q8ER4Q8GB4QALG4QAQR4QASB4QAZG4QB4R4QB6B4QBDG
681922,4Q8ER4Q8GB4QALG4QAQR4QASB4QAZG4QB4R4QB6B4QBDG
643031,4Q8ER4Q8GB4QALG4QAQR4QASB4QAZG4QB4R4QB6B4QBDG
1030168,4Q8ER4Q8GB4QALG4QAQR4QASB4QAZG4QB4R4QB6B4QBDG
680174,4Q8ER4Q8GB4QALG4QAQR4QASB4QAZG4QB4R4QB6B4QBDG
1030201,4Q8ER4Q8GB4QALG4QAQR4QASB4QAZG4QB4R4QB6B4QBDG
1030213,4Q8ER4Q8GB4QALG4QAQR4QASB4QAZG4QB4R4QB6B4QBDG
992395,4Q8GB4QALG4QASB4QAZG4QB6B4QBDG4QDHB4QDOG4QDVB
863812,4Q8ER4Q8GB4QALG4QAQR4QASB4QAZG4QB4R4QB6B4QBDG
680170,4Q8ER4Q8GB4QALG4QAQR4QASB4QAZG4QB4R4QB6B4QBDG
862895,4Q8ER4Q8GB4QALG4QAQR4QASB4QAZG4QB4R4QB6B4QBDG
640421,4Q8ER4Q8GB4QALG4QAQR4QASB4QAZG4QB4R4QB6B4QBDG
681871,4Q8ER4Q8GB4QALG4QAQR4QASB4QAZG4QB4R4QB6B4QBDG
681889,4Q8ER4Q8GB4QALG4QAQR4QASB4QAZG4QB4R4QB6B4QBDG
1030212,4Q8ER4Q8GB4QALG4QAQR4QASB4QAZG4QB4R4QB6B4QBDG
681887,4Q8ER4Q8GB4QALG4QAQR4QASB4QAZG4QB4R4QB6B4QBDG
681883,4Q8ER4Q8GB4QALG4QAQR4QASB4QAZG4QB4R4QB6B4QBDG
681896,4Q8ER4Q8GB4QALG4QAQR4QASB4QAZG4QB4R4QB6B4QBDG
681895,4Q8ER4Q8GB4QALG4QAQR4QASB4QAZG4QB4R4QB6B4QBDG
681873,4Q8GB4QALG4QASB4QAZG4QB6B4QBDG4QDHB4QDOG4QDVB
835477,4Q8FG4Q8MB4QAMR4QARG4QAYB4QB0R4QB5G4QBCB4QBER
835167,4Q8FG4Q8MB4QAMR4QARG4QAYB4QB0R4QB5G4QBCB4QBER
828890,4Q8FG4Q8MB4QAMR4QARG4QAYB4QB0R4QB5G4QBCB4QBER
832422,4Q8FG4Q8MB4QAMR4QARG4QAYB4QB0R4QB5G4QBCB4QBER
832410,4Q8FG4Q8MB4QAMR4QARG4QAYB4QB0R4QB5G4QBCB4QBER
1045351,4Q8FG4Q8MB4QAMR4QARG4QAYB4QB0R4QB5G4QBCB4QBER
793837,4Q8FG4Q8MB4QAMR4QARG4QAYB4QB0R4QB5G4QBCB4QBER
747559,4Q8FG4Q8MB4QAMR4QARG4QAYB4QB0R4QB5G4QBCB4QBER
734244,4Q8FG4Q8MB4QAMR4QARG4QAYB4QB0R4QB5G4QBCB4QBER
833323,4Q8FG4Q8MB4QAMR4QARG4QAYB4QB0R4QB5G4QBCB4QBER
833666,4Q8FG4Q8MB4QAMR4QARG4QAYB4QB0R4QB5G4QBCB4QBER
1000895,4Q8FG4Q8MB4QAMR4QARG4QAYB4QB0R4QB5G4QBCB4QBER
778884,4Q8FG4Q8MB4QAMR4QARG4QAYB4QB0R4QB5G4QBCB4QBER
835503,4Q8FG4Q8MB4QAMR4QARG4QAYB4QB0R4QB5G4QBCB4QBER
835490,4Q8FG4Q8MB4QAMR4QARG4QAYB4QB0R4QB5G4QBCB4QBER
833471,4Q8FG4Q8MB4QAMR4QARG4QAYB4QB0R4QB5G4QBCB4QBER
877102,4Q8FG4Q8MB4QAMR4QARG4QAYB4QB0R4QB5G4QBCB4QBER
838163,4Q8FG4Q8MB4QAMR4QARG4QAYB4QB0R4QB5G4QBCB4QBER
835526,4Q8FG4Q8MB4QAMR4QARG4QAYB4QB0R4QB5G4QBCB4QBER
833465,4Q8FG4Q8MB4QAMR4QARG4QAYB4QB0R4QB5G4QBCB4QBER
778793,4Q8FG4Q8MB4QAMR4QARG4QAYB4QB0R4QB5G4QBCB4QBER
835223,4Q8FG4Q8MB4QARG4QAYB4QB5G4QBCB4QDGG4QDNB4QDUG
988643,4Q8FG4Q8MB4QAMR4QARG4QAYB4QB0R4QB5G4QBCB4QBER
1030555,4Q8FG4Q8MB4QARG4QAYB4QB5G4QBCB4QDGG4QDNB4QDUG
1033541,4Q8FG4Q8MB4QARG4QAYB4QB5G4QBCB4QDGG4QDNB4QDUG
988649,4Q8FG4Q8MB4QARG4QAYB4QB5G4QBCB4QDGG4QDNB4QDUG
948089,4Q8FG4Q8MB4QAMR4QARG4QAYB4QB0R4QB5G4QBCB4QBER
899124,4Q8FG4Q8MB4QAMR4QARG4QAYB4QB0R4QB5G4QBCB4QBER
1123676,4Q8FG4Q8MB4QAMR4QARG4QAYB4QB0R4QB5G4QBCB4QBER
1123677,4Q8FG4Q8MB4QAMR4QARG4QAYB4QB0R4QB5G4QBCB4QBER
1123678,4Q8FG4Q8MB4QAMR4QARG4QAYB4QB0R4QB5G4QBCB4QBER
1123679,4Q8FG4Q8MB4QAMR4QARG4QAYB4QB0R4QB5G4QBCB4QBER
1123680,4Q8FG4Q8MB4QAMR4QARG4QAYB4QB0R4QB5G4QBCB4QBER
1123681,4Q8FG4Q8MB4QAMR4QARG4QAYB4QB0R4QB5G4QBCB4QBER
796876,4Q8ER4Q8HB4QALG4QAMB4QAQR4QATB4QAZG4QB0B4QB4R
701527,4Q8FB4Q8MB4QARB4QAXG4QAYB4QB5B4QBCB4QDGB4QDMG
805039,4QAXG4QDMG4QGBG
805045,4Q8FB4Q8MB4QARB4QAXG4QAYB4QB5B4QBCB4QDGB4QDMG
863618,4Q8FB4Q8MB4QARB4QAXG4QAYB4QB5B4QBCB4QDGB4QDMG
805043,4Q8FB4Q8MB4QARB4QAXG4QAYB4QB5B4QBCB4QDGB4QDMG
805040,4Q8FB4Q8MB4QARB4QAXG4QAYB4QB5B4QBCB4QDGB4QDMG
805038,4Q8FB4Q8MB4QARB4QAXG4QAYB4QB5B4QBCB4QDGB4QDMG
805036,4Q8FB4Q8MB4QARB4QAXG4QAYB4QB5B4QBCB4QDGB4QDMG
805034,4Q8FB4Q8MB4QARB4QAXG4QAYB4QB5B4QBCB4QDGB4QDMG
805033,4Q8FB4Q8MB4QARB4QAXG4QAYB4QB5B4QBCB4QDGB4QDMG
753001,4Q8EB4Q8LG4QAMR4QAQB4QAXG4QB0R4QB4B4QBBG4QBER
833670,4Q8EB4Q8LG4QAMR4QAQB4QAXG4QB0R4QB4B4QBBG4QBER
796895,4Q8EB4Q8LG4QAQB4QAXG4QB4B4QBBG4QDFB4QDMG4QDTB
833310,4Q8EB4Q8LG4QAMR4QAQB4QAXG4QB0R4QB4B4QBBG4QBER
796885,4Q8EB4Q8LG4QAMR4QAQB4QAXG4QB0R4QB4B4QBBG4QBER
796858,4Q8EB4Q8LG4QAMR4QAQB4QAXG4QB0R4QB4B4QBBG4QBER
1038105,4Q8EB4Q8LG4QAMR4QAQB4QAXG4QB0R4QB4B4QBBG4QBER
788120,4Q8EB4Q8LG4QAQB4QAXG4QB4B4QBBG4QDFB4QDMG4QDTB
753004,4Q8EB4Q8LG4QAQB4QAXG4QB4B4QBBG4QDFB4QDMG4QDTB
793842,4Q8EB4Q8LG4QAQB4QAXG4QB4B4QBBG4QDFB4QDMG4QDTB
1042584,4Q8EB4Q8LG4QAQB4QAXG4QB4B4QBBG4QDFB4QDMG4QDTB
796905,4Q8EB4Q8LG4QAQB4QAXG4QB4B4QBBG4QDFB4QDMG4QDTB
747554,4Q8EB4Q8LG4QAMR4QAQB4QAXG4QB0R4QB4B4QBBG4QBER
1042587,4Q8EB4Q8LG4QAQB4QAXG4QB4B4QBBG4QDFB4QDMG4QDTB
833444,4Q8EB4Q8LG4QAQB4QAXG4QB4B4QBBG4QDFB4QDMG4QDTB
833127,4Q8EB4Q8LG4QAQB4QAXG4QB4B4QBBG4QDFB4QDMG4QDTB
838013,4Q8EB4Q8LG4QAMR4QAQB4QAXG4QB0R4QB4B4QBBG4QBER
833450,4Q8EB4Q8LG4QAQB4QAXG4QB4B4QBBG4QDFB4QDMG4QDTB
833108,4Q8EB4Q8LG4QAMR4QAQB4QAXG4QB0R4QB4B4QBBG4QBER
833103,4Q8EB4Q8LG4QAMR4QAQB4QAXG4QB0R4QB4B4QBBG4QBER
833119,4Q8EB4Q8LG4QAQB4QAXG4QB4B4QBBG4QDFB4QDMG4QDTB
778841,4Q8EB4Q8LG4QAMR4QAQB4QAXG4QB0R4QB4B4QBBG4QBER
831769,4Q8EB4Q8LG4QAMR4QAQB4QAXG4QB0R4QB4B4QBBG4QBER
831776,4Q8EB4Q8LG4QAQB4QAXG4QB4B4QBBG4QDFB4QDMG4QDTB
831773,4Q8EB4Q8LG4QAMR4QAQB4QAXG4QB0R4QB4B4QBBG4QBER
737895,4Q8EB4Q8LG4QAQB4QAXG4QB4B4QBBG4QDFB4QDMG4QDTB
832415,4Q8EB4Q8LG4QAMR4QAQB4QAXG4QB0R4QB4B4QBBG4QBER
831758,4Q8EB4Q8LG4QAQB4QAXG4QB4B4QBBG4QDFB4QDMG4QDTB
831752,4Q8EB4Q8LG4QAQB4QAXG4QB4B4QBBG4QDFB4QDMG4QDTB
1011164,4Q8EB4Q8LG4QAMR4QAQB4QAXG4QB0R4QB4B4QBBG4QBER
833058,4Q8EB4Q8LG4QAMR4QAQB4QAXG4QB0R4QB4B4QBBG4QBER
831789,4Q8EB4Q8LG4QAMR4QAQB4QAXG4QB0R4QB4B4QBBG4QBER
837995,4Q8EB4Q8LG4QAQB4QAXG4QB4B4QBBG4QDFB4QDMG4QDTB
830421,4Q8EB4Q8LG4QAMR4QAQB4QAXG4QB0R4QB4B4QBBG4QBER
747919,4Q8EB4Q8LG4QAQB4QAXG4QB4B4QBBG4QDFB4QDMG4QDTB
833672,4Q8EB4Q8LG4QAMR4QAQB4QAXG4QB0R4QB4B4QBBG4QBER
829238,4Q8FB4Q8MB4QARB4QAXG4QAYB4QB5B4QBCB4QDGB4QDMG
836393,4Q8FB4Q8MB4QARB4QAXG4QAYB4QB5B4QBCB4QDGB4QDMG
836401,4Q8FB4Q8MB4QARB4QAYB4QB5B4QBCB4QDGB4QDNB4QDUB
778781,4Q8FB4Q8MB4QARB4QAXG4QAYB4QB5B4QBCB4QDGB4QDMG
834843,4Q8FB4Q8MB4QARB4QAYB4QB5B4QBCB4QDGB4QDNB4QDUB
835182,4Q8FB4Q8MB4QARB4QAYB4QB5B4QBCB4QDGB4QDNB4QDUB
836075,4Q8FB4Q8MB4QARB4QAXG4QAYB4QB5B4QBCB4QDGB4QDMG
836440,4Q8FB4Q8MB4QARB4QAXG4QAYB4QB5B4QBCB4QDGB4QDMG
827270,4Q8FB4Q8MB4QARB4QAYB4QB5B4QBCB4QDGB4QDNB4QDUB
836455,4Q8FB4Q8MB4QARB4QAXG4QAYB4QB5B4QBCB4QDGB4QDMG
836419,4Q8FB4Q8MB4QARB4QAYB4QB5B4QBCB4QDGB4QDNB4QDUB
836412,4Q8FB4Q8MB4QARB4QAYB4QB5B4QBCB4QDGB4QDNB4QDUB
745487,4Q8FB4Q8MB4QARB4QAYB4QB5B4QBCB4QDGB4QDNB4QDUB
834777,4Q8FB4Q8MB4QARB4QAYB4QB5B4QBCB4QDGB4QDNB4QDUB
834770,4Q8FB4Q8MB4QARB4QAXG4QAYB4QB5B4QBCB4QDGB4QDMG
1097618,4Q8FB4Q8MB4QARB4QAXG4QAYB4QB5B4QBCB4QDGB4QDMG
1097619,4Q8FB4Q8MB4QARB4QAXG4QAYB4QB5B4QBCB4QDGB4QDMG
1097620,4Q8FB4Q8MB4QARB4QAXG4QAYB4QB5B4QBCB4QDGB4QDMG
1097621,4Q8FB4Q8MB4QARB4QAXG4QAYB4QB5B4QBCB4QDGB4QDMG
834786,4Q8HB4QAMG4QATB4QB0G4QB7B4QBEG4QDIB4QDPG4QDWB
836786,4Q8HB4QAMG4QATB4QB0G4QB7B4QBEG4QDIB4QDPG4QDWB
1028732,4Q8HB4Q8LR4QAMG4QATB4QAXR4QB0G4QB7B4QBBR4QBEG
1028740,4Q8HB4Q8LR4QAMG4QATB4QAXR4QB0G4QB7B4QBBR4QBEG
707072,4Q8EG4Q8LB4Q8MR4QAQG4QAXB4QAYR4QB4G4QBBB4QBCR
664772,4Q8EG4Q8LB4Q8MR4QAQG4QAXB4QAYR4QB4G4QBBB4QBCR
707069,4Q8EG4Q8LB4Q8MR4QAQG4QAXB4QAYR4QB4G4QBBB4QBCR
707079,4Q8EG4Q8LB4Q8MR4QAQG4QAXB4QAYR4QB4G4QBBB4QBCR
707073,4Q8EG4Q8LB4Q8MR4QAQG4QAXB4QAYR4QB4G4QBBB4QBCR
667661,4Q8EG4Q8LB4Q8MR4QAQG4QAXB4QAYR4QB4G4QBBB4QBCR
668903,4Q8EG4Q8LB4Q8MR4QAQG4QAXB4QAYR4QB4G4QBBB4QBCR
666776,4Q8EG4Q8LB4Q8MR4QAQG4QAXB4QAYR4QB4G4QBBB4QBCR
997342,4Q8EG4Q8LB4Q8MR4QAQG4QAXB4QAYR4QB4G4QBBB4QBCR
667660,4Q8EG4Q8LB4Q8MR4QAQG4QAXB4QAYR4QB4G4QBBB4QBCR
737107,4Q8EG4Q8LB4Q8MR4QAQG4QAXB4QAYR4QB4G4QBBB4QBCR
666764,4Q8EG4Q8LB4Q8MR4QAQG4QAXB4QAYR4QB4G4QBBB4QBCR
705841,4Q8EG4Q8LB4Q8MR4QAQG4QAXB4QAYR4QB4G4QBBB4QBCR
737104,4Q8EG4Q8LB4Q8MR4QAQG4QAXB4QAYR4QB4G4QBBB4QBCR
666769,4Q8EG4Q8LB4Q8MR4QAQG4QAXB4QAYR4QB4G4QBBB4QBCR
667663,4Q8EG4Q8LB4Q8MR4QAQG4QAXB4QAYR4QB4G4QBBB4QBCR
668885,4Q8EG4Q8LB4Q8MR4QAQG4QAXB4QAYR4QB4G4QBBB4QBCR
668905,4Q8EG4Q8LB4Q8MR4QAQG4QAXB4QAYR4QB4G4QBBB4QBCR
668887,4Q8EG4Q8LB4Q8MR4QAQG4QAXB4QAYR4QB4G4QBBB4QBCR
705855,4Q8EG4Q8LB4Q8MR4QAQG4QAXB4QAYR4QB4G4QBBB4QBCR
707070,4Q8EG4Q8LB4Q8MR4QAQG4QAXB4QAYR4QB4G4QBBB4QBCR
707082,4Q8EG4Q8LB4Q8MR4QAQG4QAXB4QAYR4QB4G4QBBB4QBCR
707084,4Q8EG4Q8LB4Q8MR4QAQG4QAXB4QAYR4QB4G4QBBB4QBCR
707094,4Q8EG4Q8LB4Q8MR4QAQG4QAXB4QAYR4QB4G4QBBB4QBCR
707089,4Q8EG4Q8LB4Q8MR4QAQG4QAXB4QAYR4QB4G4QBBB4QBCR
664773,4Q8EG4Q8LB4Q8MR4QAQG4QAXB4QAYR4QB4G4QBBB4QBCR
835060,4Q8HB4QAMG4QATB4QB0G4QB7B4QBEG4QDIB4QDPG4QDWB
1028727,4Q8HB4Q8LR4QAMG4QATB4QAXR4QB0G4QB7B4QBBR4QBEG
793970,4Q8HB4QAMG4QATB4QB0G4QB7B4QBEG4QDIB4QDPG4QDWB
793948,4Q8HB4QAMG4QATB4QB0G4QB7B4QBEG4QDIB4QDPG4QDWB
793962,4Q8HB4Q8LR4QAMG4QATB4QAXR4QB0G4QB7B4QBBR4QBEG
791350,4Q8HB4QAMG4QATB4QB0G4QB7B4QBEG4QDIB4QDPG4QDWB
835006,4Q8HB4QAMG4QATB4QB0G4QB7B4QBEG4QDIB4QDPG4QDWB
739228,4Q8HB4QAMG4QATB4QB0G4QB7B4QBEG4QDIB4QDPG4QDWB
1000918,4Q8HB4QAMG4QATB4QB0G4QB7B4QBEG4QDIB4QDPG4QDWB
1028762,4Q8HB4QAMG4QATB4QB0G4QB7B4QBEG4QDIB4QDPG4QDWB
834983,4Q8HB4Q8LR4QAMG4QATB4QAXR4QB0G4QB7B4QBBR4QBEG
739230,4Q8HB4Q8LR4QAMG4QATB4QAXR4QB0G4QB7B4QBBR4QBEG
792670,4Q8HB4Q8LR4QAMG4QATB4QAXR4QB0G4QB7B4QBBR4QBEG
1028761,4Q8HB4Q8LR4QAMG4QATB4QAXR4QB0G4QB7B4QBBR4QBEG
791379,4Q8HB4Q8LR4QAMG4QATB4QAXR4QB0G4QB7B4QBBR4QBEG
1028725,4Q8HB4Q8LR4QATB4QAXR4QB7B4QBBR4QDIB4QDMR4QDWB
791363,4Q8HB4QAMG4QATB4QB0G4QB7B4QBEG4QDIB4QDPG4QDWB
876127,4Q8HB4Q8LR4QATB4QAXR4QB7B4QBBR4QDIB4QDMR4QDWB
776423,4Q8HB4Q8LR4QAMG4QATB4QAXR4QB0G4QB7B4QBBR4QBEG
876140,4Q8HB4Q8LR4QAMG4QATB4QAXR4QB0G4QB7B4QBBR4QBEG
796450,4Q8HB4Q8LR4QAMG4QATB4QAXR4QB0G4QB7B4QBBR4QBEG
830411,4Q8HB4Q8LR4QAMG4QATB4QAXR4QB0G4QB7B4QBBR4QBEG
830733,4Q8HB4QAMG4QATB4QB0G4QB7B4QBEG4QDIB4QDPG4QDWB
791322,4Q8HB4QAMG4QATB4QB0G4QB7B4QBEG4QDIB4QDPG4QDWB
791319,4Q8HB4QAMG4QATB4QB0G4QB7B4QBEG4QDIB4QDPG4QDWB
1011177,4Q8HB4Q8LR4QAMG4QATB4QAXR4QB0G4QB7B4QBBR4QBEG
791330,4Q8HB4Q8LR4QAMG4QATB4QAXR4QB0G4QB7B4QBBR4QBEG
792578,4Q8HB4Q8LR4QAMG4QATB4QAXR4QB0G4QB7B4QBBR4QBEG
830752,4Q8HB4Q8LR4QAMG4QATB4QAXR4QB0G4QB7B4QBBR4QBEG
796464,4Q8HB4Q8LR4QAMG4QATB4QAXR4QB0G4QB7B4QBBR4QBEG
790951,4Q8HB4QAMG4QATB4QB0G4QB7B4QBEG4QDIB4QDPG4QDWB
834802,4Q8HB4Q8LR4QAMG4QATB4QAXR4QB0G4QB7B4QBBR4QBEG
790946,4Q8HB4QAMG4QATB4QB0G4QB7B4QBEG4QDIB4QDPG4QDWB
792228,4Q8HB4QAMG4QATB4QB0G4QB7B4QBEG4QDIB4QDPG4QDWB
830751,4Q8HB4QAMG4QATB4QB0G4QB7B4QBEG4QDIB4QDPG4QDWB
796501,4Q8HB4Q8LR4QATB4QAXR4QB7B4QBBR4QDIB4QDMR4QDWB
796511,4Q8HB4QAMG4QATB4QB0G4QB7B4QBEG4QDIB4QDPG4QDWB
834810,4Q8HB4Q8LR4QAMG4QATB4QAXR4QB0G4QB7B4QBBR4QBEG
796504,4Q8HB4QAMG4QATB4QB0G4QB7B4QBEG4QDIB4QDPG4QDWB
796478,4Q8HB4Q8LR4QAMG4QATB4QAXR4QB0G4QB7B4QBBR4QBEG
796479,4Q8HB4Q8LR4QAMG4QATB4QAXR4QB0G4QB7B4QBBR4QBEG
838059,4Q8HB4QAMG4QATB4QB0G4QB7B4QBEG4QDIB4QDPG4QDWB
836752,4Q8HB4QAMG4QATB4QB0G4QB7B4QBEG4QDIB4QDPG4QDWB
793548,4Q8HB4QAMG4QATB4QB0G4QB7B4QBEG4QDIB4QDPG4QDWB
736342,4Q8HB4Q8LR4QAMG4QATB4QAXR4QB0G4QB7B4QBBR4QBEG
733881,4Q8HB4Q8LR4QAMG4QATB4QAXR4QB0G4QB7B4QBBR4QBEG
836748,4Q8HB4Q8LR4QAMG4QATB4QAXR4QB0G4QB7B4QBBR4QBEG
836741,4Q8HB4Q8LR4QAMG4QATB4QAXR4QB0G4QB7B4QBBR4QBEG
794733,4Q8HB4Q8LR4QAMG4QATB4QAXR4QB0G4QB7B4QBBR4QBEG
793543,4Q8HB4Q8LR4QAMG4QATB4QAXR4QB0G4QB7B4QBBR4QBEG
737893,4Q8HB4Q8LR4QAMG4QATB4QAXR4QB0G4QB7B4QBBR4QBEG
794751,4Q8HB4Q8LR4QAMG4QATB4QAXR4QB0G4QB7B4QBBR4QBEG
838047,4Q8HB4Q8LR4QAMG4QATB4QAXR4QB0G4QB7B4QBBR4QBEG
838068,4Q8HB4Q8LR4QAMG4QATB4QAXR4QB0G4QB7B4QBBR4QBEG
838061,4Q8HB4QAMG4QATB4QB0G4QB7B4QBEG4QDIB4QDPG4QDWB
793559,4Q8HB4Q8LR4QAMG4QATB4QAXR4QB0G4QB7B4QBBR4QBEG
734241,4Q8HB4Q8LR4QAMG4QATB4QAXR4QB0G4QB7B4QBBR4QBEG
835139,4Q8HB4Q8LR4QAMG4QATB4QAXR4QB0G4QB7B4QBBR4QBEG
835118,4Q8HB4Q8LR4QAMG4QATB4QAXR4QB0G4QB7B4QBBR4QBEG
835115,4Q8HB4Q8LR4QAMG4QATB4QAXR4QB0G4QB7B4QBBR4QBEG
836366,4Q8HB4QAMG4QATB4QB0G4QB7B4QBEG4QDIB4QDPG4QDWB
792646,4Q8HB4Q8LR4QAMG4QATB4QAXR4QB0G4QB7B4QBBR4QBEG
793930,4Q8HB4QAMG4QATB4QB0G4QB7B4QBEG4QDIB4QDPG4QDWB
733876,4Q8HB4QAMG4QATB4QB0G4QB7B4QBEG4QDIB4QDPG4QDWB
836378,4Q8HB4QAMG4QATB4QB0G4QB7B4QBEG4QDIB4QDPG4QDWB
836368,4Q8HB4Q8LR4QAMG4QATB4QAXR4QB0G4QB7B4QBBR4QBEG
836381,4Q8HB4QAMG4QATB4QB0G4QB7B4QBEG4QDIB4QDPG4QDWB
733869,4Q8HB4Q8LR4QAMG4QATB4QAXR4QB0G4QB7B4QBBR4QBEG
837980,4Q8HB4QAMG4QATB4QB0G4QB7B4QBEG4QDIB4QDPG4QDWB
835394,4Q8HB4Q8LR4QAMG4QATB4QAXR4QB0G4QB7B4QBBR4QBEG
837987,4Q8HB4Q8LR4QAMG4QATB4QAXR4QB0G4QB7B4QBBR4QBEG
835052,4Q8HB4QAMG4QATB4QB0G4QB7B4QBEG4QDIB4QDPG4QDWB
835065,4Q8HB4QAMG4QATB4QB0G4QB7B4QBEG4QDIB4QDPG4QDWB
792648,4Q8HB4Q8LR4QAMG4QATB4QAXR4QB0G4QB7B4QBBR4QBEG
691344,4Q8EG4Q8LB4Q8MR4QAQG4QAXB4QAYR4QB4G4QBBB4QBCR
660756,4Q8EG4Q8LB4Q8MR4QAQG4QAXB4QAYR4QB4G4QBBB4QBCR
691333,4Q8EG4Q8LB4Q8MR4QAQG4QAXB4QAYR4QB4G4QBBB4QBCR
865627,4Q8EG4Q8LB4Q8MR4QAQG4QAXB4QAYR4QB4G4QBBB4QBCR
934197,4Q8EG4Q8LB4Q8MR4QAQG4QAXB4QAYR4QB4G4QBBB4QBCR
978932,4Q8EG4Q8LB4QAQG4QAXB4QB4G4QBBB4QDFG4QDMB4QDTG
983185,4Q8EG4Q8LB4Q8MR4QAQG4QAXB4QAYR4QB4G4QBBB4QBCR
660749,4Q8EG4Q8LB4Q8MR4QAQG4QAXB4QAYR4QB4G4QBBB4QBCR
660745,4Q8EG4Q8LB4Q8MR4QAQG4QAXB4QAYR4QB4G4QBBB4QBCR
691357,4Q8EG4Q8LB4Q8MR4QAQG4QAXB4QAYR4QB4G4QBBB4QBCR
691363,4Q8EG4Q8LB4Q8MR4QAQG4QAXB4QAYR4QB4G4QBBB4QBCR
691328,4Q8EG4Q8LB4Q8MR4QAQG4QAXB4QAYR4QB4G4QBBB4QBCR
979311,4Q8EG4Q8LB4Q8MR4QAQG4QAXB4QAYR4QB4G4QBBB4QBCR
979308,4Q8EG4Q8LB4Q8MR4QAQG4QAXB4QAYR4QB4G4QBBB4QBCR
831709,4Q8HB4Q8LR4QAMG4QATB4QAXR4QB0G4QB7B4QBBR4QBEG
1005340,4Q8HB4Q8LR4QAMG4QATB4QAXR4QB0G4QB7B4QBBR4QBEG
831690,4Q8HB4Q8LR4QAMG4QATB4QAXR4QB0G4QB7B4QBBR4QBEG
831692,4Q8HB4Q8LR4QAMG4QATB4QAXR4QB0G4QB7B4QBBR4QBEG
1028763,4Q8HB4Q8LR4QAMG4QATB4QAXR4QB0G4QB7B4QBBR4QBEG
831695,4Q8HB4Q8LR4QAMG4QATB4QAXR4QB0G4QB7B4QBBR4QBEG
796424,4Q8HB4Q8LR4QAMG4QATB4QAXR4QB0G4QB7B4QBBR4QBEG
795117,4Q8HB4Q8LR4QAMG4QATB4QAXR4QB0G4QB7B4QBBR4QBEG
796434,4Q8HB4Q8LR4QAMG4QATB4QAXR4QB0G4QB7B4QBBR4QBEG
876117,4Q8HB4Q8LR4QAMG4QATB4QAXR4QB0G4QB7B4QBBR4QBEG
737901,4Q8HB4Q8LR4QAMG4QATB4QAXR4QB0G4QB7B4QBBR4QBEG
794771,4Q8HB4Q8LR4QAMG4QATB4QAXR4QB0G4QB7B4QBBR4QBEG
795112,4Q8HB4Q8LR4QAMG4QATB4QAXR4QB0G4QB7B4QBBR4QBEG
795105,4Q8HB4Q8LR4QAMG4QATB4QAXR4QB0G4QB7B4QBBR4QBEG
838159,4Q8HB4Q8LR4QAMG4QATB4QAXR4QB0G4QB7B4QBBR4QBEG
838172,4Q8HB4Q8LR4QAMG4QATB4QAXR4QB0G4QB7B4QBBR4QBEG
738989,4Q8HB4Q8LR4QAMG4QATB4QAXR4QB0G4QB7B4QBBR4QBEG
838143,4Q8HB4Q8LR4QAMG4QATB4QAXR4QB0G4QB7B4QBBR4QBEG
838136,4Q8HB4Q8LR4QAMG4QATB4QAXR4QB0G4QB7B4QBBR4QBEG
780427,4Q8HB4Q8LR4QAMG4QATB4QAXR4QB0G4QB7B4QBBR4QBEG
876132,4Q8HB4Q8LR4QAMG4QATB4QAXR4QB0G4QB7B4QBBR4QBEG
995868,4Q8HB4Q8LR4QAMG4QATB4QAXR4QB0G4QB7B4QBBR4QBEG
838177,4Q8HB4Q8LR4QAMG4QATB4QAXR4QB0G4QB7B4QBBR4QBEG
833148,4Q8HB4Q8LR4QAMG4QATB4QAXR4QB0G4QB7B4QBBR4QBEG
832805,4Q8HB4Q8LR4QAMG4QATB4QAXR4QB0G4QB7B4QBBR4QBEG
833145,4Q8HB4QAMG4QATB4QB0G4QB7B4QBEG4QDIB4QDPG4QDWB
1028744,4Q8HB4Q8LR4QAMG4QATB4QAXR4QB0G4QB7B4QBBR4QBEG
832795,4Q8HB4Q8LR4QAMG4QATB4QAXR4QB0G4QB7B4QBBR4QBEG
827272,4Q8HB4Q8LR4QAMG4QATB4QAXR4QB0G4QB7B4QBBR4QBEG
1028750,4Q8HB4Q8LR4QAMG4QATB4QAXR4QB0G4QB7B4QBBR4QBEG
837758,4Q8HB4Q8LR4QAMG4QATB4QAXR4QB0G4QB7B4QBBR4QBEG
1028736,4Q8HB4Q8LR4QAMG4QATB4QAXR4QB0G4QB7B4QBBR4QBEG
836463,4Q8HB4QAMG4QATB4QB0G4QB7B4QBEG4QDIB4QDPG4QDWB
838114,4Q8HB4Q8LR4QAMG4QATB4QAXR4QB0G4QB7B4QBBR4QBEG
780053,4Q8HB4QAMG4QATB4QB0G4QB7B4QBEG4QDIB4QDPG4QDWB
995515,4Q8HB4Q8LR4QAMG4QATB4QAXR4QB0G4QB7B4QBBR4QBEG
780057,4Q8HB4Q8LR4QAMG4QATB4QAXR4QB0G4QB7B4QBBR4QBEG
838134,4Q8HB4Q8LR4QAMG4QATB4QAXR4QB0G4QB7B4QBBR4QBEG
837764,4Q8HB4Q8LR4QAMG4QATB4QAXR4QB0G4QB7B4QBBR4QBEG
1028724,4Q8HB4Q8HB4Q8LR4QAMG4QAMG4QATB4QATB4QAXR4QB0G
827288,4Q8HB4QAMG4QATB4QB0G4QB7B4QBEG4QDIB4QDPG4QDWB
739169,4Q8HB4Q8LR4QAMG4QATB4QAXR4QB0G4QB7B4QBBR4QBEG
778733,4Q8HB4Q8LR4QAMG4QATB4QAXR4QB0G4QB7B4QBBR4QBEG
838098,4Q8HB4QAMG4QATB4QB0G4QB7B4QBEG4QDIB4QDPG4QDWB
837022,4Q8HB4Q8LR4QAMG4QATB4QAXR4QB0G4QB7B4QBBR4QBEG
837024,4Q8HB4QAMG4QATB4QB0G4QB7B4QBEG4QDIB4QDPG4QDWB
833305,4Q8HB4Q8LR4QAMG4QATB4QAXR4QB0G4QB7B4QBBR4QBEG
837016,4Q8HB4Q8LR4QAMG4QATB4QAXR4QB0G4QB7B4QBBR4QBEG
836679,4Q8HB4Q8LR4QAMG4QATB4QAXR4QB0G4QB7B4QBBR4QBEG
774681,4Q8HB4QAMG4QATB4QB0G4QB7B4QBEG4QDIB4QDPG4QDWB
778731,4Q8HB4QAMG4QATB4QB0G4QB7B4QBEG4QDIB4QDPG4QDWB
836686,4Q8HB4QAMG4QATB4QB0G4QB7B4QBEG4QDIB4QDPG4QDWB
836682,4Q8HB4QAMG4QATB4QB0G4QB7B4QBEG4QDIB4QDPG4QDWB
790962,4Q8HB4Q8LR4QAMG4QATB4QAXR4QB0G4QB7B4QBBR4QBEG
791308,4Q8HB4Q8LR4QAMG4QATB4QAXR4QB0G4QB7B4QBBR4QBEG
830729,4Q8LR4QAMG4QAXR4QB0G4QBBR4QBEG4QDMR4QDPG4QE0R
1028766,4Q8HB4Q8LR4QAMG4QATB4QAXR4QB0G4QB7B4QBBR4QBEG
1028753,4Q8HB4Q8LR4QAMG4QATB4QAXR4QB0G4QB7B4QBBR4QBEG
832000,4Q8HB4Q8LR4QAMG4QATB4QAXR4QB0G4QB7B4QBBR4QBEG
835163,4Q8HB4Q8LR4QAMG4QATB4QAXR4QB0G4QB7B4QBBR4QBEG
827230,4Q8HB4Q8LR4QAMG4QATB4QAXR4QB0G4QB7B4QBBR4QBEG
831712,4Q8HB4Q8LR4QAMG4QATB4QAXR4QB0G4QB7B4QBBR4QBEG
644667,4Q8CR4Q8EB4Q8LB4QAOR4QAQB4QAWG4QAXB4QB2R4QB4B
723069,4Q8CR4Q8EB4Q8LB4QAOR4QAQB4QAWG4QAXB4QB2R4QB4B
723067,4Q8CR4Q8EB4Q8LB4QAOR4QAQB4QAWG4QAXB4QB2R4QB4B
686228,4Q8CR4Q8EB4Q8LB4QAOR4QAQB4QAWG4QAXB4QB2R4QB4B
686225,4Q8CR4Q8EB4Q8LB4QAOR4QAQB4QAWG4QAXB4QB2R4QB4B
685249,4Q8CR4Q8EB4Q8LB4QAOR4QAQB4QAWG4QAXB4QB2R4QB4B
683913,4Q8CR4Q8EB4Q8LB4QAOR4QAQB4QAWG4QAXB4QB2R4QB4B
685289,4Q8CR4Q8EB4Q8LB4QAOR4QAQB4QAWG4QAXB4QB2R4QB4B
686209,4Q8CR4Q8EB4Q8LB4QAOR4QAQB4QAWG4QAXB4QB2R4QB4B
685287,4Q8CR4Q8EB4Q8LB4QAOR4QAQB4QAWG4QAXB4QB2R4QB4B
685286,4Q8CR4Q8EB4Q8LB4QAOR4QAQB4QAWG4QAXB4QB2R4QB4B
685283,4Q8CR4Q8EB4Q8LB4QAOR4QAQB4QAWG4QAXB4QB2R4QB4B
705469,4Q8CR4Q8EB4Q8LB4QAOR4QAQB4QAWG4QAXB4QB2R4QB4B
685281,4Q8CR4Q8EB4Q8LB4QAOR4QAQB4QAWG4QAXB4QB2R4QB4B
686208,4Q8CR4Q8EB4Q8LB4QAOR4QAQB4QAWG4QAXB4QB2R4QB4B
686206,4Q8CR4Q8EB4Q8LB4QAOR4QAQB4QAWG4QAXB4QB2R4QB4B
999141,4Q8CR4Q8EB4Q8LB4QAOR4QAQB4QAWG4QAXB4QB2R4QB4B
644666,4Q8CR4Q8EB4Q8LB4QAOR4QAQB4QAWG4QAXB4QB2R4QB4B
644672,4Q8EB4Q8LB4QAQB4QAWG4QAXB4QB4B4QBBB4QDFB4QDLG
828676,4Q8CR4Q8EB4Q8LB4QAOR4QAQB4QAWG4QAXB4QB2R4QB4B
644669,4Q8EB4Q8LB4QAQB4QAWG4QAXB4QB4B4QBBB4QDFB4QDLG
644665,4Q8CR4Q8EB4Q8LB4QAOR4QAQB4QAWG4QAXB4QB2R4QB4B
835005,4Q8EB4Q8LB4QAQB4QAWG4QAXB4QB4B4QBBB4QDFB4QDLG
795114,4Q8EB4Q8LB4QAQB4QAWG4QAXB4QB4B4QBBB4QDFB4QDLG
737906,4Q8EB4Q8LB4QAQB4QAWG4QAXB4QB4B4QBBB4QDFB4QDLG
833152,4Q8EB4Q8LB4QAQB4QAWG4QAXB4QB4B4QBBB4QDFB4QDLG
833138,4Q8EB4Q8LB4QAQB4QAWG4QAXB4QB4B4QBBB4QDFB4QDLG
838157,4Q8EB4Q8LB4QAQB4QAWG4QAXB4QB4B4QBBB4QDFB4QDLG
695337,4Q8EB4Q8LB4QAQB4QAWG4QAXB4QB4B4QBBB4QDFB4QDLG
838145,4Q8EB4Q8LB4QAQB4QAWG4QAXB4QB4B4QBBB4QDFB4QDLG
956041,4Q8EB4Q8LB4QAQB4QAWG4QAXB4QB4B4QBBB4QDFB4QDLG
838171,4Q8EB4Q8LB4QAQB4QAWG4QAXB4QB4B4QBBB4QDFB4QDLG
1098930,4Q8EB4Q8LB4QAQB4QAWG4QAXB4QB4B4QBBB4QDFB4QDLG
1020513,4Q8EB4Q8LB4QAQB4QAWG4QAXB4QB4B4QBBB4QDFB4QDLG
721310,4Q8CR4Q8EB4Q8LB4QAOR4QAQB4QAWG4QAXB4QB2R4QB4B
723957,4Q8CR4Q8EB4Q8LB4QAOR4QAQB4QAWG4QAXB4QB2R4QB4B
644689,4Q8CR4Q8EB4Q8LB4QAOR4QAQB4QAWG4QAXB4QB2R4QB4B
644687,4Q8CR4Q8EB4Q8LB4QAOR4QAQB4QAWG4QAXB4QB2R4QB4B
861244,4Q8CR4Q8EB4Q8LB4QAOR4QAQB4QAWG4QAWG4QAXB4QB2R
705464,4Q8CR4Q8EB4Q8LB4QAOR4QAQB4QAWG4QAXB4QB2R4QB4B
644682,4Q8CR4Q8EB4Q8LB4QAOR4QAQB4QAWG4QAXB4QB2R4QB4B
683899,4Q8CR4Q8EB4Q8LB4QAOR4QAQB4QAWG4QAXB4QB2R4QB4B
644680,4Q8CR4Q8EB4Q8LB4QAOR4QAQB4QAWG4QAXB4QB2R4QB4B
724739,4Q8CR4Q8EB4Q8LB4QAOR4QAQB4QAWG4QAXB4QB2R4QB4B
644678,4Q8CR4Q8EB4Q8LB4QAOR4QAQB4QAWG4QAXB4QB2R4QB4B
644676,4Q8CR4Q8EB4Q8LB4QAOR4QAQB4QAWG4QAXB4QB2R4QB4B
644685,4Q8CR4Q8EB4Q8LB4QAOR4QAQB4QAWG4QAXB4QB2R4QB4B
683911,4Q8CR4Q8EB4Q8LB4QAOR4QAQB4QAWG4QAXB4QB2R4QB4B
861247,4Q8EB4Q8LB4QAQB4QAWG4QAXB4QB4B4QBBB4QDFB4QDLG
683909,4Q8CR4Q8EB4Q8LB4QAOR4QAQB4QAWG4QAXB4QB2R4QB4B
683900,4Q8CR4Q8EB4Q8LB4QAOR4QAQB4QAWG4QAXB4QB2R4QB4B
683905,4Q8CR4Q8EB4Q8LB4QAOR4QAQB4QAWG4QAXB4QB2R4QB4B
683903,4Q8CR4Q8EB4Q8LB4QAOR4QAQB4QAWG4QAXB4QB2R4QB4B
705468,4Q8CR4Q8EB4Q8LB4QAOR4QAQB4QAWG4QAXB4QB2R4QB4B
820521,4Q8CR4Q8EB4Q8LB4QAOR4QAQB4QAWG4QAXB4QB2R4QB4B
644673,4Q8CR4Q8EB4Q8LB4QAOR4QAQB4QAWG4QAXB4QB2R4QB4B
644683,4Q8CR4Q8EB4Q8LB4QAOR4QAQB4QAWG4QAXB4QB2R4QB4B
686216,4Q8CR4Q8EB4Q8LB4QAOR4QAQB4QAWG4QAXB4QB2R4QB4B
686218,4Q8CR4Q8EB4Q8LB4QAOR4QAQB4QAWG4QAXB4QB2R4QB4B
686214,4Q8EB4Q8LB4QAQB4QAWG4QAXB4QB4B4QBBB4QDFB4QDLG
686211,4Q8CR4Q8EB4Q8LB4QAOR4QAQB4QAWG4QAXB4QB2R4QB4B
724744,4Q8CR4Q8EB4Q8LB4QAOR4QAQB4QAWG4QAXB4QB2R4QB4B
820520,4Q8CR4Q8EB4Q8LB4QAOR4QAQB4QAWG4QAXB4QB2R4QB4B
724740,4Q8CR4Q8EB4Q8LB4QAOR4QAQB4QAWG4QAXB4QB2R4QB4B
726008,4Q8CR4Q8EB4Q8LB4QAOR4QAQB4QAWG4QAXB4QB2R4QB4B
724738,4Q8EB4Q8LB4QAQB4QAWG4QAXB4QB4B4QBBB4QDFB4QDLG
1010180,4Q8EB4Q8LB4QAQB4QAWG4QAXB4QB4B4QBBB4QDFB4QDLG
724736,4Q8CR4Q8EB4Q8LB4QAOR4QAQB4QAWG4QAXB4QB2R4QB4B
834088,4Q8HG4QAMB4QATG4QB0B4QB7G4QBEB4QDIG4QDPB4QDWG
835149,4Q8EB4Q8LB4QAQB4QAWG4QAXB4QB4B4QBBB4QDFB4QDLG
793973,4Q8EB4Q8LB4QAQB4QAWG4QAXB4QB4B4QBBB4QDFB4QDLG
829372,4Q8EB4Q8LB4QAQB4QAWG4QAXB4QB4B4QBBB4QDFB4QDLG
835054,4Q8EB4Q8LB4QAQB4QAWG4QAXB4QB4B4QBBB4QDFB4QDLG
837988,4Q8EB4Q8LB4QAQB4QAWG4QAXB4QB4B4QBBB4QDFB4QDLG
835388,4Q8EB4Q8LB4QAQB4QAWG4QAXB4QB4B4QBBB4QDFB4QDLG
793913,4Q8EB4Q8LB4QAQB4QAWG4QAXB4QB4B4QBBB4QDFB4QDLG
836370,4Q8EB4Q8LB4QAQB4QAWG4QAXB4QB4B4QBBB4QDFB4QDLG
833514,4Q8CR4Q8EB4Q8LB4QAOR4QAQB4QAWG4QAXB4QB2R4QB4B
704145,4Q8CR4Q8EB4Q8LB4QAOR4QAQB4QAWG4QAXB4QB2R4QB4B
1011167,4Q8CR4Q8EB4Q8LB4QAOR4QAQB4QAWG4QAXB4QB2R4QB4B
833529,4Q8CR4Q8EB4Q8LB4QAOR4QAQB4QAWG4QAXB4QB2R4QB4B
1010385,4Q8CR4Q8EB4Q8LB4QAOR4QAQB4QAWG4QAXB4QB2R4QB4B
796458,4Q8CR4Q8EB4Q8LB4QAOR4QAQB4QAWG4QAXB4QB2R4QB4B
876134,4Q8CR4Q8EB4Q8LB4QAOR4QAQB4QAWG4QAXB4QB2R4QB4B
876122,4Q8CR4Q8EB4Q8LB4QAOR4QAQB4QAWG4QAXB4QB2R4QB4B
791386,4Q8CR4Q8EB4Q8LB4QAOR4QAQB4QAWG4QAXB4QB2R4QB4B
792660,4Q8CR4Q8EB4Q8LB4QAOR4QAQB4QAWG4QAXB4QB2R4QB4B
792675,4Q8CR4Q8EB4Q8LB4QAOR4QAQB4QAWG4QAXB4QB2R4QB4B
738097,4Q8GB4Q8HG4QALB4QAMG4QASB4QATG4QAZB4QB0G4QB6B
738098,4Q8GB4Q8HG4QALB4QAMG4QASB4QATG4QAZB4QB0G4QB6B
994726,4Q8GB4Q8HG4QALB4QAMG4QASB4QATG4QAZB4QB0G4QB6B
948093,4Q8GB4Q8HG4QALB4QAMG4QASB4QATG4QAZB4QB0G4QB6B
738099,4Q8GB4Q8HG4QALB4QAMG4QASB4QATG4QAZB4QB0G4QB6B
738100,4Q8GB4Q8HG4QALB4QAMG4QASB4QATG4QAZB4QB0G4QB6B
738101,4Q8GB4Q8HG4QALB4QAMG4QASB4QATG4QAZB4QB0G4QB6B
738102,4Q8GB4Q8HG4QALB4QAMG4QASB4QATG4QAZB4QB0G4QB6B
738103,4Q8GB4Q8HG4QALB4QAMG4QASB4QATG4QAZB4QB0G4QB6B
738104,4Q8GB4Q8HG4QALB4QAMG4QASB4QATG4QAZB4QB0G4QB6B
738105,4Q8GB4Q8HG4QALB4QAMG4QASB4QATG4QAZB4QB0G4QB6B
740181,4Q8GB4Q8HG4QALB4QAMG4QASB4QATG4QAZB4QB0G4QB6B
1080853,4Q8GB4Q8HG4QALB4QAMG4QASB4QATG4QAZB4QB0G4QB6B
738106,4Q8GB4Q8HG4QALB4QAMG4QASB4QATG4QAZB4QB0G4QB6B
738107,4Q8GB4Q8HG4QALB4QAMG4QASB4QATG4QAZB4QB0G4QB6B
1031234,4Q8GB4Q8HG4QALB4QAMG4QASB4QATG4QAZB4QB0G4QB6B
738109,4Q8GB4Q8HG4QALB4QAMG4QASB4QATG4QAZB4QB0G4QB6B
738110,4Q8GB4Q8HG4QALB4QAMG4QASB4QATG4QAZB4QB0G4QB6B
994727,4Q8GB4Q8HG4QALB4QAMG4QASB4QATG4QAZB4QB0G4QB6B
738111,4Q8GB4Q8HG4QALB4QAMG4QASB4QATG4QAZB4QB0G4QB6B
948094,4Q8GB4Q8HG4QALB4QAMG4QASB4QATG4QAZB4QB0G4QB6B
738112,4Q8GB4Q8HG4QALB4QAMG4QASB4QATG4QAZB4QB0G4QB6B
738113,4Q8GB4Q8HG4QALB4QAMG4QASB4QATG4QAZB4QB0G4QB6B
738114,4Q8GB4Q8HG4QALB4QAMG4QASB4QATG4QAZB4QB0G4QB6B
738115,4Q8GB4Q8HG4QALB4QAMG4QASB4QATG4QAZB4QB0G4QB6B
738116,4Q8GB4Q8HG4QALB4QAMG4QASB4QATG4QAZB4QB0G4QB6B
738117,4Q8GB4Q8HG4QALB4QAMG4QASB4QATG4QAZB4QB0G4QB6B
1031235,4Q8GB4Q8HG4QALB4QAMG4QASB4QATG4QAZB4QB0G4QB6B
993233,4Q8GB4Q8HG4QALB4QAMG4QASB4QATG4QAZB4QB0G4QB6B
740182,4Q8GB4Q8HG4QALB4QAMG4QASB4QATG4QAZB4QB0G4QB6B
738118,4Q8GB4Q8HG4QALB4QAMG4QASB4QATG4QAZB4QB0G4QB6B
738119,4Q8GB4Q8HG4QALB4QAMG4QASB4QATG4QAZB4QB0G4QB6B
738120,4Q8GB4Q8HG4QALB4QAMG4QASB4QATG4QAZB4QB0G4QB6B
738121,4Q8GB4Q8HG4QALB4QAMG4QASB4QATG4QAZB4QB0G4QB6B
994728,4Q8GB4Q8HG4QALB4QAMG4QASB4QATG4QAZB4QB0G4QB6B
993234,4Q8GB4Q8HG4QALB4QAMG4QASB4QATG4QAZB4QB0G4QB6B
738123,4Q8GB4Q8HG4QALB4QAMG4QASB4QATG4QAZB4QB0G4QB6B
738124,4Q8GB4Q8HG4QALB4QAMG4QASB4QATG4QAZB4QB0G4QB6B
738125,4Q8GB4Q8HG4QALB4QAMG4QASB4QATG4QAZB4QB0G4QB6B
1031236,4Q8GB4Q8HG4QALB4QAMG4QASB4QATG4QAZB4QB0G4QB6B
738126,4Q8GB4Q8HG4QALB4QAMG4QASB4QATG4QAZB4QB0G4QB6B
738127,4Q8GB4Q8HG4QALB4QAMG4QASB4QATG4QAZB4QB0G4QB6B
738128,4Q8GB4Q8HG4QALB4QAMG4QASB4QATG4QAZB4QB0G4QB6B
740183,4Q8GB4Q8HG4QALB4QAMG4QASB4QATG4QAZB4QB0G4QB6B
993235,4Q8GB4Q8HG4QALB4QAMG4QASB4QATG4QAZB4QB0G4QB6B
738129,4Q8GB4Q8HG4QALB4QAMG4QASB4QATG4QAZB4QB0G4QB6B
738130,4Q8GB4Q8HG4QALB4QAMG4QASB4QATG4QAZB4QB0G4QB6B
738131,4Q8GB4Q8HG4QALB4QAMG4QASB4QATG4QAZB4QB0G4QB6B
790274,4Q8GB4Q8HG4QALB4QAMG4QASB4QATG4QAZB4QB0G4QB6B
738132,4Q8GB4Q8HG4QALB4QAMG4QASB4QATG4QAZB4QB0G4QB6B
1031237,4Q8GB4Q8HG4QALB4QAMG4QASB4QATG4QAZB4QB0G4QB6B
994729,4Q8GB4Q8HG4QALB4QAMG4QASB4QATG4QAZB4QB0G4QB6B
738133,4Q8GB4Q8HG4QALB4QAMG4QASB4QATG4QAZB4QB0G4QB6B
993236,4Q8GB4Q8HG4QALB4QAMG4QASB4QATG4QAZB4QB0G4QB6B
738134,4Q8GB4Q8HG4QALB4QAMG4QASB4QATG4QAZB4QB0G4QB6B
738135,4Q8GB4Q8HG4QALB4QAMG4QASB4QATG4QAZB4QB0G4QB6B
738136,4Q8GB4Q8HG4QALB4QAMG4QASB4QATG4QAZB4QB0G4QB6B
738137,4Q8GB4Q8HG4QALB4QAMG4QASB4QATG4QAZB4QB0G4QB6B
738138,4Q8GB4Q8HG4QALB4QAMG4QASB4QATG4QAZB4QB0G4QB6B
738139,4Q8GB4Q8HG4QALB4QAMG4QASB4QATG4QAZB4QB0G4QB6B
738140,4Q8GB4Q8HG4QALB4QAMG4QASB4QATG4QAZB4QB0G4QB6B
993237,4Q8GB4Q8HG4QALB4QAMG4QASB4QATG4QAZB4QB0G4QB6B
740184,4Q8GB4Q8HG4QALB4QAMG4QASB4QATG4QAZB4QB0G4QB6B
738141,4Q8GB4Q8HG4QALB4QAMG4QASB4QATG4QAZB4QB0G4QB6B
1031238,4Q8GB4Q8HG4QALB4QAMG4QASB4QATG4QAZB4QB0G4QB6B
738142,4Q8GB4Q8HG4QALB4QAMG4QASB4QATG4QAZB4QB0G4QB6B
738143,4Q8GB4Q8HG4QALB4QAMG4QASB4QATG4QAZB4QB0G4QB6B
738144,4Q8GB4Q8HG4QALB4QAMG4QASB4QATG4QAZB4QB0G4QB6B
994730,4Q8GB4Q8HG4QALB4QAMG4QASB4QATG4QAZB4QB0G4QB6B
738145,4Q8GB4Q8HG4QALB4QAMG4QASB4QATG4QAZB4QB0G4QB6B
993238,4Q8GB4Q8HG4QALB4QAMG4QASB4QATG4QAZB4QB0G4QB6B
738146,4Q8GB4Q8HG4QALB4QAMG4QASB4QATG4QAZB4QB0G4QB6B
738147,4Q8GB4Q8HG4QALB4QAMG4QASB4QATG4QAZB4QB0G4QB6B
738148,4Q8GB4Q8HG4QALB4QAMG4QASB4QATG4QAZB4QB0G4QB6B
738149,4Q8GB4Q8HG4QALB4QAMG4QASB4QATG4QAZB4QB0G4QB6B
950994,4Q8GB4Q8HG4QALB4QAMG4QASB4QATG4QAZB4QB0G4QB6B
738150,4Q8GB4Q8HG4QALB4QAMG4QASB4QATG4QAZB4QB0G4QB6B
950995,4Q8GB4Q8HG4QALB4QAMG4QASB4QATG4QAZB4QB0G4QB6B
738151,4Q8GB4Q8HG4QALB4QAMG4QASB4QATG4QAZB4QB0G4QB6B
993239,4Q8GB4Q8HG4QALB4QAMG4QASB4QATG4QAZB4QB0G4QB6B
740185,4Q8GB4Q8HG4QALB4QAMG4QASB4QATG4QAZB4QB0G4QB6B
738152,4Q8GB4Q8HG4QALB4QAMG4QASB4QATG4QAZB4QB0G4QB6B
950996,4Q8GB4Q8HG4QALB4QAMG4QASB4QATG4QAZB4QB0G4QB6B
738153,4Q8GB4Q8HG4QALB4QAMG4QASB4QATG4QAZB4QB0G4QB6B
738154,4Q8GB4Q8HG4QALB4QAMG4QASB4QATG4QAZB4QB0G4QB6B
738155,4Q8GB4Q8HG4QALB4QAMG4QASB4QATG4QAZB4QB0G4QB6B
994731,4Q8GB4Q8HG4QALB4QAMG4QASB4QATG4QAZB4QB0G4QB6B
950997,4Q8GB4Q8HG4QALB4QAMG4QASB4QATG4QAZB4QB0G4QB6B
738156,4Q8GB4Q8HG4QALB4QAMG4QASB4QATG4QAZB4QB0G4QB6B
738157,4Q8GB4Q8HG4QALB4QAMG4QASB4QATG4QAZB4QB0G4QB6B
994300,4Q8GB4Q8HG4QALB4QAMG4QASB4QATG4QAZB4QB0G4QB6B
1031240,4Q8GB4Q8HG4QALB4QAMG4QASB4QATG4QAZB4QB0G4QB6B
950998,4Q8GB4Q8HG4QALB4QAMG4QASB4QATG4QAZB4QB0G4QB6B
738158,4Q8GB4Q8HG4QALB4QAMG4QASB4QATG4QAZB4QB0G4QB6B
790275,4Q8GB4Q8HG4QALB4QAMG4QASB4QATG4QAZB4QB0G4QB6B
738159,4Q8GB4Q8HG4QALB4QAMG4QASB4QATG4QAZB4QB0G4QB6B
738160,4Q8GB4Q8HG4QALB4QAMG4QASB4QATG4QAZB4QB0G4QB6B
950999,4Q8GB4Q8HG4QALB4QAMG4QASB4QATG4QAZB4QB0G4QB6B
738161,4Q8GB4Q8HG4QALB4QAMG4QASB4QATG4QAZB4QB0G4QB6B
738162,4Q8GB4Q8HG4QALB4QAMG4QASB4QATG4QAZB4QB0G4QB6B
740186,4Q8GB4Q8HG4QALB4QAMG4QASB4QATG4QAZB4QB0G4QB6B
994301,4Q8GB4Q8HG4QALB4QAMG4QASB4QATG4QAZB4QB0G4QB6B
951000,4Q8GB4Q8HG4QALB4QAMG4QASB4QATG4QAZB4QB0G4QB6B
738163,4Q8GB4Q8HG4QALB4QAMG4QASB4QATG4QAZB4QB0G4QB6B
738164,4Q8GB4Q8HG4QALB4QAMG4QASB4QATG4QAZB4QB0G4QB6B
738165,4Q8GB4Q8HG4QALB4QAMG4QASB4QATG4QAZB4QB0G4QB6B
951001,4Q8GB4Q8HG4QALB4QAMG4QASB4QATG4QAZB4QB0G4QB6B
1031241,4Q8GB4Q8HG4QALB4QAMG4QASB4QATG4QAZB4QB0G4QB6B
738166,4Q8GB4Q8HG4QALB4QAMG4QASB4QATG4QAZB4QB0G4QB6B
994732,4Q8GB4Q8HG4QALB4QAMG4QASB4QATG4QAZB4QB0G4QB6B
738167,4Q8GB4Q8HG4QALB4QAMG4QASB4QATG4QAZB4QB0G4QB6B
951002,4Q8GB4Q8HG4QALB4QAMG4QASB4QATG4QAZB4QB0G4QB6B
994302,4Q8GB4Q8HG4QALB4QAMG4QASB4QATG4QAZB4QB0G4QB6B
738168,4Q8GB4Q8HG4QALB4QAMG4QASB4QATG4QAZB4QB0G4QB6B
738169,4Q8GB4Q8HG4QALB4QAMG4QASB4QATG4QAZB4QB0G4QB6B
738170,4Q8GB4Q8HG4QALB4QAMG4QASB4QATG4QAZB4QB0G4QB6B
951003,4Q8GB4Q8HG4QALB4QAMG4QASB4QATG4QAZB4QB0G4QB6B
738171,4Q8GB4Q8HG4QALB4QAMG4QASB4QATG4QAZB4QB0G4QB6B
738172,4Q8GB4Q8HG4QALB4QAMG4QASB4QATG4QAZB4QB0G4QB6B
738173,4Q8GB4Q8HG4QALB4QAMG4QASB4QATG4QAZB4QB0G4QB6B
738174,4Q8GB4Q8HG4QALB4QAMG4QASB4QATG4QAZB4QB0G4QB6B
951004,4Q8GB4Q8HG4QALB4QAMG4QASB4QATG4QAZB4QB0G4QB6B
1031242,4Q8GB4Q8HG4QALB4QAMG4QASB4QATG4QAZB4QB0G4QB6B
994303,4Q8GB4Q8HG4QALB4QAMG4QASB4QATG4QAZB4QB0G4QB6B
740187,4Q8GB4Q8HG4QALB4QAMG4QASB4QATG4QAZB4QB0G4QB6B
951005,4Q8GB4Q8HG4QALB4QAMG4QASB4QATG4QAZB4QB0G4QB6B
738175,4Q8GB4Q8HG4QALB4QAMG4QASB4QATG4QAZB4QB0G4QB6B
738176,4Q8GB4Q8HG4QALB4QAMG4QASB4QATG4QAZB4QB0G4QB6B
738177,4Q8GB4Q8HG4QALB4QAMG4QASB4QATG4QAZB4QB0G4QB6B
738494,4Q8GB4Q8HG4QALB4QAMG4QASB4QATG4QAZB4QB0G4QB6B
951006,4Q8GB4Q8HG4QALB4QAMG4QASB4QATG4QAZB4QB0G4QB6B
994733,4Q8GB4Q8HG4QALB4QAMG4QASB4QATG4QAZB4QB0G4QB6B
738495,4Q8GB4Q8HG4QALB4QAMG4QASB4QATG4QAZB4QB0G4QB6B
738496,4Q8GB4Q8HG4QALB4QAMG4QASB4QATG4QAZB4QB0G4QB6B
994304,4Q8GB4Q8HG4QALB4QAMG4QASB4QATG4QAZB4QB0G4QB6B
951007,4Q8GB4Q8HG4QALB4QAMG4QASB4QATG4QAZB4QB0G4QB6B
738497,4Q8GB4Q8HG4QALB4QAMG4QASB4QATG4QAZB4QB0G4QB6B
738498,4Q8GB4Q8HG4QALB4QAMG4QASB4QATG4QAZB4QB0G4QB6B
738499,4Q8GB4Q8HG4QALB4QAMG4QASB4QATG4QAZB4QB0G4QB6B
1031243,4Q8GB4Q8HG4QALB4QAMG4QASB4QATG4QAZB4QB0G4QB6B
951008,4Q8GB4Q8HG4QALB4QAMG4QASB4QATG4QAZB4QB0G4QB6B
738500,4Q8GB4Q8HG4QALB4QAMG4QASB4QATG4QAZB4QB0G4QB6B
738501,4Q8GB4Q8HG4QALB4QAMG4QASB4QATG4QAZB4QB0G4QB6B
738502,4Q8GB4Q8HG4QALB4QAMG4QASB4QATG4QAZB4QB0G4QB6B
740188,4Q8GB4Q8HG4QALB4QAMG4QASB4QATG4QAZB4QB0G4QB6B
951009,4Q8GB4Q8HG4QALB4QAMG4QASB4QATG4QAZB4QB0G4QB6B
994305,4Q8GB4Q8HG4QALB4QAMG4QASB4QATG4QAZB4QB0G4QB6B
738503,4Q8GB4Q8HG4QALB4QAMG4QASB4QATG4QAZB4QB0G4QB6B
790276,4Q8GB4Q8HG4QALB4QAMG4QASB4QATG4QAZB4QB0G4QB6B
738504,4Q8GB4Q8HG4QALB4QAMG4QASB4QATG4QAZB4QB0G4QB6B
951010,4Q8GB4Q8HG4QALB4QAMG4QASB4QATG4QAZB4QB0G4QB6B
738505,4Q8GB4Q8HG4QALB4QAMG4QASB4QATG4QAZB4QB0G4QB6B
947782,4Q8GB4Q8HG4QALB4QAMG4QASB4QATG4QAZB4QB0G4QB6B
696155,4Q8GB4Q8HG4QALB4QAMG4QASB4QATG4QAZB4QB0G4QB6B
696156,4Q8GB4Q8HG4QALB4QAMG4QASB4QATG4QAZB4QB0G4QB6B
1034133,4Q8GB4Q8HG4QALB4QAMG4QASB4QATG4QAZB4QB0G4QB6B
696157,4Q8GB4Q8HG4QALB4QAMG4QASB4QATG4QAZB4QB0G4QB6B
947783,4Q8GB4Q8HG4QALB4QAMG4QASB4QATG4QAZB4QB0G4QB6B
989834,4Q8GB4Q8HG4QALB4QAMG4QASB4QATG4QAZB4QB0G4QB6B
696158,4Q8GB4Q8HG4QALB4QAMG4QASB4QATG4QAZB4QB0G4QB6B
696159,4Q8GB4Q8HG4QALB4QAMG4QASB4QATG4QAZB4QB0G4QB6B
696160,4Q8GB4Q8HG4QALB4QAMG4QASB4QATG4QAZB4QB0G4QB6B
740192,4Q8GB4Q8HG4QALB4QAMG4QASB4QATG4QAZB4QB0G4QB6B
696161,4Q8GB4Q8HG4QALB4QAMG4QASB4QATG4QAZB4QB0G4QB6B
696162,4Q8GB4Q8HG4QALB4QAMG4QASB4QATG4QAZB4QB0G4QB6B
696163,4Q8GB4Q8HG4QALB4QAMG4QASB4QATG4QAZB4QB0G4QB6B
696164,4Q8GB4Q8HG4QALB4QAMG4QASB4QATG4QAZB4QB0G4QB6B
948494,4Q8GB4Q8HG4QALB4QAMG4QASB4QATG4QAZB4QB0G4QB6B
745530,4Q8GB4Q8HG4QALB4QAMG4QASB4QATG4QAZB4QB0G4QB6B
989835,4Q8GB4Q8HG4QALB4QAMG4QASB4QATG4QAZB4QB0G4QB6B
1034134,4Q8GB4Q8HG4QALB4QAMG4QASB4QATG4QAZB4QB0G4QB6B
948495,4Q8GB4Q8HG4QALB4QAMG4QASB4QATG4QAZB4QB0G4QB6B
696165,4Q8GB4Q8HG4QALB4QAMG4QASB4QATG4QAZB4QB0G4QB6B
1035651,4Q8GB4Q8HG4QALB4QAMG4QASB4QATG4QAZB4QB0G4QB6B
696166,4Q8GB4Q8HG4QALB4QAMG4QASB4QATG4QAZB4QB0G4QB6B
696167,4Q8GB4Q8HG4QALB4QAMG4QASB4QATG4QAZB4QB0G4QB6B
948496,4Q8GB4Q8HG4QALB4QAMG4QASB4QATG4QAZB4QB0G4QB6B
696168,4Q8GB4Q8HG4QALB4QAMG4QASB4QATG4QAZB4QB0G4QB6B
696169,4Q8GB4Q8HG4QALB4QAMG4QASB4QATG4QAZB4QB0G4QB6B
696170,4Q8GB4Q8HG4QALB4QAMG4QASB4QATG4QAZB4QB0G4QB6B
1034223,4Q8GB4Q8HG4QALB4QAMG4QASB4QATG4QAZB4QB0G4QB6B
948497,4Q8GB4Q8HG4QALB4QAMG4QASB4QATG4QAZB4QB0G4QB6B
696171,4Q8GB4Q8HG4QALB4QAMG4QASB4QATG4QAZB4QB0G4QB6B
696172,4Q8GB4Q8HG4QALB4QAMG4QASB4QATG4QAZB4QB0G4QB6B
1034135,4Q8GB4Q8HG4QALB4QAMG4QASB4QATG4QAZB4QB0G4QB6B
696173,4Q8GB4Q8HG4QALB4QAMG4QASB4QATG4QAZB4QB0G4QB6B
948498,4Q8GB4Q8HG4QALB4QAMG4QASB4QATG4QAZB4QB0G4QB6B
696174,4Q8GB4Q8HG4QALB4QAMG4QASB4QATG4QAZB4QB0G4QB6B
696175,4Q8GB4Q8HG4QALB4QAMG4QASB4QATG4QAZB4QB0G4QB6B
745531,4Q8GB4Q8HG4QALB4QAMG4QASB4QATG4QAZB4QB0G4QB6B
989836,4Q8GB4Q8HG4QALB4QAMG4QASB4QATG4QAZB4QB0G4QB6B
948499,4Q8GB4Q8HG4QALB4QAMG4QASB4QATG4QAZB4QB0G4QB6B
696176,4Q8GB4Q8HG4QALB4QAMG4QASB4QATG4QAZB4QB0G4QB6B
696177,4Q8GB4Q8HG4QALB4QAMG4QASB4QATG4QAZB4QB0G4QB6B
696178,4Q8GB4Q8HG4QALB4QAMG4QASB4QATG4QAZB4QB0G4QB6B
992639,4Q8GB4Q8HG4QALB4QAMG4QASB4QATG4QAZB4QB0G4QB6B
948500,4Q8GB4Q8HG4QALB4QAMG4QASB4QATG4QAZB4QB0G4QB6B
696179,4Q8GB4Q8HG4QALB4QAMG4QASB4QATG4QAZB4QB0G4QB6B
697396,4Q8GB4Q8HG4QALB4QAMG4QASB4QATG4QAZB4QB0G4QB6B
745534,4Q8GB4Q8HG4QALB4QAMG4QASB4QATG4QAZB4QB0G4QB6B
993354,4Q8GB4Q8HG4QALB4QAMG4QASB4QATG4QAZB4QB0G4QB6B
697397,4Q8GB4Q8HG4QALB4QAMG4QASB4QATG4QAZB4QB0G4QB6B
697398,4Q8GB4Q8HG4QALB4QAMG4QASB4QATG4QAZB4QB0G4QB6B
697399,4Q8GB4Q8HG4QALB4QAMG4QASB4QATG4QAZB4QB0G4QB6B
697400,4Q8GB4Q8HG4QALB4QAMG4QASB4QATG4QAZB4QB0G4QB6B
697401,4Q8GB4Q8HG4QALB4QAMG4QASB4QATG4QAZB4QB0G4QB6B
989837,4Q8GB4Q8HG4QALB4QAMG4QASB4QATG4QAZB4QB0G4QB6B
697402,4Q8GB4Q8HG4QALB4QAMG4QASB4QATG4QAZB4QB0G4QB6B
697403,4Q8GB4Q8HG4QALB4QAMG4QASB4QATG4QAZB4QB0G4QB6B
697404,4Q8GB4Q8HG4QALB4QAMG4QASB4QATG4QAZB4QB0G4QB6B
697405,4Q8GB4Q8HG4QALB4QAMG4QASB4QATG4QAZB4QB0G4QB6B
1034143,4Q8GB4Q8HG4QALB4QAMG4QASB4QATG4QAZB4QB0G4QB6B
697406,4Q8GB4Q8HG4QALB4QAMG4QASB4QATG4QAZB4QB0G4QB6B
623889,4Q8GB4Q8HG4QALB4QAMG4QASB4QATG4QAZB4QB0G4QB6B
989838,4Q8GB4Q8HG4QALB4QAMG4QASB4QATG4QAZB4QB0G4QB6B
697407,4Q8GB4Q8HG4QALB4QAMG4QASB4QATG4QAZB4QB0G4QB6B
990912,4Q8GB4Q8HG4QALB4QAMG4QASB4QATG4QAZB4QB0G4QB6B
745535,4Q8GB4Q8HG4QALB4QAMG4QASB4QATG4QAZB4QB0G4QB6B
993355,4Q8GB4Q8HG4QALB4QAMG4QASB4QATG4QAZB4QB0G4QB6B
697408,4Q8GB4Q8HG4QALB4QAMG4QASB4QATG4QAZB4QB0G4QB6B
697409,4Q8GB4Q8HG4QALB4QAMG4QASB4QATG4QAZB4QB0G4QB6B
697410,4Q8GB4Q8HG4QALB4QAMG4QASB4QATG4QAZB4QB0G4QB6B
697411,4Q8GB4Q8HG4QALB4QAMG4QASB4QATG4QAZB4QB0G4QB6B
697412,4Q8GB4Q8HG4QALB4QAMG4QASB4QATG4QAZB4QB0G4QB6B
697413,4Q8GB4Q8HG4QALB4QAMG4QASB4QATG4QAZB4QB0G4QB6B
990913,4Q8GB4Q8HG4QALB4QAMG4QASB4QATG4QAZB4QB0G4QB6B
1034144,4Q8GB4Q8HG4QALB4QAMG4QASB4QATG4QAZB4QB0G4QB6B
697414,4Q8GB4Q8HG4QALB4QAMG4QASB4QATG4QAZB4QB0G4QB6B
697415,4Q8GB4Q8HG4QALB4QAMG4QASB4QATG4QAZB4QB0G4QB6B
697416,4Q8GB4Q8HG4QALB4QAMG4QASB4QATG4QAZB4QB0G4QB6B
697417,4Q8GB4Q8HG4QALB4QAMG4QASB4QATG4QAZB4QB0G4QB6B
787953,4Q8GB4Q8HG4QALB4QAMG4QASB4QATG4QAZB4QB0G4QB6B
697418,4Q8GB4Q8HG4QALB4QAMG4QASB4QATG4QAZB4QB0G4QB6B
990914,4Q8GB4Q8HG4QALB4QAMG4QASB4QATG4QAZB4QB0G4QB6B
697419,4Q8GB4Q8HG4QALB4QAMG4QASB4QATG4QAZB4QB0G4QB6B
745536,4Q8GB4Q8HG4QALB4QAMG4QASB4QATG4QAZB4QB0G4QB6B
993356,4Q8GB4Q8HG4QALB4QAMG4QASB4QATG4QAZB4QB0G4QB6B
697420,4Q8GB4Q8HG4QALB4QAMG4QASB4QATG4QAZB4QB0G4QB6B
1034145,4Q8GB4Q8HG4QALB4QAMG4QASB4QATG4QAZB4QB0G4QB6B
697421,4Q8GB4Q8HG4QALB4QAMG4QASB4QATG4QAZB4QB0G4QB6B
697422,4Q8GB4Q8HG4QALB4QAMG4QASB4QATG4QAZB4QB0G4QB6B
697423,4Q8GB4Q8HG4QALB4QAMG4QASB4QATG4QAZB4QB0G4QB6B
990915,4Q8GB4Q8HG4QALB4QAMG4QASB4QATG4QAZB4QB0G4QB6B
697424,4Q8GB4Q8HG4QALB4QAMG4QASB4QATG4QAZB4QB0G4QB6B
697425,4Q8GB4Q8HG4QALB4QAMG4QASB4QATG4QAZB4QB0G4QB6B
697426,4Q8GB4Q8HG4QALB4QAMG4QASB4QATG4QAZB4QB0G4QB6B
697427,4Q8GB4Q8HG4QALB4QAMG4QASB4QATG4QAZB4QB0G4QB6B
697428,4Q8GB4Q8HG4QALB4QAMG4QASB4QATG4QAZB4QB0G4QB6B
697429,4Q8GB4Q8HG4QALB4QAMG4QASB4QATG4QAZB4QB0G4QB6B
1034146,4Q8GB4Q8HG4QALB4QAMG4QASB4QATG4QAZB4QB0G4QB6B
697430,4Q8GB4Q8HG4QALB4QAMG4QASB4QATG4QAZB4QB0G4QB6B
990916,4Q8GB4Q8HG4QALB4QAMG4QASB4QATG4QAZB4QB0G4QB6B
745537,4Q8GB4Q8HG4QALB4QAMG4QASB4QATG4QAZB4QB0G4QB6B
993357,4Q8GB4Q8HG4QALB4QAMG4QASB4QATG4QAZB4QB0G4QB6B
697431,4Q8GB4Q8HG4QALB4QAMG4QASB4QATG4QAZB4QB0G4QB6B
697432,4Q8GB4Q8HG4QALB4QAMG4QASB4QATG4QAZB4QB0G4QB6B
697433,4Q8GB4Q8HG4QALB4QAMG4QASB4QATG4QAZB4QB0G4QB6B
623890,4Q8GB4Q8HG4QALB4QAMG4QASB4QATG4QAZB4QB0G4QB6B
697434,4Q8GB4Q8HG4QALB4QAMG4QASB4QATG4QAZB4QB0G4QB6B
697435,4Q8GB4Q8HG4QALB4QAMG4QASB4QATG4QAZB4QB0G4QB6B
990917,4Q8GB4Q8HG4QALB4QAMG4QASB4QATG4QAZB4QB0G4QB6B
697752,4Q8GB4Q8HG4QALB4QAMG4QASB4QATG4QAZB4QB0G4QB6B
697753,4Q8GB4Q8HG4QALB4QAMG4QASB4QATG4QAZB4QB0G4QB6B
1034147,4Q8GB4Q8HG4QALB4QAMG4QASB4QATG4QAZB4QB0G4QB6B
697754,4Q8GB4Q8HG4QALB4QAMG4QASB4QATG4QAZB4QB0G4QB6B
697755,4Q8GB4Q8HG4QALB4QAMG4QASB4QATG4QAZB4QB0G4QB6B
697756,4Q8GB4Q8HG4QALB4QAMG4QASB4QATG4QAZB4QB0G4QB6B
697757,4Q8GB4Q8HG4QALB4QAMG4QASB4QATG4QAZB4QB0G4QB6B
990918,4Q8GB4Q8HG4QALB4QAMG4QASB4QATG4QAZB4QB0G4QB6B
697758,4Q8GB4Q8HG4QALB4QAMG4QASB4QATG4QAZB4QB0G4QB6B
993358,4Q8GB4Q8HG4QALB4QAMG4QASB4QATG4QAZB4QB0G4QB6B
745538,4Q8GB4Q8HG4QALB4QAMG4QASB4QATG4QAZB4QB0G4QB6B
697759,4Q8GB4Q8HG4QALB4QAMG4QASB4QATG4QAZB4QB0G4QB6B
738122,4Q8GB4Q8HG4QALB4QAMG4QASB4QATG4QAZB4QB0G4QB6B
1031239,4Q8GB4Q8HG4QALB4QAMG4QASB4QATG4QAZB4QB0G4QB6B
1028113,4Q8GB4Q8HG4QALB4QAMG4QASB4QATG4QAZB4QB0G4QB6B
1028114,4Q8GB4Q8HG4QALB4QAMG4QASB4QATG4QAZB4QB0G4QB6B
754525,4Q8FG4Q8MB4Q8MR4QARG4QAYB4QAYR4QB5G4QBCB4QBCR
802139,4Q8FG4Q8MB4Q8MR4QARG4QAYB4QAYR4QB5G4QBCB4QBCR
754874,4Q8FG4Q8MB4Q8MR4QARG4QAYB4QAYR4QB5G4QBCB4QBCR
754522,4Q8FG4Q8MB4Q8MR4QARG4QAYB4QAYR4QB5G4QBCB4QBCR
754528,4Q8FG4Q8MB4Q8MR4QARG4QAYB4QAYR4QB5G4QBCB4QBCR
899125,4Q8FG4Q8MB4Q8MR4QARG4QAYB4QAYR4QB5G4QBCB4QBCR
820016,4Q8FG4Q8MB4Q8MR4QARG4QAYB4QAYR4QB5G4QBCB4QBCR
754538,4Q8FG4Q8MB4Q8MR4QARG4QAYB4QAYR4QB5G4QBCB4QBCR
754535,4Q8FG4Q8MB4Q8MR4QARG4QAYB4QAYR4QB5G4QBCB4QBCR
801803,4Q8FG4Q8MB4Q8MR4QARG4QAYB4QAYR4QB5G4QBCB4QBCR
802135,4Q8FG4Q8MB4Q8MR4QARG4QAYB4QAYR4QB5G4QBCB4QBCR
820021,4Q8FG4Q8MB4Q8MR4QARG4QAYB4QAYR4QB5G4QBCB4QBCR
754513,4Q8GG4Q8MR4QALB4QASG4QAYR4QAZB4QB6G4QBCR4QBDB
754517,4Q8GG4Q8MR4QALB4QASG4QAYR4QAZB4QB6G4QBCR4QBDB
742817,4Q8GG4Q8MR4QALB4QASG4QAYR4QAZB4QB6G4QBCR4QBDB
799635,4Q8GG4Q8MR4QALB4QASG4QAYR4QAZB4QB6G4QBCR4QBDB
754490,4Q8GG4Q8MR4QALB4QASG4QAYR4QAZB4QB6G4QBCR4QBDB
754493,4Q8GG4Q8MR4QALB4QASG4QAYR4QAZB4QB6G4QBCR4QBDB
741493,4Q8GG4Q8MR4QALB4QASG4QAYR4QAZB4QB6G4QBCR4QBDB
754481,4Q8GG4Q8MR4QALB4QASG4QAYR4QAZB4QB6G4QBCR4QBDB
754479,4Q8GG4Q8MR4QALB4QASG4QAYR4QAZB4QB6G4QBCR4QBDB
754475,4Q8GG4Q8MR4QALB4QASG4QAYR4QAZB4QB6G4QBCR4QBDB
754486,4Q8GG4Q8MR4QALB4QASG4QAYR4QAZB4QB6G4QBCR4QBDB
782482,4Q8GG4Q8MR4QALB4QASG4QAYR4QAZB4QB6G4QBCR4QBDB
820010,4Q8GG4Q8MR4QALB4QASG4QAYR4QAZB4QB6G4QBCR4QBDB
754501,4Q8GG4Q8MR4QALB4QASG4QAYR4QAZB4QB6G4QBCR4QBDB
984145,4Q8GG4QALB4QASG4QAZB4QB6G4QBDB4QDHG4QDOB4QDVG
754512,4Q8GG4Q8MR4QALB4QASG4QAYR4QAZB4QB6G4QBCR4QBDB
820009,4Q8GG4Q8MR4QALB4QASG4QAYR4QAZB4QB6G4QBCR4QBDB
836761,4Q8DB4Q8GR4Q8KG4QAPB4QASR4QAWG4QB3B4QB6R4QBAG
836773,4Q8DB4Q8GR4Q8KG4QAPB4QASR4QAWG4QB3B4QB6R4QBAG
737892,4Q8DB4Q8GR4Q8KG4QAPB4QASR4QAWG4QB3B4QB6R4QBAG
794740,4Q8DB4Q8GR4Q8KG4QAPB4QASR4QAWG4QB3B4QB6R4QBAG
836738,4Q8DB4Q8GR4Q8KG4QAPB4QASR4QAWG4QB3B4QB6R4QBAG
836733,4Q8DB4Q8GR4Q8KG4QAPB4QASR4QAWG4QB3B4QB6R4QBAG
871888,4Q8FR4Q8HG4QAMB4QARR4QATG4QB0B4QB5R4QB7G4QBEB
871879,4Q8FR4Q8HG4QAMB4QARR4QATG4QB0B4QB5R4QB7G4QBEB
871887,4Q8FR4Q8HG4QAMB4QARR4QATG4QB0B4QB5R4QB7G4QBEB
739321,4Q8FR4Q8HG4QAMB4QARR4QATG4QB0B4QB5R4QB7G4QBEB
871112,4Q8HG4QAMB4QATG4QB0B4QB7G4QBEB4QDIG4QDPB4QDWG
871885,4Q8FR4Q8HG4QAMB4QARR4QATG4QB0B4QB5R4QB7G4QBEB
871884,4Q8FR4Q8HG4QAMB4QARR4QATG4QB0B4QB5R4QB7G4QBEB
871111,4Q8FR4Q8HG4QAMB4QARR4QATG4QB0B4QB5R4QB7G4QBEB
871108,4Q8FR4Q8HG4QAMB4QARR4QATG4QB0B4QB5R4QB7G4QBEB
871107,4Q8FR4Q8HG4QAMB4QARR4QATG4QB0B4QB5R4QB7G4QBEB
871105,4Q8FR4Q8HG4QAMB4QARR4QATG4QB0B4QB5R4QB7G4QBEB
871101,4Q8FR4Q8HG4QAMB4QARR4QATG4QB0B4QB5R4QB7G4QBEB
996531,4Q8FR4Q8HG4QAMB4QARR4QATG4QB0B4QB5R4QB7G4QBEB
871890,4Q8FR4Q8HG4QAMB4QARR4QATG4QB0B4QB5R4QB7G4QBEB
989477,4Q8GG4Q8MR4QALB4QASG4QAYR4QAZB4QB6G4QBCR4QBDB
995198,4Q8GG4Q8MR4QALB4QASG4QAYR4QAZB4QB6G4QBCR4QBDB
799645,4Q8GG4Q8MR4QALB4QASG4QAYR4QAZB4QB6G4QBCR4QBDB
799655,4Q8GG4Q8MR4QALB4QASG4QAYR4QAZB4QB6G4QBCR4QBDB
799653,4Q8GG4Q8MR4QALB4QASG4QAYR4QAZB4QB6G4QBCR4QBDB
995197,4Q8GG4Q8MR4QALB4QASG4QAYR4QAZB4QB6G4QBCR4QBDB
757179,4Q8GG4Q8MR4QALB4QASG4QAYR4QAZB4QB6G4QBCR4QBDB
757183,4Q8GG4Q8MR4QALB4QASG4QAYR4QAZB4QB6G4QBCR4QBDB
757190,4Q8GG4Q8MR4QALB4QASG4QAYR4QAZB4QB6G4QBCR4QBDB
757188,4Q8GG4Q8MR4QALB4QASG4QAYR4QAZB4QB6G4QBCR4QBDB
757184,4Q8GG4Q8MR4QALB4QASG4QAYR4QAZB4QB6G4QBCR4QBDB
799638,4Q8GG4Q8MR4QALB4QASG4QAYR4QAZB4QB6G4QBCR4QBDB
820199,4Q8GG4QALB4QASG4QAZB4QB6G4QBDB4QDHG4QDOB4QDVG
802143,4Q8GG4Q8MR4QALB4QASG4QAYR4QAZB4QB6G4QBCR4QBDB
1000199,4Q8GG4Q8MR4QALB4QASG4QAYR4QAZB4QB6G4QBCR4QBDB
802147,4Q8GG4Q8MR4QALB4QASG4QAYR4QAZB4QB6G4QBCR4QBDB
802150,4Q8GG4Q8MR4QALB4QASG4QAYR4QAZB4QB6G4QBCR4QBDB
756838,4Q8GG4Q8MR4QALB4QASG4QAYR4QAZB4QB6G4QBCR4QBDB
757204,4Q8GG4Q8MR4QALB4QASG4QAYR4QAZB4QB6G4QBCR4QBDB
742753,4Q8GG4Q8MR4QALB4QASG4QAYR4QAZB4QB6G4QBCR4QBDB
757211,4Q8GG4Q8MR4QALB4QASG4QAYR4QAZB4QB6G4QBCR4QBDB
757208,4Q8GG4Q8MR4QALB4QASG4QAYR4QAZB4QB6G4QBCR4QBDB
757191,4Q8GG4Q8MR4QALB4QASG4QAYR4QAZB4QB6G4QBCR4QBDB
801588,4Q8GG4QALB4QASG4QAZB4QB6G4QBDB4QDHG4QDOB4QDVG
757194,4Q8GG4Q8MR4QALB4QASG4QAYR4QAZB4QB6G4QBCR4QBDB
757198,4Q8GG4Q8MR4QALB4QASG4QAYR4QAZB4QB6G4QBCR4QBDB
757200,4Q8GG4Q8MR4QALB4QASG4QAYR4QAZB4QB6G4QBCR4QBDB
804316,4Q8GG4Q8MR4QALB4QASG4QAYR4QAZB4QB6G4QBCR4QBDB
797836,4Q8GG4Q8MR4QALB4QASG4QAYR4QAZB4QB6G4QBCR4QBDB
742794,4Q8GG4Q8MR4QALB4QASG4QAYR4QAZB4QB6G4QBCR4QBDB
1012643,4Q8GG4Q8MR4QALB4QASG4QAYR4QAZB4QB6G4QBCR4QBDB
797840,4Q8GG4Q8MR4QALB4QASG4QAYR4QAZB4QB6G4QBCR4QBDB
820194,4Q8GG4Q8MR4QALB4QASG4QAYR4QAZB4QB6G4QBCR4QBDB
804307,4Q8GG4Q8MR4QALB4QASG4QAYR4QAZB4QB6G4QBCR4QBDB
757215,4Q8GG4Q8MR4QALB4QASG4QAYR4QAZB4QB6G4QBCR4QBDB
820201,4Q8GG4QALB4QASG4QAZB4QB6G4QBDB4QDHG4QDOB4QDVG
801218,4Q8GG4Q8MR4QALB4QASG4QAYR4QAZB4QB6G4QBCR4QBDB
820192,4Q8GG4Q8MR4QALB4QASG4QAYR4QAZB4QB6G4QBCR4QBDB
801208,4Q8GG4Q8MR4QALB4QASG4QAYR4QAZB4QB6G4QBCR4QBDB
820190,4Q8GG4Q8MR4QALB4QASG4QAYR4QAZB4QB6G4QBCR4QBDB
742795,4Q8FG4Q8MB4Q8MR4QARG4QAYB4QAYR4QB5G4QBCB4QBCR
799188,4Q8GG4Q8MR4QALB4QASG4QAYR4QAZB4QB6G4QBCR4QBDB
799183,4Q8GG4Q8MR4QALB4QASG4QAYR4QAZB4QB6G4QBCR4QBDB
757217,4Q8GG4Q8MR4QALB4QASG4QAYR4QAZB4QB6G4QBCR4QBDB
1032862,4Q8GG4QALB4QASG4QAZB4QB6G4QBDB4QDHG4QDOB4QDVG
799194,4Q8GG4Q8MR4QALB4QASG4QAYR4QAZB4QB6G4QBCR4QBDB
802963,4Q8GG4QALB4QASG4QAZB4QB6G4QBDB4QDHG4QDOB4QDVG
1012628,4Q8GG4Q8MR4QALB4QASG4QAYR4QAZB4QB6G4QBCR4QBDB
802962,4Q8GG4Q8MR4QALB4QASG4QAYR4QAZB4QB6G4QBCR4QBDB
799202,4Q8GG4Q8MR4QALB4QASG4QAYR4QAZB4QB6G4QBCR4QBDB
757219,4Q8GG4Q8MR4QALB4QASG4QAYR4QAZB4QB6G4QBCR4QBDB
801236,4Q8GG4QALB4QASG4QAZB4QB6G4QBDB4QDHG4QDOB4QDVG
742766,4Q8GG4Q8MR4QALB4QASG4QAYR4QAZB4QB6G4QBCR4QBDB
758871,4Q8GG4Q8MR4QALB4QASG4QAYR4QAZB4QB6G4QBCR4QBDB
758876,4Q8GG4Q8MR4QALB4QASG4QAYR4QAZB4QB6G4QBCR4QBDB
758862,4Q8GG4Q8MR4QALB4QASG4QAYR4QAZB4QB6G4QBCR4QBDB
995189,4Q8GG4Q8MR4QALB4QASG4QAYR4QAZB4QB6G4QBCR4QBDB
757221,4Q8GG4Q8MR4QALB4QASG4QAYR4QAZB4QB6G4QBCR4QBDB
801240,4Q8GG4QALB4QASG4QAZB4QB6G4QBDB4QDHG4QDOB4QDVG
799201,4Q8GG4Q8MR4QALB4QASG4QAYR4QAZB4QB6G4QBCR4QBDB
742808,4Q8GG4Q8MR4QALB4QASG4QAYR4QAZB4QB6G4QBCR4QBDB
802947,4Q8FG4Q8MB4Q8MR4QARG4QAYB4QAYR4QB5G4QBCB4QBCR
802933,4Q8FG4Q8MB4Q8MR4QARG4QAYB4QAYR4QB5G4QBCB4QBCR
802929,4Q8FG4Q8MB4Q8MR4QARG4QAYB4QAYR4QB5G4QBCB4QBCR
799657,4Q8GG4Q8MR4QALB4QASG4QAYR4QAZB4QB6G4QBCR4QBDB
801243,4Q8GG4QALB4QASG4QAZB4QB6G4QBDB4QDHG4QDOB4QDVG
801595,4Q8FG4Q8MB4Q8MR4QARG4QAYB4QAYR4QB5G4QBCB4QBCR
801591,4Q8FG4Q8MB4Q8MR4QARG4QAYB4QAYR4QB5G4QBCB4QBCR
820202,4Q8FG4Q8MB4Q8MR4QARG4QAYB4QAYR4QB5G4QBCB4QBCR
799660,4Q8GG4Q8MR4QALB4QASG4QAYR4QAZB4QB6G4QBCR4QBDB
799976,4Q8GG4Q8MR4QALB4QASG4QAYR4QAZB4QB6G4QBCR4QBDB
1007948,4Q8FG4Q8MB4QARG4QAYB4QB5G4QBCB4QDGG4QDNB4QDUG
791337,4Q8DB4Q8GR4Q8KG4QAPB4QASR4QAWG4QB3B4QB6R4QBAG
791326,4Q8DB4Q8GR4Q8KG4QAPB4QASR4QAWG4QB3B4QB6R4QBAG
1010403,4Q8DB4Q8GR4Q8KG4QAPB4QASR4QAWG4QB3B4QB6R4QBAG
791347,4Q8DB4Q8KG4QAPB4QAWG4QB3B4QBAG4QDEB4QDLG4QDSB
792654,4Q8DB4Q8GR4Q8KG4QAPB4QASR4QAWG4QB3B4QB6R4QBAG
792647,4Q8DB4Q8GR4Q8KG4QAPB4QASR4QAWG4QB3B4QB6R4QBAG
899126,4Q8DB4Q8KG4QAPB4QAWG4QB3B4QBAG4QDEB4QDLG4QDSB
1124405,4Q8DB4Q8KG4QAPB4QAWG4QB3B4QBAG4QDEB4QDLG4QDSB
1004166,4Q8DB4Q8GR4Q8KG4QAPB4QASR4QAWG4QB3B4QB6R4QBAG
834815,4Q8DB4Q8GR4Q8KG4QAPB4QASR4QAWG4QB3B4QB6R4QBAG
740583,4Q8DB4Q8GR4Q8KG4QAPB4QASR4QAWG4QB3B4QB6R4QBAG
834805,4Q8DB4Q8GR4Q8KG4QAPB4QASR4QAWG4QB3B4QB6R4QBAG
834834,4Q8DB4Q8KG4QAPB4QAWG4QB3B4QBAG4QDEB4QDLG4QDSB
834821,4Q8DB4Q8GR4Q8KG4QAPB4QASR4QAWG4QB3B4QB6R4QBAG
836798,4Q8DB4Q8GR4Q8KG4QAPB4QASR4QAWG4QB3B4QB6R4QBAG
836789,4Q8DB4Q8GR4Q8KG4QAPB4QASR4QAWG4QB3B4QB6R4QBAG
740572,4Q8DB4Q8GR4Q8KG4QAPB4QASR4QAWG4QB3B4QB6R4QBAG
834783,4Q8DB4Q8GR4Q8KG4QAPB4QASR4QAWG4QB3B4QB6R4QBAG
834768,4Q8DB4Q8GR4Q8KG4QAPB4QASR4QAWG4QB3B4QB6R4QBAG
780050,4Q8DB4Q8FR4Q8KG4QAPB4QARR4QAWG4QB3B4QB5R4QBAG
836425,4Q8DB4Q8GR4Q8KG4QAPB4QASR4QAWG4QB3B4QB6R4QBAG
780049,4Q8DB4Q8FR4Q8KG4QAPB4QARR4QAWG4QB3B4QB5R4QBAG
831798,4Q8DB4Q8FR4Q8KG4QAPB4QARR4QAWG4QB3B4QB5R4QBAG
796476,4Q8DB4Q8GR4Q8KG4QAPB4QASR4QAWG4QB3B4QB6R4QBAG
833476,4Q8DB4Q8FR4Q8KG4QAPB4QARR4QAWG4QB3B4QB5R4QBAG
777444,4Q8DB4Q8FR4Q8KG4QAPB4QARR4QAWG4QB3B4QB5R4QBAG
833116,4Q8DB4Q8FR4Q8KG4QAPB4QARR4QAWG4QB3B4QB5R4QBAG
739166,4Q8DB4Q8KG4QAPB4QAWG4QB3B4QBAG4QDEB4QDLG4QDSB
796500,4Q8DB4Q8GR4Q8KG4QAPB4QASR4QAWG4QB3B4QB6R4QBAG
792224,4Q8DB4Q8GR4Q8KG4QAPB4QASR4QAWG4QB3B4QB6R4QBAG
739218,4Q8DB4Q8GR4Q8KG4QAPB4QASR4QAWG4QB3B4QB6R4QBAG
796467,4Q8DB4Q8GR4Q8KG4QAPB4QASR4QAWG4QB3B4QB6R4QBAG
792581,4Q8DB4Q8GR4Q8KG4QAPB4QASR4QAWG4QB3B4QB6R4QBAG
871116,4Q8FR4Q8HG4QAMB4QARR4QATG4QB0B4QB5R4QB7G4QBEB
871113,4Q8FR4Q8HG4QAMB4QARR4QATG4QB0B4QB5R4QB7G4QBEB
1014656,4Q8FR4Q8HG4QAMB4QARR4QATG4QB0B4QB5R4QB7G4QBEB
871090,4Q8FR4Q8HG4QAMB4QARR4QATG4QB0B4QB5R4QB7G4QBEB
1038869,4Q8FR4Q8HG4QAMB4QARR4QATG4QB0B4QB5R4QB7G4QBEB
871089,4Q8FR4Q8HG4QAMB4QARR4QATG4QB0B4QB5R4QB7G4QBEB
871086,4Q8FR4Q8HG4QAMB4QARR4QATG4QB0B4QB5R4QB7G4QBEB
996524,4Q8FR4Q8HG4QAMB4QARR4QATG4QB0B4QB5R4QB7G4QBEB
871093,4Q8FR4Q8HG4QAMB4QARR4QATG4QB0B4QB5R4QB7G4QBEB
1038870,4Q8FR4Q8HG4QAMB4QARR4QATG4QB0B4QB5R4QB7G4QBEB
871118,4Q8FR4Q8HG4QAMB4QARR4QATG4QB0B4QB5R4QB7G4QBEB
1112741,4Q8DR4Q8HG4QAMB4QAPR4QATG4QB0B4QB3R4QB7G4QBEB
1112742,4Q8DR4Q8HG4QAMB4QAPR4QATG4QB0B4QB3R4QB7G4QBEB
1112743,4Q8DR4Q8HG4QAMB4QAPR4QATG4QB0B4QB3R4QB7G4QBEB
1112744,4Q8DR4Q8HG4QAMB4QAPR4QATG4QB0B4QB3R4QB7G4QBEB
1112745,4Q8DR4Q8HG4QAMB4QAPR4QATG4QB0B4QB3R4QB7G4QBEB
1112746,4Q8DR4Q8HG4QAMB4QAPR4QATG4QB0B4QB3R4QB7G4QBEB
1112747,4Q8DR4Q8HG4QAMB4QAPR4QATG4QB0B4QB3R4QB7G4QBEB
752982,4Q8CR4Q8EG4Q8LB4QAOR4QAQG4QAXB4QB2R4QB4G4QBBB
747561,4Q8CR4Q8EG4Q8LB4QAOR4QAQG4QAXB4QB2R4QB4G4QBBB
777426,4Q8CR4Q8EG4Q8LB4QAOR4QAQG4QAXB4QB2R4QB4G4QBBB
835471,4Q8CR4Q8EG4Q8LB4QAOR4QAQG4QAXB4QB2R4QB4G4QBBB
1000876,4Q8CR4Q8EG4Q8LB4QAOR4QAQG4QAXB4QB2R4QB4G4QBBB
837139,4Q8CR4Q8EG4Q8LB4QAOR4QAQG4QAXB4QB2R4QB4G4QBBB
879188,4Q8CR4Q8EG4Q8LB4QAOR4QAQG4QAXB4QB2R4QB4G4QBBB
835486,4Q8CR4Q8EG4Q8LB4QAOR4QAQG4QAXB4QB2R4QB4G4QBBB
832054,4Q8LB4QAXB4QBBB4QDMB4QE0B4QGBB
835244,4Q8CR4Q8EG4Q8LB4QAOR4QAQG4QAXB4QB2R4QB4G4QBBB
660806,4Q8CR4Q8EG4Q8LB4QAOR4QAQG4QAXB4QB2R4QB4G4QBBB
877097,4Q8CR4Q8EG4Q8LB4QAOR4QAQG4QAXB4QB2R4QB4G4QBBB
835528,4Q8CR4Q8EG4Q8LB4QAOR4QAQG4QAXB4QB2R4QB4G4QBBB
835496,4Q8CR4Q8EG4Q8LB4QAOR4QAQG4QAXB4QB2R4QB4G4QBBB
835512,4Q8CR4Q8EG4Q8LB4QAOR4QAQG4QAXB4QB2R4QB4G4QBBB
837151,4Q8CR4Q8EG4Q8LB4QAOR4QAQG4QAXB4QB2R4QB4G4QBBB
833373,4Q8CR4Q8EG4Q8LB4QAOR4QAQG4QAXB4QB2R4QB4G4QBBB
832419,4Q8CR4Q8EG4Q8LB4QAOR4QAQG4QAXB4QB2R4QB4G4QBBB
833546,4Q8CR4Q8EG4Q8LB4QAOR4QAQG4QAXB4QB2R4QB4G4QBBB
836781,4Q8EG4Q8LB4QAQG4QAXB4QB4G4QBBB4QDFG4QDMB4QDTG
660827,4Q8CR4Q8EG4Q8LB4QAOR4QAQG4QAXB4QB2R4QB4G4QBBB
877835,4Q8CR4Q8EG4Q8LB4QAOR4QAQG4QAXB4QB2R4QB4G4QBBB
835193,4Q8EG4Q8LB4QAQG4QAXB4QB4G4QBBB4QDFG4QDMB4QDTG
838020,4Q8CR4Q8EG4Q8LB4QAOR4QAQG4QAXB4QB2R4QB4G4QBBB
837176,4Q8EG4Q8LB4QAQG4QAXB4QB4G4QBBB4QDFG4QDMB4QDTG
837169,4Q8CR4Q8EG4Q8LB4QAOR4QAQG4QAXB4QB2R4QB4G4QBBB
660803,4Q8CR4Q8EG4Q8LB4QAOR4QAQG4QAXB4QB2R4QB4G4QBBB
829219,4Q8CR4Q8EG4Q8LB4QAOR4QAQG4QAXB4QB2R4QB4G4QBBB
832017,4Q8CR4Q8EG4Q8LB4QAOR4QAQG4QAXB4QB2R4QB4G4QBBB
660789,4Q8CR4Q8EG4Q8LB4QAOR4QAQG4QAXB4QB2R4QB4G4QBBB
832006,4Q8CR4Q8EG4Q8LB4QAOR4QAQG4QAXB4QB2R4QB4G4QBBB
736318,4Q8CR4Q8EG4Q8LB4QAOR4QAQG4QAXB4QB2R4QB4G4QBBB
832032,4Q8CR4Q8EG4Q8LB4QAOR4QAQG4QAXB4QB2R4QB4G4QBBB
837372,4Q8EG4Q8LB4QAQG4QAXB4QB4G4QBBB4QDFG4QDMB4QDTG
837392,4Q8EG4Q8LB4QAQG4QAXB4QB4G4QBBB4QDFG4QDMB4QDTG
796860,4Q8CR4Q8EG4Q8LB4QAOR4QAQG4QAXB4QB2R4QB4G4QBBB
735317,4Q8EG4Q8LB4QAQG4QAXB4QB4G4QBBB4QDFG4QDMB4QDTG
837659,4Q8CR4Q8EG4Q8LB4QAOR4QAQG4QAXB4QB2R4QB4G4QBBB
837676,4Q8CR4Q8EG4Q8LB4QAOR4QAQG4QAXB4QB2R4QB4G4QBBB
836333,4Q8CR4Q8EG4Q8LB4QAOR4QAQG4QAXB4QB2R4QB4G4QBBB
836322,4Q8CR4Q8EG4Q8LB4QAOR4QAQG4QAXB4QB2R4QB4G4QBBB
778883,4Q8CR4Q8EG4Q8LB4QAOR4QAQG4QAXB4QB2R4QB4G4QBBB
833327,4Q8CR4Q8EG4Q8LB4QAOR4QAQG4QAXB4QB2R4QB4G4QBBB
796898,4Q8CR4Q8EG4Q8LB4QAOR4QAQG4QAXB4QB2R4QB4G4QBBB
779645,4Q8CR4Q8EG4Q8LB4QAOR4QAQG4QAXB4QB2R4QB4G4QBBB
835269,4Q8CR4Q8EG4Q8LB4QAOR4QAQG4QAXB4QB2R4QB4G4QBBB
835253,4Q8CR4Q8EG4Q8LB4QAOR4QAQG4QAXB4QB2R4QB4G4QBBB
832046,4Q8CR4Q8EG4Q8LB4QAOR4QAQG4QAXB4QB2R4QB4G4QBBB
1046284,4Q8CR4Q8EG4Q8LB4QAOR4QAQG4QAXB4QB2R4QB4G4QBBB
796871,4Q8CR4Q8EG4Q8LB4QAOR4QAQG4QAXB4QB2R4QB4G4QBBB
779634,4Q8CR4Q8EG4Q8LB4QAOR4QAQG4QAXB4QB2R4QB4G4QBBB
832052,4Q8CR4Q8EG4Q8LB4QAOR4QAQG4QAXB4QB2R4QB4G4QBBB
835170,4Q8CR4Q8EG4Q8LB4QAOR4QAQG4QAXB4QB2R4QB4G4QBBB
753003,4Q8EB4Q8LG4Q8MR4QAQB4QAXG4QAYR4QB4B4QBBG4QBCR
752995,4Q8EB4Q8LG4Q8MR4QAQB4QAXG4QAYR4QB4B4QBBG4QBCR
796896,4Q8EB4Q8LG4Q8MR4QAQB4QAXG4QAYR4QB4B4QBBG4QBCR
778891,4Q8EB4Q8LG4Q8MR4QAQB4QAXG4QAYR4QB4B4QBBG4QBCR
833308,4Q8EB4Q8LG4Q8MR4QAQB4QAXG4QAYR4QB4B4QBBG4QBCR
779640,4Q8EB4Q8LG4Q8MR4QAQB4QAXG4QAYR4QB4B4QBBG4QBCR
832053,4Q8EB4Q8LG4Q8MR4QAQB4QAXG4QAYR4QB4B4QBBG4QBCR
833085,4Q8EB4Q8LG4Q8MR4QAQB4QAXG4QAYR4QB4B4QBBG4QBCR
833486,4Q8EB4Q8LG4Q8MR4QAQB4QAXG4QAYR4QB4B4QBBG4QBCR
833095,4Q8EB4Q8EB4Q8LG4Q8MR4QAQB4QAQB4QAXG4QAYR4QB4B
833087,4Q8EB4Q8LG4Q8MR4QAQB4QAXG4QAYR4QB4B4QBBG4QBCR
1023927,4Q8EB4Q8LG4Q8MR4QAQB4QAXG4QAYR4QB4B4QBBG4QBCR
1038973,4Q8EB4Q8LG4Q8MR4QAQB4QAXG4QAYR4QB4B4QBBG4QBCR
832407,4Q8EB4Q8LG4Q8MR4QAQB4QAXG4QAYR4QB4B4QBBG4QBCR
838005,4Q8EB4Q8LG4Q8MR4QAQB4QAXG4QAYR4QB4B4QBBG4QBCR
747567,4Q8EB4Q8LG4Q8MR4QAQB4QAXG4QAYR4QB4B4QBBG4QBCR
745784,4Q8HB4QAMG4QATB4QB0G4QB7B4QBEG4QDIB4QDPG4QDWB
1006628,4Q8GR4Q8HB4QAMG4QASR4QATB4QB0G4QB6R4QB7B4QBEG
1020831,4Q8GR4Q8HB4QAMG4QASR4QATB4QB0G4QB6R4QB7B4QBEG
899127,4Q8GR4Q8HB4QAMG4QASR4QATB4QB0G4QB6R4QB7B4QBEG
958787,4Q8GR4Q8HB4QAMG4QASR4QATB4QB0G4QB6R4QB7B4QBEG
899128,4Q8GR4Q8HB4QAMG4QASR4QATB4QB0G4QB6R4QB7B4QBEG
958789,4Q8GR4Q8HB4QAMG4QASR4QATB4QB0G4QB6R4QB7B4QBEG
958793,4Q8HB4QAMG4QATB4QB0G4QB7B4QBEG4QDIB4QDPG4QDWB
871128,4Q8FB4Q8JR4Q8MG4QARB4QAVR4QAYG4QB5B4QB9R4QBCG
1013201,4Q8HG4QAMB4QATG4QB0B4QB7G4QBEB4QDIG4QDPB4QDWG
1038971,4Q8EB4Q8LG4Q8MR4QAQB4QAXG4QAYR4QB4B4QBBG4QBCR
736326,4Q8EB4Q8LG4Q8MR4QAQB4QAXG4QAYR4QB4B4QBBG4QBCR
877175,4Q8EB4Q8LG4Q8MR4QAQB4QAXG4QAYR4QB4B4QBBG4QBCR
877164,4Q8EB4Q8LG4Q8MR4QAQB4QAXG4QAYR4QB4B4QBBG4QBCR
833179,4Q8EB4Q8LG4Q8MR4QAQB4QAXG4QAYR4QB4B4QBBG4QBCR
1038976,4Q8EB4Q8LG4Q8MR4QAQB4QAXG4QAYR4QB4B4QBBG4QBCR
878852,4Q8EG4Q8LB4Q8LR4QAQG4QAXB4QAXR4QB4G4QBBB4QBBR
999666,4Q8EG4Q8LB4Q8LR4QAQG4QAXB4QAXR4QB4G4QBBB4QBBR
1053267,4Q8EG4Q8LB4Q8LR4QAQG4QAXB4QAXR4QB4G4QBBB4QBBR
999667,4Q8EG4Q8LB4Q8LR4QAQG4QAXB4QAXR4QB4G4QBBB4QBBR
1053266,4Q8EG4Q8LB4Q8LR4QAQG4QAXB4QAXR4QB4G4QBBB4QBBR
999668,4Q8EG4Q8LB4QAQG4QAXB4QB4G4QBBB4QDFG4QDMB4QDTG
1053265,4Q8EG4Q8LB4Q8LR4QAQG4QAXB4QAXR4QB4G4QBBB4QBBR
999669,4Q8EG4Q8LB4QAQG4QAXB4QB4G4QBBB4QDFG4QDMB4QDTG
1053264,4Q8EG4Q8LB4Q8LR4QAQG4QAXB4QAXR4QB4G4QBBB4QBBR
999670,4Q8EG4Q8LB4QAQG4QAXB4QB4G4QBBB4QDFG4QDMB4QDTG
1053263,4Q8EG4Q8LB4Q8LR4QAQG4QAXB4QAXR4QB4G4QBBB4QBBR
999671,4Q8EG4Q8LB4QAQG4QAXB4QB4G4QBBB4QDFG4QDMB4QDTG
878835,4Q8EG4Q8LB4Q8LR4QAQG4QAXB4QAXR4QB4G4QBBB4QBBR
878817,4Q8EG4Q8LB4Q8LR4QAQG4QAXB4QAXR4QB4G4QBBB4QBBR
878821,4Q8EG4Q8LB4Q8LR4QAQG4QAXB4QAXR4QB4G4QBBB4QBBR
940594,4Q8EG4Q8LB4Q8LR4QAQG4QAXB4QAXR4QB4G4QBBB4QBBR
878833,4Q8EG4Q8LB4QAQG4QAXB4QB4G4QBBB4QDFG4QDMB4QDTG
878829,4Q8EG4Q8LB4QAQG4QAXB4QB4G4QBBB4QDFG4QDMB4QDTG
878811,4Q8EG4Q8LB4QAQG4QAXB4QB4G4QBBB4QDFG4QDMB4QDTG
878476,4Q8EG4Q8LB4QAQG4QAXB4QB4G4QBBB4QDFG4QDMB4QDTG
962305,4Q8EG4Q8LB4Q8LR4QAQG4QAXB4QAXR4QB4G4QBBB4QBBR
877109,4Q8EG4Q8LB4Q8LR4QAQG4QAXB4QAXR4QB4G4QBBB4QBBR
1037535,4Q8EG4Q8LB4Q8LR4QAQG4QAXB4QAXR4QB4G4QBBB4QBBR
959028,4Q8EG4Q8LB4Q8LR4QAQG4QAXB4QAXR4QB4G4QBBB4QBBR
1008021,4Q8EG4Q8LB4Q8LR4QAQG4QAXB4QAXR4QB4G4QBBB4QBBR
961236,4Q8EG4Q8LB4Q8LR4QAQG4QAXB4QAXR4QB4G4QBBB4QBBR
877150,4Q8EG4Q8LB4Q8LR4QAQG4QAXB4QAXR4QB4G4QBBB4QBBR
877136,4Q8EG4Q8LB4Q8LR4QAQG4QAXB4QAXR4QB4G4QBBB4QBBR
659354,4Q8EG4Q8LB4Q8LR4QAQG4QAXB4QAXR4QB4G4QBBB4QBBR
1043459,4Q8EG4Q8LB4QAQG4QAXB4QB4G4QBBB4QDFG4QDMB4QDTG
659355,4Q8EG4Q8LB4QAQG4QAXB4QB4G4QBBB4QDFG4QDMB4QDTG
951114,4Q8EG4Q8LB4QAQG4QAXB4QB4G4QBBB4QDFG4QDMB4QDTG
940592,4Q8EG4Q8LB4QAQG4QAXB4QB4G4QBBB4QDFG4QDMB4QDTG
940593,4Q8EG4Q8LB4QAQG4QAXB4QB4G4QBBB4QDFG4QDMB4QDTG
878846,4Q8EB4Q8LG4Q8MR4QAQB4QAXG4QAYR4QB4B4QBBG4QBCR
878849,4Q8EB4Q8LG4Q8MR4QAQB4QAXG4QAYR4QB4B4QBBG4QBCR
1040360,4Q8EB4Q8LG4Q8MR4QAQB4QAXG4QAYR4QB4B4QBBG4QBCR
878856,4Q8EB4Q8LG4Q8MR4QAQB4QAXG4QAYR4QB4B4QBBG4QBCR
878853,4Q8EB4Q8LG4Q8MR4QAQB4QAXG4QAYR4QB4B4QBBG4QBCR
877121,4Q8EB4Q8LG4Q8MR4QAQB4QAXG4QAYR4QB4B4QBBG4QBCR
877144,4Q8EB4Q8LG4Q8MR4QAQB4QAXG4QAYR4QB4B4QBBG4QBCR
877137,4Q8EB4Q8LG4Q8MR4QAQB4QAXG4QAYR4QB4B4QBBG4QBCR
877154,4Q8EB4Q8LG4Q8MR4QAQB4QAXG4QAYR4QB4B4QBBG4QBCR
877156,4Q8EB4Q8LG4Q8MR4QAQB4QAXG4QAYR4QB4B4QBBG4QBCR
878809,4Q8EB4Q8LG4Q8MR4QAQB4QAXG4QAYR4QB4B4QBBG4QBCR
878812,4Q8EB4Q8LG4Q8MR4QAQB4QAXG4QAYR4QB4B4QBBG4QBCR
878839,4Q8EB4Q8LG4Q8MR4QAQB4QAXG4QAYR4QB4B4QBBG4QBCR
878866,4Q8EB4Q8LG4Q8MR4QAQB4QAXG4QAYR4QB4B4QBBG4QBCR
878862,4Q8EB4Q8LG4Q8MR4QAQB4QAXG4QAYR4QB4B4QBBG4QBCR
775234,4Q8EB4Q8LG4Q8MR4QAQB4QAXG4QAYR4QB4B4QBBG4QBCR
878877,4Q8EB4Q8LG4Q8MR4QAQB4QAXG4QAYR4QB4B4QBBG4QBCR
1011350,4Q8EB4Q8LG4Q8MR4QAQB4QAXG4QAYR4QB4B4QBBG4QBCR
878864,4Q8EB4Q8LG4Q8MR4QAQB4QAXG4QAYR4QB4B4QBBG4QBCR
877182,4Q8EB4Q8LG4Q8MR4QAQB4QAXG4QAYR4QB4B4QBBG4QBCR
877189,4Q8EB4Q8LG4Q8MR4QAQB4QAXG4QAYR4QB4B4QBBG4QBCR
877191,4Q8EB4Q8LG4Q8MR4QAQB4QAXG4QAYR4QB4B4QBBG4QBCR
995871,4Q8EB4Q8LG4QAQB4QAXG4QB4B4QBBG4QDFB4QDMG4QDTB
877186,4Q8EB4Q8LG4Q8MR4QAQB4QAXG4QAYR4QB4B4QBBG4QBCR
877165,4Q8EB4Q8LG4Q8MR4QAQB4QAXG4QAYR4QB4B4QBBG4QBCR
877167,4Q8EB4Q8LG4Q8MR4QAQB4QAXG4QAYR4QB4B4QBBG4QBCR
877172,4Q8EB4Q8LG4Q8MR4QAQB4QAXG4QAYR4QB4B4QBBG4QBCR
877178,4Q8EB4Q8LG4Q8MR4QAQB4QAXG4QAYR4QB4B4QBBG4QBCR
775171,4Q8EB4Q8LG4Q8MR4QAQB4QAXG4QAYR4QB4B4QBBG4QBCR
789971,4Q8EB4Q8LG4Q8MR4QAQB4QAXG4QAYR4QB4B4QBBG4QBCR
789972,4Q8EB4Q8MR4QAQB4QAYR4QB4B4QBCR4QDFB4QDNR4QDTB
877145,4Q8EB4Q8LG4Q8MR4QAQB4QAXG4QAYR4QB4B4QBBG4QBCR
836344,4Q8EB4Q8LG4Q8MR4QAQB4QAXG4QAYR4QB4B4QBBG4QBCR
836340,4Q8EB4Q8LG4Q8MR4QAQB4QAXG4QAYR4QB4B4QBBG4QBCR
836353,4Q8EB4Q8LG4Q8MR4QAQB4QAXG4QAYR4QB4B4QBBG4QBCR
837636,4Q8EB4Q8LG4Q8MR4QAQB4QAXG4QAYR4QB4B4QBBG4QBCR
837639,4Q8EB4Q8LG4Q8MR4QAQB4QAXG4QAYR4QB4B4QBBG4QBCR
836351,4Q8EB4Q8LG4Q8MR4QAQB4QAXG4QAYR4QB4B4QBBG4QBCR
836328,4Q8EB4Q8LG4Q8MR4QAQB4QAXG4QAYR4QB4B4QBBG4QBCR
836325,4Q8EB4Q8LG4Q8MR4QAQB4QAXG4QAYR4QB4B4QBBG4QBCR
789970,4Q8EB4Q8MR4QAQB4QAYR4QB4B4QBCR4QDFB4QDNR4QDTB
789969,4Q8EB4Q8MR4QAQB4QAYR4QB4B4QBCR4QDFB4QDNR4QDTB
877116,4Q8EB4Q8LG4Q8MR4QAQB4QAXG4QAYR4QB4B4QBBG4QBCR
1003289,4Q8EB4Q8LG4Q8MR4QAQB4QAXG4QAYR4QB4B4QBBG4QBCR
877126,4Q8EB4Q8LG4Q8MR4QAQB4QAXG4QAYR4QB4B4QBBG4QBCR
877130,4Q8EB4Q8LG4Q8MR4QAQB4QAXG4QAYR4QB4B4QBBG4QBCR
877134,4Q8EB4Q8LG4Q8MR4QAQB4QAXG4QAYR4QB4B4QBBG4QBCR
877159,4Q8EB4Q8LG4Q8MR4QAQB4QAXG4QAYR4QB4B4QBBG4QBCR
1003291,4Q8EB4Q8LG4Q8MR4QAQB4QAXG4QAYR4QB4B4QBBG4QBCR
902607,4Q8FB4Q8GR4Q8MG4QARB4QASR4QAYG4QB5B4QB6R4QBCG
980827,4Q8FB4Q8GR4Q8MG4QARB4QASR4QAYG4QB5B4QB6R4QBCG
981150,4Q8FB4Q8GR4Q8MG4QARB4QASR4QAYG4QB5B4QB6R4QBCG
980823,4Q8FB4Q8GR4Q8MG4QARB4QASR4QAYG4QB5B4QB6R4QBCG
980807,4Q8FB4Q8GR4Q8MG4QARB4QASR4QAYG4QB5B4QB6R4QBCG
980809,4Q8FB4Q8GR4Q8MG4QARB4QASR4QAYG4QB5B4QB6R4QBCG
977369,4Q8FB4Q8GR4Q8MG4QARB4QASR4QAYG4QB5B4QB6R4QBCG
905209,4Q8FB4Q8GR4Q8MG4QARB4QASR4QAYG4QB5B4QB6R4QBCG
977374,4Q8FB4Q8GR4Q8MG4QARB4QASR4QAYG4QB5B4QB6R4QBCG
977375,4Q8FB4Q8GR4Q8MG4QARB4QASR4QAYG4QB5B4QB6R4QBCG
977378,4Q8FB4Q8GR4Q8MG4QARB4QASR4QAYG4QB5B4QB6R4QBCG
980736,4Q8FB4Q8GR4Q8MG4QARB4QASR4QAYG4QB5B4QB6R4QBCG
980821,4Q8FB4Q8GR4Q8MG4QARB4QASR4QAYG4QB5B4QB6R4QBCG
743659,4Q8FB4Q8GR4Q8MG4QARB4QASR4QAYG4QB5B4QB6R4QBCG
980824,4Q8FB4Q8GR4Q8MG4QARB4QASR4QAYG4QB5B4QB6R4QBCG
761542,4Q8FB4Q8GR4Q8MG4QARB4QASR4QAYG4QB5B4QB6R4QBCG
783314,4Q8FB4Q8GR4Q8MG4QARB4QASR4QAYG4QB5B4QB6R4QBCG
761539,4Q8FB4Q8GR4Q8MG4QARB4QASR4QAYG4QB5B4QB6R4QBCG
761548,4Q8FB4Q8GR4Q8MG4QARB4QASR4QAYG4QB5B4QB6R4QBCG
760229,4Q8FB4Q8GR4Q8MG4QARB4QASR4QAYG4QB5B4QB6R4QBCG
1015637,4Q8FB4Q8FB4Q8GR4Q8MG4QARB4QARB4QASR4QAYG4QB5B
766746,4Q8FB4Q8MG4QARB4QAYG4QB5B4QBCG4QDGB4QDNG4QDUB
822193,4Q8FB4Q8GR4Q8MG4QARB4QASR4QAYG4QB5B4QB6R4QBCG
766743,4Q8FB4Q8GR4Q8MG4QARB4QASR4QAYG4QB5B4QB6R4QBCG
766736,4Q8FB4Q8GR4Q8MG4QARB4QASR4QAYG4QB5B4QB6R4QBCG
766733,4Q8FB4Q8GR4Q8MG4QARB4QASR4QAYG4QB5B4QB6R4QBCG
822194,4Q8FB4Q8GR4Q8MG4QARB4QASR4QAYG4QB5B4QB6R4QBCG
766732,4Q8FB4Q8GR4Q8MG4QARB4QASR4QAYG4QB5B4QB6R4QBCG
766737,4Q8FB4Q8GR4Q8MG4QARB4QASR4QAYG4QB5B4QB6R4QBCG
761547,4Q8FB4Q8MG4QARB4QAYG4QB5B4QBCG4QDGB4QDNG4QDUB
761545,4Q8FB4Q8MG4QARB4QAYG4QB5B4QBCG4QDGB4QDNG4QDUB
741495,4Q8EB4Q8LG4Q8MR4QAQB4QAXG4QAYR4QB4B4QBBG4QBCR
754521,4Q8EB4Q8LG4Q8MR4QAQB4QAXG4QAYR4QB4B4QBBG4QBCR
754533,4Q8EB4Q8LG4Q8MR4QAQB4QAXG4QAYR4QB4B4QBBG4QBCR
754539,4Q8EB4Q8LG4QAQB4QAXG4QB4B4QBBG4QDFB4QDMG4QDTB
820017,4Q8EB4Q8LG4Q8MR4QAQB4QAXG4QAYR4QB4B4QBBG4QBCR
754532,4Q8EB4Q8LG4Q8MR4QAQB4QAXG4QAYR4QB4B4QBBG4QBCR
754529,4Q8EB4Q8LG4Q8MR4QAQB4QAXG4QAYR4QB4B4QBBG4QBCR
830199,4Q8EB4Q8LG4Q8MR4QAQB4QAXG4QAYR4QB4B4QBBG4QBCR
758939,4Q8EB4Q8LG4Q8MR4QAQB4QAXG4QAYR4QB4B4QBBG4QBCR
820020,4Q8EB4Q8LG4QAQB4QAXG4QB4B4QBBG4QDFB4QDMG4QDTB
782486,4Q8EB4Q8LG4Q8MR4QAQB4QAXG4QAYR4QB4B4QBBG4QBCR
754870,4Q8EB4Q8LG4Q8MR4QAQB4QAXG4QAYR4QB4B4QBBG4QBCR
824450,4Q8EB4Q8LG4Q8MR4QAQB4QAXG4QAYR4QB4B4QBBG4QBCR
802138,4Q8EB4Q8LG4Q8MR4QAQB4QAXG4QAYR4QB4B4QBBG4QBCR
801805,4Q8EB4Q8LG4Q8MR4QAQB4QAXG4QAYR4QB4B4QBBG4QBCR
1000198,4Q8EB4Q8LG4Q8MR4QAQB4QAXG4QAYR4QB4B4QBBG4QBCR
802140,4Q8EB4Q8LG4Q8MR4QAQB4QAXG4QAYR4QB4B4QBBG4QBCR
1025492,4Q8EB4Q8LG4Q8MR4QAQB4QAXG4QAYR4QB4B4QBBG4QBCR
