666049,4XK1G4XK8B4XKFG4XMJB4XMQG4XMXB4XN4G4XPBB4XPIG
666047,4XK1G4XK8B4XKFG4XMJB4XMQG4XMXB4XN4G4XPBB4XPIG
666046,4XK1G4XK8B4XKFG4XMJB4XMQG4XMXB4XN4G4XPBB4XPIG
666053,4XK1G4XK8B4XKFG4XMJB4XMQG4XMXB4XN4G4XPBB4XPIG
666071,4XK1G4XK8B4XKFG4XMJB4XMQG4XMXB4XN4G4XPBB4XPIG
666057,4XK1G4XK8B4XKFG4XMJB4XMQG4XMXB4XN4G4XPBB4XPIG
666056,4XK1G4XK8B4XKFG4XMJB4XMQG4XMXB4XN4G4XPBB4XPIG
666070,4XK1G4XK8B4XKFG4XMJB4XMQG4XMXB4XN4G4XPBB4XPIG
666055,4XK1G4XK8B4XKFG4XMJB4XMQG4XMXB4XN4G4XPBB4XPIG
666054,4XK1G4XK8B4XKFG4XMJB4XMQG4XMXB4XN4G4XPBB4XPIG
666052,4XK1G4XK8B4XKFG4XMJB4XMQG4XMXB4XN4G4XPBB4XPIG
666059,4XK1G4XK8B4XKFG4XMJB4XMQG4XMXB4XN4G4XPBB4XPIG
666050,4XK1G4XK8B4XKFG4XMJB4XMQG4XMXB4XN4G4XPBB4XPIG
622884,4XK1B4XK8G4XKFB4XMJG4XMQB4XMXG4XN4B4XPBG4XPIB
622875,4XK1B4XK8G4XKFB4XMJG4XMQB4XMXG4XN4B4XPBG4XPIB
622876,4XK1B4XK8G4XKFB4XMJG4XMQB4XMXG4XN4B4XPBG4XPIB
622877,4XK1B4XK8G4XKFB4XMJG4XMQB4XMXG4XN4B4XPBG4XPIB
622878,4XK1B4XK8G4XKFB4XMJG4XMQB4XMXG4XN4B4XPBG4XPIB
622879,4XK1B4XK8G4XKFB4XMJG4XMQB4XMXG4XN4B4XPBG4XPIB
622880,4XK1B4XK8G4XKFB4XMJG4XMQB4XMXG4XN4B4XPBG4XPIB
622881,4XK1B4XK8G4XKFB4XMJG4XMQB4XMXG4XN4B4XPBG4XPIB
622882,4XK1B4XK8G4XKFB4XMJG4XMQB4XMXG4XN4B4XPBG4XPIB
622883,4XK1B4XK8G4XKFB4XMJG4XMQB4XMXG4XN4B4XPBG4XPIB
725334,4XK1G4XK8B4XKFG4XMJB4XMQG4XMXB4XN4G4XPBB4XPIG
725336,4XK1G4XK8B4XKFG4XMJB4XMQG4XMXB4XN4G4XPBB4XPIG
725346,4XK1G4XK8B4XKFG4XMJB4XMQG4XMXB4XN4G4XPBB4XPIG
725338,4XK1G4XK8B4XKFG4XMJB4XMQG4XMXB4XN4G4XPBB4XPIG
725340,4XK1G4XK8B4XKFG4XMJB4XMQG4XMXB4XN4G4XPBB4XPIG
781800,4XK1G4XK8B4XKFG4XMJB4XMQG4XMXB4XN4G4XPBB4XPIG
663780,4XK1G4XK8B4XKFG4XMJB4XMQG4XMXB4XN4G4XPBB4XPIG
725342,4XK1G4XK8B4XKFG4XMJB4XMQG4XMXB4XN4G4XPBB4XPIG
725344,4XK1G4XK8B4XKFG4XMJB4XMQG4XMXB4XN4G4XPBB4XPIG
725345,4XK1G4XK8B4XKFG4XMJB4XMQG4XMXB4XN4G4XPBB4XPIG
723739,4XK1G4XK8B4XKFG4XMJB4XMQG4XMXB4XN4G4XPBB4XPIG
725387,4XK1G4XK8B4XKFG4XMJB4XMQG4XMXB4XN4G4XPBB4XPIG
725365,4XK1G4XK8B4XKFG4XMJB4XMQG4XMXB4XN4G4XPBB4XPIG
762972,4XK1G4XK8B4XKFG4XMJB4XMQG4XMXB4XN4G4XPBB4XPIG
1003492,4XK1G4XK8B4XKFG4XMJB4XMQG4XMXB4XN4G4XPBB4XPIG
723711,4XK1G4XK8B4XKFG4XMJB4XMQG4XMXB4XN4G4XPBB4XPIG
908648,4XK1G4XK8B4XKFG4XMJB4XMQG4XMXB4XN4G4XPBB4XPIG
723712,4XK1G4XK8B4XKFG4XMJB4XMQG4XMXB4XN4G4XPBB4XPIG
723714,4XK1G4XK8B4XKFG4XMJB4XMQG4XMXB4XN4G4XPBB4XPIG
723715,4XK1G4XK8B4XKFG4XMJB4XMQG4XMXB4XN4G4XPBB4XPIG
723716,4XK1G4XK8B4XKFG4XMJB4XMQG4XMXB4XN4G4XPBB4XPIG
723717,4XK1G4XK8B4XKFG4XMJB4XMQG4XMXB4XN4G4XPBB4XPIG
723718,4XK1G4XK8B4XKFG4XMJB4XMQG4XMXB4XN4G4XPBB4XPIG
725337,4XK1G4XK8B4XKFG4XMJB4XMQG4XMXB4XN4G4XPBB4XPIG
786828,4XK1G4XK8B4XKFG4XMJB4XMQG4XMXB4XN4G4XPBB4XPIG
723719,4XK1G4XK8B4XKFG4XMJB4XMQG4XMXB4XN4G4XPBB4XPIG
859161,4XK1G4XK8B4XKFG4XMJB4XMQG4XMXB4XN4G4XPBB4XPIG
723713,4XK1G4XK8B4XKFG4XMJB4XMQG4XMXB4XN4G4XPBB4XPIG
725332,4XK1G4XK8B4XKFG4XMJB4XMQG4XMXB4XN4G4XPBB4XPIG
725333,4XK1G4XK8B4XKFG4XMJB4XMQG4XMXB4XN4G4XPBB4XPIG
968764,4XK1G4XK8B4XKFG4XMJB4XMQG4XMXB4XN4G4XPBB4XPIG
919740,4XK1G4XK8B4XKFG4XMJB4XMQG4XMXB4XN4G4XPBB4XPIG
723965,4XK1B4XK8G4XKFB4XMJG4XMQB4XMXG4XN4B4XPBG4XPIB
723967,4XK1B4XK8G4XKFB4XMJG4XMQB4XMXG4XN4B4XPBG4XPIB
723978,4XK1B4XK8G4XKFB4XMJG4XMQB4XMXG4XN4B4XPBG4XPIB
723959,4XK1B4XK8G4XKFB4XMJG4XMQB4XMXG4XN4B4XPBG4XPIB
624067,4XK1B4XK8G4XKFB4XMJG4XMQB4XMXG4XN4B4XPBG4XPIB
1015149,4XK1B4XK8G4XKFB4XMJG4XMQB4XMXG4XN4B4XPBG4XPIB
723994,4XK1B4XK8G4XKFB4XMJG4XMQB4XMXG4XN4B4XPBG4XPIB
723995,4XK1B4XK8G4XKFB4XMJG4XMQB4XMXG4XN4B4XPBG4XPIB
1040590,4XK1B4XK8G4XKFB4XMJG4XMQB4XMXG4XN4B4XPBG4XPIB
723989,4XK1B4XK8G4XKFB4XMJG4XMQB4XMXG4XN4B4XPBG4XPIB
723960,4XK1B4XK8G4XKFB4XMJG4XMQB4XMXG4XN4B4XPBG4XPIB
723962,4XK1B4XK8G4XKFB4XMJG4XMQB4XMXG4XN4B4XPBG4XPIB
723964,4XK1B4XK8G4XKFB4XMJG4XMQB4XMXG4XN4B4XPBG4XPIB
1002586,4XK1G4XK8B4XKFG4XMJB4XMQG4XMXB4XN4G4XPBB4XPIG
666068,4XK1G4XK8B4XKFG4XMJB4XMQG4XMXB4XN4G4XPBB4XPIG
666065,4XK1G4XK8B4XKFG4XMJB4XMQG4XMXB4XN4G4XPBB4XPIG
666063,4XK1G4XK8B4XKFG4XMJB4XMQG4XMXB4XN4G4XPBB4XPIG
666098,4XK1B4XK8G4XKFB4XMJG4XMQB4XMXG4XN4B4XPBG4XPIB
666094,4XK1B4XK8G4XKFB4XMJG4XMQB4XMXG4XN4B4XPBG4XPIB
709573,4XK1B4XK8G4XKFB4XMJG4XMQB4XMXG4XN4B4XPBG4XPIB
709579,4XK1B4XK8G4XKFB4XMJG4XMQB4XMXG4XN4B4XPBG4XPIB
666082,4XK1B4XK8G4XKFB4XMJG4XMQB4XMXG4XN4B4XPBG4XPIB
666081,4XK1B4XK8G4XKFB4XMJG4XMQB4XMXG4XN4B4XPBG4XPIB
666079,4XK1B4XK8G4XKFB4XMJG4XMQB4XMXG4XN4B4XPBG4XPIB
735702,4XK1B4XK8G4XKFB4XMJG4XMQB4XMXG4XN4B4XPBG4XPIB
1047946,4XK1B4XK8G4XKFB4XMJG4XMQB4XMXG4XN4B4XPBG4XPIB
1019953,4XK1G4XK8B4XKFG4XMJB4XMQG4XMXB4XN4G4XPBB4XPIG
853792,4XK1G4XK8B4XKFG4XMJB4XMQG4XMXB4XN4G4XPBB4XPIG
1138385,4XK1B4XK8G4XKFB4XMJG4XMQB4XMXG4XN4B4XPBG4XPIB
1138386,4XK1B4XK8G4XKFB4XMJG4XMQB4XMXG4XN4B4XPBG4XPIB
1138387,4XK1B4XK8G4XKFB4XMJG4XMQB4XMXG4XN4B4XPBG4XPIB
1138389,4XK1B4XK8G4XKFB4XMJG4XMQB4XMXG4XN4B4XPBG4XPIB
1138388,4XK1B4XK8G4XKFB4XMJG4XMQB4XMXG4XN4B4XPBG4XPIB
1138391,4XK1B4XK8G4XKFB4XMJG4XMQB4XMXG4XN4B4XPBG4XPIB
1138390,4XK1B4XK8G4XKFB4XMJG4XMQB4XMXG4XN4B4XPBG4XPIB
739447,4XK1G4XK8B4XKFG4XMJB4XMQG4XMXB4XN4G4XPBB4XPIG
1030819,4XK1G4XK8B4XKFG4XMJB4XMQG4XMXB4XN4G4XPBB4XPIG
830501,4XK1B4XK8G4XKFB4XMJG4XMQB4XMXG4XN4B4XPBG4XPIB
786897,4XK1B4XK8G4XKFB4XMJG4XMQB4XMXG4XN4B4XPBG4XPIB
1016974,4XK1B4XK8B4XKFB4XMIG4XMJB4XMQB4XMXB4XN4B4XPAG
1016975,4XK1G4XK8B4XKFG4XMJB4XMQG4XMXB4XN4G4XPBB4XPIG
723968,4XK1B4XK8G4XKFB4XMJG4XMQB4XMXG4XN4B4XPBG4XPIB
723971,4XK1B4XK8G4XKFB4XMJG4XMQB4XMXG4XN4B4XPBG4XPIB
723973,4XK1B4XK8G4XKFB4XMJG4XMQB4XMXG4XN4B4XPBG4XPIB
723974,4XK1B4XK8G4XKFB4XMJG4XMQB4XMXG4XN4B4XPBG4XPIB
723976,4XK1B4XK8G4XKFB4XMJG4XMQB4XMXG4XN4B4XPBG4XPIB
1045074,4XK1B4XK8G4XKFB4XMJG4XMQB4XMXG4XN4B4XPBG4XPIB
846424,4XK1B4XK8G4XKFB4XMJG4XMQB4XMXG4XN4B4XPBG4XPIB
903064,4XK1B4XK8G4XKFB4XMJG4XMQB4XMXG4XN4B4XPBG4XPIB
849421,4XK1B4XK8G4XKFB4XMJG4XMQB4XMXG4XN4B4XPBG4XPIB
846773,4XK1B4XK8G4XKFB4XMJG4XMQB4XMXG4XN4B4XPBG4XPIB
1045075,4XK1B4XK8G4XKFB4XMJG4XMQB4XMXG4XN4B4XPBG4XPIB
846771,4XK1B4XK8G4XKFB4XMJG4XMQB4XMXG4XN4B4XPBG4XPIB
846438,4XK1B4XK8G4XKFB4XMJG4XMQB4XMXG4XN4B4XPBG4XPIB
849422,4XK1B4XK8G4XKFB4XMJG4XMQB4XMXG4XN4B4XPBG4XPIB
904740,4XK1B4XK8G4XKFB4XMJG4XMQB4XMXG4XN4B4XPBG4XPIB
825189,4XK1B4XK8G4XKFB4XMJG4XMQB4XMXG4XN4B4XPBG4XPIB
846765,4XK1B4XK8G4XKFB4XMJG4XMQB4XMXG4XN4B4XPBG4XPIB
846440,4XK1B4XK8G4XKFB4XMJG4XMQB4XMXG4XN4B4XPBG4XPIB
903066,4XK1B4XK8G4XKFB4XMJG4XMQB4XMXG4XN4B4XPBG4XPIB
1045078,4XK1B4XK8G4XKFB4XMJG4XMQB4XMXG4XN4B4XPBG4XPIB
850654,4XK1B4XK8G4XKFB4XMJG4XMQB4XMXG4XN4B4XPBG4XPIB
850652,4XK1B4XK8G4XKFB4XMJG4XMQB4XMXG4XN4B4XPBG4XPIB
850650,4XK1B4XK8G4XKFB4XMJG4XMQB4XMXG4XN4B4XPBG4XPIB
850648,4XK1B4XK8G4XKFB4XMJG4XMQB4XMXG4XN4B4XPBG4XPIB
850647,4XK1B4XK8G4XKFB4XMJG4XMQB4XMXG4XN4B4XPBG4XPIB
849431,4XK1B4XK8G4XKFB4XMJG4XMQB4XMXG4XN4B4XPBG4XPIB
850644,4XK1B4XK8G4XKFB4XMJG4XMQB4XMXG4XN4B4XPBG4XPIB
850642,4XK1B4XK8G4XKFB4XMJG4XMQB4XMXG4XN4B4XPBG4XPIB
850640,4XK1B4XK8G4XKFB4XMJG4XMQB4XMXG4XN4B4XPBG4XPIB
851007,4XK1B4XK8G4XKFB4XMJG4XMQB4XMXG4XN4B4XPBG4XPIB
851005,4XK1B4XK8G4XKFB4XMJG4XMQB4XMXG4XN4B4XPBG4XPIB
851003,4XK1B4XK8G4XKFB4XMJG4XMQB4XMXG4XN4B4XPBG4XPIB
851002,4XK1B4XK8G4XKFB4XMJG4XMQB4XMXG4XN4B4XPBG4XPIB
901742,4XK1B4XK8G4XKFB4XMJG4XMQB4XMXG4XN4B4XPBG4XPIB
851000,4XK1B4XK8G4XKFB4XMJG4XMQB4XMXG4XN4B4XPBG4XPIB
850999,4XK1B4XK8G4XKFB4XMJG4XMQB4XMXG4XN4B4XPBG4XPIB
846436,4XK1B4XK8G4XKFB4XMJG4XMQB4XMXG4XN4B4XPBG4XPIB
850659,4XK1B4XK8G4XKFB4XMJG4XMQB4XMXG4XN4B4XPBG4XPIB
846435,4XK1B4XK8G4XKFB4XMJG4XMQB4XMXG4XN4B4XPBG4XPIB
846433,4XK1B4XK8G4XKFB4XMJG4XMQB4XMXG4XN4B4XPBG4XPIB
846432,4XK1B4XK8G4XKFB4XMJG4XMQB4XMXG4XN4B4XPBG4XPIB
846423,4XK1B4XK8G4XKFB4XMJG4XMQB4XMXG4XN4B4XPBG4XPIB
846429,4XK1B4XK8G4XKFB4XMJG4XMQB4XMXG4XN4B4XPBG4XPIB
846427,4XK1B4XK8G4XKFB4XMJG4XMQB4XMXG4XN4B4XPBG4XPIB
1022994,4XK1B4XK8G4XKFB4XMJG4XMQB4XMXG4XN4B4XPBG4XPIB
849453,4XK1B4XK8G4XKFB4XMJG4XMQB4XMXG4XN4B4XPBG4XPIB
850605,4XK1B4XK8G4XKFB4XMJG4XMQB4XMXG4XN4B4XPBG4XPIB
850603,4XK1B4XK8G4XKFB4XMJG4XMQB4XMXG4XN4B4XPBG4XPIB
850601,4XK1B4XK8G4XKFB4XMJG4XMQB4XMXG4XN4B4XPBG4XPIB
831313,4XK1B4XK8G4XKFB4XMJG4XMQB4XMXG4XN4B4XPBG4XPIB
850626,4XK1B4XK8G4XKFB4XMJG4XMQB4XMXG4XN4B4XPBG4XPIB
850608,4XK1B4XK8G4XKFB4XMJG4XMQB4XMXG4XN4B4XPBG4XPIB
850634,4XK1B4XK8G4XKFB4XMJG4XMQB4XMXG4XN4B4XPBG4XPIB
1045069,4XK1B4XK8G4XKFB4XMJG4XMQB4XMXG4XN4B4XPBG4XPIB
1022995,4XK1B4XK8G4XKFB4XMJG4XMQB4XMXG4XN4B4XPBG4XPIB
850631,4XK1B4XK8G4XKFB4XMJG4XMQB4XMXG4XN4B4XPBG4XPIB
850617,4XK1B4XK8G4XKFB4XMJG4XMQB4XMXG4XN4B4XPBG4XPIB
850637,4XK1B4XK8G4XKFB4XMJG4XMQB4XMXG4XN4B4XPBG4XPIB
850625,4XK1B4XK8G4XKFB4XMJG4XMQB4XMXG4XN4B4XPBG4XPIB
850622,4XK1B4XK8G4XKFB4XMJG4XMQB4XMXG4XN4B4XPBG4XPIB
850620,4XK1B4XK8G4XKFB4XMJG4XMQB4XMXG4XN4B4XPBG4XPIB
850619,4XK1B4XK8G4XKFB4XMJG4XMQB4XMXG4XN4B4XPBG4XPIB
892238,4XK1B4XK8G4XKFB4XMJG4XMQB4XMXG4XN4B4XPBG4XPIB
891827,4XK1B4XK8G4XKFB4XMJG4XMQB4XMXG4XN4B4XPBG4XPIB
1045068,4XK1B4XK8G4XKFB4XMJG4XMQB4XMXG4XN4B4XPBG4XPIB
891825,4XK1B4XK8G4XKFB4XMJG4XMQB4XMXG4XN4B4XPBG4XPIB
891822,4XK1B4XK8G4XKFB4XMJG4XMQB4XMXG4XN4B4XPBG4XPIB
1049361,4XK1B4XK8G4XKFB4XMJG4XMQB4XMXG4XN4B4XPBG4XPIB
891808,4XK1B4XK8G4XKFB4XMJG4XMQB4XMXG4XN4B4XPBG4XPIB
891817,4XK1B4XK8G4XKFB4XMJG4XMQB4XMXG4XN4B4XPBG4XPIB
891815,4XK1B4XK8G4XKFB4XMJG4XMQB4XMXG4XN4B4XPBG4XPIB
891813,4XK1B4XK8G4XKFB4XMJG4XMQB4XMXG4XN4B4XPBG4XPIB
891810,4XK1B4XK8G4XKFB4XMJG4XMQB4XMXG4XN4B4XPBG4XPIB
891839,4XK1B4XK8G4XKFB4XMJG4XMQB4XMXG4XN4B4XPBG4XPIB
891819,4XK1B4XK8G4XKFB4XMJG4XMQB4XMXG4XN4B4XPBG4XPIB
850646,4XK1B4XK8G4XKFB4XMJG4XMQB4XMXG4XN4B4XPBG4XPIB
1000264,4XK1B4XK8G4XKFB4XMJG4XMQB4XMXG4XN4B4XPBG4XPIB
1049362,4XK1B4XK8G4XKFB4XMJG4XMQB4XMXG4XN4B4XPBG4XPIB
891844,4XK1B4XK8G4XKFB4XMJG4XMQB4XMXG4XN4B4XPBG4XPIB
891830,4XK1B4XK8G4XKFB4XMJG4XMQB4XMXG4XN4B4XPBG4XPIB
1045070,4XK1B4XK8G4XKFB4XMJG4XMQB4XMXG4XN4B4XPBG4XPIB
850614,4XK1B4XK8G4XKFB4XMJG4XMQB4XMXG4XN4B4XPBG4XPIB
1045067,4XK1B4XK8G4XKFB4XMJG4XMQB4XMXG4XN4B4XPBG4XPIB
850613,4XK1B4XK8G4XKFB4XMJG4XMQB4XMXG4XN4B4XPBG4XPIB
850612,4XK1B4XK8G4XKFB4XMJG4XMQB4XMXG4XN4B4XPBG4XPIB
831314,4XK1B4XK8G4XKFB4XMJG4XMQB4XMXG4XN4B4XPBG4XPIB
850611,4XK1B4XK8G4XKFB4XMJG4XMQB4XMXG4XN4B4XPBG4XPIB
645536,4XK1B4XK8G4XKFB4XMJG4XMQB4XMXG4XN4B4XPBG4XPIB
642661,4XK1B4XK8G4XKFB4XMJG4XMQB4XMXG4XN4B4XPBG4XPIB
642909,4XK1B4XK8G4XKFB4XMJG4XMQB4XMXG4XN4B4XPBG4XPIB
645554,4XK1B4XK8G4XKFB4XMJG4XMQB4XMXG4XN4B4XPBG4XPIB
642660,4XK1B4XK8G4XKFB4XMJG4XMQB4XMXG4XN4B4XPBG4XPIB
645562,4XK1B4XK8G4XKFB4XMJG4XMQB4XMXG4XN4B4XPBG4XPIB
642668,4XK1B4XK8G4XKFB4XMJG4XMQB4XMXG4XN4B4XPBG4XPIB
862449,4XK1B4XK8G4XKFB4XMJG4XMQB4XMXG4XN4B4XPBG4XPIB
642655,4XK1B4XK8G4XKFB4XMJG4XMQB4XMXG4XN4B4XPBG4XPIB
644207,4XK1B4XK8G4XKFB4XMJG4XMQB4XMXG4XN4B4XPBG4XPIB
829047,4XK1B4XK8G4XKFB4XMJG4XMQB4XMXG4XN4B4XPBG4XPIB
821351,4XK1B4XK8G4XKFB4XMJG4XMQB4XMXG4XN4B4XPBG4XPIB
641357,4XK1B4XK8G4XKFB4XMJG4XMQB4XMXG4XN4B4XPBG4XPIB
644280,4XK1B4XK8G4XKFB4XMJG4XMQB4XMXG4XN4B4XPBG4XPIB
641364,4XK1B4XK8G4XKFB4XMJG4XMQB4XMXG4XN4B4XPBG4XPIB
644261,4XK1B4XK8G4XKFB4XMJG4XMQB4XMXG4XN4B4XPBG4XPIB
644298,4XK1B4XK8G4XKFB4XMJG4XMQB4XMXG4XN4B4XPBG4XPIB
644267,4XK1B4XK8G4XKFB4XMJG4XMQB4XMXG4XN4B4XPBG4XPIB
645976,4XK1B4XK8G4XKFB4XMJG4XMQB4XMXG4XN4B4XPBG4XPIB
644278,4XK1B4XK1B4XK8G4XKFB4XKFB4XMJG4XMQB4XMQB4XMXG
1015838,4XK1B4XKFB4XMQB4XN4B4XPIB4XPSR4XPWB4XS3R
645970,4XK1B4XK8G4XKFB4XMJG4XMQB4XMXG4XN4B4XPBG4XPIB
829045,4XK1B4XK8G4XKFB4XMJG4XMQB4XMXG4XN4B4XPBG4XPIB
1039158,4XK1B4XK8G4XKFB4XMJG4XMQB4XMXG4XN4B4XPBG4XPIB
658217,4XK1B4XK8G4XKFB4XMJG4XMQB4XMXG4XN4B4XPBG4XPIB
643075,4XK1B4XK8G4XKFB4XMJG4XMQB4XMXG4XN4B4XPBG4XPIB
643083,4XK1B4XK8G4XKFB4XMJG4XMQB4XMXG4XN4B4XPBG4XPIB
644383,4XK1B4XK8G4XKFB4XMJG4XMQB4XMXG4XN4B4XPBG4XPIB
644748,4XK1B4XK8G4XKFB4XMJG4XMQB4XMXG4XN4B4XPBG4XPIB
863740,4XK1B4XK8G4XKFB4XMJG4XMQB4XMXG4XN4B4XPBG4XPIB
644374,4XK1B4XK8G4XKFB4XMJG4XMQB4XMXG4XN4B4XPBG4XPIB
907172,4XK1B4XK8G4XKFB4XMJG4XMQB4XMXG4XN4B4XPBG4XPIB
827454,4XK1B4XK8G4XKFB4XMJG4XMQB4XMXG4XN4B4XPBG4XPIB
644381,4XK1B4XK8G4XKFB4XMJG4XMQB4XMXG4XN4B4XPBG4XPIB
643062,4XK1B4XK8G4XKFB4XMJG4XMQB4XMXG4XN4B4XPBG4XPIB
681950,4XK1B4XK8G4XKFB4XMJG4XMQB4XMXG4XN4B4XPBG4XPIB
643069,4XK1B4XK8G4XKFB4XMJG4XMQB4XMXG4XN4B4XPBG4XPIB
645961,4XK1B4XK8G4XKFB4XMJG4XMQB4XMXG4XN4B4XPBG4XPIB
1009675,4XK1B4XK8G4XKFB4XMJG4XMQB4XMXG4XN4B4XPBG4XPIB
829007,4XK1B4XK8G4XKFB4XMJG4XMQB4XMXG4XN4B4XPBG4XPIB
1039162,4XK1B4XK8G4XKFB4XMJG4XMQB4XMXG4XN4B4XPBG4XPIB
644251,4XK1B4XK8G4XKFB4XMJG4XMQB4XMXG4XN4B4XPBG4XPIB
644242,4XK1B4XK8G4XKFB4XMJG4XMQB4XMXG4XN4B4XPBG4XPIB
645567,4XK1B4XK8G4XKFB4XMJG4XMQB4XMXG4XN4B4XPBG4XPIB
645543,4XK1B4XK8G4XKFB4XMJG4XMQB4XMXG4XN4B4XPBG4XPIB
645551,4XK1B4XK8G4XKFB4XMJG4XMQB4XMXG4XN4B4XPBG4XPIB
645530,4XK1B4XK8G4XKFB4XMJG4XMQB4XMXG4XN4B4XPBG4XPIB
1052726,4XK1B4XK8G4XKFB4XMJG4XMQB4XMXG4XN4B4XPBG4XPIB
998429,4XK1B4XK8G4XKFB4XMJG4XMQB4XMXG4XN4B4XPBG4XPIB
862442,4XK1B4XK8G4XKFB4XMJG4XMQB4XMXG4XN4B4XPBG4XPIB
644741,4XK1B4XK8G4XKFB4XMJG4XMQB4XMXG4XN4B4XPBG4XPIB
1039157,4XK1B4XK8G4XKFB4XMJG4XMQB4XMXG4XN4B4XPBG4XPIB
680523,4XK1B4XK8G4XKFB4XMJG4XMQB4XMXG4XN4B4XPBG4XPIB
640096,4XK0B4XK0B4XK7G4XKEB4XKEB4XMIG4XMPB4XMPB4XMWG
640465,4XK0B4XK0B4XK7G4XKEB4XKEB4XMIG4XMPB4XMPB4XMWG
680173,4XK1B4XK8G4XKFB4XMJG4XMQB4XMXG4XN4B4XPBG4XPIB
1008139,4XK0B4XK0B4XK7G4XKEB4XKEB4XMIG4XMPB4XMPB4XMWG
681865,4XK1B4XK8G4XKFB4XMJG4XMQB4XMXG4XN4B4XPBG4XPIB
640446,4XK0B4XK0B4XK7G4XKEB4XKEB4XMIG4XMPB4XMPB4XMWG
680529,4XK1B4XK8G4XKFB4XMJG4XMQB4XMXG4XN4B4XPBG4XPIB
681869,4XK1B4XK8G4XKFB4XMJG4XMQB4XMXG4XN4B4XPBG4XPIB
640454,4XK0B4XK0B4XK7G4XKEB4XKEB4XMIG4XMPB4XMPB4XMWG
643018,4XK1B4XK8G4XKFB4XMJG4XMQB4XMXG4XN4B4XPBG4XPIB
681940,4XK0B4XK0B4XK7G4XKEB4XKEB4XMIG4XMPB4XMPB4XMWG
643011,4XK1B4XK8G4XKFB4XMJG4XMQB4XMXG4XN4B4XPBG4XPIB
645574,4XK0B4XK0B4XK7G4XKEB4XKEB4XMIG4XMPB4XMPB4XMWG
681926,4XK0B4XK0B4XK7G4XKEB4XKEB4XMIG4XMPB4XMPB4XMWG
1039167,4XK1B4XK8G4XKFB4XMJG4XMQB4XMXG4XN4B4XPBG4XPIB
681916,4XK1B4XK8G4XKFB4XMJG4XMQB4XMXG4XN4B4XPBG4XPIB
681902,4XK1B4XK8G4XKFB4XMJG4XMQB4XMXG4XN4B4XPBG4XPIB
681900,4XK1B4XK8G4XKFB4XMJG4XMQB4XMXG4XN4B4XPBG4XPIB
862897,4XK1B4XK8G4XKFB4XMJG4XMQB4XMXG4XN4B4XPBG4XPIB
643025,4XK1B4XK8G4XKFB4XMJG4XMQB4XMXG4XN4B4XPBG4XPIB
640432,4XK1B4XK8G4XKFB4XMJG4XMQB4XMXG4XN4B4XPBG4XPIB
829027,4XK1B4XK8G4XKFB4XMJG4XMQB4XMXG4XN4B4XPBG4XPIB
1052728,4XK0B4XK0B4XK7G4XKEB4XKEB4XMIG4XMPB4XMPB4XMWG
681933,4XK1B4XK8G4XKFB4XMJG4XMQB4XMXG4XN4B4XPBG4XPIB
645953,4XK1B4XK8G4XKFB4XMJG4XMQB4XMXG4XN4B4XPBG4XPIB
645957,4XK1B4XKFB4XMQB4XN4B4XPIB4XPSR4XPWB4XS3R
644412,4XK1B4XK8G4XKFB4XMJG4XMQB4XMXG4XN4B4XPBG4XPIB
644739,4XK1B4XK8G4XKFB4XMJG4XMQB4XMXG4XN4B4XPBG4XPIB
644391,4XK1B4XK8G4XKFB4XMJG4XMQB4XMXG4XN4B4XPBG4XPIB
644392,4XK1B4XK8G4XKFB4XMJG4XMQB4XMXG4XN4B4XPBG4XPIB
643079,4XK1B4XK8G4XKFB4XMJG4XMQB4XMXG4XN4B4XPBG4XPIB
644740,4XK1B4XK8G4XKFB4XMJG4XMQB4XMXG4XN4B4XPBG4XPIB
827472,4XK1B4XK8G4XKFB4XMJG4XMQB4XMXG4XN4B4XPBG4XPIB
643049,4XK1B4XK8G4XKFB4XMJG4XMQB4XMXG4XN4B4XPBG4XPIB
643074,4XK1B4XK8G4XKFB4XMJG4XMQB4XMXG4XN4B4XPBG4XPIB
863739,4XK1B4XK8G4XKFB4XMJG4XMQB4XMXG4XN4B4XPBG4XPIB
641340,4XK1B4XK8G4XKFB4XMJG4XMQB4XMXG4XN4B4XPBG4XPIB
1039154,4XK1B4XK8G4XKFB4XMJG4XMQB4XMXG4XN4B4XPBG4XPIB
644290,4XK1B4XK8G4XKFB4XMJG4XMQB4XMXG4XN4B4XPBG4XPIB
644286,4XK1B4XK8G4XKFB4XMJG4XMQB4XMXG4XN4B4XPBG4XPIB
641352,4XK1B4XK8G4XKFB4XMJG4XMQB4XMXG4XN4B4XPBG4XPIB
641347,4XK1B4XK8G4XKFB4XMJG4XMQB4XMXG4XN4B4XPBG4XPIB
641343,4XK1B4XK8G4XKFB4XMJG4XMQB4XMXG4XN4B4XPBG4XPIB
644268,4XK1B4XK8G4XKFB4XMJG4XMQB4XMXG4XN4B4XPBG4XPIB
644631,4XK1B4XK8G4XKFB4XMJG4XMQB4XMXG4XN4B4XPBG4XPIB
644266,4XK1B4XK8G4XKFB4XMJG4XMQB4XMXG4XN4B4XPBG4XPIB
821347,4XK1B4XK8G4XKFB4XMJG4XMQB4XMXG4XN4B4XPBG4XPIB
821352,4XK1B4XK8G4XKFB4XMJG4XMQB4XMXG4XN4B4XPBG4XPIB
821353,4XK1B4XK8G4XKFB4XMJG4XMQB4XMXG4XN4B4XPBG4XPIB
644275,4XK1B4XK8G4XKFB4XMJG4XMQB4XMXG4XN4B4XPBG4XPIB
642673,4XK1B4XK8G4XKFB4XMJG4XMQB4XMXG4XN4B4XPBG4XPIB
829048,4XK1B4XK8G4XKFB4XMJG4XMQB4XMXG4XN4B4XPBG4XPIB
680171,4XK1B4XK8G4XKFB4XMJG4XMQB4XMXG4XN4B4XPBG4XPIB
862454,4XK1B4XK8G4XKFB4XMJG4XMQB4XMXG4XN4B4XPBG4XPIB
642672,4XK1B4XK8G4XKFB4XMJG4XMQB4XMXG4XN4B4XPBG4XPIB
645938,4XK1B4XK8G4XKFB4XMJG4XMQB4XMXG4XN4B4XPBG4XPIB
1039161,4XK1B4XK8G4XKFB4XMJG4XMQB4XMXG4XN4B4XPBG4XPIB
1009673,4XK1B4XK8G4XKFB4XMJG4XMQB4XMXG4XN4B4XPBG4XPIB
862448,4XK1B4XK8G4XKFB4XMJG4XMQB4XMXG4XN4B4XPBG4XPIB
862447,4XK1B4XK8G4XKFB4XMJG4XMQB4XMXG4XN4B4XPBG4XPIB
641360,4XK1B4XK8G4XKFB4XMJG4XMQB4XMXG4XN4B4XPBG4XPIB
640481,4XK1B4XK8G4XKFB4XMJG4XMQB4XMXG4XN4B4XPBG4XPIB
862451,4XK1B4XK8G4XKFB4XMJG4XMQB4XMXG4XN4B4XPBG4XPIB
641376,4XK1B4XK8G4XKFB4XMJG4XMQB4XMXG4XN4B4XPBG4XPIB
1039159,4XK1B4XK8G4XKFB4XMJG4XMQB4XMXG4XN4B4XPBG4XPIB
1008148,4XK1B4XK8G4XKFB4XMJG4XMQB4XMXG4XN4B4XPBG4XPIB
1039156,4XK1B4XK8G4XKFB4XMJG4XMQB4XMXG4XN4B4XPBG4XPIB
640480,4XK1B4XK8G4XKFB4XMJG4XMQB4XMXG4XN4B4XPBG4XPIB
821393,4XK1B4XK8G4XKFB4XMJG4XMQB4XMXG4XN4B4XPBG4XPIB
643061,4XK1B4XK8G4XKFB4XMJG4XMQB4XMXG4XN4B4XPBG4XPIB
645980,4XK1B4XK8G4XKFB4XMJG4XMQB4XMXG4XN4B4XPBG4XPIB
645986,4XK1B4XK8G4XKFB4XMJG4XMQB4XMXG4XN4B4XPBG4XPIB
829009,4XK1B4XK8G4XKFB4XMJG4XMQB4XMXG4XN4B4XPBG4XPIB
645545,4XK1B4XK8G4XKFB4XMJG4XMQB4XMXG4XN4B4XPBG4XPIB
645539,4XK1B4XK8G4XKFB4XMJG4XMQB4XMXG4XN4B4XPBG4XPIB
644239,4XK1B4XK8G4XKFB4XMJG4XMQB4XMXG4XN4B4XPBG4XPIB
644227,4XK1B4XK8G4XKFB4XMJG4XMQB4XMXG4XN4B4XPBG4XPIB
821346,4XK1B4XK8G4XKFB4XMJG4XMQB4XMXG4XN4B4XPBG4XPIB
645555,4XK1B4XK8G4XKFB4XMJG4XMQB4XMXG4XN4B4XPBG4XPIB
1039153,4XK1B4XK8G4XKFB4XMJG4XMQB4XMXG4XN4B4XPBG4XPIB
644246,4XK1B4XK8G4XKFB4XMJG4XMQB4XMXG4XN4B4XPBG4XPIB
645560,4XK1B4XK8G4XKFB4XMJG4XMQB4XMXG4XN4B4XPBG4XPIB
819188,4XK1B4XK8G4XKFB4XMJG4XMQB4XMXG4XN4B4XPBG4XPIB
819187,4XK1B4XK8G4XKFB4XMJG4XMQB4XMXG4XN4B4XPBG4XPIB
644197,4XK1B4XK8G4XKFB4XMJG4XMQB4XMXG4XN4B4XPBG4XPIB
645535,4XK1B4XK8G4XKFB4XMJG4XMQB4XMXG4XN4B4XPBG4XPIB
1039155,4XK1B4XK8G4XKFB4XMJG4XMQB4XMXG4XN4B4XPBG4XPIB
645526,4XK1B4XK8G4XKFB4XMJG4XMQB4XMXG4XN4B4XPBG4XPIB
645548,4XK1B4XK8G4XKFB4XMJG4XMQB4XMXG4XN4B4XPBG4XPIB
645577,4XK1B4XK8G4XKFB4XMJG4XMQB4XMXG4XN4B4XPBG4XPIB
829004,4XK1B4XK8G4XKFB4XMJG4XMQB4XMXG4XN4B4XPBG4XPIB
645590,4XK1B4XK8G4XKFB4XMJG4XMQB4XMXG4XN4B4XPBG4XPIB
644205,4XK1B4XK8G4XKFB4XMJG4XMQB4XMXG4XN4B4XPBG4XPIB
1039152,4XK1B4XK8G4XKFB4XMJG4XMQB4XMXG4XN4B4XPBG4XPIB
644211,4XK1B4XK8G4XKFB4XMJG4XMQB4XMXG4XN4B4XPBG4XPIB
644199,4XK1B4XK8G4XKFB4XMJG4XMQB4XMXG4XN4B4XPBG4XPIB
644221,4XK1B4XK8G4XKFB4XMJG4XMQB4XMXG4XN4B4XPBG4XPIB
644226,4XK1B4XK8G4XKFB4XMJG4XMQB4XMXG4XN4B4XPBG4XPIB
644214,4XK1B4XK8G4XKFB4XMJG4XMQB4XMXG4XN4B4XPBG4XPIB
645584,4XK1B4XK8G4XKFB4XMJG4XMQB4XMXG4XN4B4XPBG4XPIB
1008123,4XK1B4XK8G4XKFB4XMJG4XMQB4XMXG4XN4B4XPBG4XPIB
924899,4XJXB4XJXB4XK4B4XK4B4XKBB4XKBB4XKIB4XKIB4XMJG
1005724,4XJXB4XJXB4XK4B4XK4B4XKBB4XKBB4XKIB4XKIB4XMJG
924873,4XJXB4XJXB4XK4B4XK4B4XKBB4XKBB4XKIB4XKIB4XMJG
875126,4XJXB4XJXB4XK4B4XK4B4XKBB4XKBB4XKIB4XKIB4XMJG
924869,4XJXB4XJXB4XK4B4XK4B4XKBB4XKBB4XKIB4XKIB4XMJG
924874,4XJXB4XJXB4XK4B4XK4B4XKBB4XKBB4XKIB4XKIB4XMJG
924863,4XJXB4XJXB4XK4B4XK4B4XKBB4XKBB4XKIB4XKIB4XMJG
924866,4XJXB4XJXB4XK4B4XK4B4XKBB4XKBB4XKIB4XKIB4XMJG
1049261,4XJXB4XJXB4XK4B4XK4B4XKBB4XKBB4XKIB4XKIB4XMJG
875129,4XJXB4XJXB4XK4B4XK4B4XKBB4XKBB4XKIB4XKIB4XMJG
785125,4XJXB4XJXB4XK4B4XK4B4XKBB4XKBB4XKIB4XKIB4XMJG
776301,4XJXB4XJXB4XK4B4XK4B4XKBB4XKBB4XKIB4XKIB4XMJG
920430,4XJXB4XJXB4XK4B4XK4B4XKBB4XKBB4XKIB4XKIB4XMJG
1049260,4XJXB4XJXB4XK4B4XK4B4XKBB4XKBB4XKIB4XKIB4XMJG
925588,4XJXB4XJXB4XK4B4XK4B4XKBB4XKBB4XKIB4XKIB4XMJG
875746,4XJXB4XJXB4XK4B4XK4B4XKBB4XKBB4XKIB4XKIB4XMJG
911771,4XJXB4XJXB4XK4B4XK4B4XKBB4XKBB4XKIB4XKIB4XMJG
873072,4XJXB4XJXB4XK4B4XK4B4XKBB4XKBB4XKIB4XKIB4XMJG
925599,4XJXB4XJXB4XK4B4XK4B4XKBB4XKBB4XKIB4XKIB4XMJG
874828,4XJXB4XJXB4XK4B4XK4B4XKBB4XKBB4XKIB4XKIB4XMJG
1017852,4XJXB4XJXB4XK4B4XK4B4XKBB4XKBB4XKIB4XKIB4XMJG
874825,4XJXB4XJXB4XK4B4XK4B4XKBB4XKBB4XKIB4XKIB4XMJG
874830,4XJXB4XJXB4XK4B4XK4B4XKBB4XKBB4XKIB4XKIB4XMJG
874823,4XJXB4XJXB4XK4B4XK4B4XKBB4XKBB4XKIB4XKIB4XMJG
873079,4XJXB4XJXB4XK4B4XK4B4XKBB4XKBB4XKIB4XKIB4XMJG
1049256,4XJXB4XJXB4XK4B4XK4B4XKBB4XKBB4XKIB4XKIB4XMJG
873076,4XJXB4XJXB4XK4B4XK4B4XKBB4XKBB4XKIB4XKIB4XMJG
925228,4XJXB4XJXB4XK4B4XK4B4XKBB4XKBB4XKIB4XKIB4XMJG
875749,4XJXB4XJXB4XK4B4XK4B4XKBB4XKBB4XKIB4XKIB4XMJG
779431,4XJXB4XJXB4XK4B4XK4B4XKBB4XKBB4XKIB4XKIB4XMJG
779430,4XJXB4XJXB4XK4B4XK4B4XKBB4XKBB4XKIB4XKIB4XMJG
924896,4XJXB4XJXB4XK4B4XK4B4XKBB4XKBB4XKIB4XKIB4XMJG
924887,4XJXB4XJXB4XK4B4XK4B4XKBB4XKBB4XKIB4XKIB4XMJG
924901,4XJXB4XJXB4XK4B4XK4B4XKBB4XKBB4XKIB4XKIB4XMJG
925237,4XJXB4XJXB4XK4B4XK4B4XKBB4XKBB4XKIB4XKIB4XMJG
779433,4XJXB4XJXB4XK4B4XK4B4XKBB4XKBB4XKIB4XKIB4XMJG
938431,4XK1G4XK8B4XKFG4XMJB4XMQG4XMXB4XN4G4XPBB4XPIG
743631,4XK1G4XK8B4XKFG4XMJB4XMQG4XMXB4XN4G4XPBB4XPIG
933916,4XK1G4XK8B4XKFG4XMJB4XMQG4XMXB4XN4G4XPBB4XPIG
933922,4XK1G4XK8B4XKFG4XMJB4XMQG4XMXB4XN4G4XPBB4XPIG
937115,4XK1G4XK8B4XKFG4XMJB4XMQG4XMXB4XN4G4XPBB4XPIG
937102,4XK1G4XK8B4XKFG4XMJB4XMQG4XMXB4XN4G4XPBB4XPIG
858994,4XK1G4XK8B4XKFG4XMJB4XMQG4XMXB4XN4G4XPBB4XPIG
939614,4XK1G4XK8B4XKFG4XMJB4XMQG4XMXB4XN4G4XPBB4XPIG
1011504,4XK1G4XK8B4XKFG4XMJB4XMQG4XMXB4XN4G4XPBB4XPIG
905185,4XK1G4XK8B4XKFG4XMJB4XMQG4XMXB4XN4G4XPBB4XPIG
1017239,4XK1G4XK8B4XKFG4XMJB4XMQG4XMXB4XN4G4XPBB4XPIG
853793,4XK1G4XK8B4XKFG4XMJB4XMQG4XMXB4XN4G4XPBB4XPIG
864338,4XK1G4XK8B4XKFG4XMJB4XMQG4XMXB4XN4G4XPBB4XPIG
939814,4XK1G4XK8B4XK8B4XKFG4XMJB4XMJB4XMQG4XMXB4XMXB
939809,4XK1G4XK8B4XKFG4XMJB4XMQG4XMXB4XN4G4XPBB4XPIG
743608,4XK1G4XK8B4XKFG4XMJB4XMQG4XMXB4XN4G4XPBB4XPIG
1000722,4XK1G4XK8B4XKFG4XMJB4XMQG4XMXB4XN4G4XPBB4XPIG
937109,4XK1G4XK8B4XKFG4XMJB4XMQG4XMXB4XN4G4XPBB4XPIG
937107,4XK1G4XK8B4XKFG4XMJB4XMQG4XMXB4XN4G4XPBB4XPIG
937104,4XK1G4XK8B4XKFG4XMJB4XMQG4XMXB4XN4G4XPBB4XPIG
811665,4XK2B4XK9B4XKGB4XMJG4XMKB4XMRB4XMYB4XN5B4XPBG
1020929,4XK2B4XK9B4XKGB4XMJG4XMKB4XMRB4XMYB4XN5B4XPBG
811662,4XK2B4XK9B4XKGB4XMJG4XMKB4XMRB4XMYB4XN5B4XPBG
811673,4XK2B4XK9B4XKGB4XMJG4XMKB4XMRB4XMYB4XN5B4XPBG
811656,4XK2B4XK9B4XKGB4XMJG4XMKB4XMRB4XMYB4XN5B4XPBG
667767,4XK2B4XK9B4XKGB4XMJG4XMKB4XMRB4XMYB4XN5B4XPBG
667764,4XK2B4XK9B4XKGB4XMJG4XMKB4XMRB4XMYB4XN5B4XPBG
667766,4XK2B4XK9B4XKGB4XMJG4XMKB4XMRB4XMYB4XN5B4XPBG
667773,4XK2B4XK9B4XKGB4XMJG4XMKB4XMRB4XMYB4XN5B4XPBG
667762,4XK2B4XK9B4XKGB4XMJG4XMKB4XMRB4XMYB4XN5B4XPBG
667761,4XK2B4XK9B4XKGB4XMJG4XMKB4XMRB4XMYB4XN5B4XPBG
659099,4XK2B4XK9B4XKGB4XMJG4XMKB4XMRB4XMYB4XN5B4XPBG
667760,4XK2B4XK9B4XKGB4XMJG4XMKB4XMRB4XMYB4XN5B4XPBG
667780,4XK2B4XK9B4XKGB4XMJG4XMKB4XMRB4XMYB4XN5B4XPBG
667765,4XK2B4XK9B4XKGB4XMJG4XMKB4XMRB4XMYB4XN5B4XPBG
1015014,4XK2B4XK9B4XKGB4XMJG4XMKB4XMRB4XMYB4XN5B4XPBG
667783,4XK2B4XK9B4XKGB4XMJG4XMKB4XMRB4XMYB4XN5B4XPBG
739433,4XK2B4XK9B4XKGB4XMJG4XMKB4XMRB4XMYB4XN5B4XPBG
667781,4XK2B4XK9B4XKGB4XMJG4XMKB4XMRB4XMYB4XN5B4XPBG
668143,4XK2B4XK9B4XKGB4XMJG4XMKB4XMRB4XMYB4XN5B4XPBG
668153,4XK2B4XK9B4XKGB4XMJG4XMKB4XMRB4XMYB4XN5B4XPBG
667770,4XK2B4XK9B4XKGB4XMJG4XMKB4XMRB4XMYB4XN5B4XPBG
667769,4XK2B4XK9B4XKGB4XMJG4XMKB4XMRB4XMYB4XN5B4XPBG
667739,4XK2B4XK9B4XKGB4XMJG4XMKB4XMRB4XMYB4XN5B4XPBG
667737,4XK2B4XK9B4XKGB4XMJG4XMKB4XMRB4XMYB4XN5B4XPBG
828488,4XK2B4XK9B4XKGB4XMJG4XMKB4XMRB4XMYB4XN5B4XPBG
667728,4XK2B4XK9B4XKGB4XMJG4XMKB4XMRB4XMYB4XN5B4XPBG
667735,4XK2B4XK9B4XKGB4XMJG4XMKB4XMRB4XMYB4XN5B4XPBG
667733,4XK2B4XK9B4XKGB4XMJG4XMKB4XMRB4XMYB4XN5B4XPBG
667732,4XK2B4XK9B4XKGB4XMJG4XMKB4XMRB4XMYB4XN5B4XPBG
667731,4XK2B4XK9B4XKGB4XMJG4XMKB4XMRB4XMYB4XN5B4XPBG
667730,4XK2B4XK9B4XKGB4XMJG4XMKB4XMRB4XMYB4XN5B4XPBG
667779,4XK2B4XK9B4XKGB4XMJG4XMKB4XMRB4XMYB4XN5B4XPBG
667734,4XK2B4XK9B4XKGB4XMJG4XMKB4XMRB4XMYB4XN5B4XPBG
667736,4XK2B4XK9B4XKGB4XMJG4XMKB4XMRB4XMYB4XN5B4XPBG
667757,4XK2B4XK9B4XKGB4XMJG4XMKB4XMRB4XMYB4XN5B4XPBG
667756,4XK2B4XK9B4XKGB4XMJG4XMKB4XMRB4XMYB4XN5B4XPBG
667754,4XK2B4XK9B4XKGB4XMJG4XMKB4XMRB4XMYB4XN5B4XPBG
667753,4XK2B4XK9B4XKGB4XMJG4XMKB4XMRB4XMYB4XN5B4XPBG
667743,4XK2B4XK9B4XKGB4XMJG4XMKB4XMRB4XMYB4XN5B4XPBG
667750,4XK2B4XK9B4XKGB4XMJG4XMKB4XMRB4XMYB4XN5B4XPBG
667749,4XK2B4XK9B4XKGB4XMJG4XMKB4XMRB4XMYB4XN5B4XPBG
667748,4XK2B4XK9B4XKGB4XMJG4XMKB4XMRB4XMYB4XN5B4XPBG
665846,4XK2B4XK9B4XKGB4XMJG4XMKB4XMRB4XMYB4XN5B4XPBG
620900,4XK2B4XK9B4XKGB4XMJG4XMKB4XMRB4XMYB4XN5B4XPBG
667746,4XK2B4XK9B4XKGB4XMJG4XMKB4XMRB4XMYB4XN5B4XPBG
667745,4XK2B4XK9B4XKGB4XMJG4XMKB4XMRB4XMYB4XN5B4XPBG
667729,4XK2B4XK9B4XKGB4XMJG4XMKB4XMRB4XMYB4XN5B4XPBG
659100,4XK2B4XK9B4XKGB4XMJG4XMKB4XMRB4XMYB4XN5B4XPBG
739442,4XK2B4XK9B4XKGB4XMJG4XMKB4XMRB4XMYB4XN5B4XPBG
668139,4XK2B4XK9B4XKGB4XMJG4XMKB4XMRB4XMYB4XN5B4XPBG
668138,4XK2B4XK9B4XKGB4XMJG4XMKB4XMRB4XMYB4XN5B4XPBG
668137,4XK2B4XK9B4XKGB4XMJG4XMKB4XMRB4XMYB4XN5B4XPBG
739439,4XK2B4XK9B4XKGB4XMJG4XMKB4XMRB4XMYB4XN5B4XPBG
668135,4XK2B4XK9B4XKGB4XMJG4XMKB4XMRB4XMYB4XN5B4XPBG
667777,4XK2B4XK9B4XKGB4XMJG4XMKB4XMRB4XMYB4XN5B4XPBG
659101,4XK2B4XK9B4XKGB4XMJG4XMKB4XMRB4XMYB4XN5B4XPBG
739440,4XK2B4XK9B4XKGB4XMJG4XMKB4XMRB4XMYB4XN5B4XPBG
826834,4XK2B4XK9B4XKGB4XMJG4XMKB4XMRB4XMYB4XN5B4XPBG
668133,4XK2B4XK9B4XKGB4XMJG4XMKB4XMRB4XMYB4XN5B4XPBG
826832,4XK2B4XK9B4XKGB4XMJG4XMKB4XMRB4XMYB4XN5B4XPBG
667775,4XK2B4XK9B4XKGB4XMJG4XMKB4XMRB4XMYB4XN5B4XPBG
739431,4XK2B4XK9B4XKGB4XMJG4XMKB4XMRB4XMYB4XN5B4XPBG
665845,4XK2B4XK9B4XKGB4XMJG4XMKB4XMRB4XMYB4XN5B4XPBG
667763,4XK2B4XK9B4XKGB4XMJG4XMKB4XMRB4XMYB4XN5B4XPBG
667740,4XK2B4XK9B4XKGB4XMJG4XMJG4XMKB4XMRB4XMYB4XN5B
844839,4XK1G4XK8B4XKFG4XMJB4XMQG4XMXB4XN4G4XPBB4XPIG
844837,4XK1G4XK8B4XKFG4XMJB4XMQG4XMXB4XN4G4XPBB4XPIG
844835,4XK1G4XK8B4XKFG4XMJB4XMQG4XMXB4XN4G4XPBB4XPIG
844834,4XK1G4XK8B4XKFG4XMJB4XMQG4XMXB4XN4G4XPBB4XPIG
844830,4XK1G4XK8B4XKFG4XMJB4XMQG4XMXB4XN4G4XPBB4XPIG
797798,4XK1G4XK8B4XK8B4XKFG4XMJB4XMJB4XMQG4XMXB4XMXB
843527,4XK1G4XK8B4XKFG4XMJB4XMQG4XMXB4XN4G4XPBB4XPIG
797808,4XK1G4XK8B4XKFG4XMJB4XMQG4XMXB4XN4G4XPBB4XPIG
797806,4XK1G4XK8B4XKFG4XMJB4XMQG4XMXB4XN4G4XPBB4XPIG
906408,4XK1G4XK8B4XKFG4XMJB4XMQG4XMXB4XN4G4XPBB4XPIG
843185,4XK1G4XK8B4XKFG4XMJB4XMQG4XMXB4XN4G4XPBB4XPIG
797801,4XK1G4XK8B4XKFG4XMJB4XMQG4XMXB4XN4G4XPBB4XPIG
797803,4XK1G4XK8B4XKFG4XMJB4XMQG4XMXB4XN4G4XPBB4XPIG
797805,4XK1G4XK8B4XKFG4XMJB4XMQG4XMXB4XN4G4XPBB4XPIG
797818,4XK1G4XK8B4XKFG4XMJB4XMQG4XMXB4XN4G4XPBB4XPIG
797815,4XK1G4XK8B4XKFG4XMJB4XMQG4XMXB4XN4G4XPBB4XPIG
797813,4XK1G4XK8B4XKFG4XMJB4XMQG4XMXB4XN4G4XPBB4XPIG
797810,4XK1G4XK8B4XKFG4XMJB4XMQG4XMXB4XN4G4XPBB4XPIG
776631,4XK1G4XK8B4XKFG4XMJB4XMQG4XMXB4XN4G4XPBB4XPIG
844825,4XK1G4XK8B4XKFG4XMJB4XMQG4XMXB4XN4G4XPBB4XPIG
755584,4XK1G4XK8B4XKFG4XMJB4XMQG4XMXB4XN4G4XPBB4XPIG
755583,4XK1G4XK8B4XKFG4XMJB4XMQG4XMXB4XN4G4XPBB4XPIG
755573,4XK1G4XK8B4XKFG4XMJB4XMQG4XMXB4XN4G4XPBB4XPIG
797809,4XK1G4XK8B4XKFG4XMJB4XMQG4XMXB4XN4G4XPBB4XPIG
843534,4XK1G4XK8B4XKFG4XMJB4XMQG4XMXB4XN4G4XPBB4XPIG
843533,4XK1G4XK8B4XKFG4XMJB4XMQG4XMXB4XN4G4XPBB4XPIG
797823,4XK1G4XK8B4XKFG4XMJB4XMQG4XMXB4XN4G4XPBB4XPIG
844826,4XK1G4XK8B4XKFG4XMJB4XMQG4XMXB4XN4G4XPBB4XPIG
843528,4XK1G4XK8B4XKFG4XMJB4XMQG4XMXB4XN4G4XPBB4XPIG
844833,4XK1G4XK8B4XKFG4XMJB4XMQG4XMXB4XN4G4XPBB4XPIG
668148,4XJXB4XK4B4XKBB4XKIB4XMKG4XMMB4XMTB4XN0B4XN7B
668142,4XJXB4XK4B4XKBB4XKIB4XMKG4XMMB4XMTB4XN0B4XN7B
668147,4XJXB4XK4B4XKBB4XKIB4XMKG4XMMB4XMTB4XN0B4XN7B
826835,4XJXB4XK4B4XKBB4XKIB4XMKG4XMMB4XMTB4XN0B4XN7B
739444,4XJXB4XK4B4XKBB4XKIB4XMKG4XMMB4XMTB4XN0B4XN7B
668146,4XJXB4XK4B4XKBB4XKIB4XMKG4XMMB4XMTB4XN0B4XN7B
668144,4XJXB4XK4B4XKBB4XKIB4XMKG4XMMB4XMTB4XN0B4XN7B
1031066,4XJXB4XK4B4XKBB4XKIB4XMKG4XMMB4XMTB4XN0B4XN7B
739446,4XJXB4XK4B4XKBB4XKIB4XMKG4XMMB4XMTB4XN0B4XN7B
668151,4XJXB4XK4B4XKBB4XKIB4XMKG4XMMB4XMTB4XN0B4XN7B
668149,4XJXB4XK4B4XKBB4XKIB4XMKG4XMMB4XMTB4XN0B4XN7B
678379,4XJXB4XK4B4XKBB4XKIB4XMKG4XMMB4XMTB4XN0B4XN7B
672865,4XJXB4XK4B4XKBB4XKIB4XMKG4XMMB4XMTB4XN0B4XN7B
665857,4XJXB4XK4B4XKBB4XKIB4XMKG4XMMB4XMTB4XN0B4XN7B
665850,4XJXB4XK4B4XKBB4XKIB4XMKG4XMMB4XMTB4XN0B4XN7B
665849,4XJXB4XK4B4XKBB4XKIB4XMKG4XMMB4XMTB4XN0B4XN7B
829347,4XJXB4XK4B4XKBB4XKIB4XMKG4XMMB4XMTB4XN0B4XN7B
665863,4XJXB4XK4B4XKBB4XKIB4XMKG4XMMB4XMTB4XN0B4XN7B
665851,4XJXB4XK4B4XKBB4XKIB4XMKG4XMMB4XMTB4XN0B4XN7B
668130,4XJXB4XK4B4XKBB4XKIB4XMKG4XMMB4XMTB4XN0B4XN7B
998907,4XJXB4XK4B4XKBB4XKIB4XMKG4XMMB4XMTB4XN0B4XN7B
665867,4XJXB4XK4B4XKBB4XKIB4XMKG4XMMB4XMTB4XN0B4XN7B
665866,4XJXB4XK4B4XKBB4XKIB4XMKG4XMMB4XMTB4XN0B4XN7B
659116,4XJXB4XK4B4XKBB4XKIB4XMKG4XMMB4XMTB4XN0B4XN7B
665865,4XJXB4XK4B4XKBB4XKIB4XMKG4XMMB4XMTB4XN0B4XN7B
665858,4XJXB4XK4B4XKBB4XKIB4XMKG4XMMB4XMTB4XN0B4XN7B
659102,4XJXB4XK4B4XKBB4XKIB4XMKG4XMMB4XMTB4XN0B4XN7B
668131,4XJXB4XK4B4XKBB4XKIB4XMKG4XMMB4XMTB4XN0B4XN7B
787481,4XJXB4XK4B4XKBB4XKIB4XMKG4XMMB4XMTB4XN0B4XN7B
853797,4XJXB4XK4B4XKBB4XKIB4XMKG4XMMB4XMTB4XN0B4XN7B
665861,4XJXB4XK4B4XKBB4XKIB4XMKG4XMMB4XMTB4XN0B4XN7B
716021,4XJXB4XK4B4XKBB4XKIB4XMKG4XMMB4XMTB4XN0B4XN7B
998906,4XJXB4XK4B4XKBB4XKIB4XMKG4XMMB4XMTB4XN0B4XN7B
853794,4XJXB4XK4B4XKBB4XKIB4XMKG4XMMB4XMTB4XN0B4XN7B
665855,4XJXB4XK4B4XKBB4XKIB4XMKG4XMMB4XMTB4XN0B4XN7B
853795,4XJXB4XK4B4XKBB4XKIB4XMKG4XMMB4XMTB4XN0B4XN7B
665853,4XJXB4XK4B4XKBB4XKIB4XMKG4XMMB4XMTB4XN0B4XN7B
853796,4XJXB4XK4B4XKBB4XKIB4XMKG4XMMB4XMTB4XN0B4XN7B
735874,4XJXB4XK4B4XKBB4XKIB4XMKG4XMMB4XMTB4XN0B4XN7B
912026,4XJXB4XK4B4XKBB4XKIB4XMKG4XMMB4XMTB4XN0B4XN7B
912027,4XJXB4XK4B4XKBB4XKIB4XMKG4XMMB4XMTB4XN0B4XN7B
665800,4XJXB4XK4B4XKBB4XKIB4XMKG4XMMB4XMTB4XN0B4XN7B
665799,4XJXB4XK4B4XKBB4XKIB4XMKG4XMMB4XMTB4XN0B4XN7B
665797,4XJXB4XK4B4XKBB4XKIB4XMKG4XMMB4XMTB4XN0B4XN7B
659095,4XJXB4XK4B4XKBB4XKIB4XMKG4XMMB4XMTB4XN0B4XN7B
669417,4XJXB4XK4B4XKBB4XKIB4XMKG4XMMB4XMTB4XN0B4XN7B
669415,4XJXB4XK4B4XKBB4XKIB4XMKG4XMMB4XMTB4XN0B4XN7B
669414,4XJXB4XK4B4XKBB4XKIB4XMKG4XMMB4XMTB4XN0B4XN7B
669403,4XJXB4XK4B4XKBB4XKIB4XMKG4XMMB4XMTB4XN0B4XN7B
669419,4XJXB4XK4B4XKBB4XKIB4XMKG4XMMB4XMTB4XN0B4XN7B
669410,4XJXB4XK4B4XKBB4XKIB4XMKG4XMMB4XMTB4XN0B4XN7B
669400,4XJXB4XK4B4XKBB4XKIB4XMKG4XMMB4XMTB4XN0B4XN7B
669398,4XJXB4XK4B4XKBB4XKIB4XMKG4XMMB4XMTB4XN0B4XN7B
998901,4XJXB4XK4B4XKBB4XKIB4XMKG4XMMB4XMTB4XN0B4XN7B
669396,4XJXB4XK4B4XKBB4XKIB4XMKG4XMMB4XMTB4XN0B4XN7B
1024688,4XJXB4XK4B4XKBB4XKIB4XMKG4XMMB4XMTB4XN0B4XN7B
1024689,4XJXB4XK4B4XKBB4XKIB4XMKG4XMMB4XMTB4XN0B4XN7B
1024690,4XJXB4XK4B4XKBB4XKIB4XMKG4XMMB4XMTB4XN0B4XN7B
1024691,4XJXB4XK4B4XKBB4XKIB4XMKG4XMMB4XMTB4XN0B4XN7B
1024692,4XJXB4XK4B4XKBB4XKIB4XMKG4XMMB4XMTB4XN0B4XN7B
667643,4XJXB4XK4B4XKBB4XKIB4XMKG4XMMB4XMTB4XN0B4XN7B
667642,4XJXB4XK4B4XKBB4XKIB4XMKG4XMMB4XMTB4XN0B4XN7B
667641,4XJXB4XK4B4XKBB4XKIB4XMKG4XMMB4XMTB4XN0B4XN7B
665905,4XJXB4XK4B4XKBB4XKIB4XMKG4XMMB4XMTB4XN0B4XN7B
667655,4XJXB4XK4B4XKBB4XKIB4XMKG4XMMB4XMTB4XN0B4XN7B
667654,4XJXB4XK4B4XKBB4XKIB4XMKG4XMMB4XMTB4XN0B4XN7B
669421,4XJXB4XK4B4XKBB4XKIB4XMKG4XMMB4XMTB4XN0B4XN7B
667640,4XJXB4XK4B4XKBB4XKIB4XMKG4XMMB4XMTB4XN0B4XN7B
738585,4XJXB4XK4B4XKBB4XKIB4XMKG4XMMB4XMTB4XN0B4XN7B
669408,4XJXB4XK4B4XKBB4XKIB4XMKG4XMMB4XMTB4XN0B4XN7B
669407,4XJXB4XK4B4XKBB4XKIB4XMKG4XMMB4XMTB4XN0B4XN7B
669757,4XJXB4XK4B4XKBB4XKIB4XMKG4XMMB4XMTB4XN0B4XN7B
712627,4XJXB4XK4B4XKBB4XKIB4XMKG4XMMB4XMTB4XN0B4XN7B
669761,4XJXB4XK4B4XKBB4XKIB4XMKG4XMMB4XMTB4XN0B4XN7B
830000,4XJXB4XK4B4XKBB4XKIB4XMKG4XMMB4XMTB4XN0B4XN7B
779151,4XJXB4XK4B4XKBB4XKIB4XMKG4XMMB4XMTB4XN0B4XN7B
669405,4XJXB4XK4B4XKBB4XKIB4XMKG4XMMB4XMTB4XN0B4XN7B
669758,4XJXB4XK4B4XKBB4XKIB4XMKG4XMMB4XMTB4XN0B4XN7B
712623,4XJXB4XK4B4XKBB4XKIB4XMKG4XMMB4XMTB4XN0B4XN7B
739810,4XJXB4XK4B4XKBB4XKIB4XMKG4XMMB4XMTB4XN0B4XN7B
712636,4XJXB4XK4B4XKBB4XKIB4XMKG4XMMB4XMTB4XN0B4XN7B
672336,4XJXB4XK4B4XKBB4XKIB4XMKG4XMMB4XMTB4XN0B4XN7B
712635,4XJXB4XK4B4XKBB4XKIB4XMKG4XMMB4XMTB4XN0B4XN7B
667652,4XJXB4XK4B4XKBB4XKIB4XMKG4XMMB4XMTB4XN0B4XN7B
667650,4XJXB4XK4B4XKBB4XKIB4XMKG4XMMB4XMTB4XN0B4XN7B
667649,4XJXB4XK4B4XKBB4XKIB4XMKG4XMMB4XMTB4XN0B4XN7B
667648,4XJXB4XK4B4XKBB4XKIB4XMKG4XMMB4XMTB4XN0B4XN7B
667647,4XJXB4XK4B4XKBB4XKIB4XMKG4XMMB4XMTB4XN0B4XN7B
667645,4XJXB4XK4B4XKBB4XKIB4XMKG4XMMB4XMTB4XN0B4XN7B
1008564,4XJXB4XK4B4XKBB4XKIB4XMKG4XMMB4XMTB4XN0B4XN7B
825558,4XJXB4XK4B4XKBB4XKIB4XMKG4XMMB4XMTB4XN0B4XN7B
825559,4XJXB4XK4B4XKBB4XKIB4XMKG4XMMB4XMTB4XN0B4XN7B
825560,4XJXB4XK4B4XKBB4XKIB4XMKG4XMMB4XMTB4XN0B4XN7B
1059097,4XJXB4XK4B4XKBB4XKIB4XMKG4XMMB4XMTB4XN0B4XN7B
911923,4XJXB4XK4B4XKBB4XKIB4XMKG4XMMB4XMTB4XN0B4XN7B
1004193,4XJXB4XK4B4XKBB4XKIB4XMKG4XMMB4XMTB4XN0B4XN7B
667646,4XJXB4XK4B4XKBB4XKIB4XMKG4XMMB4XMTB4XN0B4XN7B
712626,4XJXB4XK4B4XKBB4XKIB4XMKG4XMMB4XMTB4XN0B4XN7B
672340,4XJXB4XK4B4XKBB4XKIB4XMKG4XMMB4XMTB4XN0B4XN7B
712625,4XJXB4XK4B4XKBB4XKIB4XMKG4XMMB4XMTB4XN0B4XN7B
672339,4XJXB4XK4B4XKBB4XKIB4XMKG4XMMB4XMTB4XN0B4XN7B
911351,4XJXB4XK4B4XKBB4XKIB4XMKG4XMMB4XMTB4XN0B4XN7B
911924,4XJXB4XK4B4XKBB4XKIB4XMKG4XMMB4XMTB4XN0B4XN7B
949187,4XJXB4XK4B4XKBB4XKIB4XMKG4XMMB4XMTB4XN0B4XN7B
1035903,4XK2G4XK9B4XKGG4XMKB4XMRG4XMYB4XN5G4XPCB4XPJG
712630,4XK2G4XK9B4XKGG4XMKB4XMRG4XMYB4XN5G4XPCB4XPJG
712629,4XK2G4XK9B4XKGG4XMKB4XMRG4XMYB4XN5G4XPCB4XPJG
1034488,4XK2G4XK9B4XKGG4XMKB4XMRG4XMYB4XN5G4XPCB4XPJG
779152,4XK2G4XK9B4XKGG4XMKB4XMRG4XMYB4XN5G4XPCB4XPJG
669743,4XK2G4XK9B4XKGG4XMKB4XMRG4XMYB4XN5G4XPCB4XPJG
738589,4XK2G4XK9B4XKGG4XMKB4XMRG4XMYB4XN5G4XPCB4XPJG
712628,4XK2G4XK9B4XKGG4XMKB4XMRG4XMYB4XN5G4XPCB4XPJG
712639,4XK2G4XK9B4XKGG4XMKB4XMRG4XMYB4XN5G4XPCB4XPJG
712631,4XK2G4XK9B4XKGG4XMKB4XMRG4XMYB4XN5G4XPCB4XPJG
779150,4XK1G4XK8B4XKFG4XMJB4XMQG4XMXB4XN4G4XPBB4XPIG
669754,4XK1G4XK8B4XKFG4XMJB4XMQG4XMXB4XN4G4XPBB4XPIG
669753,4XK1G4XK8B4XKFG4XMJB4XMQG4XMXB4XN4G4XPBB4XPIG
669741,4XK1G4XK8B4XKFG4XMJB4XMQG4XMXB4XN4G4XPBB4XPIG
669739,4XK1G4XK8B4XKFG4XMJB4XMQG4XMXB4XN4G4XPBB4XPIG
669738,4XK1G4XK8B4XKFG4XMJB4XMQG4XMXB4XN4G4XPBB4XPIG
669744,4XK1G4XK8B4XKFG4XMJB4XMQG4XMXB4XN4G4XPBB4XPIG
669735,4XK1G4XK8B4XKFG4XMJB4XMQG4XMXB4XN4G4XPBB4XPIG
669423,4XK1G4XK8B4XKFG4XMJB4XMQG4XMXB4XN4G4XPBB4XPIG
669422,4XK1G4XK8B4XKFG4XMJB4XMQG4XMXB4XN4G4XPBB4XPIG
669749,4XK1G4XK8B4XKFG4XMJB4XMQG4XMXB4XN4G4XPBB4XPIG
1034487,4XK1G4XK8B4XKFG4XMJB4XMQG4XMXB4XN4G4XPBB4XPIG
847397,4XK1G4XK8B4XKFG4XMJB4XMQG4XMXB4XN4G4XPBB4XPIG
847071,4XK1G4XK8B4XKFG4XMJB4XMQG4XMXB4XN4G4XPBB4XPIG
847078,4XK1G4XK8B4XKFG4XMJB4XMQG4XMXB4XN4G4XPBB4XPIG
829814,4XK1G4XK8B4XKFG4XMJB4XMQG4XMXB4XN4G4XPBB4XPIG
807871,4XK1G4XK8B4XKFG4XMJB4XMQG4XMXB4XN4G4XPBB4XPIG
709883,4XK1G4XK2B4XK9B4XKFG4XKGB4XMKB4XMQG4XMRB4XMYB
738377,4XK1G4XK2B4XK9B4XKFG4XKGB4XMKB4XMQG4XMRB4XMYB
737123,4XK1G4XK2B4XK9B4XKFG4XKGB4XMKB4XMQG4XMRB4XMYB
1034521,4XK1G4XK2B4XK9B4XKFG4XKGB4XMKB4XMQG4XMRB4XMYB
1034517,4XK1G4XK2B4XK9B4XKFG4XKGB4XMKB4XMQG4XMRB4XMYB
709898,4XK1G4XK2B4XK9B4XKFG4XKGB4XMKB4XMQG4XMRB4XMYB
708903,4XK1G4XK2B4XK9B4XKFG4XKGB4XMKB4XMQG4XMRB4XMYB
709887,4XK1G4XK2B4XK9B4XKFG4XKGB4XMKB4XMQG4XMRB4XMYB
628650,4XK1G4XK2B4XK9B4XKFG4XKGB4XMKB4XMQG4XMRB4XMYB
667653,4XK2G4XK9B4XKGG4XMKB4XMRG4XMYB4XN5G4XPCB4XPJG
1034496,4XK1G4XK2B4XK9B4XKFG4XKGB4XMKB4XMQG4XMRB4XMYB
997368,4XK1G4XK2B4XK9B4XKFG4XKGB4XMKB4XMQG4XMRB4XMYB
709891,4XK1G4XK2B4XK9B4XKFG4XKGB4XMKB4XMQG4XMRB4XMYB
709890,4XK1G4XK2B4XK9B4XKFG4XKGB4XMKB4XMQG4XMRB4XMYB
738379,4XK1G4XK2B4XK9B4XKFG4XKGB4XMKB4XMQG4XMRB4XMYB
709888,4XK1G4XK2B4XK9B4XKFG4XKGB4XMKB4XMQG4XMRB4XMYB
628649,4XK2G4XK9B4XKGG4XMKB4XMRG4XMYB4XN5G4XPCB4XPJG
1007837,4XK1G4XK2B4XK9B4XKFG4XKGB4XMKB4XMQG4XMRB4XMYB
738380,4XK1G4XK2B4XK9B4XKFG4XKGB4XMKB4XMQG4XMRB4XMYB
709885,4XK1G4XK2B4XK9B4XKFG4XKGB4XMKB4XMQG4XMRB4XMYB
665951,4XK1G4XK2B4XK9B4XKFG4XKGB4XMKB4XMQG4XMRB4XMYB
709902,4XK1G4XK2B4XK9B4XKFG4XKGB4XMKB4XMQG4XMRB4XMYB
628647,4XK2G4XK9B4XKGG4XMKB4XMRG4XMYB4XN5G4XPCB4XPJG
709900,4XK1G4XK2B4XK9B4XKFG4XKGB4XMKB4XMQG4XMRB4XMYB
709892,4XK1G4XK2B4XK9B4XKFG4XKGB4XMKB4XMQG4XMRB4XMYB
665954,4XK1G4XK2B4XK9B4XKFG4XKGB4XMKB4XMQG4XMRB4XMYB
709897,4XK1G4XK2B4XK9B4XKFG4XKGB4XMKB4XMQG4XMRB4XMYB
1034522,4XK1G4XK8B4XKFG4XMJB4XMQG4XMXB4XN4G4XPBB4XPIG
738381,4XK1G4XK8B4XKFG4XMJB4XMQG4XMXB4XN4G4XPBB4XPIG
709894,4XK1G4XK8B4XKFG4XMJB4XMQG4XMXB4XN4G4XPBB4XPIG
709876,4XK1G4XK8B4XKFG4XMJB4XMQG4XMXB4XN4G4XPBB4XPIG
709886,4XK1G4XK8B4XKFG4XMJB4XMQG4XMXB4XN4G4XPBB4XPIG
709868,4XK1G4XK8B4XKFG4XMJB4XMQG4XMXB4XN4G4XPBB4XPIG
829970,4XK2G4XK9B4XKGG4XMKB4XMRG4XMYB4XN5G4XPCB4XPJG
787505,4XK1G4XK8B4XKFG4XMJB4XMQG4XMXB4XN4G4XPBB4XPIG
709866,4XK1G4XK8B4XKFG4XMJB4XMQG4XMXB4XN4G4XPBB4XPIG
997366,4XK1G4XK8B4XKFG4XMJB4XMQG4XMXB4XN4G4XPBB4XPIG
738373,4XK1G4XK8B4XKFG4XMJB4XMQG4XMXB4XN4G4XPBB4XPIG
709863,4XK1G4XK8B4XKFG4XMJB4XMQG4XMXB4XN4G4XPBB4XPIG
628645,4XK2G4XK9B4XKGG4XMKB4XMRG4XMYB4XN5G4XPCB4XPJG
1034520,4XK1G4XK8B4XKFG4XMJB4XMQG4XMXB4XN4G4XPBB4XPIG
709860,4XK1G4XK8B4XKFG4XMJB4XMQG4XMXB4XN4G4XPBB4XPIG
709859,4XK1G4XK8B4XKFG4XMJB4XMQG4XMXB4XN4G4XPBB4XPIG
709874,4XK1G4XK8B4XKFG4XMJB4XMQG4XMXB4XN4G4XPBB4XPIG
709864,4XK1G4XK8B4XKFG4XMJB4XMQG4XMXB4XN4G4XPBB4XPIG
777865,4XK2G4XK9B4XKGG4XMKB4XMRG4XMYB4XN5G4XPCB4XPJG
1017770,4XK1G4XK8B4XKFG4XMJB4XMQG4XMXB4XN4G4XPBB4XPIG
709879,4XK1G4XK8B4XKFG4XMJB4XMQG4XMXB4XN4G4XPBB4XPIG
997367,4XK1G4XK8B4XKFG4XMJB4XMQG4XMXB4XN4G4XPBB4XPIG
738376,4XK1G4XK8B4XKFG4XMJB4XMQG4XMXB4XN4G4XPBB4XPIG
709877,4XK1G4XK2B4XK9B4XKFG4XKGB4XMKB4XMQG4XMRB4XMYB
628642,4XK2G4XK9B4XKGG4XMKB4XMRG4XMYB4XN5G4XPCB4XPJG
709875,4XK1G4XK2B4XK9B4XKFG4XKGB4XMKB4XMQG4XMRB4XMYB
709881,4XK1G4XK2B4XK9B4XKFG4XKGB4XMKB4XMQG4XMRB4XMYB
709873,4XK1G4XK2B4XK9B4XKFG4XKGB4XMKB4XMQG4XMRB4XMYB
709872,4XK1G4XK2B4XK9B4XKFG4XKGB4XMKB4XMQG4XMRB4XMYB
709870,4XK1G4XK2B4XK9B4XKFG4XKGB4XMKB4XMQG4XMRB4XMYB
628641,4XK2G4XK9B4XKGG4XMKB4XMRG4XMYB4XN5G4XPCB4XPJG
665956,4XK1G4XK2B4XK9B4XKFG4XKGB4XMKB4XMQG4XMRB4XMYB
709893,4XK1G4XK2B4XK9B4XKFG4XKGB4XMKB4XMQG4XMRB4XMYB
1034499,4XK1G4XK2B4XK9B4XKFG4XKGB4XMKB4XMQG4XMRB4XMYB
665996,4XK1G4XK2B4XK9B4XKFG4XKGB4XMKB4XMQG4XMRB4XMYB
665995,4XK1G4XK2B4XK9B4XKFG4XKGB4XMKB4XMQG4XMRB4XMYB
628640,4XK2G4XK9B4XKGG4XMKB4XMRG4XMYB4XN5G4XPCB4XPJG
669750,4XK2G4XK9B4XKGG4XMKB4XMRG4XMYB4XN5G4XPCB4XPJG
665993,4XK1G4XK2B4XK9B4XKFG4XKGB4XMKB4XMQG4XMRB4XMYB
665992,4XK1G4XK8B4XKFG4XMJB4XMQG4XMXB4XN4G4XPBB4XPIG
665991,4XK1G4XK8B4XKFG4XMJB4XMQG4XMXB4XN4G4XPBB4XPIG
665998,4XK1G4XK8B4XKFG4XMJB4XMQG4XMXB4XN4G4XPBB4XPIG
665988,4XK1G4XK8B4XKFG4XMJB4XMQG4XMXB4XN4G4XPBB4XPIG
628639,4XK2G4XK9B4XKGG4XMKB4XMRG4XMYB4XN5G4XPCB4XPJG
665987,4XK1G4XK8B4XKFG4XMJB4XMQG4XMXB4XN4G4XPBB4XPIG
665984,4XK1G4XK8B4XKFG4XMJB4XMQG4XMXB4XN4G4XPBB4XPIG
628658,4XK2G4XK9B4XKGG4XMKB4XMRG4XMYB4XN5G4XPCB4XPJG
628646,4XK2G4XK9B4XKGG4XMKB4XMRG4XMYB4XN5G4XPCB4XPJG
628661,4XK2G4XK9B4XKGG4XMKB4XMRG4XMYB4XN5G4XPCB4XPJG
777868,4XK2G4XK9B4XKGG4XMKB4XMRG4XMYB4XN5G4XPCB4XPJG
829971,4XK2G4XK9B4XKGG4XMKB4XMRG4XMYB4XN5G4XPCB4XPJG
628659,4XK2G4XK9B4XKGG4XMKB4XMRG4XMYB4XN5G4XPCB4XPJG
777867,4XK2G4XK9B4XKGG4XMKB4XMRG4XMYB4XN5G4XPCB4XPJG
1034485,4XK2G4XK9B4XKGG4XMKB4XMRG4XMYB4XN5G4XPCB4XPJG
628655,4XK2G4XK9B4XKGG4XMKB4XMRG4XMYB4XN5G4XPCB4XPJG
669751,4XK2G4XK9B4XKGG4XMKB4XMRG4XMYB4XN5G4XPCB4XPJG
628654,4XK2G4XK9B4XKGG4XMKB4XMRG4XMYB4XN5G4XPCB4XPJG
628653,4XK2G4XK9B4XKGG4XMKB4XMRG4XMYB4XN5G4XPCB4XPJG
628652,4XK2G4XK9B4XKGG4XMKB4XMRG4XMYB4XN5G4XPCB4XPJG
628663,4XK2G4XK9B4XKGG4XMKB4XMRG4XMYB4XN5G4XPCB4XPJG
628644,4XK2G4XK9B4XKGG4XMKB4XMRG4XMYB4XN5G4XPCB4XPJG
667570,4XK2G4XK9B4XKGG4XMKB4XMRG4XMYB4XN5G4XPCB4XPJG
667569,4XK2G4XK9B4XKGG4XMKB4XMRG4XMYB4XN5G4XPCB4XPJG
1034516,4XK2G4XK9B4XKGG4XMKB4XMRG4XMYB4XN5G4XPCB4XPJG
667567,4XK2G4XK9B4XKGG4XMKB4XMRG4XMYB4XN5G4XPCB4XPJG
667216,4XK2G4XK9B4XKGG4XMKB4XMRG4XMYB4XN5G4XPCB4XPJG
669756,4XK2G4XK9B4XKGG4XMKB4XMRG4XMYB4XN5G4XPCB4XPJG
667565,4XK2G4XK9B4XKGG4XMKB4XMRG4XMYB4XN5G4XPCB4XPJG
667222,4XK2G4XK9B4XKGG4XMKB4XMRG4XMYB4XN5G4XPCB4XPJG
667221,4XK2G4XK9B4XKGG4XMKB4XMRG4XMYB4XN5G4XPCB4XPJG
667219,4XK2G4XK9B4XKGG4XMKB4XMRG4XMYB4XN5G4XPCB4XPJG
667218,4XK2G4XK9B4XKGG4XMKB4XMRG4XMYB4XN5G4XPCB4XPJG
829363,4XK2G4XK9B4XKGG4XMKB4XMRG4XMYB4XN5G4XPCB4XPJG
997335,4XK2G4XK9B4XKGG4XMKB4XMRG4XMYB4XN5G4XPCB4XPJG
628635,4XK2G4XK9B4XKGG4XMKB4XMRG4XMYB4XN5G4XPCB4XPJG
627461,4XK2G4XK9B4XKGG4XMKB4XMRG4XMYB4XN5G4XPCB4XPJG
1034483,4XK2G4XK9B4XKGG4XMKB4XMRG4XMYB4XN5G4XPCB4XPJG
669748,4XK2G4XK9B4XKGG4XMKB4XMRG4XMYB4XN5G4XPCB4XPJG
829969,4XK2G4XK9B4XKGG4XMKB4XMRG4XMYB4XN5G4XPCB4XPJG
667572,4XK2G4XK9B4XKGG4XMKB4XMRG4XMYB4XN5G4XPCB4XPJG
997336,4XK2G4XK9B4XKGG4XMKB4XMRG4XMYB4XN5G4XPCB4XPJG
667578,4XK2G4XK9B4XKGG4XMKB4XMRG4XMYB4XN5G4XPCB4XPJG
667577,4XK2G4XK9B4XKGG4XMKB4XMRG4XMYB4XN5G4XPCB4XPJG
667574,4XK2G4XK9B4XKGG4XMKB4XMRG4XMYB4XN5G4XPCB4XPJG
667575,4XK2G4XK9B4XKGG4XMKB4XMRG4XMYB4XN5G4XPCB4XPJG
667217,4XK2G4XK9B4XKGG4XMKB4XMRG4XMYB4XN5G4XPCB4XPJG
628651,4XK2G4XK9B4XKGG4XMKB4XMRG4XMYB4XN5G4XPCB4XPJG
667625,4XK2G4XK9B4XKGG4XMKB4XMRG4XMYB4XN5G4XPCB4XPJG
829999,4XK2G4XK9B4XKGG4XMKB4XMRG4XMYB4XN5G4XPCB4XPJG
737128,4XK2G4XK9B4XKGG4XMKB4XMRG4XMYB4XN5G4XPCB4XPJG
667623,4XK2G4XK9B4XKGG4XMKB4XMRG4XMYB4XN5G4XPCB4XPJG
667622,4XK1G4XK8B4XKFG4XMJB4XMQG4XMXB4XN4G4XPBB4XPIG
667621,4XK2G4XK9B4XKGG4XMKB4XMRG4XMYB4XN5G4XPCB4XPJG
667616,4XK1G4XK8B4XKFG4XMJB4XMQG4XMXB4XN4G4XPBB4XPIG
787493,4XK2G4XK9B4XKGG4XMKB4XMRG4XMYB4XN5G4XPCB4XPJG
1034518,4XK1G4XK8B4XKFG4XMJB4XMQG4XMXB4XN4G4XPBB4XPIG
667617,4XK2G4XK9B4XKGG4XMKB4XMRG4XMYB4XN5G4XPCB4XPJG
667618,4XK1G4XK8B4XKFG4XMJB4XMQG4XMXB4XN4G4XPBB4XPIG
667632,4XK2G4XK9B4XKGG4XMKB4XMRG4XMYB4XN5G4XPCB4XPJG
669747,4XK2G4XK9B4XKGG4XMKB4XMRG4XMYB4XN5G4XPCB4XPJG
667634,4XK1G4XK8B4XKFG4XMJB4XMQG4XMXB4XN4G4XPBB4XPIG
667637,4XK2G4XK9B4XKGG4XMKB4XMRG4XMYB4XN5G4XPCB4XPJG
667638,4XK1G4XK8B4XKFG4XMJB4XMQG4XMXB4XN4G4XPBB4XPIG
1034519,4XK2G4XK9B4XKGG4XMKB4XMRG4XMYB4XN5G4XPCB4XPJG
737131,4XK1G4XK8B4XKFG4XMJB4XMQG4XMXB4XN4G4XPBB4XPIG
667627,4XK2G4XK9B4XKGG4XMKB4XMRG4XMYB4XN5G4XPCB4XPJG
737130,4XK1G4XK8B4XKFG4XMJB4XMQG4XMXB4XN4G4XPBB4XPIG
667633,4XK2G4XK9B4XKGG4XMKB4XMRG4XMYB4XN5G4XPCB4XPJG
667630,4XK1G4XK8B4XKFG4XMJB4XMQG4XMXB4XN4G4XPBB4XPIG
667629,4XK2G4XK9B4XKGG4XMKB4XMRG4XMYB4XN5G4XPCB4XPJG
779147,4XK2G4XK9B4XKGG4XMKB4XMRG4XMYB4XN5G4XPCB4XPJG
737124,4XK1G4XK8B4XKFG4XMJB4XMQG4XMXB4XN4G4XPBB4XPIG
737132,4XK2G4XK9B4XKGG4XMKB4XMRG4XMYB4XN5G4XPCB4XPJG
1002279,4XK1G4XK8B4XKFG4XMJB4XMQG4XMXB4XN4G4XPBB4XPIG
628674,4XK2G4XK9B4XKGG4XMKB4XMRG4XMYB4XN5G4XPCB4XPJG
628673,4XK1G4XK8B4XKFG4XMJB4XMQG4XMXB4XN4G4XPBB4XPIG
628671,4XK1G4XK8B4XKFG4XMJB4XMQG4XMXB4XN4G4XPBB4XPIG
777869,4XK1G4XK8B4XKFG4XMJB4XMQG4XMXB4XN4G4XPBB4XPIG
737122,4XK1G4XK8B4XKFG4XMJB4XMQG4XMXB4XN4G4XPBB4XPIG
628668,4XK1G4XK8B4XKFG4XMJB4XMQG4XMXB4XN4G4XPBB4XPIG
735878,4XK1G4XK8B4XKFG4XMJB4XMQG4XMXB4XN4G4XPBB4XPIG
667573,4XK2G4XK9B4XKGG4XMKB4XMRG4XMYB4XN5G4XPCB4XPJG
628666,4XK1G4XK8B4XKFG4XMJB4XMQG4XMXB4XN4G4XPBB4XPIG
1105566,4XK1G4XK8B4XKFG4XMJB4XMQG4XMXB4XN4G4XPBB4XPIG
667611,4XK1G4XK8B4XKFG4XMJB4XMQG4XMXB4XN4G4XPBB4XPIG
1105567,4XK1G4XK8B4XKFG4XMJB4XMQG4XMXB4XN4G4XPBB4XPIG
628669,4XK1G4XK8B4XKFG4XMJB4XMQG4XMXB4XN4G4XPBB4XPIG
1105568,4XK1G4XK8B4XKFG4XMJB4XMQG4XMXB4XN4G4XPBB4XPIG
667615,4XK1G4XK8B4XKFG4XMJB4XMQG4XMXB4XN4G4XPBB4XPIG
1105569,4XK1G4XK8B4XKFG4XMJB4XMQG4XMXB4XN4G4XPBB4XPIG
667614,4XK1G4XK8B4XKFG4XMJB4XMQG4XMXB4XN4G4XPBB4XPIG
1034484,4XK2G4XK9B4XKGG4XMKB4XMRG4XMYB4XN5G4XPCB4XPJG
666000,4XK1G4XK8B4XKFG4XMJB4XMQG4XMXB4XN4G4XPBB4XPIG
1034500,4XK1G4XK8B4XKFG4XMJB4XMQG4XMXB4XN4G4XPBB4XPIG
665990,4XK1G4XK8B4XKFG4XMJB4XMQG4XMXB4XN4G4XPBB4XPIG
665967,4XK1G4XK8B4XKFG4XMJB4XMQG4XMXB4XN4G4XPBB4XPIG
828453,4XK1G4XK8B4XKFG4XMJB4XMQG4XMXB4XN4G4XPBB4XPIG
917459,4XK1G4XK8B4XKFG4XMJB4XMQG4XMXB4XN4G4XPBB4XPIG
1034497,4XK1G4XK8B4XKFG4XMJB4XMQG4XMXB4XN4G4XPBB4XPIG
665965,4XK1G4XK8B4XKFG4XMJB4XMQG4XMXB4XN4G4XPBB4XPIG
665955,4XK1G4XK8B4XKFG4XMJB4XMQG4XMXB4XN4G4XPBB4XPIG
666005,4XK1G4XK8B4XKFG4XMJB4XMQG4XMXB4XN4G4XPBB4XPIG
665962,4XK1G4XK8B4XKFG4XMJB4XMQG4XMXB4XN4G4XPBB4XPIG
665960,4XK1G4XK8B4XKFG4XMJB4XMQG4XMXB4XN4G4XPBB4XPIG
665959,4XK1G4XK8B4XKFG4XMJB4XMQG4XMXB4XN4G4XPBB4XPIG
665958,4XK1G4XK8B4XKFG4XMJB4XMQG4XMXB4XN4G4XPBB4XPIG
665957,4XK1G4XK8B4XKFG4XMJB4XMQG4XMXB4XN4G4XPBB4XPIG
665963,4XK1G4XK8B4XKFG4XMJB4XMQG4XMXB4XN4G4XPBB4XPIG
828455,4XK1G4XK8B4XKFG4XMJB4XMQG4XMXB4XN4G4XPBB4XPIG
666009,4XK1G4XK8B4XKFG4XMJB4XMQG4XMXB4XN4G4XPBB4XPIG
666007,4XK1G4XK8B4XKFG4XMJB4XMQG4XMXB4XN4G4XPBB4XPIG
666006,4XK1G4XK8B4XKFG4XMJB4XMQG4XMXB4XN4G4XPBB4XPIG
666004,4XK1G4XK8B4XKFG4XMJB4XMQG4XMXB4XN4G4XPBB4XPIG
1014994,4XK1G4XK8B4XKFG4XMJB4XMQG4XMXB4XN4G4XPBB4XPIG
666003,4XK1G4XK8B4XKFG4XMJB4XMQG4XMXB4XN4G4XPBB4XPIG
666001,4XK1G4XK8B4XKFG4XMJB4XMQG4XMXB4XN4G4XPBB4XPIG
665978,4XK1G4XK8B4XKFG4XMJB4XMQG4XMXB4XN4G4XPBB4XPIG
665975,4XK1G4XK8B4XKFG4XMJB4XMQG4XMXB4XN4G4XPBB4XPIG
665973,4XK1G4XK8B4XKFG4XMJB4XMQG4XMXB4XN4G4XPBB4XPIG
665972,4XK1G4XK8B4XKFG4XMJB4XMQG4XMXB4XN4G4XPBB4XPIG
779210,4XK1G4XK8B4XKFG4XMJB4XMQG4XMXB4XN4G4XPBB4XPIG
1034498,4XK1G4XK8B4XKFG4XMJB4XMQG4XMXB4XN4G4XPBB4XPIG
665980,4XK1G4XK8B4XKFG4XMJB4XMQG4XMXB4XN4G4XPBB4XPIG
1014993,4XK1G4XK8B4XKFG4XMJB4XMQG4XMXB4XN4G4XPBB4XPIG
828454,4XK1G4XK8B4XKFG4XMJB4XMQG4XMXB4XN4G4XPBB4XPIG
665970,4XK1G4XK8B4XKFG4XMJB4XMQG4XMXB4XN4G4XPBB4XPIG
712659,4XJXG4XK4B4XKBG4XKIB4XMMG4XMTB4XN0G4XN7B4XPEG
739815,4XJXG4XK4B4XKBG4XKIB4XMMG4XMTB4XN0G4XN7B4XPEG
671121,4XJXG4XK4B4XKBG4XKIB4XMMG4XMTB4XN0G4XN7B4XPEG
671119,4XJXG4XK4B4XKBG4XKIB4XMMG4XMTB4XN0G4XN7B4XPEG
671118,4XJXG4XK4B4XKBG4XKIB4XMMG4XMTB4XN0G4XN7B4XPEG
671116,4XJXG4XK4B4XKBG4XKIB4XMMG4XMTB4XN0G4XN7B4XPEG
1035907,4XJXG4XK4B4XKBG4XKIB4XMMG4XMTB4XN0G4XN7B4XPEG
671122,4XJXG4XK4B4XKBG4XKIB4XMMG4XMTB4XN0G4XN7B4XPEG
671113,4XJXG4XK4B4XKBG4XKIB4XMMG4XMTB4XN0G4XN7B4XPEG
712649,4XJXG4XK4B4XKBG4XKIB4XMMG4XMTB4XN0G4XN7B4XPEG
671112,4XJXG4XK4B4XKBG4XKIB4XMMG4XMTB4XN0G4XN7B4XPEG
1034491,4XJXG4XK4B4XKBG4XKIB4XMMG4XMTB4XN0G4XN7B4XPEG
671110,4XJXG4XK4B4XKBG4XKIB4XMMG4XMTB4XN0G4XN7B4XPEG
785905,4XJXG4XK4B4XKBG4XKIB4XMMG4XMTB4XN0G4XN7B4XPEG
712662,4XJXG4XK4B4XKBG4XKIB4XMMG4XMTB4XN0G4XN7B4XPEG
739812,4XJXG4XK4B4XKBG4XKIB4XMMG4XMTB4XN0G4XN7B4XPEG
708902,4XJXG4XK4B4XKBG4XKIB4XMMG4XMTB4XN0G4XN7B4XPEG
712646,4XJXG4XK4B4XKBG4XKIB4XMMG4XMTB4XN0G4XN7B4XPEG
712645,4XJXG4XK4B4XKBG4XKIB4XMMG4XMTB4XN0G4XN7B4XPEG
1024026,4XK2G4XK9B4XKGG4XMKB4XMRG4XMYB4XN5G4XPCB4XPJG
712644,4XJXG4XK4B4XKBG4XKIB4XMMG4XMTB4XN0G4XN7B4XPEG
708901,4XJXG4XK4B4XKBG4XKIB4XMMG4XMTB4XN0G4XN7B4XPEG
708899,4XJXG4XK4B4XKBG4XKIB4XMMG4XMTB4XN0G4XN7B4XPEG
739813,4XJXG4XK4B4XKBG4XKIB4XMMG4XMTB4XN0G4XN7B4XPEG
712663,4XJXG4XK4B4XKBG4XKIB4XMMG4XMTB4XN0G4XN7B4XPEG
712661,4XJXG4XK4B4XKBG4XKIB4XMMG4XMTB4XN0G4XN7B4XPEG
739814,4XJXG4XK4B4XKBG4XKIB4XMMG4XMTB4XN0G4XN7B4XPEG
1035905,4XJXG4XK4B4XKBG4XKIB4XMMG4XMTB4XN0G4XN7B4XPEG
739811,4XK1G4XK2B4XK2B4XK9B4XK9B4XKFG4XKGB4XKGB4XMKB
712657,4XK1G4XK2B4XK2B4XK9B4XK9B4XKFG4XKGB4XKGB4XMKB
712656,4XK1G4XK2B4XK2B4XK9B4XK9B4XKFG4XKGB4XKGB4XMKB
790406,4XK1G4XK2B4XK2B4XK9B4XK9B4XKFG4XKGB4XKGB4XMKB
712647,4XK1G4XK2B4XK2B4XK9B4XK9B4XKFG4XKGB4XKGB4XMKB
712655,4XK1G4XK2B4XK2B4XK9B4XK9B4XKFG4XKGB4XKGB4XMKB
712654,4XK1G4XK2B4XK2B4XK9B4XK9B4XKFG4XKGB4XKGB4XMKB
712648,4XK1G4XK2B4XK2B4XK9B4XK9B4XKFG4XKGB4XKGB4XMKB
712652,4XK1G4XK2B4XK9B4XKFG4XKGB4XMKB4XMQG4XMRB4XMYB
712651,4XK1G4XK2B4XK9B4XKFG4XKGB4XMKB4XMQG4XMRB4XMYB
712650,4XK1G4XK2B4XK9B4XKFG4XKGB4XMKB4XMQG4XMRB4XMYB
1035904,4XK1G4XK2B4XK9B4XKFG4XKGB4XMKB4XMQG4XMRB4XMYB
671124,4XK1G4XK2B4XK9B4XKFG4XKGB4XMKB4XMQG4XMRB4XMYB
671109,4XK1G4XK2B4XK9B4XKFG4XKGB4XMKB4XMQG4XMRB4XMYB
671161,4XK1G4XK2B4XK9B4XKFG4XKGB4XMKB4XMQG4XMRB4XMYB
712643,4XK1G4XK2B4XK2B4XK9B4XK9B4XKFG4XKGB4XKGB4XMKB
671160,4XK1G4XK2B4XK9B4XKFG4XKGB4XMKB4XMQG4XMRB4XMYB
671158,4XK1G4XK2B4XK9B4XKFG4XKGB4XMKB4XMQG4XMRB4XMYB
671157,4XK1G4XK2B4XK9B4XKFG4XKGB4XMKB4XMQG4XMRB4XMYB
1034494,4XK1G4XK2B4XK9B4XKFG4XKGB4XMKB4XMQG4XMRB4XMYB
671164,4XK1G4XK2B4XK9B4XKFG4XKGB4XMKB4XMQG4XMRB4XMYB
712642,4XK1G4XK2B4XK2B4XK9B4XK9B4XKFG4XKGB4XKGB4XMKB
712641,4XK1G4XK2B4XK2B4XK9B4XK9B4XKFG4XKGB4XKGB4XMKB
712653,4XK1G4XK2B4XK2B4XK9B4XK9B4XKFG4XKGB4XKGB4XMKB
1034495,4XK1G4XK8B4XKFG4XMJB4XMQG4XMXB4XN4G4XPBB4XPIG
671500,4XK1G4XK8B4XKFG4XMJB4XMQG4XMXB4XN4G4XPBB4XPIG
671505,4XK1G4XK8B4XKFG4XMJB4XMQG4XMXB4XN4G4XPBB4XPIG
671497,4XK1G4XK8B4XKFG4XMJB4XMQG4XMXB4XN4G4XPBB4XPIG
779211,4XK1G4XK8B4XKFG4XMJB4XMQG4XMXB4XN4G4XPBB4XPIG
828424,4XK1G4XK8B4XKFG4XMJB4XMQG4XMXB4XN4G4XPBB4XPIG
671165,4XK1G4XK8B4XKFG4XMJB4XMQG4XMXB4XN4G4XPBB4XPIG
671153,4XK1G4XK8B4XKFG4XMJB4XMQG4XMXB4XN4G4XPBB4XPIG
671152,4XK1G4XK8B4XKFG4XMJB4XMQG4XMXB4XN4G4XPBB4XPIG
671151,4XK1G4XK8B4XKFG4XMJB4XMQG4XMXB4XN4G4XPBB4XPIG
671150,4XK1G4XK8B4XKFG4XMJB4XMQG4XMXB4XN4G4XPBB4XPIG
779212,4XK1G4XK8B4XKFG4XMJB4XMQG4XMXB4XN4G4XPBB4XPIG
671156,4XK1G4XK8B4XKFG4XMJB4XMQG4XMXB4XN4G4XPBB4XPIG
788116,4XK1G4XK8B4XKFG4XMJB4XMQG4XMXB4XN4G4XPBB4XPIG
671502,4XK1G4XK8B4XKFG4XMJB4XMQG4XMXB4XN4G4XPBB4XPIG
1002312,4XK1G4XK8B4XKFG4XMJB4XMQG4XMXB4XN4G4XPBB4XPIG
1034492,4XK2G4XK9B4XKGG4XMKB4XMRG4XMYB4XN5G4XPCB4XPJG
828421,4XK2G4XK9B4XKGG4XMKB4XMRG4XMYB4XN5G4XPCB4XPJG
1002310,4XK2G4XK9B4XKGG4XMKB4XMRG4XMYB4XN5G4XPCB4XPJG
671129,4XK2G4XK9B4XKGG4XMKB4XMRG4XMYB4XN5G4XPCB4XPJG
1002311,4XK2G4XK9B4XKGG4XMKB4XMRG4XMYB4XN5G4XPCB4XPJG
671147,4XK2G4XK9B4XKGG4XMKB4XMRG4XMYB4XN5G4XPCB4XPJG
671504,4XK2G4XK9B4XKGG4XMKB4XMRG4XMYB4XN5G4XPCB4XPJG
671145,4XK2G4XK9B4XKGG4XMKB4XMRG4XMYB4XN5G4XPCB4XPJG
671135,4XK2G4XK9B4XKGG4XMKB4XMRG4XMYB4XN5G4XPCB4XPJG
671132,4XK2G4XK9B4XKGG4XMKB4XMRG4XMYB4XN5G4XPCB4XPJG
671134,4XK2G4XK9B4XKGG4XMKB4XMRG4XMYB4XN5G4XPCB4XPJG
671131,4XK2G4XK9B4XKGG4XMKB4XMRG4XMYB4XN5G4XPCB4XPJG
671123,4XK2G4XK9B4XKGG4XMKB4XMRG4XMYB4XN5G4XPCB4XPJG
671127,4XK2G4XK9B4XKGG4XMKB4XMRG4XMYB4XN5G4XPCB4XPJG
671128,4XK2G4XK9B4XKGG4XMKB4XMRG4XMYB4XN5G4XPCB4XPJG
671126,4XK2G4XK9B4XKGG4XMKB4XMRG4XMYB4XN5G4XPCB4XPJG
985498,4XJXB4XK4G4XKBB4XKIG4XMMB4XMTG4XN0B4XN7G4XPEB
874944,4XJXB4XK4G4XKBB4XKIG4XMMB4XMTG4XN0B4XN7G4XPEB
969708,4XJXB4XK4G4XKBB4XKIG4XMMB4XMTG4XN0B4XN7G4XPEB
978790,4XK1G4XK8B4XKFG4XMJB4XMQG4XMXB4XN4G4XPBB4XPIG
978798,4XK1G4XK8B4XKFG4XMJB4XMQG4XMXB4XN4G4XPBB4XPIG
978795,4XK1G4XK8B4XKFG4XMJB4XMQG4XMXB4XN4G4XPBB4XPIG
980895,4XK1G4XK8B4XKFG4XMJB4XMQG4XMXB4XN4G4XPBB4XPIG
664292,4XK1G4XK8B4XKFG4XMJB4XMQG4XMXB4XN4G4XPBB4XPIG
977475,4XK1G4XK8B4XKFG4XMJB4XMQG4XMXB4XN4G4XPBB4XPIG
980919,4XK1G4XK8B4XKFG4XMJB4XMQG4XMXB4XN4G4XPBB4XPIG
980892,4XK1G4XK8B4XKFG4XMJB4XMQG4XMXB4XN4G4XPBB4XPIG
980898,4XK1G4XK8B4XKFG4XMJB4XMQG4XMXB4XN4G4XPBB4XPIG
649638,4XK1G4XK8B4XKFG4XMJB4XMQG4XMXB4XN4G4XPBB4XPIG
649634,4XK1G4XK8B4XKFG4XMJB4XMQG4XMXB4XN4G4XPBB4XPIG
861895,4XK1G4XK8B4XKFG4XMJB4XMQG4XMXB4XN4G4XPBB4XPIG
664311,4XK1G4XK8B4XKFG4XMJB4XMQG4XMXB4XN4G4XPBB4XPIG
977496,4XK1G4XK8B4XKFG4XMJB4XMQG4XMXB4XN4G4XPBB4XPIG
1000698,4XK1G4XK8B4XKFG4XMJB4XMQG4XMXB4XN4G4XPBB4XPIG
657430,4XK1G4XK8B4XKFG4XMJB4XMQG4XMXB4XN4G4XPBB4XPIG
980903,4XJXB4XK4G4XKBB4XKIG4XMMB4XMTG4XN0B4XN7G4XPEB
954777,4XK1G4XK8B4XKFG4XMJB4XMQG4XMXB4XN4G4XPBB4XPIG
1029465,4XK1G4XK8B4XKFG4XMJB4XMQG4XMXB4XN4G4XPBB4XPIG
980916,4XK1G4XK8B4XKFG4XMJB4XMQG4XMXB4XN4G4XPBB4XPIG
987396,4XK1G4XK8B4XKFG4XMJB4XMQG4XMXB4XN4G4XPBB4XPIG
946202,4XK1G4XK8B4XKFG4XMJB4XMQG4XMXB4XN4G4XPBB4XPIG
1008486,4XJZG4XK6B4XKDG4XMHB4XMOG4XMVB4XN2G4XP9B4XPGG
658118,4XJZG4XK6B4XKDG4XMHB4XMOG4XMVB4XN2G4XP9B4XPGG
695127,4XJZG4XK6B4XKDG4XMHB4XMOG4XMVB4XN2G4XP9B4XPGG
867057,4XJZG4XK6B4XKDG4XMHB4XMOG4XMVB4XN2G4XP9B4XPGG
1040180,4XJZG4XK6B4XKDG4XMHB4XMOG4XMVB4XN2G4XP9B4XPGG
870450,4XJZG4XK6B4XKDG4XMHB4XMOG4XMVB4XN2G4XP9B4XPGG
869172,4XJZG4XK6B4XKDG4XMHB4XMOG4XMVB4XN2G4XP9B4XPGG
869174,4XJZG4XK6B4XKDG4XMHB4XMOG4XMVB4XN2G4XP9B4XPGG
867052,4XJZG4XK6B4XKDG4XMHB4XMOG4XMVB4XN2G4XP9B4XPGG
871773,4XJZG4XK6B4XKDG4XMHB4XMOG4XMVB4XN2G4XP9B4XPGG
867049,4XJZG4XK6B4XKDG4XMHB4XMOG4XMVB4XN2G4XP9B4XPGG
693908,4XJZG4XK6B4XKDG4XMHB4XMOG4XMVB4XN2G4XP9B4XPGG
871771,4XJZG4XK6B4XKDG4XMHB4XMOG4XMVB4XN2G4XP9B4XPGG
867053,4XJZG4XK6B4XKDG4XMHB4XMOG4XMVB4XN2G4XP9B4XPGG
894418,4XJZG4XK6B4XKDG4XMHB4XMOG4XMVB4XN2G4XP9B4XPGG
894419,4XJZG4XK6B4XKDG4XMHB4XMOG4XMVB4XN2G4XP9B4XPGG
1137156,4XJZG4XK6B4XKDG4XMHB4XMOG4XMVB4XN2G4XP9B4XPGG
869477,4XJZG4XK6B4XKDG4XMHB4XMOG4XMVB4XN2G4XP9B4XPGG
947026,4XJZG4XK6B4XKDG4XMHB4XMOG4XMVB4XN2G4XP9B4XPGG
988134,4XJZG4XK6B4XKDG4XMHB4XMOG4XMVB4XN2G4XP9B4XPGG
940995,4XJZG4XK6B4XKDG4XMHB4XMOG4XMVB4XN2G4XP9B4XPGG
894420,4XK1B4XK8G4XKFB4XMJG4XMQB4XMXG4XN4B4XPBG4XPIB
1137157,4XJZG4XK6B4XKDG4XMHB4XMOG4XMVB4XN2G4XP9B4XPGG
777109,4XJXB4XK4G4XKBB4XKIG4XMMB4XMTG4XN0B4XN7G4XPEB
777108,4XK0G4XK7B4XKEG4XMIB4XMPG4XMWB4XN3G4XPAB4XPHG
923770,4XJXB4XK4G4XKBB4XKIG4XMMB4XMTG4XN0B4XN7G4XPEB
744747,4XK0G4XK7B4XKEG4XMIB4XMPG4XMWB4XN3G4XPAB4XPHG
965020,4XJXB4XK4G4XKBB4XKIG4XMMB4XMTG4XN0B4XN7G4XPEB
776690,4XJXB4XK4G4XKBB4XKIG4XMMB4XMTG4XN0B4XN7G4XPEB
965021,4XJXB4XK4G4XKBB4XKIG4XMMB4XMTG4XN0B4XN7G4XPEB
777982,4XJXB4XK4G4XKBB4XKIG4XMMB4XMTG4XN0B4XN7G4XPEB
923778,4XJXB4XK4G4XKBB4XKIG4XMMB4XMTG4XN0B4XN7G4XPEB
783548,4XJXB4XK4G4XKBB4XKIG4XMMB4XMTG4XN0B4XN7G4XPEB
923737,4XK0G4XK7B4XKEG4XMIB4XMPG4XMWB4XN3G4XPAB4XPHG
923728,4XK0G4XK7B4XKEG4XMIB4XMPG4XMWB4XN3G4XPAB4XPHG
923766,4XK0G4XK7B4XKEG4XMIB4XMPG4XMWB4XN3G4XPAB4XPHG
923753,4XK0G4XK7B4XKEG4XMIB4XMPG4XMWB4XN3G4XPAB4XPHG
827392,4XK0G4XK7B4XKEG4XMIB4XMPG4XMWB4XN3G4XPAB4XPHG
925679,4XK0G4XK7B4XKEG4XMIB4XMPG4XMWB4XN3G4XPAB4XPHG
779448,4XK0G4XK7B4XKEG4XMIB4XMPG4XMWB4XN3G4XPAB4XPHG
1005727,4XK0G4XK7B4XKEG4XMIB4XMPG4XMWB4XN3G4XPAB4XPHG
874871,4XJXB4XK4G4XKBB4XKIG4XMMB4XMTG4XN0B4XN7G4XPEB
924140,4XJXB4XK4G4XKBB4XKIG4XMMB4XMTG4XN0B4XN7G4XPEB
1028517,4XJXB4XK4G4XKBB4XKIG4XMMB4XMTG4XN0B4XN7G4XPEB
954226,4XJXB4XK4G4XKBB4XKIG4XMMB4XMTG4XN0B4XN7G4XPEB
954227,4XJXB4XK4G4XKBB4XKIG4XMMB4XMTG4XN0B4XN7G4XPEB
951670,4XJXB4XK4G4XKBB4XKIG4XMMB4XMTG4XN0B4XN7G4XPEB
1041764,4XJXB4XK4G4XKBB4XKIG4XMMB4XMTG4XN0B4XN7G4XPEB
1041765,4XJXB4XK4G4XKBB4XKIG4XMMB4XMTG4XN0B4XN7G4XPEB
1029894,4XJXB4XK4G4XKBB4XKIG4XMMB4XMTG4XN0B4XN7G4XPEB
1028518,4XJXB4XK4G4XKBB4XKIG4XMMB4XMTG4XN0B4XN7G4XPEB
1028519,4XJXB4XK4G4XKBB4XKIG4XMMB4XMTG4XN0B4XN7G4XPEB
1028397,4XJXB4XK4G4XKBB4XKIG4XMMB4XMTG4XN0B4XN7G4XPEB
1027005,4XJXB4XK4G4XKBB4XKIG4XMMB4XMTG4XN0B4XN7G4XPEB
1035795,4XJXB4XK4G4XKBB4XKIG4XMMB4XMTG4XN0B4XN7G4XPEB
1035796,4XJXB4XK4G4XKBB4XKIG4XMMB4XMTG4XN0B4XN7G4XPEB
1029892,4XJXB4XK4G4XKBB4XKIG4XMMB4XMTG4XN0B4XN7G4XPEB
1029893,4XJXB4XK4G4XKBB4XKIG4XMMB4XMTG4XN0B4XN7G4XPEB
953424,4XJXB4XK4G4XKBB4XKIG4XMMB4XMTG4XN0B4XN7G4XPEB
993724,4XJXB4XK4G4XKBB4XKIG4XMMB4XMTG4XN0B4XN7G4XPEB
744745,4XJXB4XK4G4XKBB4XKIG4XMMB4XMTG4XN0B4XN7G4XPEB
970151,4XJXB4XK4G4XKBB4XKIG4XMMB4XMTG4XN0B4XN7G4XPEB
874890,4XJXB4XK4G4XKBB4XKIG4XMMB4XMTG4XN0B4XN7G4XPEB
997010,4XJYG4XK5B4XKCG4XKJB4XMNG4XMUB4XN1G4XN8B4XPFG
1006669,4XJYG4XK5B4XKCG4XKJB4XMNG4XMUB4XN1G4XN8B4XPFG
784350,4XK0G4XK7B4XKEG4XMIB4XMPG4XMWB4XN3G4XPAB4XPHG
946858,4XJYG4XK5B4XKCG4XKJB4XMNG4XMUB4XN1G4XN8B4XPFG
1009533,4XK2G4XK9B4XKGG4XMKB4XMRG4XMYB4XN5G4XPCB4XPJG
1043968,4XJXB4XK4G4XKBB4XKIG4XMMB4XMTG4XN0B4XN7G4XPEB
925300,4XK2G4XK9B4XKGG4XMKB4XMRG4XMYB4XN5G4XPCB4XPJG
1030504,4XJYB4XK5G4XKCB4XKJG4XMNB4XMUG4XN1B4XN8G4XPFB
910202,4XJYB4XK5G4XKCB4XKJG4XMNB4XMUG4XN1B4XN8G4XPFB
998097,4XJYB4XK5G4XKCB4XKJG4XMNB4XMUG4XN1B4XN8G4XPFB
867120,4XJYB4XK5G4XKCB4XKJG4XMNB4XMUG4XN1B4XN8G4XPFB
1029336,4XK0B4XK7G4XKEB4XMIG4XMPB4XMWG4XN3B4XPAG4XPHB
1023417,4XJYB4XK5G4XKCB4XKJG4XMNB4XMUG4XN1B4XN8G4XPFB
1025348,4XK0B4XK7G4XKEB4XMIG4XMPB4XMWG4XN3B4XPAG4XPHB
867584,4XK0B4XK7G4XKEB4XMIG4XMPB4XMWG4XN3B4XPAG4XPHB
872481,4XK0B4XK7G4XKEB4XMIG4XMPB4XMWG4XN3B4XPAG4XPHB
761115,4XJYB4XK5G4XKCB4XKJG4XMNB4XMUG4XN1B4XN8G4XPFB
695967,4XK0B4XK7G4XKEB4XMIG4XMPB4XMWG4XN3B4XPAG4XPHB
866249,4XK0B4XKEB4XMPB4XN3B4XPHB4XPLR4XPVB4XPZR4XS6B
695972,4XJYB4XK5G4XKCB4XKJG4XMNB4XMUG4XN1B4XN8G4XPFB
866237,4XJYB4XK5G4XKCB4XKJG4XMNB4XMUG4XN1B4XN8G4XPFB
869237,4XJYB4XK5G4XKCB4XKJG4XMNB4XMUG4XN1B4XN8G4XPFB
761117,4XJYB4XK5G4XKCB4XKJG4XMNB4XMUG4XN1B4XN8G4XPFB
869218,4XJYB4XK5G4XKCB4XKJG4XMNB4XMUG4XN1B4XN8G4XPFB
871961,4XJYB4XK5G4XKCB4XKJG4XMNB4XMUG4XN1B4XN8G4XPFB
820886,4XJYB4XK5G4XKCB4XKJG4XMNB4XMUG4XN1B4XN8G4XPFB
871964,4XJYB4XK5G4XKCB4XKJG4XMNB4XMUG4XN1B4XN8G4XPFB
694188,4XJYB4XK5G4XKCB4XKJG4XMNB4XMUG4XN1B4XN8G4XPFB
1030847,4XJYB4XK5G4XKCB4XKJG4XMNB4XMUG4XN1B4XN8G4XPFB
870486,4XJYB4XK5G4XKCB4XKJG4XMNB4XMUG4XN1B4XN8G4XPFB
950468,4XJYB4XK5G4XKCB4XKJG4XMNB4XMUG4XN1B4XN8G4XPFB
869183,4XJYB4XK5G4XKCB4XKJG4XMNB4XMUG4XN1B4XN8G4XPFB
786645,4XK0B4XK7G4XKEB4XMIG4XMPB4XMWG4XN3B4XPAG4XPHB
761121,4XJYB4XK5G4XKCB4XKJG4XMNB4XMUG4XN1B4XN8G4XPFB
866874,4XJYB4XK5G4XKCB4XKJG4XMNB4XMUG4XN1B4XN8G4XPFB
866892,4XJYB4XK5G4XKCB4XKJG4XMNB4XMUG4XN1B4XN8G4XPFB
869078,4XK0B4XK7G4XKEB4XMIG4XMPB4XMWG4XN3B4XPAG4XPHB
761124,4XJYB4XK5G4XKCB4XKJG4XMNB4XMUG4XN1B4XN8G4XPFB
870738,4XJYB4XK5G4XKCB4XKJG4XMNB4XMUG4XN1B4XN8G4XPFB
1046296,4XJYB4XK5G4XKCB4XKJG4XMNB4XMUG4XN1B4XN8G4XPFB
869336,4XJYB4XK5G4XKCB4XKJG4XMNB4XMUG4XN1B4XN8G4XPFB
870718,4XJYB4XK5G4XKCB4XKJG4XMNB4XMUG4XN1B4XN8G4XPFB
872459,4XJYB4XK5G4XKCB4XKJG4XMNB4XMUG4XN1B4XN8G4XPFB
948340,4XJYB4XK5G4XKCB4XKJG4XMNB4XMUG4XN1B4XN8G4XPFB
1025886,4XJYB4XK5G4XKCB4XKJG4XMNB4XMUG4XN1B4XN8G4XPFB
872500,4XK0B4XK7G4XKEB4XMIG4XMPB4XMWG4XN3B4XPAG4XPHB
761126,4XJYB4XK5G4XKCB4XKJG4XMNB4XMUG4XN1B4XN8G4XPFB
867545,4XJYB4XK5G4XKCB4XKJG4XMNB4XMUG4XN1B4XN8G4XPFB
866253,4XJYB4XK5G4XKCB4XKJG4XMNB4XMUG4XN1B4XN8G4XPFB
868468,4XJYB4XK5G4XKCB4XKJG4XMNB4XMUG4XN1B4XN8G4XPFB
1032230,4XJYB4XK5G4XKCB4XKJG4XMNB4XMUG4XN1B4XN8G4XPFB
868410,4XJYB4XK5G4XKCB4XKJG4XMNB4XMUG4XN1B4XN8G4XPFB
868925,4XK0B4XK7G4XKEB4XMIG4XMPB4XMWG4XN3B4XPAG4XPHB
868429,4XJYB4XK5G4XKCB4XKJG4XMNB4XMUG4XN1B4XN8G4XPFB
737986,4XJYB4XK5G4XKCB4XKJG4XMNB4XMUG4XN1B4XN8G4XPFB
1040826,4XJYB4XK5G4XKCB4XKJG4XMNB4XMUG4XN1B4XN8G4XPFB
737987,4XJYB4XK5G4XKCB4XKJG4XMNB4XMUG4XN1B4XN8G4XPFB
1138820,4XJYB4XK5G4XKCB4XKJG4XMNB4XMUG4XN1B4XN8G4XPFB
1138821,4XJYB4XK5G4XKCB4XKJG4XMNB4XMUG4XN1B4XN8G4XPFB
1138822,4XJYB4XK5G4XKCB4XKJG4XMNB4XMUG4XN1B4XN8G4XPFB
866684,4XJYB4XK5G4XKCB4XKJG4XMNB4XMUG4XN1B4XN8G4XPFB
871951,4XJYB4XK5G4XKCB4XKJG4XMNB4XMUG4XN1B4XN8G4XPFB
869196,4XJYB4XK5G4XKCB4XKJG4XMNB4XMUG4XN1B4XN8G4XPFB
989916,4XJYB4XK5G4XKCB4XKJG4XMNB4XMUG4XN1B4XN8G4XPFB
1003258,4XJYB4XK5G4XKCB4XKJG4XMNB4XMUG4XN1B4XN8G4XPFB
988094,4XJYB4XK5G4XKCB4XKJG4XMNB4XMUG4XN1B4XN8G4XPFB
1023666,4XK0B4XK7G4XKEB4XMIG4XMPB4XMWG4XN3B4XPAG4XPHB
1108397,4XK0B4XK7G4XKEB4XMIG4XMPB4XMWG4XN3B4XPAG4XPHB
1025078,4XJYB4XK5G4XKCB4XKJG4XMNB4XMUG4XN1B4XN8G4XPFB
955448,4XJYB4XK5G4XKCB4XKJG4XMNB4XMUG4XN1B4XN8G4XPFB
785722,4XK0B4XK7G4XKEB4XMIG4XMPB4XMWG4XN3B4XPAG4XPHB
872042,4XK0B4XK7G4XKEB4XMIG4XMPB4XMWG4XN3B4XPAG4XPHB
906298,4XK0B4XK7G4XKEB4XMIG4XMPB4XMWG4XN3B4XPAG4XPHB
713898,4XJYB4XK5G4XKCB4XKJG4XMNB4XMUG4XN1B4XN8G4XPFB
716295,4XJYB4XK5G4XKCB4XKJG4XMNB4XMUG4XN1B4XN8G4XPFB
717577,4XJYB4XK5G4XKCB4XKJG4XMNB4XMUG4XN1B4XN8G4XPFB
871669,4XJYB4XK5G4XKCB4XKJG4XMNB4XMUG4XN1B4XN8G4XPFB
870335,4XJYB4XK5G4XKCB4XKJG4XMNB4XMUG4XN1B4XN8G4XPFB
871334,4XJYB4XK5G4XKCB4XKJG4XMNB4XMUG4XN1B4XN8G4XPFB
697474,4XJYB4XK5G4XKCB4XKJG4XMNB4XMUG4XN1B4XN8G4XPFB
871690,4XJYB4XK5G4XKCB4XKJG4XMNB4XMUG4XN1B4XN8G4XPFB
717579,4XJYB4XK5G4XKCB4XKJG4XMNB4XMUG4XN1B4XN8G4XPFB
1041119,4XJYB4XK5G4XKCB4XKJG4XMNB4XMUG4XN1B4XN8G4XPFB
697473,4XJYB4XK5G4XKCB4XKJG4XMNB4XMUG4XN1B4XN8G4XPFB
871702,4XJYB4XK5G4XKCB4XKJG4XMNB4XMUG4XN1B4XN8G4XPFB
869859,4XJYB4XK5G4XKCB4XKJG4XMNB4XMUG4XN1B4XN8G4XPFB
869865,4XJYB4XK5G4XKCB4XKJG4XMNB4XMUG4XN1B4XN8G4XPFB
869877,4XJYB4XK5G4XKCB4XKJG4XMNB4XMUG4XN1B4XN8G4XPFB
868892,4XJYB4XK5G4XKCB4XKJG4XMNB4XMUG4XN1B4XN8G4XPFB
868886,4XJYB4XK5G4XKCB4XKJG4XMNB4XMUG4XN1B4XN8G4XPFB
869849,4XJYB4XK5G4XKCB4XKJG4XMNB4XMUG4XN1B4XN8G4XPFB
1036657,4XJYB4XK5G4XKCB4XKJG4XMNB4XMUG4XN1B4XN8G4XPFB
870243,4XJYB4XK5G4XKCB4XKJG4XMNB4XMUG4XN1B4XN8G4XPFB
994955,4XJYB4XK5G4XKCB4XKJG4XMNB4XMUG4XN1B4XN8G4XPFB
869887,4XJYB4XK5G4XKCB4XKJG4XMNB4XMUG4XN1B4XN8G4XPFB
869907,4XJYB4XK5G4XKCB4XKJG4XMNB4XMUG4XN1B4XN8G4XPFB
869900,4XJYB4XK5G4XKCB4XKJG4XMNB4XMUG4XN1B4XN8G4XPFB
867455,4XJYB4XK5G4XKCB4XKJG4XMNB4XMUG4XN1B4XN8G4XPFB
830694,4XJYB4XK5G4XKCB4XKJG4XMNB4XMUG4XN1B4XN8G4XPFB
865779,4XJYB4XK5G4XKCB4XKJG4XMNB4XMUG4XN1B4XN8G4XPFB
1042510,4XJYB4XK5G4XKCB4XKJG4XMNB4XMUG4XN1B4XN8G4XPFB
699102,4XJYB4XK5G4XKCB4XKJG4XMNB4XMUG4XN1B4XN8G4XPFB
785034,4XJYB4XK5G4XKCB4XKJG4XMNB4XMUG4XN1B4XN8G4XPFB
866136,4XJYB4XK5G4XKCB4XKJG4XMNB4XMUG4XN1B4XN8G4XPFB
866120,4XJYB4XK5G4XKCB4XKJG4XMNB4XMUG4XN1B4XN8G4XPFB
871445,4XJYB4XK5G4XKCB4XKJG4XMNB4XMUG4XN1B4XN8G4XPFB
871461,4XJYB4XK5G4XKCB4XKJG4XMNB4XMUG4XN1B4XN8G4XPFB
739313,4XJYB4XK5G4XKCB4XKJG4XMNB4XMUG4XN1B4XN8G4XPFB
867648,4XJYB4XK5G4XKCB4XKJG4XMNB4XMUG4XN1B4XN8G4XPFB
735657,4XJYB4XK5G4XKCB4XKJG4XMNB4XMUG4XN1B4XN8G4XPFB
867650,4XJYB4XK5G4XKCB4XKJG4XMNB4XMUG4XN1B4XN8G4XPFB
865939,4XJYB4XK5G4XKCB4XKJG4XMNB4XMUG4XN1B4XN8G4XPFB
871489,4XJYB4XK5G4XKCB4XKJG4XMNB4XMUG4XN1B4XN8G4XPFB
865948,4XJYB4XK5G4XKCB4XKJG4XMNB4XMUG4XN1B4XN8G4XPFB
865941,4XJYB4XK5G4XKCB4XKJG4XMNB4XMUG4XN1B4XN8G4XPFB
871470,4XJYB4XK5G4XKCB4XKJG4XMNB4XMUG4XN1B4XN8G4XPFB
871485,4XJYB4XK5G4XKCB4XKJG4XMNB4XMUG4XN1B4XN8G4XPFB
789405,4XJYB4XK5G4XKCB4XKJG4XMNB4XMUG4XN1B4XN8G4XPFB
871168,4XJYB4XK5G4XKCB4XKJG4XMNB4XMUG4XN1B4XN8G4XPFB
1036665,4XJYB4XK5G4XKCB4XKJG4XMNB4XMUG4XN1B4XN8G4XPFB
871177,4XJYB4XK5G4XKCB4XKJG4XMNB4XMUG4XN1B4XN8G4XPFB
869823,4XJYB4XK5G4XKCB4XKJG4XMNB4XMUG4XN1B4XN8G4XPFB
737278,4XJYB4XK5G4XKCB4XKJG4XMNB4XMUG4XN1B4XN8G4XPFB
870139,4XJYB4XK5G4XKCB4XKJG4XMNB4XMUG4XN1B4XN8G4XPFB
871157,4XJYB4XK5G4XKCB4XKJG4XMNB4XMUG4XN1B4XN8G4XPFB
737280,4XJYB4XK5G4XKCB4XKJG4XMNB4XMUG4XN1B4XN8G4XPFB
869829,4XJYB4XK5G4XKCB4XKJG4XMNB4XMUG4XN1B4XN8G4XPFB
871173,4XJYB4XK5G4XKCB4XKJG4XMNB4XMUG4XN1B4XN8G4XPFB
871575,4XJYB4XK5G4XKCB4XKJG4XMNB4XMUG4XN1B4XN8G4XPFB
994981,4XJYB4XK5G4XKCB4XKJG4XMNB4XMUG4XN1B4XN8G4XPFB
871586,4XJYB4XK5G4XKCB4XKJG4XMNB4XMUG4XN1B4XN8G4XPFB
871195,4XJYB4XK5G4XKCB4XKJG4XMNB4XMUG4XN1B4XN8G4XPFB
871196,4XJYB4XK5G4XKCB4XKJG4XMNB4XMUG4XN1B4XN8G4XPFB
870259,4XJYB4XK5G4XKCB4XKJG4XMNB4XMUG4XN1B4XN8G4XPFB
867963,4XJYB4XK5G4XKCB4XKJG4XMNB4XMUG4XN1B4XN8G4XPFB
867972,4XJYB4XK5G4XKCB4XKJG4XMNB4XMUG4XN1B4XN8G4XPFB
998110,4XJYB4XK5G4XKCB4XKJG4XMNB4XMUG4XN1B4XN8G4XPFB
998107,4XJYB4XK5G4XKCB4XKJG4XMNB4XMUG4XN1B4XN8G4XPFB
867966,4XJYB4XK5G4XKCB4XKJG4XMNB4XMUG4XN1B4XN8G4XPFB
1047484,4XJYB4XK5G4XKCB4XKJG4XMNB4XMUG4XN1B4XN8G4XPFB
713905,4XJYB4XK5G4XKCB4XKJG4XMNB4XMUG4XN1B4XN8G4XPFB
997882,4XJYB4XK5G4XKCB4XKJG4XMNB4XMUG4XN1B4XN8G4XPFB
1030416,4XJYB4XK5G4XKCB4XKJG4XMNB4XMUG4XN1B4XN8G4XPFB
716290,4XJYB4XK5G4XKCB4XKJG4XMNB4XMUG4XN1B4XN8G4XPFB
716293,4XJYB4XK5G4XKCB4XKJG4XMNB4XMUG4XN1B4XN8G4XPFB
992736,4XJYB4XK5G4XKCB4XKJG4XMNB4XMUG4XN1B4XN8G4XPFB
716294,4XJYB4XK5G4XKCB4XKJG4XMNB4XMUG4XN1B4XN8G4XPFB
1013096,4XJYB4XK5G4XKCB4XKJG4XMNB4XMUG4XN1B4XN8G4XPFB
1023416,4XJYB4XK5G4XKCB4XKJG4XMNB4XMUG4XN1B4XN8G4XPFB
1048132,4XJZB4XK6G4XKDB4XMHG4XMOB4XMVG4XN2B4XP9G4XPGB
838285,4XJZB4XK6G4XKDB4XMHG4XMOB4XMVG4XN2B4XP9G4XPGB
1048131,4XJZB4XK6G4XKDB4XMHG4XMOB4XMVG4XN2B4XP9G4XPGB
838284,4XJZB4XK6G4XKDB4XMHG4XMOB4XMVG4XN2B4XP9G4XPGB
835692,4XJZB4XK6G4XKDB4XMHG4XMOB4XMVG4XN2B4XP9G4XPGB
838270,4XJZB4XK6G4XKDB4XMHG4XMOB4XMVG4XN2B4XP9G4XPGB
838268,4XJZB4XK6G4XKDB4XMHG4XMOB4XMVG4XN2B4XP9G4XPGB
1000865,4XJZB4XK6G4XKDB4XMHG4XMOB4XMVG4XN2B4XP9G4XPGB
838271,4XJZB4XK6G4XKDB4XMHG4XMOB4XMVG4XN2B4XP9G4XPGB
838294,4XJZB4XK6G4XKDB4XMHG4XMOB4XMVG4XN2B4XP9G4XPGB
838291,4XJZB4XK6G4XKDB4XMHG4XMOB4XMVG4XN2B4XP9G4XPGB
838290,4XJZB4XK6G4XKDB4XMHG4XMOB4XMVG4XN2B4XP9G4XPGB
853808,4XJZB4XK6G4XKDB4XMHG4XMOB4XMVG4XN2B4XP9G4XPGB
838287,4XJZB4XK6G4XKDB4XMHG4XMOB4XMVG4XN2B4XP9G4XPGB
838286,4XJZB4XK6G4XKDB4XMHG4XMOB4XMVG4XN2B4XP9G4XPGB
838269,4XJZB4XK6G4XKDB4XMHG4XMOB4XMVG4XN2B4XP9G4XPGB
838293,4XJZB4XK6G4XKDB4XMHG4XMOB4XMVG4XN2B4XP9G4XPGB
1023922,4XJZB4XK6G4XKDB4XMHG4XMOB4XMVG4XN2B4XP9G4XPGB
960250,4XK2G4XK9B4XKGG4XMKB4XMRG4XMYB4XN5G4XPCB4XPJG
894489,4XK2G4XK9B4XKGG4XMKB4XMRG4XMYB4XN5G4XPCB4XPJG
894490,4XK2G4XK9B4XKGG4XMKB4XMRG4XMYB4XN5G4XPCB4XPJG
698661,4XK2G4XK9B4XKGG4XMKB4XMRG4XMYB4XN5G4XPCB4XPJG
960251,4XK2G4XK9B4XKGG4XMKB4XMRG4XMYB4XN5G4XPCB4XPJG
914923,4XK2G4XK9B4XKGG4XMKB4XMRG4XMYB4XN5G4XPCB4XPJG
961209,4XK2G4XK9B4XKGG4XMKB4XMRG4XMYB4XN5G4XPCB4XPJG
959914,4XK2G4XK9B4XKGG4XMKB4XMRG4XMYB4XN5G4XPCB4XPJG
962444,4XK0G4XK7B4XKEG4XMIB4XMPG4XMWB4XN3G4XPAB4XPHG
914900,4XK2G4XK9B4XKGG4XMKB4XMRG4XMYB4XN5G4XPCB4XPJG
959920,4XK2G4XK9B4XKGG4XMKB4XMRG4XMYB4XN5G4XPCB4XPJG
960254,4XK2G4XK9B4XKGG4XMKB4XMRG4XMYB4XN5G4XPCB4XPJG
787706,4XK2G4XK9B4XKGG4XMKB4XMRG4XMYB4XN5G4XPCB4XPJG
959919,4XK2G4XK9B4XKGG4XMKB4XMRG4XMYB4XN5G4XPCB4XPJG
782324,4XK2G4XK9B4XKGG4XMKB4XMRG4XMYB4XN5G4XPCB4XPJG
959912,4XK2G4XK9B4XKGG4XMKB4XMRG4XMYB4XN5G4XPCB4XPJG
902828,4XK2G4XK9B4XKGG4XMKB4XMRG4XMYB4XN5G4XPCB4XPJG
914905,4XK2G4XK9B4XKGG4XMKB4XMRG4XMYB4XN5G4XPCB4XPJG
914908,4XK2G4XK9B4XKGG4XMKB4XMRG4XMYB4XN5G4XPCB4XPJG
761089,4XJXG4XK4B4XKBG4XKIB4XMMG4XMTB4XN0G4XN7B4XPEG
761087,4XJXG4XK4B4XKBG4XKIB4XMMG4XMTB4XN0G4XN7B4XPEG
760769,4XJXG4XK4B4XKBG4XKIB4XMMG4XMTB4XN0G4XN7B4XPEG
742354,4XJXG4XK4B4XKBG4XKIB4XMMG4XMTB4XN0G4XN7B4XPEG
1015632,4XJXG4XK4B4XKBG4XKIB4XMMG4XMTB4XN0G4XN7B4XPEG
783283,4XJXG4XK4B4XKBG4XKIB4XMMG4XMTB4XN0G4XN7B4XPEG
766641,4XJXG4XK4B4XKBG4XKIB4XMMG4XMTB4XN0G4XN7B4XPEG
720333,4XJXG4XK4B4XKBG4XKIB4XMMG4XMTB4XN0G4XN7B4XPEG
741087,4XJXG4XK4B4XKBG4XKIB4XMMG4XMTB4XN0G4XN7B4XPEG
908685,4XJXG4XK4B4XKBG4XKIB4XMMG4XMTB4XN0G4XN7B4XPEG
766312,4XJXG4XK4B4XKBG4XKIB4XMMG4XMTB4XN0G4XN7B4XPEG
764574,4XJXG4XK4B4XKBG4XKIB4XMMG4XMTB4XN0G4XN7B4XPEG
742336,4XJXG4XK4B4XKBG4XKIB4XMMG4XMTB4XN0G4XN7B4XPEG
863097,4XJXG4XK4B4XKBG4XKIB4XMMG4XMTB4XN0G4XN7B4XPEG
764563,4XJXG4XK4B4XKBG4XKIB4XMMG4XMTB4XN0G4XN7B4XPEG
764570,4XJXG4XK4B4XKBG4XKIB4XMMG4XMTB4XN0G4XN7B4XPEG
863096,4XJXG4XK4B4XKBG4XKIB4XMMG4XMTB4XN0G4XN7B4XPEG
764568,4XJXG4XK4B4XKBG4XKIB4XMMG4XMTB4XN0G4XN7B4XPEG
764567,4XJXG4XK4B4XKBG4XKIB4XMMG4XMTB4XN0G4XN7B4XPEG
764566,4XJXG4XK4B4XKBG4XKIB4XMMG4XMTB4XN0G4XN7B4XPEG
742337,4XJXG4XK4B4XKBG4XKIB4XMMG4XMTB4XN0G4XN7B4XPEG
761088,4XJXG4XK4B4XKBG4XKIB4XMMG4XMTB4XN0G4XN7B4XPEG
764571,4XJXG4XK4B4XKBG4XKIB4XMMG4XMTB4XN0G4XN7B4XPEG
764589,4XJXG4XK4B4XKBG4XKIB4XMMG4XMTB4XN0G4XN7B4XPEG
1006428,4XJXG4XK4B4XKBG4XKIB4XMMG4XMTB4XN0G4XN7B4XPEG
764587,4XJXG4XK4B4XKBG4XKIB4XMMG4XMTB4XN0G4XN7B4XPEG
764585,4XJXG4XK4B4XKBG4XKIB4XMMG4XMTB4XN0G4XN7B4XPEG
764584,4XJXG4XK4B4XKBG4XKIB4XMMG4XMTB4XN0G4XN7B4XPEG
764577,4XJXG4XK4B4XKBG4XKIB4XMMG4XMTB4XN0G4XN7B4XPEG
1015613,4XJXG4XK4B4XKBG4XKIB4XMMG4XMTB4XN0G4XN7B4XPEG
764582,4XJXG4XK4B4XKBG4XKIB4XMMG4XMTB4XN0G4XN7B4XPEG
863099,4XJXG4XK4B4XKBG4XKIB4XMMG4XMTB4XN0G4XN7B4XPEG
766317,4XJXG4XK4B4XKBG4XKIB4XMMG4XMTB4XN0G4XN7B4XPEG
785302,4XJXG4XK4B4XKBG4XKIB4XMMG4XMTB4XN0G4XN7B4XPEG
764580,4XJXG4XK4B4XKBG4XKIB4XMMG4XMTB4XN0G4XN7B4XPEG
863098,4XJXG4XK4B4XKBG4XKIB4XMMG4XMTB4XN0G4XN7B4XPEG
764578,4XJXG4XK4B4XKBG4XKIB4XMMG4XMTB4XN0G4XN7B4XPEG
720318,4XJXG4XK4B4XKBG4XKIB4XMMG4XMTB4XN0G4XN7B4XPEG
764564,4XJXG4XK4B4XKBG4XKIB4XMMG4XMTB4XN0G4XN7B4XPEG
741074,4XJXG4XK4B4XKBG4XKIB4XMMG4XMTB4XN0G4XN7B4XPEG
1009772,4XJXG4XK4B4XKBG4XKIB4XMMG4XMTB4XN0G4XN7B4XPEG
720330,4XJXG4XK4B4XKBG4XKIB4XMMG4XMTB4XN0G4XN7B4XPEG
720329,4XJXG4XK4B4XKBG4XKIB4XMMG4XMTB4XN0G4XN7B4XPEG
762465,4XK4B4XKIB4XMTB4XN7B4XPLB4XPQR4XPZB4XS1R
720317,4XJXG4XK4B4XKBG4XKIB4XMMG4XMTB4XN0G4XN7B4XPEG
720326,4XJXG4XK4B4XKBG4XKIB4XMMG4XMTB4XN0G4XN7B4XPEG
720324,4XJXG4XK4B4XKBG4XKIB4XMMG4XMTB4XN0G4XN7B4XPEG
720323,4XJXG4XK4B4XKBG4XKIB4XMMG4XMTB4XN0G4XN7B4XPEG
741073,4XJXG4XK4B4XKBG4XKIB4XMMG4XMTB4XN0G4XN7B4XPEG
720321,4XJXG4XK4B4XKBG4XKIB4XMMG4XMTB4XN0G4XN7B4XPEG
720319,4XJXG4XK4B4XKBG4XKIB4XMMG4XMTB4XN0G4XN7B4XPEG
720343,4XJXG4XK4B4XKBG4XKIB4XMMG4XMTB4XN0G4XN7B4XPEG
720327,4XJXG4XK4B4XKBG4XKIB4XMMG4XMTB4XN0G4XN7B4XPEG
863094,4XJXG4XK4B4XKBG4XKIB4XMMG4XMTB4XN0G4XN7B4XPEG
762463,4XJXG4XK4B4XKBG4XKIB4XMMG4XMTB4XN0G4XN7B4XPEG
764561,4XJXG4XK4B4XKBG4XKIB4XMMG4XMTB4XN0G4XN7B4XPEG
764560,4XJXG4XK4B4XKBG4XKIB4XMMG4XMTB4XN0G4XN7B4XPEG
764559,4XJXG4XK4B4XKBG4XKIB4XMMG4XMTB4XN0G4XN7B4XPEG
764558,4XJXG4XK4B4XKBG4XKIB4XMMG4XMTB4XN0G4XN7B4XPEG
720335,4XJXG4XK4B4XKBG4XKIB4XMMG4XMTB4XN0G4XN7B4XPEG
764555,4XJXG4XK4B4XKBG4XKIB4XMMG4XMTB4XN0G4XN7B4XPEG
741075,4XJXG4XK4B4XKBG4XKIB4XMMG4XMTB4XN0G4XN7B4XPEG
720342,4XJXG4XK4B4XKBG4XKIB4XMMG4XMTB4XN0G4XN7B4XPEG
720340,4XJXG4XK4B4XKBG4XKIB4XMMG4XMTB4XN0G4XN7B4XPEG
720339,4XJXG4XK4B4XKBG4XKIB4XMMG4XMTB4XN0G4XN7B4XPEG
762462,4XJXG4XK4B4XKBG4XKIB4XMMG4XMTB4XN0G4XN7B4XPEG
720337,4XJXG4XK4B4XKBG4XKIB4XMMG4XMTB4XN0G4XN7B4XPEG
720336,4XJXG4XK4B4XKBG4XKIB4XMMG4XMTB4XN0G4XN7B4XPEG
720727,4XJXG4XK4B4XKBG4XKIB4XMMG4XMTB4XN0G4XN7B4XPEG
764583,4XJXG4XK4B4XKBG4XKIB4XMMG4XMTB4XN0G4XN7B4XPEG
720723,4XJXG4XK4B4XKBG4XKIB4XMMG4XMTB4XN0G4XN7B4XPEG
741076,4XJXG4XK4B4XKBG4XKIB4XMMG4XMTB4XN0G4XN7B4XPEG
720722,4XJXG4XK4B4XKBG4XKIB4XMMG4XMTB4XN0G4XN7B4XPEG
720721,4XJXG4XK4B4XKBG4XKIB4XMMG4XMTB4XN0G4XN7B4XPEG
766217,4XJXG4XK4B4XKBG4XKIB4XMMG4XMTB4XN0G4XN7B4XPEG
864261,4XJXG4XK4B4XKBG4XKIB4XMMG4XMTB4XN0G4XN7B4XPEG
762461,4XJXG4XK4B4XKBG4XKIB4XMMG4XMTB4XN0G4XN7B4XPEG
720717,4XJXG4XK4B4XKBG4XKIB4XMMG4XMTB4XN0G4XN7B4XPEG
781826,4XJXG4XK4B4XKBG4XKIB4XMMG4XMTB4XN0G4XN7B4XPEG
720716,4XJXG4XK4B4XKBG4XKIB4XMMG4XMTB4XN0G4XN7B4XPEG
720715,4XK4B4XKIB4XMTB4XN7B4XPLB4XPQR4XPZB4XS1R
766219,4XJXG4XK4B4XKBG4XKIB4XMMG4XMTB4XN0G4XN7B4XPEG
766218,4XJXG4XK4B4XKBG4XKIB4XMMG4XMTB4XN0G4XN7B4XPEG
722017,4XJXG4XK4B4XKBG4XKIB4XMMG4XMTB4XN0G4XN7B4XPEG
720719,4XJXG4XK4B4XKBG4XKIB4XMMG4XMTB4XN0G4XN7B4XPEG
722023,4XJXG4XK4B4XKBG4XKIB4XMMG4XMTB4XN0G4XN7B4XPEG
741085,4XJXG4XK4B4XKBG4XKIB4XMMG4XMTB4XN0G4XN7B4XPEG
761092,4XJXG4XK4B4XKBG4XKIB4XMMG4XMTB4XN0G4XN7B4XPEG
722021,4XJXG4XK4B4XKBG4XKIB4XMMG4XMTB4XN0G4XN7B4XPEG
722020,4XJXG4XK4B4XKBG4XKIB4XMMG4XMTB4XN0G4XN7B4XPEG
722018,4XJXG4XK4B4XKBG4XKIB4XMMG4XMTB4XN0G4XN7B4XPEG
720726,4XJXG4XK4B4XKBG4XKIB4XMMG4XMTB4XN0G4XN7B4XPEG
1003476,4XJXG4XK4B4XKBG4XKIB4XMMG4XMTB4XN0G4XN7B4XPEG
722015,4XJXG4XK4B4XKBG4XKIB4XMMG4XMTB4XN0G4XN7B4XPEG
781827,4XJXG4XK4B4XKBG4XKIB4XMMG4XMTB4XN0G4XN7B4XPEG
766640,4XJXG4XK4B4XKBG4XKIB4XMMG4XMTB4XN0G4XN7B4XPEG
1141351,4XK1G4XK8B4XKFG4XMJB4XMQG4XMXB4XN4G4XPBB4XPIG
1141350,4XK1G4XK8B4XKFG4XMJB4XMQG4XMXB4XN4G4XPBB4XPIG
885107,4XK1B4XK8G4XKFB4XMJG4XMQB4XMXG4XN4B4XPBG4XPIB
885109,4XK1B4XK8G4XKFB4XMJG4XMQB4XMXG4XN4B4XPBG4XPIB
885112,4XK1B4XK8G4XKFB4XMJG4XMQB4XMXG4XN4B4XPBG4XPIB
885097,4XK1B4XK8G4XKFB4XMJG4XMQB4XMXG4XN4B4XPBG4XPIB
884766,4XK1B4XK8G4XKFB4XMJG4XMQB4XMXG4XN4B4XPBG4XPIB
884771,4XK1B4XK8G4XKFB4XMJG4XMQB4XMXG4XN4B4XPBG4XPIB
790037,4XK1B4XK8G4XKFB4XMJG4XMQB4XMXG4XN4B4XPBG4XPIB
823359,4XK1B4XK8G4XKFB4XMJG4XMQB4XMXG4XN4B4XPBG4XPIB
885099,4XK1B4XK8G4XKFB4XMJG4XMQB4XMXG4XN4B4XPBG4XPIB
1031756,4XK1B4XK8G4XKFB4XMJG4XMQB4XMXG4XN4B4XPBG4XPIB
884713,4XK1B4XK8G4XKFB4XMJG4XMQB4XMXG4XN4B4XPBG4XPIB
884722,4XK1B4XK8G4XKFB4XMJG4XMQB4XMXG4XN4B4XPBG4XPIB
884718,4XK1B4XK8G4XKFB4XMJG4XMQB4XMXG4XN4B4XPBG4XPIB
884721,4XK1B4XK8G4XKFB4XMJG4XMQB4XMXG4XN4B4XPBG4XPIB
1033179,4XK1B4XK8G4XKFB4XMJG4XMQB4XMXG4XN4B4XPBG4XPIB
926507,4XK1B4XK8G4XKFB4XMJG4XMQB4XMXG4XN4B4XPBG4XPIB
926508,4XK1B4XK8G4XKFB4XMJG4XMQB4XMXG4XN4B4XPBG4XPIB
1021062,4XK1B4XK8G4XKFB4XMJG4XMQB4XMXG4XN4B4XPBG4XPIB
1014045,4XK1B4XK8G4XKFB4XMJG4XMQB4XMXG4XN4B4XPBG4XPIB
664195,4XK1B4XK8G4XKFB4XMJG4XMQB4XMXG4XN4B4XPBG4XPIB
664192,4XK1B4XK8G4XKFB4XMJG4XMQB4XMXG4XN4B4XPBG4XPIB
664198,4XK1B4XK8G4XKFB4XMJG4XMQB4XMXG4XN4B4XPBG4XPIB
884729,4XK1B4XK8G4XKFB4XMJG4XMQB4XMXG4XN4B4XPBG4XPIB
884734,4XK1B4XK8G4XKFB4XMJG4XMQB4XMXG4XN4B4XPBG4XPIB
841221,4XK1B4XK8G4XKFB4XMJG4XMQB4XMXG4XN4B4XPBG4XPIB
661652,4XK1B4XK8G4XKFB4XMJG4XMQB4XMXG4XN4B4XPBG4XPIB
999068,4XK1B4XK8G4XKFB4XMJG4XMQB4XMXG4XN4B4XPBG4XPIB
882428,4XK1B4XK8G4XKFB4XMJG4XMQB4XMXG4XN4B4XPBG4XPIB
882432,4XK1B4XK8G4XKFB4XMJG4XMQB4XMXG4XN4B4XPBG4XPIB
1014473,4XK1B4XK8G4XKFB4XMJG4XMQB4XMXG4XN4B4XPBG4XPIB
882423,4XK1B4XK8G4XKFB4XMJG4XMQB4XMXG4XN4B4XPBG4XPIB
927686,4XK1B4XKFB4XMQB4XN4B4XPIB4XPWB
884753,4XK1B4XK8G4XKFB4XMJG4XMQB4XMXG4XN4B4XPBG4XPIB
927689,4XK1B4XK8G4XKFB4XMJG4XMQB4XMXG4XN4B4XPBG4XPIB
927693,4XK1B4XK8G4XKFB4XMJG4XMQB4XMXG4XN4B4XPBG4XPIB
926385,4XK1B4XK8G4XKFB4XMJG4XMQB4XMXG4XN4B4XPBG4XPIB
926381,4XK1B4XK8G4XKFB4XMJG4XMQB4XMXG4XN4B4XPBG4XPIB
927680,4XK1B4XK8G4XKFB4XMJG4XMQB4XMXG4XN4B4XPBG4XPIB
926387,4XK1B4XK8G4XKFB4XMJG4XMQB4XMXG4XN4B4XPBG4XPIB
926390,4XK1B4XK8G4XKFB4XMJG4XMQB4XMXG4XN4B4XPBG4XPIB
661656,4XK1B4XK8G4XKFB4XMJG4XMQB4XMXG4XN4B4XPBG4XPIB
782567,4XK1B4XK8G4XKFB4XMJG4XMQB4XMXG4XN4B4XPBG4XPIB
926329,4XK1B4XK8G4XKFB4XMJG4XMQB4XMXG4XN4B4XPBG4XPIB
926306,4XK1B4XK8G4XKFB4XMJG4XMQB4XMXG4XN4B4XPBG4XPIB
664196,4XK1B4XK8G4XKFB4XMJG4XMQB4XMXG4XN4B4XPBG4XPIB
926311,4XK1B4XK8G4XKFB4XMJG4XMQB4XMXG4XN4B4XPBG4XPIB
926314,4XK1B4XK8G4XKFB4XMJG4XMQB4XMXG4XN4B4XPBG4XPIB
926347,4XK1B4XK8G4XKFB4XMJG4XMQB4XMXG4XN4B4XPBG4XPIB
926353,4XK1B4XK8G4XKFB4XMJG4XMQB4XMXG4XN4B4XPBG4XPIB
651058,4XK1B4XK8G4XKFB4XMJG4XMQB4XMXG4XN4B4XPBG4XPIB
651063,4XK1B4XK8G4XKFB4XMJG4XMQB4XMXG4XN4B4XPBG4XPIB
825307,4XK1B4XK8G4XKFB4XMJG4XMQB4XMXG4XN4B4XPBG4XPIB
884760,4XK1B4XK8G4XKFB4XMJG4XMQB4XMXG4XN4B4XPBG4XPIB
926332,4XK1B4XK8G4XKFB4XMJG4XMQB4XMXG4XN4B4XPBG4XPIB
905714,4XK1B4XK8G4XKFB4XMJG4XMQB4XMXG4XN4B4XPBG4XPIB
853809,4XK1B4XK8G4XKFB4XMJG4XMQB4XMXG4XN4B4XPBG4XPIB
900916,4XK1B4XK8G4XKFB4XMJG4XMQB4XMXG4XN4B4XPBG4XPIB
646303,4XK1B4XK8G4XKFB4XMJG4XMQB4XMXG4XN4B4XPBG4XPIB
992025,4XK1B4XK8G4XKFB4XMJG4XMQB4XMXG4XN4B4XPBG4XPIB
646300,4XK1B4XK8G4XKFB4XMJG4XMQB4XMXG4XN4B4XPBG4XPIB
825308,4XK1B4XK8G4XKFB4XMJG4XMQB4XMXG4XN4B4XPBG4XPIB
691410,4XK1B4XK8G4XKFB4XMJG4XMQB4XMXG4XN4B4XPBG4XPIB
691405,4XK1B4XK8G4XKFB4XMJG4XMQB4XMXG4XN4B4XPBG4XPIB
853810,4XK1B4XK8G4XKFB4XMJG4XMQB4XMXG4XN4B4XPBG4XPIB
651067,4XK1B4XK8G4XKFB4XMJG4XMQB4XMXG4XN4B4XPBG4XPIB
1044659,4XK1B4XK8G4XKFB4XMJG4XMQB4XMXG4XN4B4XPBG4XPIB
651064,4XK1B4XK8G4XKFB4XMJG4XMQB4XMXG4XN4B4XPBG4XPIB
1046558,4XK1B4XK8G4XKFB4XMJG4XMQB4XMXG4XN4B4XPBG4XPIB
651078,4XK1B4XK8G4XKFB4XMJG4XMQB4XMXG4XN4B4XPBG4XPIB
905715,4XK1B4XK8G4XKFB4XMJG4XMQB4XMXG4XN4B4XPBG4XPIB
651082,4XK1B4XK8G4XKFB4XMJG4XMQB4XMXG4XN4B4XPBG4XPIB
853811,4XK1B4XK8G4XKFB4XMJG4XMQB4XMXG4XN4B4XPBG4XPIB
651077,4XK1B4XK8G4XKFB4XMJG4XMQB4XMXG4XN4B4XPBG4XPIB
853812,4XK1B4XK8G4XKFB4XMJG4XMQB4XMXG4XN4B4XPBG4XPIB
651056,4XK1B4XK8G4XKFB4XMJG4XMQB4XMXG4XN4B4XPBG4XPIB
853813,4XK1B4XK8G4XKFB4XMJG4XMQB4XMXG4XN4B4XPBG4XPIB
860715,4XK1B4XK8G4XKFB4XMJG4XMQB4XMXG4XN4B4XPBG4XPIB
990926,4XK1B4XK8G4XKFB4XMJG4XMQB4XMXG4XN4B4XPBG4XPIB
789138,4XK1B4XK8G4XKFB4XMJG4XMQB4XMXG4XN4B4XPBG4XPIB
1014253,4XK1G4XK8B4XKFG4XMJB4XMQG4XMXB4XN4G4XPBB4XPIG
839393,4XK1G4XK8B4XKFG4XMJB4XMQG4XMXB4XN4G4XPBB4XPIG
899191,4XK1G4XK8B4XKFG4XMJB4XMQG4XMXB4XN4G4XPBB4XPIG
899192,4XK1G4XK8B4XKFG4XMJB4XMQG4XMXB4XN4G4XPBB4XPIG
843425,4XK1G4XK8B4XKFG4XMJB4XMQG4XMXB4XN4G4XPBB4XPIG
843427,4XK1G4XK8B4XKFG4XMJB4XMQG4XMXB4XN4G4XPBB4XPIG
784096,4XK1G4XK8B4XKFG4XMJB4XMQG4XMXB4XN4G4XPBB4XPIG
843444,4XK1G4XK8B4XKFG4XMJB4XMQG4XMXB4XN4G4XPBB4XPIG
998662,4XK1G4XK8B4XKFG4XMJB4XMQG4XMXB4XN4G4XPBB4XPIG
839043,4XK1G4XK8B4XKFG4XMJB4XMQG4XMXB4XN4G4XPBB4XPIG
839390,4XK1G4XK8B4XKFG4XMJB4XMQG4XMXB4XN4G4XPBB4XPIG
839386,4XK1G4XK8B4XKFG4XMJB4XMQG4XMXB4XN4G4XPBB4XPIG
825483,4XK1G4XK8B4XKFG4XMJB4XMQG4XMXB4XN4G4XPBB4XPIG
784095,4XK1G4XK8B4XKFG4XMJB4XMQG4XMXB4XN4G4XPBB4XPIG
843430,4XK1G4XK8B4XKFG4XMJB4XMQG4XMXB4XN4G4XPBB4XPIG
843420,4XK1G4XK8B4XKFG4XMJB4XMQG4XMXB4XN4G4XPBB4XPIG
843426,4XK1G4XK8B4XKFG4XMJB4XMQG4XMXB4XN4G4XPBB4XPIG
843423,4XK1G4XK8B4XKFG4XMJB4XMQG4XMXB4XN4G4XPBB4XPIG
998661,4XK1G4XK8B4XKFG4XMJB4XMQG4XMXB4XN4G4XPBB4XPIG
843436,4XK1G4XK8B4XKFG4XMJB4XMQG4XMXB4XN4G4XPBB4XPIG
742632,4XK1G4XK8B4XKFG4XMJB4XMQG4XMXB4XN4G4XPBB4XPIG
825486,4XK1G4XK8B4XKFG4XMJB4XMQG4XMXB4XN4G4XPBB4XPIG
763401,4XK1G4XK8B4XKFG4XMJB4XMQG4XMXB4XN4G4XPBB4XPIG
818227,4XK1B4XK8G4XKFB4XMJG4XMQB4XMXG4XN4B4XPBG4XPIB
818223,4XK1B4XK8G4XKFB4XMJG4XMQB4XMXG4XN4B4XPBG4XPIB
814195,4XK1B4XK8G4XKFB4XMJG4XMQB4XMXG4XN4B4XPBG4XPIB
813043,4XK1B4XK8G4XKFB4XMJG4XMQB4XMXG4XN4B4XPBG4XPIB
813046,4XK1B4XK8G4XKFB4XMJG4XMQB4XMXG4XN4B4XPBG4XPIB
813048,4XK1B4XK8G4XKFB4XMJG4XMQB4XMXG4XN4B4XPBG4XPIB
813034,4XK1B4XK8G4XKFB4XMJG4XMQB4XMXG4XN4B4XPBG4XPIB
818208,4XK1B4XK8G4XKFB4XMJG4XMQB4XMXG4XN4B4XPBG4XPIB
813030,4XK1B4XK8G4XKFB4XMJG4XMQB4XMXG4XN4B4XPBG4XPIB
814186,4XK1B4XK8G4XKFB4XMJG4XMQB4XMXG4XN4B4XPBG4XPIB
814190,4XK1B4XK8G4XKFB4XMJG4XMQB4XMXG4XN4B4XPBG4XPIB
818216,4XK1B4XK8G4XKFB4XMJG4XMQB4XMXG4XN4B4XPBG4XPIB
818230,4XK1B4XK8G4XKFB4XMJG4XMQB4XMXG4XN4B4XPBG4XPIB
825362,4XK1B4XK8G4XKFB4XMJG4XMQB4XMXG4XN4B4XPBG4XPIB
818235,4XK1B4XK8G4XKFB4XMJG4XMQB4XMXG4XN4B4XPBG4XPIB
818238,4XK1B4XK8G4XKFB4XMJG4XMQB4XMXG4XN4B4XPBG4XPIB
818217,4XK1B4XK8G4XKFB4XMJG4XMQB4XMXG4XN4B4XPBG4XPIB
805119,4XJXB4XK4G4XKBB4XKIG4XMMB4XMTG4XN0B4XN7G4XPEB
886033,4XJXB4XK4G4XKBB4XKIG4XMMB4XMTG4XN0B4XN7G4XPEB
864709,4XJXB4XK4G4XKBB4XKIG4XMMB4XMTG4XN0B4XN7G4XPEB
805116,4XJXB4XK4G4XKBB4XKIG4XMMB4XMTG4XN0B4XN7G4XPEB
841168,4XJXB4XK4G4XKBB4XKIG4XMMB4XMTG4XN0B4XN7G4XPEB
762678,4XJXB4XK4G4XKBB4XKIG4XMMB4XMTG4XN0B4XN7G4XPEB
843772,4XJXB4XK4G4XKBB4XKIG4XMMB4XMTG4XN0B4XN7G4XPEB
860870,4XJXB4XK4G4XKBB4XKIG4XMMB4XMTG4XN0B4XN7G4XPEB
843766,4XJXB4XK4G4XKBB4XKIG4XMMB4XMTG4XN0B4XN7G4XPEB
659965,4XJXB4XK4G4XKBB4XKIG4XMMB4XMTG4XN0B4XN7G4XPEB
659589,4XJXB4XK4G4XKBB4XKIG4XMMB4XMTG4XN0B4XN7G4XPEB
807664,4XJXB4XK4G4XKBB4XKIG4XMMB4XMTG4XN0B4XN7G4XPEB
1010456,4XJXB4XK4G4XKBB4XKIG4XMMB4XMTG4XN0B4XN7G4XPEB
807325,4XJXB4XK4G4XKBB4XKIG4XMMB4XMTG4XN0B4XN7G4XPEB
925572,4XJXB4XK4G4XKBB4XKIG4XMMB4XMTG4XN0B4XN7G4XPEB
807322,4XJXB4XK4G4XKBB4XKIG4XMMB4XMTG4XN0B4XN7G4XPEB
1010457,4XJXB4XK4G4XKBB4XKIG4XMMB4XMTG4XN0B4XN7G4XPEB
807321,4XJXB4XK4G4XKBB4XKIG4XMMB4XMTG4XN0B4XN7G4XPEB
925593,4XJXB4XK4G4XKBB4XKIG4XMMB4XMTG4XN0B4XN7G4XPEB
809081,4XJXB4XK4G4XKBB4XKIG4XMMB4XMTG4XN0B4XN7G4XPEB
823627,4XJXB4XK4G4XKBB4XKIG4XMMB4XMTG4XN0B4XN7G4XPEB
925592,4XJXB4XK4G4XKBB4XKIG4XMMB4XMTG4XN0B4XN7G4XPEB
805197,4XJXB4XK4G4XKBB4XKIG4XMMB4XMTG4XN0B4XN7G4XPEB
662420,4XJXB4XK4G4XKBB4XKIG4XMMB4XMTG4XN0B4XN7G4XPEB
809028,4XJXB4XK4G4XKBB4XKIG4XMMB4XMTG4XN0B4XN7G4XPEB
806922,4XJXB4XK4G4XKBB4XKIG4XMMB4XMTG4XN0B4XN7G4XPEB
1000210,4XJXB4XK4G4XKBB4XKIG4XMMB4XMTG4XN0B4XN7G4XPEB
846617,4XJXB4XK4G4XKBB4XKIG4XMMB4XMTG4XN0B4XN7G4XPEB
809026,4XJXB4XK4G4XKBB4XKIG4XMMB4XMTG4XN0B4XN7G4XPEB
846618,4XJXB4XK4G4XKBB4XKIG4XMMB4XMTG4XN0B4XN7G4XPEB
660877,4XJXB4XK4G4XKBB4XKIG4XMMB4XMTG4XN0B4XN7G4XPEB
820619,4XJXB4XK4G4XKBB4XKIG4XMMB4XMTG4XN0B4XN7G4XPEB
809024,4XK4G4XKIG4XMTG4XN7G4XPLG4XPVR4XPZG4XS6R
809023,4XJXB4XK4G4XKBB4XKIG4XMMB4XMTG4XN0B4XN7G4XPEB
805199,4XJXB4XK4G4XKBB4XKIG4XMMB4XMTG4XN0B4XN7G4XPEB
860871,4XJXB4XK4G4XKBB4XKIG4XMMB4XMTG4XN0B4XN7G4XPEB
809020,4XJXB4XK4G4XKBB4XKIG4XMMB4XMTG4XN0B4XN7G4XPEB
931914,4XJXB4XK4G4XKBB4XKIG4XMMB4XMTG4XN0B4XN7G4XPEB
809019,4XJXB4XK4G4XKBB4XKIG4XMMB4XMTG4XN0B4XN7G4XPEB
805270,4XK4G4XKIG4XMTG4XN7G4XPLG4XPVR4XPZG4XS6R
761268,4XJXB4XK4G4XKBB4XKIG4XMMB4XMTG4XN0B4XN7G4XPEB
761270,4XJXB4XK4G4XKBB4XKIG4XMMB4XMTG4XN0B4XN7G4XPEB
761272,4XJXB4XK4G4XKBB4XKIG4XMMB4XMTG4XN0B4XN7G4XPEB
820620,4XJXB4XK4G4XKBB4XKIG4XMMB4XMTG4XN0B4XN7G4XPEB
1015738,4XJXB4XK4G4XKBB4XKIG4XMMB4XMTG4XN0B4XN7G4XPEB
761275,4XJXB4XK4G4XKBB4XKIG4XMMB4XMTG4XN0B4XN7G4XPEB
761277,4XJXB4XK4G4XKBB4XKIG4XMMB4XMTG4XN0B4XN7G4XPEB
931913,4XJXB4XK4G4XKBB4XKIG4XMMB4XMTG4XN0B4XN7G4XPEB
660871,4XJXB4XK4G4XKBB4XKIG4XMMB4XMTG4XN0B4XN7G4XPEB
665311,4XJXB4XK4G4XKBB4XKIG4XMMB4XMTG4XN0B4XN7G4XPEB
886036,4XJXB4XK4G4XKBB4XKIG4XMMB4XMTG4XN0B4XN7G4XPEB
