724419,4XMIG4XMPB4XMWG4XN3B4XPAG4XPHB4XPOG4XPVB4XPXR
724401,4XMIG4XMPB4XMWG4XN3B4XPAG4XPHB4XPOG4XPVB4XPXR
624075,4XMIG4XMPB4XMWG4XN3B4XPAG4XPHB4XPOG4XPVB4XPXR
724413,4XMIG4XMPB4XMWG4XN3B4XPAG4XPHB4XPOG4XPVB4XQ2G
724404,4XMIG4XMPB4XMWG4XN3B4XPAG4XPHB4XPOG4XPVB4XPXR
724414,4XMIG4XMPB4XMWG4XN3B4XPAG4XPHB4XPOG4XPVB4XPXR
724416,4XMIG4XMPB4XMWG4XN3B4XPAG4XPHB4XPOG4XPVB4XPXR
1015153,4XMIG4XMPB4XMWG4XN3B4XPAG4XPHB4XPOG4XPVB4XPXR
663963,4XMIG4XMPB4XMWG4XN3B4XPAG4XPHB4XPOG4XPVB4XPXR
724406,4XMIG4XMPB4XMWG4XN3B4XPAG4XPHB4XPOG4XPVB4XPXR
724408,4XMIG4XMPB4XMWG4XN3B4XPAG4XPHB4XPOG4XPVB4XPXR
724410,4XMIG4XMPB4XMWG4XN3B4XPAG4XPHB4XPOG4XPVB4XPXR
1118907,4XKIB4XMMG4XMTB4XN0G4XN7B4XPEG4XPLB4XPSG4XPXR
1118908,4XKIB4XMMG4XMTB4XN0G4XN7B4XPEG4XPLB4XPSG4XPXR
1118909,4XKIB4XMMG4XMTB4XN0G4XN7B4XPEG4XPLB4XPSG4XPXR
1118910,4XKIB4XMMG4XMTB4XN0G4XN7B4XPEG4XPLB4XPSG4XPXR
1118911,4XKIB4XMMG4XMTB4XN0G4XN7B4XPEG4XPLB4XPSG4XPXR
705204,4XMIB4XMPB4XMRG4XMWB4XN3B4XN5G4XPAB4XPHB4XPJG
906165,4XMIB4XMPB4XMRG4XMWB4XN3B4XN5G4XPAB4XPHB4XPJG
770979,4XMIB4XMPB4XMRG4XMWB4XN3B4XN5G4XPAB4XPHB4XPJG
770996,4XMIB4XMPB4XMRG4XMWB4XN3B4XN5G4XPAB4XPHB4XPJG
1026068,4XMIB4XMPB4XMRG4XMWB4XN3B4XN5G4XPAB4XPHB4XPJG
729825,4XMIB4XMPB4XMRG4XMWB4XN3B4XN5G4XPAB4XPHB4XPJG
768775,4XMIB4XMPB4XMRG4XMWB4XN3B4XN5G4XPAB4XPHB4XPJG
768782,4XMIB4XMPB4XMRG4XMWB4XN3B4XN5G4XPAB4XPHB4XPJG
729829,4XMIB4XMPB4XMRG4XMWB4XN3B4XN5G4XPAB4XPHB4XPJG
729413,4XMIB4XMPB4XMRG4XMWB4XN3B4XN5G4XPAB4XPHB4XPJG
729419,4XMIB4XMPB4XMRG4XMWB4XN3B4XN5G4XPAB4XPHB4XPJG
729761,4XMIB4XMPB4XMRG4XMWB4XN3B4XN5G4XPAB4XPHB4XPJG
732584,4XMIB4XMPB4XMRG4XMWB4XN3B4XN5G4XPAB4XPHB4XPJG
732588,4XMIB4XMPB4XMRG4XMWB4XN3B4XN5G4XPAB4XPHB4XPJG
729405,4XMIB4XMPB4XMRG4XMWB4XN3B4XN5G4XPAB4XPHB4XPJG
729785,4XMIB4XMPB4XMRG4XMWB4XN3B4XN5G4XPAB4XPHB4XPJG
901629,4XMIB4XMPB4XMRG4XMWB4XN3B4XN5G4XPAB4XPHB4XPJG
729792,4XMIB4XMPB4XMRG4XMWB4XN3B4XN5G4XPAB4XPHB4XPJG
729774,4XMIB4XMPB4XMRG4XMWB4XN3B4XN5G4XPAB4XPHB4XPJG
729769,4XMIB4XMPB4XMRG4XMWB4XN3B4XN5G4XPAB4XPHB4XPJG
729773,4XMIB4XMPB4XMRG4XMWB4XN3B4XN5G4XPAB4XPHB4XPJG
729779,4XMIB4XMPB4XMRG4XMWB4XN3B4XN5G4XPAB4XPHB4XPJG
729782,4XMIB4XMPB4XMRG4XMWB4XN3B4XN5G4XPAB4XPHB4XPJG
732783,4XMIB4XMPB4XMRG4XMWB4XN3B4XN5G4XPAB4XPHB4XPJG
732792,4XMIB4XMPB4XMRG4XMWB4XN3B4XN5G4XPAB4XPHB4XPJG
729741,4XMIB4XMPB4XMRG4XMWB4XN3B4XN5G4XPAB4XPHB4XPJG
729746,4XMIB4XMPB4XMRG4XMWB4XN3B4XN5G4XPAB4XPHB4XPJG
705168,4XMIB4XMPB4XMRG4XMWB4XN3B4XN5G4XPAB4XPHB4XPJG
729752,4XMIB4XMPB4XMRG4XMWB4XN3B4XN5G4XPAB4XPHB4XPJG
949130,4XMIB4XMPB4XMRG4XMWB4XN3B4XN5G4XPAB4XPHB4XPJG
732818,4XMIB4XMPB4XMRG4XMWB4XN3B4XN5G4XPAB4XPHB4XPJG
732816,4XMIB4XMPB4XMRG4XMWB4XN3B4XN5G4XPAB4XPHB4XPJG
732802,4XMIB4XMPB4XMRG4XMWB4XN3B4XN5G4XPAB4XPHB4XPJG
732815,4XMIB4XMPB4XMRG4XMWB4XN3B4XN5G4XPAB4XPHB4XPJG
731504,4XMIB4XMPB4XMRG4XMWB4XN3B4XN5G4XPAB4XPHB4XPJG
996098,4XMIB4XMPB4XMRG4XMWB4XN3B4XN5G4XPAB4XPHB4XPJG
731155,4XMIB4XMPB4XMRG4XMWB4XN3B4XN5G4XPAB4XPHB4XPJG
1019589,4XMIB4XMPB4XMRG4XMWB4XN3B4XN5G4XPAB4XPHB4XPJG
731162,4XMIB4XMPB4XMRG4XMWB4XN3B4XN5G4XPAB4XPHB4XPJG
731157,4XMIB4XMPB4XMRG4XMWB4XN3B4XN5G4XPAB4XPHB4XPJG
731174,4XMIB4XMPB4XMRG4XMWB4XN3B4XN5G4XPAB4XPHB4XPJG
729725,4XMIB4XMPB4XMRG4XMWB4XN3B4XN5G4XPAB4XPHB4XPJG
705216,4XMIB4XMPB4XMRG4XMWB4XN3B4XN5G4XPAB4XPHB4XPJG
729738,4XMIB4XMPB4XMRG4XMWB4XN3B4XN5G4XPAB4XPHB4XPJG
731519,4XMIB4XMPB4XMRG4XMWB4XN3B4XN5G4XPAB4XPHB4XPJG
729720,4XMIB4XMPB4XMRG4XMWB4XN3B4XN5G4XPAB4XPHB4XPJG
731529,4XMIB4XMPB4XMRG4XMWB4XN3B4XN5G4XPAB4XPHB4XPJG
727296,4XMIB4XMPB4XMRG4XMWB4XN3B4XN5G4XPAB4XPHB4XPJG
770966,4XMIB4XMPB4XMRG4XMWB4XN3B4XN5G4XPAB4XPHB4XPJG
770972,4XMIB4XMPB4XMRG4XMWB4XN3B4XN5G4XPAB4XPHB4XPJG
770971,4XMIB4XMPB4XMRG4XMWB4XN3B4XN5G4XPAB4XPHB4XPJG
772907,4XMIB4XMPB4XMRG4XMWB4XN3B4XN5G4XPAB4XPHB4XPJG
770962,4XMIB4XMPB4XMRG4XMWB4XN3B4XN5G4XPAB4XPHB4XPJG
1142283,4XMIB4XMPB4XMRG4XMWB4XN3B4XN5G4XPAB4XPHB4XPJG
1010789,4XMIB4XMPB4XMRG4XMWB4XN3B4XN5G4XPAB4XPHB4XPJG
908722,4XMIB4XMPB4XMRG4XMWB4XN3B4XN5G4XPAB4XPHB4XPJG
768813,4XMIB4XMPB4XMRG4XMWB4XN3B4XN5G4XPAB4XPHB4XPJG
772905,4XMIB4XMPB4XMRG4XMWB4XN3B4XN5G4XPAB4XPHB4XPJG
950904,4XMIB4XMPB4XMRG4XMWB4XN3B4XN5G4XPAB4XPHB4XPJG
699965,4XMIB4XMPB4XMRG4XMWB4XN3B4XN5G4XPAB4XPHB4XPJG
731319,4XMIB4XMPB4XMRG4XMWB4XN3B4XN5G4XPAB4XPHB4XPJG
785447,4XMIB4XMPB4XMRG4XMWB4XN3B4XN5G4XPAB4XPHB4XPJG
1018261,4XMIB4XMPB4XMRG4XMWB4XN3B4XN5G4XPAB4XPHB4XPJG
1018262,4XMIB4XMPB4XMRG4XMWB4XN3B4XN5G4XPAB4XPHB4XPJG
1018263,4XMIB4XMPB4XMRG4XMWB4XN3B4XN5G4XPAB4XPHB4XPJG
1018264,4XMIB4XMPB4XMRG4XMWB4XN3B4XN5G4XPAB4XPHB4XPJG
767696,4XMIB4XMPB4XMRG4XMWB4XN3B4XN5G4XPAB4XPHB4XPJG
767704,4XMIB4XMPB4XMRG4XMWB4XN3B4XN5G4XPAB4XPHB4XPJG
768740,4XMIB4XMPB4XMRG4XMWB4XN3B4XN5G4XPAB4XPHB4XPJG
772240,4XMIB4XMPB4XMRG4XMWB4XN3B4XN5G4XPAB4XPHB4XPJG
772236,4XMIB4XMPB4XMRG4XMWB4XN3B4XN5G4XPAB4XPHB4XPJG
772222,4XMIB4XMPB4XMRG4XMWB4XN3B4XN5G4XPAB4XPHB4XPJG
769376,4XMIB4XMPB4XMRG4XMWB4XN3B4XN5G4XPAB4XPHB4XPJG
771035,4XMIB4XMPB4XMRG4XMWB4XN3B4XN5G4XPAB4XPHB4XPJG
771041,4XMIB4XMPB4XMRG4XMWB4XN3B4XN5G4XPAB4XPHB4XPJG
781495,4XMIB4XMPB4XMRG4XMWB4XN3B4XN5G4XPAB4XPHB4XPJG
770677,4XMIB4XMPB4XMRG4XMWB4XN3B4XN5G4XPAB4XPHB4XPJG
772215,4XMIB4XMPB4XMRG4XMWB4XN3B4XN5G4XPAB4XPHB4XPJG
901979,4XMIB4XMPB4XMRG4XMWB4XN3B4XN5G4XPAB4XPHB4XPJG
769301,4XMIB4XMPB4XMRG4XMWB4XN3B4XN5G4XPAB4XPHB4XPJG
769311,4XMIB4XMPB4XMRG4XMWB4XN3B4XN5G4XPAB4XPHB4XPJG
949507,4XMIB4XMPB4XMRG4XMWB4XN3B4XN5G4XPAB4XPHB4XPJG
772203,4XMIB4XMPB4XMRG4XMWB4XN3B4XN5G4XPAB4XPHB4XPJG
772212,4XMIB4XMPB4XMRG4XMWB4XN3B4XN5G4XPAB4XPHB4XPJG
772183,4XMIB4XMPB4XMRG4XMWB4XN3B4XN5G4XPAB4XPHB4XPJG
772180,4XMIB4XMPB4XMRG4XMWB4XN3B4XN5G4XPAB4XPHB4XPJG
769315,4XMIB4XMPB4XMRG4XMWB4XN3B4XN5G4XPAB4XPHB4XPJG
772475,4XMIB4XMPB4XMRG4XMWB4XN3B4XN5G4XPAB4XPHB4XPJG
902374,4XMIB4XMPB4XMRG4XMWB4XN3B4XN5G4XPAB4XPHB4XPJG
781524,4XMIB4XMPB4XMRG4XMWB4XN3B4XN5G4XPAB4XPHB4XPJG
781542,4XMIB4XMPB4XMRG4XMWB4XN3B4XN5G4XPAB4XPHB4XPJG
1012871,4XMIB4XMPB4XMRG4XMWB4XN3B4XN5G4XPAB4XPHB4XPJG
768759,4XMIB4XMPB4XMRG4XMWB4XN3B4XN5G4XPAB4XPHB4XPJG
622493,4XMIB4XMPB4XMRG4XMWB4XN3B4XN5G4XPAB4XPHB4XPJG
772827,4XMIB4XMPB4XMRG4XMWB4XN3B4XN5G4XPAB4XPHB4XPJG
902221,4XMIB4XMPB4XMRG4XMWB4XN3B4XN5G4XPAB4XPHB4XPJG
768736,4XMIB4XMPB4XMRG4XMWB4XN3B4XN5G4XPAB4XPHB4XPJG
772457,4XMIB4XMPB4XMRG4XMWB4XN3B4XN5G4XPAB4XPHB4XPJG
773793,4XMIB4XMPB4XMRG4XMWB4XN3B4XN5G4XPAB4XPHB4XPJG
773801,4XMIB4XMPB4XMRG4XMWB4XN3B4XN5G4XPAB4XPHB4XPJG
772444,4XMIB4XMPB4XMRG4XMWB4XN3B4XN5G4XPAB4XPHB4XPJG
772451,4XMIB4XMPB4XMRG4XMWB4XN3B4XN5G4XPAB4XPHB4XPJG
767213,4XMIB4XMPB4XMRG4XMWB4XN3B4XN5G4XPAB4XPHB4XPJG
767225,4XMIB4XMPB4XMRG4XMWB4XN3B4XN5G4XPAB4XPHB4XPJG
767224,4XMIB4XMPB4XMRG4XMWB4XN3B4XN5G4XPAB4XPHB4XPJG
773809,4XMIB4XMPB4XMRG4XMWB4XN3B4XN5G4XPAB4XPHB4XPJG
906174,4XMIB4XMPB4XMRG4XMWB4XN3B4XN5G4XPAB4XPHB4XPJG
767200,4XMIB4XMPB4XMRG4XMWB4XN3B4XN5G4XPAB4XPHB4XPJG
767201,4XMIB4XMPB4XMRG4XMWB4XN3B4XN5G4XPAB4XPHB4XPJG
772448,4XMIB4XMPB4XMRG4XMWB4XN3B4XN5G4XPAB4XPHB4XPJG
768751,4XMIB4XMPB4XMRG4XMWB4XN3B4XN5G4XPAB4XPHB4XPJG
772467,4XMIB4XMPB4XMRG4XMWB4XN3B4XN5G4XPAB4XPHB4XPJG
769313,4XMIB4XMPB4XMRG4XMWB4XN3B4XN5G4XPAB4XPHB4XPJG
769323,4XMIB4XMPB4XMRG4XMWB4XN3B4XN5G4XPAB4XPHB4XPJG
771040,4XMIB4XMPB4XMRG4XMWB4XN3B4XN5G4XPAB4XPHB4XPJG
772225,4XMIB4XMPB4XMRG4XMWB4XN3B4XN5G4XPAB4XPHB4XPJG
904991,4XMIB4XMPB4XMRG4XMWB4XN3B4XN5G4XPAB4XPHB4XPJG
906168,4XMIB4XMPB4XMRG4XMWB4XN3B4XN5G4XPAB4XPHB4XPJG
730963,4XMIB4XMPB4XMRG4XMWB4XN3B4XN5G4XPAB4XPHB4XPJG
731329,4XMIB4XMPB4XMRG4XMWB4XN3B4XN5G4XPAB4XPHB4XPJG
731302,4XMIB4XMPB4XMRG4XMWB4XN3B4XN5G4XPAB4XPHB4XPJG
771012,4XMIB4XMPB4XMRG4XMWB4XN3B4XN5G4XPAB4XPHB4XPJG
950903,4XMIB4XMPB4XMRG4XMWB4XN3B4XN5G4XPAB4XPHB4XPJG
771011,4XMIB4XMPB4XMRG4XMWB4XN3B4XN5G4XPAB4XPHB4XPJG
705203,4XMIB4XMPB4XMRG4XMWB4XN3B4XN5G4XPAB4XPHB4XPJG
730929,4XMIB4XMPB4XMRG4XMWB4XN3B4XN5G4XPAB4XPHB4XPJG
906170,4XMIB4XMPB4XMRG4XMWB4XN3B4XN5G4XPAB4XPHB4XPJG
730926,4XMIB4XMPB4XMRG4XMWB4XN3B4XN5G4XPAB4XPHB4XPJG
730968,4XMIB4XMPB4XMRG4XMWB4XN3B4XN5G4XPAB4XPHB4XPJG
730975,4XMIB4XMPB4XMRG4XMWB4XN3B4XN5G4XPAB4XPHB4XPJG
730973,4XMIB4XMPB4XMRG4XMWB4XN3B4XN5G4XPAB4XPHB4XPJG
695957,4XMIB4XMPB4XMRG4XMWB4XN3B4XN5G4XPAB4XPHB4XPJG
1138854,4XMIB4XMPB4XMRG4XMWB4XN3B4XN5G4XPAB4XPHB4XPJG
1138855,4XMIB4XMPB4XMRG4XMWB4XN3B4XN5G4XPAB4XPHB4XPJG
949927,4XMIB4XMPB4XMRG4XMWB4XN3B4XN5G4XPAB4XPHB4XPJG
695958,4XMIB4XMPB4XMRG4XMWB4XN3B4XN5G4XPAB4XPHB4XPJG
730905,4XMIB4XMPB4XMRG4XMWB4XN3B4XN5G4XPAB4XPHB4XPJG
901874,4XMIB4XMPB4XMRG4XMWB4XN3B4XN5G4XPAB4XPHB4XPJG
730906,4XMIB4XMPB4XMRG4XMWB4XN3B4XN5G4XPAB4XPHB4XPJG
730896,4XMIB4XMPB4XMRG4XMWB4XN3B4XN5G4XPAB4XPHB4XPJG
730900,4XMIB4XMPB4XMRG4XMWB4XN3B4XN5G4XPAB4XPHB4XPJG
901878,4XMIB4XMPB4XMRG4XMWB4XN3B4XN5G4XPAB4XPHB4XPJG
730912,4XMIB4XMPB4XMRG4XMWB4XN3B4XN5G4XPAB4XPHB4XPJG
730909,4XMIB4XMPB4XMRG4XMWB4XN3B4XN5G4XPAB4XPHB4XPJG
730907,4XMIB4XMPB4XMRG4XMWB4XN3B4XN5G4XPAB4XPHB4XPJG
732248,4XMIB4XMPB4XMRG4XMWB4XN3B4XN5G4XPAB4XPHB4XPJG
732244,4XMIB4XMPB4XMRG4XMWB4XN3B4XN5G4XPAB4XPHB4XPJG
732241,4XMIB4XMPB4XMRG4XMWB4XN3B4XN5G4XPAB4XPHB4XPJG
767091,4XMIB4XMPB4XMRG4XMWB4XN3B4XN5G4XPAB4XPHB4XPJG
767098,4XMIB4XMPB4XMRG4XMWB4XN3B4XN5G4XPAB4XPHB4XPJG
900707,4XMIB4XMPB4XMRG4XMWB4XN3B4XN5G4XPAB4XPHB4XPJG
900704,4XMIB4XMPB4XMRG4XMWB4XN3B4XN5G4XPAB4XPHB4XPJG
732227,4XMIB4XMPB4XMRG4XMWB4XN3B4XN5G4XPAB4XPHB4XPJG
785853,4XMIB4XMPB4XMRG4XMWB4XN3B4XN5G4XPAB4XPHB4XPJG
732206,4XMIB4XMPB4XMRG4XMWB4XN3B4XN5G4XPAB4XPHB4XPJG
732210,4XMIB4XMPB4XMRG4XMWB4XN3B4XN5G4XPAB4XPHB4XPJG
732230,4XMIB4XMPB4XMRG4XMWB4XN3B4XN5G4XPAB4XPHB4XPJG
732218,4XMIB4XMPB4XMRG4XMWB4XN3B4XN5G4XPAB4XPHB4XPJG
732224,4XMIB4XMPB4XMRG4XMWB4XN3B4XN5G4XPAB4XPHB4XPJG
769247,4XMIB4XMPB4XMRG4XMWB4XN3B4XN5G4XPAB4XPHB4XPJG
1026049,4XMIB4XMPB4XMRG4XMWB4XN3B4XN5G4XPAB4XPHB4XPJG
784628,4XMIB4XMPB4XMRG4XMWB4XN3B4XN5G4XPAB4XPHB4XPJG
729660,4XMIB4XMPB4XMRG4XMWB4XN3B4XN5G4XPAB4XPHB4XPJG
729651,4XMIB4XMPB4XMRG4XMWB4XN3B4XN5G4XPAB4XPHB4XPJG
729654,4XMIB4XMPB4XMRG4XMWB4XN3B4XN5G4XPAB4XPHB4XPJG
730923,4XMIB4XMPB4XMRG4XMWB4XN3B4XN5G4XPAB4XPHB4XPJG
729668,4XMIB4XMPB4XMRG4XMWB4XN3B4XN5G4XPAB4XPHB4XPJG
904853,4XMIB4XMPB4XMRG4XMWB4XN3B4XN5G4XPAB4XPHB4XPJG
904854,4XMIB4XMPB4XMRG4XMWB4XN3B4XN5G4XPAB4XPHB4XPJG
729666,4XMIB4XMPB4XMRG4XMWB4XN3B4XN5G4XPAB4XPHB4XPJG
784626,4XMIB4XMPB4XMRG4XMWB4XN3B4XN5G4XPAB4XPHB4XPJG
728537,4XMIB4XMPB4XMRG4XMWB4XN3B4XN5G4XPAB4XPHB4XPJG
728532,4XMIB4XMPB4XMRG4XMWB4XN3B4XN5G4XPAB4XPHB4XPJG
728528,4XMIB4XMPB4XMRG4XMWB4XN3B4XN5G4XPAB4XPHB4XPJG
728536,4XMIB4XMPB4XMRG4XMWB4XN3B4XN5G4XPAB4XPHB4XPJG
784627,4XMIB4XMPB4XMRG4XMWB4XN3B4XN5G4XPAB4XPHB4XPJG
730920,4XMIB4XMPB4XMRG4XMWB4XN3B4XN5G4XPAB4XPHB4XPJG
728550,4XMIB4XMPB4XMRG4XMWB4XN3B4XN5G4XPAB4XPHB4XPJG
728546,4XMIB4XMPB4XMRG4XMWB4XN3B4XN5G4XPAB4XPHB4XPJG
729661,4XMIB4XMPB4XMRG4XMWB4XN3B4XN5G4XPAB4XPHB4XPJG
730994,4XMIB4XMPB4XMRG4XMWB4XN3B4XN5G4XPAB4XPHB4XPJG
730990,4XMIB4XMPB4XMRG4XMWB4XN3B4XN5G4XPAB4XPHB4XPJG
997307,4XMIB4XMPB4XMRG4XMWB4XN3B4XN5G4XPAB4XPHB4XPJG
773614,4XMIB4XMPB4XMRG4XMWB4XN3B4XN5G4XPAB4XPHB4XPJG
773622,4XMIB4XMPB4XMRG4XMWB4XN3B4XN5G4XPAB4XPHB4XPJG
773620,4XMIB4XMPB4XMRG4XMWB4XN3B4XN5G4XPAB4XPHB4XPJG
773617,4XMIB4XMPB4XMRG4XMWB4XN3B4XN5G4XPAB4XPHB4XPJG
901881,4XMIB4XMPB4XMRG4XMWB4XN3B4XN5G4XPAB4XPHB4XPJG
773613,4XMIB4XMPB4XMRG4XMWB4XN3B4XN5G4XPAB4XPHB4XPJG
946284,4XMIB4XMPB4XMRG4XMWB4XN3B4XN5G4XPAB4XPHB4XPJG
1026050,4XMIB4XMPB4XMRG4XMWB4XN3B4XN5G4XPAB4XPHB4XPJG
901885,4XMIB4XMPB4XMRG4XMWB4XN3B4XN5G4XPAB4XPHB4XPJG
787414,4XMIB4XMPB4XMRG4XMWB4XN3B4XN5G4XPAB4XPHB4XPJG
705189,4XMIB4XMPB4XMRG4XMWB4XN3B4XN5G4XPAB4XPHB4XPJG
1007121,4XMIB4XMPB4XMRG4XMWB4XN3B4XN5G4XPAB4XPHB4XPJG
949928,4XMIB4XMPB4XMRG4XMWB4XN3B4XN5G4XPAB4XPHB4XPJG
695959,4XMIB4XMPB4XMRG4XMWB4XN3B4XN5G4XPAB4XPHB4XPJG
695960,4XMIB4XMPB4XMRG4XMWB4XN3B4XN5G4XPAB4XPHB4XPJG
866243,4XMKG4XMRB4XMYG4XN5B4XPCG4XPJB4XPOR4XPQG4XPXB
867538,4XMKG4XMRB4XMYG4XN5B4XPCG4XPJB4XPOR4XPQG4XPXB
697032,4XMKG4XMRB4XMYG4XN5B4XPCG4XPJB4XPOR4XPQG4XPXB
872142,4XMKG4XMRB4XMYG4XN5B4XPCG4XPJB4XPOR4XPQG4XPXB
872141,4XMKG4XMRB4XMYG4XN5B4XPCG4XPJB4XPOR4XPQG4XPXB
872167,4XMKG4XMRB4XMYG4XN5B4XPCG4XPJB4XPOR4XPQG4XPXB
872173,4XMKG4XMRB4XMYG4XN5B4XPCG4XPJB4XPOR4XPQG4XPXB
872175,4XMKG4XMRB4XMYG4XN5B4XPCG4XPJB4XPOR4XPQG4XPXB
872038,4XMKG4XMRB4XMYG4XN5B4XPCG4XPJB4XPQG4XPXB4XS1G
994988,4XMKG4XMRB4XMYG4XN5B4XPCG4XPJB4XPOR4XPQG4XPXB
870506,4XMKG4XMRB4XMYG4XN5B4XPCG4XPJB4XPOR4XPQG4XPXB
869070,4XMKG4XMRB4XMYG4XN5B4XPCG4XPJB4XPOR4XPQG4XPXB
872202,4XMKG4XMRB4XMYG4XN5B4XPCG4XPJB4XPOR4XPQG4XPXB
869163,4XMKG4XMRB4XMYG4XN5B4XPCG4XPJB4XPOR4XPQG4XPXB
869165,4XMKG4XMRB4XMYG4XN5B4XPCG4XPJB4XPOR4XPQG4XPXB
872176,4XMKG4XMRB4XMYG4XN5B4XPCG4XPJB4XPOR4XPQG4XPXB
872186,4XMKG4XMRB4XMYG4XN5B4XPCG4XPJB4XPOR4XPQG4XPXB
869158,4XMKG4XMRB4XMYG4XN5B4XPCG4XPJB4XPOR4XPQG4XPXB
866633,4XMKG4XMRB4XMYG4XN5B4XPCG4XPJB4XPOR4XPQG4XPXB
870201,4XMKG4XMRB4XMYG4XN5B4XPCG4XPJB4XPOR4XPQG4XPXB
871969,4XMKG4XMRB4XMYG4XN5B4XPCG4XPJB4XPOR4XPQG4XPXB
1014646,4XMKG4XMRB4XMYG4XN5B4XPCG4XPJB4XPOR4XPQG4XPXB
870231,4XMKG4XMRB4XMYG4XN5B4XPCG4XPJB4XPOR4XPQG4XPXB
870237,4XMKG4XMRB4XMYG4XN5B4XPCG4XPJB4XPOR4XPQG4XPXB
870225,4XMKG4XMRB4XMYG4XN5B4XPCG4XPJB4XPOR4XPQG4XPXB
867181,4XMKG4XMRB4XMYG4XN5B4XPCG4XPJB4XPOR4XPQG4XPXB
867173,4XMKG4XMRB4XMYG4XN5B4XPCG4XPJB4XPOR4XPQG4XPXB
867188,4XMKG4XMRB4XMYG4XN5B4XPCG4XPJB4XPOR4XPQG4XPXB
870227,4XMKG4XMRB4XMYG4XN5B4XPCG4XPJB4XPOR4XPQG4XPXB
696569,4XMKG4XMRB4XMYG4XN5B4XPCG4XPJB4XPQG4XPXB4XS1G
696571,4XMKG4XMRB4XMYG4XN5B4XPCG4XPJB4XPOR4XPQG4XPXB
869224,4XMKG4XMRB4XMYG4XN5B4XPCG4XPJB4XPOR4XPQG4XPXB
994965,4XMKG4XMRB4XMYG4XN5B4XPCG4XPJB4XPOR4XPQG4XPXB
870701,4XMKG4XMRB4XMYG4XN5B4XPCG4XPJB4XPOR4XPQG4XPXB
867592,4XMKG4XMRB4XMYG4XN5B4XPCG4XPJB4XPOR4XPQG4XPXB
1038865,4XMKG4XMRB4XMYG4XN5B4XPCG4XPJB4XPOR4XPQG4XPXB
870580,4XMKG4XMRB4XMYG4XN5B4XPCG4XPJB4XPOR4XPQG4XPXB
868935,4XMKG4XMRB4XMYG4XN5B4XPCG4XPJB4XPOR4XPQG4XPXB
868918,4XMKG4XMRB4XMYG4XN5B4XPCG4XPJB4XPOR4XPQG4XPXB
869963,4XMKG4XMRB4XMYG4XN5B4XPCG4XPJB4XPOR4XPQG4XPXB
786614,4XMKG4XMRB4XMYG4XN5B4XPCG4XPJB4XPOR4XPQG4XPXB
869959,4XMKG4XMRB4XMYG4XN5B4XPCG4XPJB4XPOR4XPQG4XPXB
871933,4XMKG4XMRB4XMYG4XN5B4XPCG4XPJB4XPOR4XPQG4XPXB
866560,4XMKG4XMRB4XMYG4XN5B4XPCG4XPJB4XPOR4XPQG4XPXB
869981,4XMKG4XMRB4XMYG4XN5B4XPCG4XPJB4XPOR4XPQG4XPXB
868627,4XMKG4XMRB4XMYG4XN5B4XPCG4XPJB4XPOR4XPQG4XPXB
869916,4XMKG4XMRB4XMYG4XN5B4XPCG4XPJB4XPOR4XPQG4XPXB
868289,4XMKG4XMRB4XMYG4XN5B4XPCG4XPJB4XPOR4XPQG4XPXB
869941,4XMKG4XMRB4XMYG4XN5B4XPCG4XPJB4XPOR4XPQG4XPXB
869924,4XMKG4XMRB4XMYG4XN5B4XPCG4XPJB4XPOR4XPQG4XPXB
867580,4XMKG4XMRB4XMYG4XN5B4XPCG4XPJB4XPOR4XPQG4XPXB
867022,4XMKG4XMRB4XMYG4XN5B4XPCG4XPJB4XPOR4XPQG4XPXB
867003,4XMKG4XMRB4XMYG4XN5B4XPCG4XPJB4XPOR4XPQG4XPXB
1023622,4XMKG4XMRB4XMYG4XN5B4XPCG4XPJB4XPOR4XPQG4XPXB
870477,4XMKG4XMRB4XMYG4XN5B4XPCG4XPJB4XPQG4XPXB4XS1G
867033,4XMKG4XMRB4XMYG4XN5B4XPCG4XPJB4XPOR4XPQG4XPXB
866971,4XMKG4XMRB4XMYG4XN5B4XPCG4XPJB4XPOR4XPQG4XPXB
866576,4XMKG4XMRB4XMYG4XN5B4XPCG4XPJB4XPOR4XPQG4XPXB
866990,4XMKG4XMRB4XMYG4XN5B4XPCG4XPJB4XPOR4XPQG4XPXB
1019706,4XMKG4XMRB4XMYG4XN5B4XPCG4XPJB4XPOR4XPQG4XPXB
1038904,4XMKG4XMRB4XMYG4XN5B4XPCG4XPJB4XPOR4XPQG4XPXB
870634,4XMKG4XMRB4XMYG4XN5B4XPCG4XPJB4XPOR4XPQG4XPXB
996573,4XMKG4XMRB4XMYG4XN5B4XPCG4XPJB4XPOR4XPQG4XPXB
868131,4XMKG4XMRB4XMYG4XN5B4XPCG4XPJB4XPOR4XPQG4XPXB
868137,4XMKG4XMRB4XMYG4XN5B4XPCG4XPJB4XPOR4XPQG4XPXB
735660,4XMKG4XMRB4XMYG4XN5B4XPCG4XPJB4XPOR4XPQG4XPXB
867226,4XMKG4XMRB4XMYG4XN5B4XPCG4XPJB4XPOR4XPQG4XPXB
868584,4XMKG4XMRB4XMYG4XN5B4XPCG4XPJB4XPOR4XPQG4XPXB
1006982,4XMKG4XMRB4XMYG4XN5B4XPCG4XPJB4XPOR4XPQG4XPXB
872505,4XMKG4XMRB4XMYG4XN5B4XPCG4XPJB4XPOR4XPQG4XPXB
868596,4XMKG4XMRB4XMYG4XN5B4XPCG4XPJB4XPOR4XPQG4XPXB
868520,4XMKG4XMRB4XMYG4XN5B4XPCG4XPJB4XPQG4XPXB4XS1G
1038884,4XMKG4XMRB4XMYG4XN5B4XPCG4XPJB4XPOR4XPQG4XPXB
695820,4XMKG4XMRB4XMYG4XN5B4XPCG4XPJB4XPOR4XPQG4XPXB
868269,4XMKG4XMRB4XMYG4XN5B4XPCG4XPJB4XPOR4XPQG4XPXB
1006978,4XMKG4XMRB4XMYG4XN5B4XPCG4XPJB4XPOR4XPQG4XPXB
868145,4XMIG4XMPB4XMWG4XN3B4XPAG4XPHB4XPOG4XPOR4XPVB
868150,4XMKG4XMRB4XMYG4XN5B4XPCG4XPJB4XPOR4XPQG4XPXB
868177,4XMKG4XMRB4XMYG4XN5B4XPCG4XPJB4XPOR4XPQG4XPXB
994997,4XMKG4XMRB4XMYG4XN5B4XPCG4XPJB4XPOR4XPQG4XPXB
866266,4XMKG4XMRB4XMYG4XN5B4XPCG4XPJB4XPOR4XPQG4XPXB
878443,4XMHG4XMOB4XMVG4XN2B4XP9G4XPGB4XPNG4XPUB4XQ1G
878445,4XMHG4XMOB4XMVG4XN2B4XP9G4XPGB4XPNG4XPUB4XQ1G
703774,4XMHG4XMOB4XMVG4XN2B4XP9G4XPGB4XPNG4XPUB4XQ1G
878425,4XMHG4XMOB4XMVG4XN2B4XP9G4XPGB4XPNG4XPUB4XQ1G
878428,4XMHG4XMOB4XMVG4XN2B4XP9G4XPGB4XPNG4XPUB4XQ1G
917841,4XMIB4XMPG4XMWB4XN3G4XPAB4XPHG4XPOB4XPTR4XPVG
781952,4XMIB4XMPG4XMWB4XN3G4XPAB4XPHG4XPOB4XPVG4XQ2B
916274,4XMIB4XMPG4XMWB4XN3G4XPAB4XPHG4XPOB4XPVG4XQ2B
917837,4XMIB4XMPG4XMWB4XN3G4XPAB4XPHG4XPOB4XPTR4XPVG
695359,4XMIB4XMPG4XMWB4XN3G4XPAB4XPHG4XPOB4XPVG4XQ2B
917835,4XMIB4XMPG4XMWB4XN3G4XPAB4XPHG4XPOB4XPVG4XQ2B
916280,4XMIB4XMPG4XMWB4XN3G4XPAB4XPHG4XPOB4XPVG4XQ2B
916294,4XMIB4XMPG4XMWB4XN3G4XPAB4XPHG4XPOB4XPVG4XQ2B
919175,4XMIB4XMPG4XMWB4XN3G4XPAB4XPHG4XPOB4XPTR4XPVG
916299,4XMIB4XMPG4XMWB4XN3G4XPAB4XPHG4XPOB4XPVG4XQ2B
916297,4XMIB4XMPG4XMWB4XN3G4XPAB4XPHG4XPOB4XPVG4XQ2B
916296,4XMIB4XMPG4XMWB4XN3G4XPAB4XPHG4XPOB4XPVG4XQ2B
916295,4XMIB4XMPG4XMWB4XN3G4XPAB4XPHG4XPOB4XPVG4XQ2B
1028654,4XMIB4XMPG4XMWB4XN3G4XPAB4XPHG4XPOB4XPVG4XQ2B
916273,4XMIB4XMPG4XMWB4XN3G4XPAB4XPHG4XPOB4XPVG4XQ2B
1046600,4XMIB4XMPG4XMWB4XN3G4XPAB4XPHG4XPOB4XPTR4XPVG
862218,4XMJB4XMQB4XMXB4XN4B4XPBB4XPIB4XPPB4XPWB4XQ3B
805252,4XMJB4XMQB4XMXB4XN4B4XPBB4XPIB4XPPB4XPWB4XQ3B
729690,4XMHB4XMOG4XMVB4XN2G4XP9B4XPGG4XPNB4XPUG4XPVR
904858,4XMHB4XMOG4XMVB4XN2G4XP9B4XPGG4XPNB4XPUG4XPVR
904857,4XMHB4XMOG4XMVB4XN2G4XP9B4XPGG4XPNB4XPUG4XPVR
787543,4XMHB4XMOG4XMVB4XN2G4XP9B4XPGG4XPNB4XPUG4XPVR
729691,4XMHB4XMOG4XMVB4XN2G4XP9B4XPGG4XPNB4XPUG4XPVR
904862,4XMHB4XMOG4XMVB4XN2G4XP9B4XPGG4XPNB4XPUG4XPVR
701262,4XMHB4XMOG4XMVB4XN2G4XP9B4XPGG4XPNB4XPUG4XPVR
772267,4XMHB4XMOG4XMVB4XN2G4XP9B4XPGG4XPNB4XPUG4XPVR
727617,4XMHB4XMOG4XMVB4XN2G4XP9B4XPGG4XPNB4XPUG4XPVR
768421,4XMHB4XMOG4XMVB4XN2G4XP9B4XPGG4XPNB4XPUG4XPVR
1018352,4XMHB4XMOG4XMVB4XN2G4XP9B4XPGG4XPNB4XPUG4XPVR
768415,4XMHB4XMOG4XMVB4XN2G4XP9B4XPGG4XPNB4XPUG4XPVR
729700,4XMHB4XMOG4XMVB4XN2G4XP9B4XPGG4XPNB4XPUG4XPVR
729706,4XMHB4XMOG4XMVB4XN2G4XP9B4XPGG4XPNB4XPUG4XPVR
768498,4XMHB4XMOG4XMVB4XN2G4XP9B4XPGG4XPNB4XPUG4XPVR
903551,4XMHB4XMOG4XMVB4XN2G4XP9B4XPGG4XPNB4XPUG4XPVR
729710,4XMHB4XMOG4XMVB4XN2G4XP9B4XPGG4XPNB4XPUG4XPVR
768495,4XMHB4XMOG4XMVB4XN2G4XP9B4XPGG4XPNB4XPUG4XPVR
727649,4XMHB4XMOG4XMVB4XN2G4XP9B4XPGG4XPNB4XPUG4XPVR
727653,4XMHB4XMOG4XMVB4XN2G4XP9B4XPGG4XPNB4XPUG4XPVR
727657,4XMHB4XMOG4XMVB4XN2G4XP9B4XPGG4XPNB4XPUG4XPVR
784610,4XMHB4XMOG4XMVB4XN2G4XP9B4XPGG4XPNB4XPUG4XPVR
1024633,4XMHB4XMOG4XMVB4XN2G4XP9B4XPGG4XPNB4XPUG4XPVR
903561,4XMHB4XMOG4XMVB4XN2G4XP9B4XPGG4XPNB4XPUG4XPVR
701263,4XMHB4XMOG4XMVB4XN2G4XP9B4XPGG4XPNB4XPUG4XPVR
772269,4XMHB4XMOG4XMVB4XN2G4XP9B4XPGG4XPNB4XPUG4XPVR
727625,4XMHB4XMOG4XMVB4XN2G4XP9B4XPGG4XPNB4XPUG4XPVR
727627,4XMHB4XMOG4XMVB4XN2G4XP9B4XPGG4XPNB4XPUG4XPVR
727628,4XMHB4XMOG4XMVB4XN2G4XP9B4XPGG4XPNB4XPUG4XPVR
727645,4XMHB4XMOG4XMVB4XN2G4XP9B4XPGG4XPNB4XPUG4XPVR
727637,4XMHB4XMOG4XMVB4XN2G4XP9B4XPGG4XPNB4XPUG4XPVR
727640,4XMHB4XMOG4XMVB4XN2G4XP9B4XPGG4XPNB4XPUG4XPVR
906212,4XMHB4XMOG4XMVB4XN2G4XP9B4XPGG4XPNB4XPUG4XPVR
906211,4XMHB4XMOG4XMVB4XN2G4XP9B4XPGG4XPNB4XPUG4XPVR
771836,4XMHB4XMOG4XMVB4XN2G4XP9B4XPGG4XPNB4XPUG4XPVR
732590,4XMHB4XMOG4XMVB4XN2G4XP9B4XPGG4XPNB4XPUG4XPVR
700938,4XMHB4XMOG4XMVB4XN2G4XP9B4XPGG4XPNB4XPUG4XPVR
903165,4XMHB4XMOG4XMVB4XN2G4XP9B4XPGG4XPNB4XPUG4XPVR
732596,4XMHB4XMOG4XMVB4XN2G4XP9B4XPGG4XPNB4XPUG4XPVR
732594,4XMHB4XMOG4XMVB4XN2G4XP9B4XPGG4XPNB4XPUG4XPVR
902255,4XMHB4XMOG4XMVB4XN2G4XP9B4XPGG4XPNB4XPUG4XPVR
727271,4XMHB4XMOG4XMVB4XN2G4XP9B4XPGG4XPNB4XPUG4XPVR
727267,4XMHB4XMOG4XMVB4XN2G4XP9B4XPGG4XPNB4XPUG4XPVR
727272,4XMHB4XMOG4XMVB4XN2G4XP9B4XPGG4XPNB4XPUG4XPVR
727260,4XMHB4XMOG4XMVB4XN2G4XP9B4XPGG4XPNB4XPUG4XPVR
772261,4XMHB4XMOG4XMVB4XN2G4XP9B4XPGG4XPNB4XPUG4XPVR
772258,4XMHB4XMOG4XMVB4XN2G4XP9B4XPGG4XPNB4XPUG4XQ1B
727273,4XMHB4XMOG4XMVB4XN2G4XP9B4XPGG4XPNB4XPUG4XPVR
772253,4XMHB4XMOG4XMVB4XN2G4XP9B4XPGG4XPNB4XPUG4XPVR
727256,4XMHB4XMOG4XMVB4XN2G4XP9B4XPGG4XPNB4XPUG4XPVR
732637,4XMHB4XMOG4XMVB4XN2G4XP9B4XPGG4XPNB4XPUG4XPVR
700939,4XMHB4XMOG4XMVB4XN2G4XP9B4XPGG4XPNB4XPUG4XPVR
1024615,4XMHB4XMOG4XMVB4XN2G4XP9B4XPGG4XPNB4XPUG4XPVR
903168,4XMHB4XMOG4XMVB4XN2G4XP9B4XPGG4XPNB4XPUG4XPVR
903174,4XMHB4XMOG4XMVB4XN2G4XP9B4XPGG4XPNB4XPUG4XPVR
727255,4XMHB4XMOG4XMVB4XN2G4XP9B4XPGG4XPNB4XPUG4XPVR
732607,4XMHB4XMOG4XMVB4XN2G4XP9B4XPGG4XPNB4XPUG4XPVR
732604,4XMHB4XMOG4XMVB4XN2G4XP9B4XPGG4XPNB4XPUG4XPVR
732613,4XMHB4XMOG4XMVB4XN2G4XP9B4XPGG4XPNB4XPUG4XPVR
784270,4XMHB4XMOG4XMVB4XN2G4XP9B4XPGG4XPNB4XPUG4XPVR
732616,4XMHB4XMOG4XMVB4XN2G4XP9B4XPGG4XPNB4XPUG4XQ1B
732602,4XMHB4XMOG4XMVB4XN2G4XP9B4XPGG4XPNB4XPUG4XQ1B
901043,4XMKB4XMPG4XMRB4XMYB4XN5B4XPCB4XPHG4XPJB4XPQB
815436,4XMKB4XMPG4XMRB4XMYB4XN5B4XPCB4XPHG4XPJB4XPQB
815433,4XMKB4XMPG4XMRB4XMYB4XN5B4XPCB4XPHG4XPJB4XPQB
815432,4XMKB4XMPG4XMRB4XMYB4XN5B4XPCB4XPHG4XPJB4XPQB
769692,4XMKB4XMPG4XMRB4XMYB4XN5B4XPCB4XPHG4XPJB4XPQB
769724,4XMKB4XMPG4XMRB4XMYB4XN5B4XPCB4XPHG4XPJB4XPQB
769730,4XMKB4XMKB4XMPG4XMPG4XMRB4XMRB4XMYB4XMYB4XN5B
769746,4XMKB4XMKB4XMPG4XMPG4XMRB4XMRB4XMYB4XMYB4XN5B
769744,4XMKB4XMKB4XMPG4XMPG4XMRB4XMRB4XMYB4XMYB4XN5B
727248,4XMKB4XMPG4XMRB4XMYB4XN5B4XPCB4XPHG4XPJB4XPQB
769743,4XMKB4XMKB4XMPG4XMPG4XMRB4XMRB4XMYB4XMYB4XN5B
773784,4XMKB4XMKB4XMPG4XMPG4XMRB4XMRB4XMYB4XMYB4XN5B
654775,4XMKB4XMKB4XMPG4XMPG4XMRB4XMRB4XMYB4XMYB4XN5B
769705,4XMKB4XMPG4XMRB4XMYB4XN5B4XPCB4XPHG4XPJB4XPQB
769700,4XMKB4XMPG4XMRB4XMYB4XN5B4XPCB4XPHG4XPJB4XPQB
769715,4XMKB4XMPG4XMRB4XMYB4XN5B4XPCB4XPHG4XPJB4XPQB
769719,4XMKB4XMPG4XMRB4XMYB4XN5B4XPCB4XPHG4XPJB4XPQB
654780,4XMKB4XMPG4XMRB4XMYB4XN5B4XPCB4XPHG4XPJB4XPQB
769714,4XMKB4XMPG4XMRB4XMYB4XN5B4XPCB4XPHG4XPJB4XPQB
769697,4XMKB4XMPG4XMRB4XMYB4XN5B4XPCB4XPHG4XPJB4XPQB
732641,4XMKB4XMPG4XMRB4XMYB4XN5B4XPCB4XPHG4XPJB4XPQB
769711,4XMKB4XMPG4XMRB4XMYB4XN5B4XPCB4XPHG4XPJB4XPQB
701267,4XMKB4XMPG4XMRB4XMYB4XN5B4XPCB4XPHG4XPJB4XPQB
654782,4XMKB4XMPG4XMRB4XMYB4XN5B4XPCB4XPHG4XPJB4XPQB
768175,4XMKB4XMPG4XMRB4XMYB4XN5B4XPCB4XPHG4XPJB4XPQB
701273,4XMKB4XMPG4XMRB4XMYB4XN5B4XPCB4XPHG4XPJB4XPQB
769787,4XMKB4XMPG4XMRB4XMYB4XN5B4XPCB4XPHG4XPJB4XPQB
902334,4XMKB4XMPG4XMRB4XMYB4XN5B4XPCB4XPHG4XPJB4XPQB
768150,4XMKB4XMPG4XMRB4XMYB4XN5B4XPCB4XPHG4XPJB4XPQB
773785,4XMKB4XMPG4XMRB4XMYB4XN5B4XPCB4XPHG4XPJB4XPQB
773787,4XMKB4XMPG4XMRB4XMYB4XN5B4XPCB4XPHG4XPJB4XPQB
769735,4XMKB4XMPG4XMRB4XMYB4XN5B4XPCB4XPHG4XPJB4XPQB
656004,4XMKB4XMPG4XMRB4XMYB4XN5B4XPCB4XPHG4XPJB4XPQB
768166,4XMKB4XMPG4XMRB4XMYB4XN5B4XPCB4XPHG4XPJB4XPQB
786532,4XMKB4XMPG4XMRB4XMYB4XN5B4XPCB4XPHG4XPJB4XPQB
656013,4XMKB4XMPG4XMRB4XMYB4XN5B4XPCB4XPHG4XPJB4XPQB
768158,4XMKB4XMPG4XMRB4XMYB4XN5B4XPCB4XPHG4XPJB4XPQB
656014,4XMKB4XMPG4XMRB4XMYB4XN5B4XPCB4XPHG4XPJB4XPQB
768045,4XMKB4XMPG4XMRB4XMYB4XN5B4XPCB4XPHG4XPJB4XPQB
817544,4XMKB4XMPG4XMRB4XMYB4XN5B4XPCB4XPHG4XPJB4XPQB
817547,4XMKB4XMPG4XMRB4XMYB4XN5B4XPCB4XPHG4XPJB4XPQB
768048,4XMKB4XMPG4XMRB4XMYB4XN5B4XPCB4XPHG4XPJB4XPQB
769732,4XMKB4XMPG4XMRB4XMYB4XN5B4XPCB4XPHG4XPJB4XPQB
701284,4XMKB4XMPG4XMRB4XMYB4XN5B4XPCB4XPHG4XPJB4XPQB
768036,4XMKB4XMPG4XMRB4XMYB4XN5B4XPCB4XPHG4XPJB4XPQB
768019,4XMKB4XMPG4XMRB4XMYB4XN5B4XPCB4XPHG4XPJB4XPQB
768008,4XMKB4XMPG4XMRB4XMYB4XN5B4XPCB4XPHG4XPJB4XPQB
768012,4XMKB4XMPG4XMRB4XMYB4XN5B4XPCB4XPHG4XPJB4XPQB
701265,4XMKB4XMPG4XMRB4XMYB4XN5B4XPCB4XPHG4XPJB4XPQB
768035,4XMKB4XMPG4XMRB4XMYB4XN5B4XPCB4XPHG4XPJB4XPQB
768032,4XMKB4XMPG4XMRB4XMYB4XN5B4XPCB4XPHG4XPJB4XPQB
768037,4XMKB4XMPG4XMRB4XMYB4XN5B4XPCB4XPHG4XPJB4XPQB
768025,4XMKB4XMPG4XMRB4XMYB4XN5B4XPCB4XPHG4XPJB4XPQB
781498,4XMKB4XMPG4XMRB4XMYB4XN5B4XPCB4XPHG4XPJB4XPQB
815428,4XMHB4XMOG4XMVB4XN2G4XP9B4XPGG4XPNB4XPUG4XPVR
701285,4XMHB4XMOG4XMVB4XN2G4XP9B4XPGG4XPNB4XPUG4XPVR
817559,4XMHB4XMOG4XMVB4XN2G4XP9B4XPGG4XPNB4XPUG4XPVR
817556,4XMHB4XMOG4XMVB4XN2G4XP9B4XPGG4XPNB4XPUG4XPVR
817554,4XMHB4XMOG4XMVB4XN2G4XP9B4XPGG4XPNB4XPUG4XPVR
817552,4XMHB4XMOG4XMVB4XN2G4XP9B4XPGG4XPNB4XPUG4XPVR
815424,4XMHB4XMOG4XMVB4XN2G4XP9B4XPGG4XPNB4XPUG4XPVR
815427,4XMHB4XMOG4XMVB4XN2G4XP9B4XPGG4XPNB4XPUG4XPVR
815425,4XMHB4XMOG4XMVB4XN2G4XP9B4XPGG4XPNB4XPUG4XPVR
815420,4XMHB4XMOG4XMVB4XN2G4XP9B4XPGG4XPNB4XPUG4XPVR
769695,4XMHB4XMOG4XMVB4XN2G4XP9B4XPGG4XPNB4XPUG4XPVR
817564,4XMHB4XMOG4XMVB4XN2G4XP9B4XPGG4XPNB4XPUG4XPVR
769783,4XMHB4XMOG4XMVB4XN2G4XP9B4XPGG4XPNB4XPUG4XPVR
771555,4XMHB4XMOG4XMVB4XN2G4XP9B4XPGG4XPNB4XPUG4XPVR
902389,4XMHB4XMOG4XMVB4XN2G4XP9B4XPGG4XPNB4XPUG4XPVR
902388,4XMHB4XMOG4XMVB4XN2G4XP9B4XPGG4XPNB4XPUG4XPVR
771552,4XMHB4XMOG4XMVB4XN2G4XP9B4XPGG4XPNB4XPUG4XPVR
769445,4XMHB4XMOG4XMVB4XN2G4XP9B4XPGG4XPNB4XPUG4XPVR
769441,4XMHB4XMOG4XMVB4XN2G4XP9B4XPGG4XPNB4XPUG4XPVR
771561,4XMHB4XMOG4XMVB4XN2G4XP9B4XPGG4XPNB4XPUG4XPVR
771543,4XMHB4XMOG4XMVB4XN2G4XP9B4XPGG4XPNB4XPUG4XPVR
1019859,4XMHB4XMOG4XMVB4XN2G4XP9B4XPGG4XPNB4XPUG4XPVR
902383,4XMOG4XN2G4XPGG4XPUG4XPVR4XS5G4XS6R4XSJG4XSKR
902382,4XMHB4XMOG4XMVB4XN2G4XP9B4XPGG4XPNB4XPUG4XPVR
771526,4XMHB4XMOG4XMVB4XN2G4XP9B4XPGG4XPNB4XPUG4XQ1B
771523,4XMHB4XMOG4XMVB4XN2G4XP9B4XPGG4XPNB4XPUG4XPVR
771541,4XMHB4XMOG4XMVB4XN2G4XP9B4XPGG4XPNB4XPUG4XPVR
771533,4XMHB4XMOG4XMVB4XN2G4XP9B4XPGG4XPNB4XPUG4XPVR
1019877,4XMHB4XMOG4XMVB4XN2G4XP9B4XPGG4XPNB4XPUG4XPVR
769687,4XMHB4XMOG4XMVB4XN2G4XP9B4XPGG4XPNB4XPUG4XPVR
769691,4XMHB4XMOG4XMVB4XN2G4XP9B4XPGG4XPNB4XPUG4XPVR
784952,4XMJB4XMQG4XMXB4XN4G4XPBB4XPIG4XPPB4XPPR4XPWG
924461,4XMJB4XMQG4XMXB4XN4G4XPBB4XPIG4XPPB4XPPR4XPWG
805276,4XMJB4XMQG4XMXB4XN4G4XPBB4XPIG4XPPB4XPPR4XPWG
805605,4XMJB4XMQG4XMXB4XN4G4XPBB4XPIG4XPPB4XPPR4XPWG
877302,4XMJB4XMQG4XMXB4XN4G4XPBB4XPIG4XPPB4XPPR4XPWG
805617,4XMJB4XMQG4XMXB4XN4G4XPBB4XPIG4XPPB4XPPR4XPWG
806982,4XMJB4XMQG4XMXB4XN4G4XPBB4XPIG4XPPB4XPWG4XQ3B
808520,4XMJB4XMQG4XMXB4XN4G4XPBB4XPIG4XPPB4XPPR4XPWG
846616,4XMJB4XMQG4XMXB4XN4G4XPBB4XPIG4XPPB4XPPR4XPWG
854784,4XMJB4XMQG4XMXB4XN4G4XPBB4XPIG4XPPB4XPPR4XPWG
863366,4XMJB4XMQG4XMXB4XN4G4XPBB4XPIG4XPPB4XPPR4XPWG
806981,4XMJB4XMQG4XMXB4XN4G4XPBB4XPIG4XPPB4XPPR4XPWG
808524,4XMJB4XMQG4XMXB4XN4G4XPBB4XPIG4XPPB4XPPR4XPWG
854785,4XMJB4XMQG4XMXB4XN4G4XPBB4XPIG4XPMR4XPPB4XPWG
808484,4XMJB4XMQG4XMXB4XN4G4XPBB4XPIG4XPPB4XPPR4XPWG
875161,4XMJB4XMQG4XMXB4XN4G4XPBB4XPIG4XPPB4XPPR4XPWG
762195,4XMJB4XMQG4XMXB4XN4G4XPBB4XPIG4XPPB4XPPR4XPWG
827358,4XMJB4XMQG4XMXB4XN4G4XPBB4XPIG4XPPB4XPPR4XPWG
762197,4XMJB4XMQG4XMXB4XN4G4XPBB4XPIG4XPPB4XPPR4XPWG
911817,4XMJB4XMQG4XMXB4XN4G4XPBB4XPIG4XPPB4XPPR4XPWG
851718,4XMJB4XMQG4XMXB4XN4G4XPBB4XPIG4XPPB4XPPR4XPWG
762199,4XMJB4XMQG4XMXB4XN4G4XPBB4XPIG4XPPB4XPPR4XPWG
921747,4XMJB4XMQG4XMXB4XN4G4XPBB4XPIG4XPPB4XPPR4XPWG
740879,4XMJB4XMQG4XMXB4XN4G4XPBB4XPIG4XPPB4XPPR4XPWG
835853,4XMJB4XMQG4XMXB4XN4G4XPBB4XPIG4XPPB4XPPR4XPWG
849463,4XMJB4XMQG4XMXB4XN4G4XPBB4XPIG4XPPB4XPPR4XPWG
836695,4XMJB4XMQG4XMXB4XN4G4XPBB4XPIG4XPPB4XPWG4XQ3B
907617,4XMJB4XMQG4XMXB4XN4G4XPBB4XPIG4XPPB4XPPR4XPWG
835873,4XMJB4XMQG4XMXB4XN4G4XPBB4XPIG4XPPB4XPPR4XPWG
806758,4XMJB4XMQG4XMXB4XN4G4XPBB4XPIG4XPPB4XPPR4XPWG
742238,4XMJB4XMQG4XMXB4XN4G4XPBB4XPIG4XPPB4XPWG4XQ3B
1010221,4XMJB4XMQG4XMXB4XN4G4XPBB4XPIG4XPPB4XPPR4XPWG
806775,4XMJB4XMQG4XMXB4XN4G4XPBB4XPIG4XPPB4XPPR4XPWG
810936,4XMJB4XMQG4XMXB4XN4G4XPBB4XPIG4XPPB4XPPR4XPWG
877591,4XMJB4XMQG4XMXB4XN4G4XPBB4XPIG4XPPB4XPPR4XPWG
873478,4XMJB4XMQG4XMXB4XN4G4XPBB4XPIG4XPPB4XPWG4XQ3B
851719,4XMJB4XMQG4XMXB4XN4G4XPBB4XPIG4XPPB4XPWG4XQ3B
924455,4XMJB4XMQG4XMXB4XN4G4XPBB4XPIG4XPPB4XPPR4XPWG
808314,4XMJB4XMQG4XMXB4XN4G4XPBB4XPIG4XPPB4XPPR4XPWG
742060,4XMJB4XMQG4XMXB4XN4G4XPBB4XPIG4XPPB4XPPR4XPWG
1003719,4XMJB4XMQG4XMXB4XN4G4XPBB4XPIG4XPPB4XPPR4XPWG
924802,4XMJB4XMQG4XMXB4XN4G4XPBB4XPIG4XPPB4XPPR4XPWG
687000,4XMIB4XMPG4XMWB4XN3G4XPAB4XPHG4XPOB4XPPR4XPVG
687002,4XMIB4XMPG4XMWB4XN3G4XPAB4XPHG4XPOB4XPPR4XPVG
788733,4XMIB4XMPG4XMWB4XN3G4XPAB4XPHG4XPOB4XPPR4XPVG
945960,4XMIB4XMPG4XMWB4XN3G4XPAB4XPHG4XPOB4XPPR4XPVG
730768,4XMIB4XMPG4XMWB4XN3G4XPAB4XPHG4XPOB4XPPR4XPVG
730763,4XMIB4XMPG4XMWB4XN3G4XPAB4XPHG4XPOB4XPPR4XPVG
730406,4XMIB4XMPG4XMWB4XN3G4XPAB4XPHG4XPOB4XPPR4XPVG
730408,4XMIB4XMPG4XMWB4XN3G4XPAB4XPHG4XPOB4XPPR4XPVG
730754,4XMIB4XMPG4XMWB4XN3G4XPAB4XPHG4XPOB4XPPR4XPVG
688364,4XMIB4XMPG4XMWB4XN3G4XPAB4XPHG4XPOB4XPPR4XPVG
744881,4XMIB4XMPG4XMWB4XN3G4XPAB4XPHG4XPOB4XPPR4XPVG
1105490,4XMJG4XMQB4XMXG4XN4B4XPBG4XPIB4XPLR4XPPG4XPWB
1105508,4XMJG4XMQB4XMXG4XN4B4XPBG4XPIB4XPLR4XPPG4XPWB
1105489,4XMJG4XMQB4XMXG4XN4B4XPBG4XPIB4XPLR4XPPG4XPWB
1105509,4XMJG4XMQB4XMXG4XN4B4XPBG4XPIB4XPLR4XPPG4XPWB
1104914,4XMJB4XMQG4XMXB4XN4G4XPBB4XPIG4XPPB4XPWG4XPXR
1104923,4XMJB4XMQG4XMXB4XN4G4XPBB4XPIG4XPPB4XPWG4XQ3B
1104924,4XMJB4XMQG4XMXB4XN4G4XPBB4XPIG4XPPB4XPWG4XPXR
1104925,4XMJB4XMQG4XMXB4XN4G4XPBB4XPIG4XPPB4XPWG4XPXR
1104926,4XMJB4XMQG4XMXB4XN4G4XPBB4XPIG4XPPB4XPWG4XPXR
1104927,4XMJB4XMQG4XMXB4XN4G4XPBB4XPIG4XPPB4XPWG4XPXR
1104922,4XMJB4XMQG4XMXB4XN4G4XPBB4XPIG4XPPB4XPWG4XPXR
1104910,4XMJB4XMQG4XMXB4XN4G4XPBB4XPIG4XPPB4XPWG4XQ3B
1104928,4XMJB4XMQG4XMXB4XN4G4XPBB4XPIG4XPPB4XPWG4XPXR
1104911,4XMJB4XMQG4XMXB4XN4G4XPBB4XPIG4XPPB4XPWG4XQ3B
1104929,4XMJB4XMQG4XMXB4XN4G4XPBB4XPIG4XPPB4XPWG4XPXR
1104912,4XMJB4XMQG4XMXB4XN4G4XPBB4XPIG4XPPB4XPWG4XPXR
1104930,4XMJB4XMQG4XMXB4XN4G4XPBB4XPIG4XPPB4XPWG4XPXR
1104913,4XMJB4XMQG4XMXB4XN4G4XPBB4XPIG4XPPB4XPWG4XQ3B
769527,4XMJG4XMQB4XMXG4XN4B4XPBG4XPIB4XPPG4XPWB4XQ3G
769525,4XMJG4XMQB4XMXG4XN4B4XPBG4XPIB4XPPG4XPWB4XQ3G
769524,4XMJG4XMQB4XMXG4XN4B4XPBG4XPIB4XPPG4XPWB4XQ3G
769522,4XMJG4XMQB4XMXG4XN4B4XPBG4XPIB4XPPG4XPWB4XQ3G
769562,4XMJG4XMQB4XMXG4XN4B4XPBG4XPIB4XPPG4XPWB4XQ3G
731007,4XMJG4XMQB4XMXG4XN4B4XPBG4XPIB4XPPG4XPWB4XQ3G
769517,4XMJG4XMQB4XMXG4XN4B4XPBG4XPIB4XPPG4XPWB4XQ3G
769542,4XMJG4XMQB4XMXG4XN4B4XPBG4XPIB4XPPG4XPWB4XQ3G
731006,4XMJG4XMQB4XMXG4XN4B4XPBG4XPIB4XPPG4XPWB4XQ3G
731009,4XMJG4XMQB4XMXG4XN4B4XPBG4XPIB4XPPG4XPWB4XQ3G
731025,4XMJG4XMQB4XMXG4XN4B4XPBG4XPIB4XPPG4XPWB4XQ3G
954923,4XMJG4XMQB4XMXG4XN4B4XPBG4XPIB4XPPG4XPWB4XQ3G
731024,4XMJG4XMQB4XMXG4XN4B4XPBG4XPIB4XPPG4XPWB4XQ3G
731000,4XMJG4XMQB4XMXG4XN4B4XPBG4XPIB4XPPG4XPWB4XQ3G
997310,4XMJG4XMQB4XMXG4XN4B4XPBG4XPIB4XPPG4XPWB4XQ3G
994489,4XMJG4XMQB4XMXG4XN4B4XPBG4XPIB4XPPG4XPWB4XQ3G
769532,4XMJG4XMQB4XMXG4XN4B4XPBG4XPIB4XPPG4XPWB4XQ3G
731022,4XMJG4XMQB4XMXG4XN4B4XPBG4XPIB4XPPG4XPWB4XQ3G
1049406,4XMJG4XMQB4XMXG4XN4B4XPBG4XPIB4XPPG4XPWB4XQ3G
731020,4XMJG4XMQB4XMXG4XN4B4XPBG4XPIB4XPPG4XPWB4XQ3G
731002,4XMJG4XMQB4XMXG4XN4B4XPBG4XPIB4XPPG4XPWB4XQ3G
731019,4XMJG4XMQB4XMXG4XN4B4XPBG4XPIB4XPPG4XPWB4XQ3G
731004,4XMJG4XMQB4XMXG4XN4B4XPBG4XPIB4XPPG4XPWB4XQ3G
731017,4XMJG4XMQB4XMXG4XN4B4XPBG4XPIB4XPPG4XPWB4XQ3G
731026,4XMJG4XMQB4XMXG4XN4B4XPBG4XPIB4XPPG4XPWB4XQ3G
769531,4XMJG4XMQB4XMXG4XN4B4XPBG4XPIB4XPPG4XPWB4XQ3G
769529,4XMJG4XMQB4XMXG4XN4B4XPBG4XPIB4XPPG4XPWB4XQ3G
1049437,4XMJG4XMJG4XMQB4XMXG4XMXG4XN4B4XPBG4XPBG4XPIB
909883,4XMJG4XMQB4XMXG4XN4B4XPBG4XPIB4XPPG4XPWB4XQ3G
769536,4XMJG4XMQB4XMXG4XN4B4XPBG4XPIB4XPPG4XPWB4XQ3G
954128,4XMJG4XMQB4XMXG4XN4B4XPBG4XPIB4XPPG4XPWB4XQ3G
956634,4XMJG4XMQB4XMXG4XN4B4XPBG4XPIB4XPPG4XPWB4XQ3G
956010,4XMJG4XMQB4XMXG4XN4B4XPBG4XPIB4XPPG4XPWB4XQ3G
953056,4XMJG4XMJG4XMQB4XMXG4XMXG4XN4B4XPBG4XPBG4XPIB
953791,4XMJG4XMQB4XMXG4XN4B4XPBG4XPIB4XPPG4XPWB4XQ3G
622923,4XMJG4XMQB4XMXG4XN4B4XPBG4XPIB4XPPG4XPWB4XQ3G
953237,4XMJG4XMQB4XMXG4XN4B4XPBG4XPIB4XPPG4XPWB4XQ3G
953886,4XMJG4XMQB4XMQB4XMXG4XN4B4XN4B4XPBG4XPIB4XPIB
954137,4XMJG4XMQB4XMXG4XN4B4XPBG4XPIB4XPPG4XPWB4XQ3G
956643,4XMJG4XMQB4XMXG4XN4B4XPBG4XPIB4XPPG4XPWB4XQ3G
956019,4XMJG4XMQB4XMXG4XN4B4XPBG4XPIB4XPPG4XPWB4XQ3G
953065,4XMJG4XMJG4XMQB4XMXG4XMXG4XN4B4XPBG4XPBG4XPIB
953800,4XMJG4XMQB4XMXG4XN4B4XPBG4XPIB4XPPG4XPWB4XQ3G
622930,4XMJG4XMQB4XMXG4XN4B4XPBG4XPIB4XPPG4XPWB4XQ3G
953244,4XMJG4XMQB4XMXG4XN4B4XPBG4XPIB4XPPG4XPWB4XQ3G
953895,4XMJG4XMQB4XMQB4XMXG4XN4B4XN4B4XPBG4XPIB4XPIB
954138,4XMJG4XMQB4XMXG4XN4B4XPBG4XPIB4XPPG4XPWB4XQ3G
956644,4XMJG4XMQB4XMXG4XN4B4XPBG4XPIB4XPPG4XPWB4XQ3G
956020,4XMJG4XMQB4XMXG4XN4B4XPBG4XPIB4XPPG4XPWB4XQ3G
953066,4XMJG4XMJG4XMQB4XMXG4XMXG4XN4B4XPBG4XPBG4XPIB
953801,4XMJG4XMQB4XMXG4XN4B4XPBG4XPIB4XPPG4XPWB4XQ3G
622931,4XMJG4XMQB4XMXG4XN4B4XPBG4XPIB4XPPG4XPWB4XQ3G
953245,4XMJG4XMQB4XMXG4XN4B4XPBG4XPIB4XPPG4XPWB4XQ3G
953896,4XMJG4XMQB4XMQB4XMXG4XN4B4XN4B4XPBG4XPIB4XPIB
663085,4XMJG4XMQB4XMXG4XN4B4XPBG4XPIB4XPPG4XPSR4XPWB
954139,4XMJG4XMQB4XMXG4XN4B4XPBG4XPIB4XPPG4XPWB4XQ3G
956645,4XMJG4XMQB4XMXG4XN4B4XPBG4XPIB4XPPG4XPWB4XQ3G
956021,4XMJG4XMQB4XMXG4XN4B4XPBG4XPIB4XPPG4XPWB4XQ3G
953067,4XMJG4XMJG4XMQB4XMXG4XMXG4XN4B4XPBG4XPBG4XPIB
953802,4XMJG4XMQB4XMXG4XN4B4XPBG4XPIB4XPPG4XPWB4XQ3G
622932,4XMJG4XMQB4XMXG4XN4B4XPBG4XPIB4XPPG4XPWB4XQ3G
953246,4XMJG4XMQB4XMXG4XN4B4XPBG4XPIB4XPPG4XPWB4XQ3G
953897,4XMJG4XMQB4XMQB4XMXG4XN4B4XN4B4XPBG4XPIB4XPIB
663086,4XMJG4XMQB4XMXG4XN4B4XPBG4XPIB4XPPG4XPSR4XPWB
663087,4XMJG4XMQB4XMXG4XN4B4XPBG4XPIB4XPPG4XPSR4XPWB
663088,4XMJG4XMQB4XMXG4XN4B4XPBG4XPIB4XPPG4XPSR4XPWB
663080,4XMJG4XMQB4XMXG4XN4B4XPBG4XPIB4XPPG4XPSR4XPWB
954129,4XMJG4XMQB4XMXG4XN4B4XPBG4XPIB4XPPG4XPWB4XQ3G
956635,4XMJG4XMQB4XMXG4XN4B4XPBG4XPIB4XPPG4XPWB4XQ3G
956011,4XMJG4XMQB4XMXG4XN4B4XPBG4XPIB4XPPG4XPWB4XQ3G
953057,4XMJG4XMJG4XMQB4XMXG4XMXG4XN4B4XPBG4XPBG4XPIB
953792,4XMJG4XMQB4XMXG4XN4B4XPBG4XPIB4XPPG4XPWB4XQ3G
1019393,4XMJG4XMQB4XMXG4XN4B4XPBG4XPIB4XPPG4XPWB4XQ3G
953238,4XMJG4XMQB4XMXG4XN4B4XPBG4XPIB4XPPG4XPWB4XQ3G
953887,4XMJG4XMQB4XMQB4XMXG4XN4B4XN4B4XPBG4XPIB4XPIB
663089,4XMJG4XMQB4XMXG4XN4B4XPBG4XPIB4XPPG4XPSR4XPWB
952201,4XMJG4XMQB4XMXG4XN4B4XPBG4XPIB4XPPG4XPSR4XPWB
663090,4XMJG4XMQB4XMXG4XN4B4XPBG4XPIB4XPPG4XPSR4XPWB
952202,4XMJG4XMQB4XMXG4XN4B4XPBG4XPIB4XPPG4XPSR4XPWB
622863,4XMJG4XMQB4XMXG4XN4B4XPBG4XPIB4XPPG4XPSR4XPWB
952203,4XMJG4XMQB4XMXG4XN4B4XPBG4XPIB4XPPG4XPSR4XPWB
622864,4XMJG4XMQB4XMXG4XN4B4XPBG4XPIB4XPPG4XPSR4XPWB
952204,4XMJG4XMQB4XMXG4XN4B4XPBG4XPIB4XPPG4XPSR4XPWB
622865,4XMJG4XMQB4XMXG4XN4B4XPBG4XPIB4XPPG4XPSR4XPWB
954130,4XMJG4XMQB4XMXG4XN4B4XPBG4XPIB4XPPG4XPWB4XQ3G
956636,4XMJG4XMQB4XMXG4XN4B4XPBG4XPIB4XPPG4XPWB4XQ3G
956012,4XMJG4XMQB4XMXG4XN4B4XPBG4XPIB4XPPG4XPWB4XQ3G
953058,4XMJG4XMJG4XMQB4XMXG4XMXG4XN4B4XPBG4XPBG4XPIB
953793,4XMJG4XMQB4XMXG4XN4B4XPBG4XPIB4XPPG4XPWB4XQ3G
622924,4XMJG4XMQB4XMXG4XN4B4XPBG4XPIB4XPPG4XPWB4XQ3G
908539,4XMJG4XMQB4XMXG4XN4B4XPBG4XPIB4XPPG4XPWB4XQ3G
953888,4XMJG4XMQB4XMQB4XMXG4XN4B4XN4B4XPBG4XPIB4XPIB
952205,4XMJG4XMQB4XMXG4XN4B4XPBG4XPIB4XPPG4XPSR4XPWB
790558,4XMJG4XMQB4XMXG4XN4B4XPBG4XPIB4XPPG4XPSR4XPWB
952206,4XMJG4XMQB4XMXG4XN4B4XPBG4XPIB4XPPG4XPWB4XQ3G
622866,4XMJG4XMQB4XMXG4XN4B4XPBG4XPIB4XPPG4XPWB4XQ3G
952207,4XMQB4XN4B4XPIB4XPSR4XPWB4XS3R4XS7B4XSHR4XSLB
622867,4XMJG4XMQB4XMXG4XN4B4XPBG4XPIB4XPPG4XPSR4XPWB
952208,4XMJG4XMQB4XMXG4XN4B4XPBG4XPIB4XPPG4XPWB4XQ3G
622868,4XMJG4XMQB4XMXG4XN4B4XPBG4XPIB4XPPG4XPSR4XPWB
952209,4XMJG4XMQB4XMXG4XN4B4XPBG4XPIB4XPPG4XPWB4XQ3G
622869,4XMJG4XMQB4XMXG4XN4B4XPBG4XPIB4XPPG4XPSR4XPWB
663081,4XMJG4XMQB4XMXG4XN4B4XPBG4XPIB4XPPG4XPWB4XQ3G
954131,4XMJG4XMQB4XMXG4XN4B4XPBG4XPIB4XPPG4XPWB4XQ3G
956637,4XMJG4XMQB4XMXG4XN4B4XPBG4XPIB4XPPG4XPWB4XQ3G
956013,4XMJG4XMQB4XMXG4XN4B4XPBG4XPIB4XPPG4XPWB4XQ3G
953059,4XMJG4XMJG4XMQB4XMXG4XMXG4XN4B4XPBG4XPBG4XPIB
953794,4XMJG4XMQB4XMXG4XN4B4XPBG4XPIB4XPPG4XPWB4XQ3G
622925,4XMJG4XMQB4XMXG4XN4B4XPBG4XPIB4XPPG4XPWB4XQ3G
953239,4XMJG4XMQB4XMXG4XN4B4XPBG4XPIB4XPPG4XPWB4XQ3G
953889,4XMJG4XMQB4XMQB4XMXG4XN4B4XN4B4XPBG4XPIB4XPIB
952210,4XMJG4XMQB4XMXG4XN4B4XPBG4XPIB4XPPG4XPWB4XQ3G
787597,4XMJG4XMQB4XMXG4XN4B4XPBG4XPIB4XPPG4XPSR4XPWB
952211,4XMJG4XMQB4XMXG4XN4B4XPBG4XPIB4XPPG4XPWB4XQ3G
622870,4XMJG4XMQB4XMXG4XN4B4XPBG4XPIB4XPPG4XPSR4XPWB
952212,4XMJG4XMQB4XMXG4XN4B4XPBG4XPIB4XPPG4XPWB4XQ3G
622871,4XMJG4XMQB4XMXG4XN4B4XPBG4XPIB4XPPG4XPSR4XPWB
622872,4XMJG4XMQB4XMXG4XN4B4XPBG4XPIB4XPPG4XPSR4XPWB
952213,4XMJG4XMQB4XMXG4XN4B4XPBG4XPIB4XPPG4XPWB4XQ3G
622873,4XMJG4XMQB4XMXG4XN4B4XPBG4XPIB4XPPG4XPSR4XPWB
951904,4XMJG4XMQB4XMXG4XN4B4XPBG4XPIB4XPPG4XPSR4XPWB
954132,4XMJG4XMQB4XMXG4XN4B4XPBG4XPIB4XPPG4XPWB4XQ3G
956638,4XMJG4XMQB4XMXG4XN4B4XPBG4XPIB4XPPG4XPWB4XQ3G
956014,4XMJG4XMQB4XMXG4XN4B4XPBG4XPIB4XPPG4XPWB4XQ3G
953060,4XMJG4XMJG4XMQB4XMXG4XMXG4XN4B4XPBG4XPBG4XPIB
953795,4XMJG4XMQB4XMXG4XN4B4XPBG4XPIB4XPPG4XPWB4XQ3G
622926,4XMJG4XMQB4XMXG4XN4B4XPBG4XPIB4XPPG4XPWB4XQ3G
953240,4XMJG4XMQB4XMXG4XN4B4XPBG4XPIB4XPPG4XPWB4XQ3G
953890,4XMJG4XMQB4XMQB4XMXG4XN4B4XN4B4XPBG4XPIB4XPIB
1025598,4XMJG4XMQB4XMXG4XN4B4XPBG4XPIB4XPPG4XPWB4XQ3G
1049718,4XMJG4XMQB4XMXG4XN4B4XPBG4XPIB4XPPG4XPSR4XPWB
952214,4XMJG4XMQB4XMXG4XN4B4XPBG4XPIB4XPPG4XPWB4XQ3G
1049719,4XMJG4XMQB4XMXG4XN4B4XPBG4XPIB4XPPG4XPSR4XPWB
1049720,4XMJG4XMQB4XMXG4XN4B4XPBG4XPIB4XPPG4XPSR4XPWB
622874,4XMJG4XMQB4XMXG4XN4B4XPBG4XPIB4XPPG4XPSR4XPWB
790521,4XMJG4XMQB4XMXG4XN4B4XPBG4XPIB4XPPG4XPSR4XPWB
663082,4XMJG4XMQB4XMXG4XN4B4XPBG4XPIB4XPPG4XPWB4XQ3G
954133,4XMJG4XMQB4XMXG4XN4B4XPBG4XPIB4XPPG4XPWB4XQ3G
956639,4XMJG4XMQB4XMXG4XN4B4XPBG4XPIB4XPPG4XPWB4XQ3G
956015,4XMJG4XMQB4XMXG4XN4B4XPBG4XPIB4XPPG4XPWB4XQ3G
953061,4XMJG4XMJG4XMQB4XMXG4XMXG4XN4B4XPBG4XPBG4XPIB
953796,4XMJG4XMQB4XMXG4XN4B4XPBG4XPIB4XPPG4XPWB4XQ3G
622927,4XMJG4XMQB4XMXG4XN4B4XPBG4XPIB4XPPG4XPWB4XQ3G
953241,4XMJG4XMQB4XMXG4XN4B4XPBG4XPIB4XPPG4XPWB4XQ3G
953891,4XMJG4XMQB4XMQB4XMXG4XN4B4XN4B4XPBG4XPIB4XPIB
1025597,4XMJG4XMQB4XMXG4XN4B4XPBG4XPIB4XPPG4XPSR4XPWB
952199,4XMJG4XMQB4XMXG4XN4B4XPBG4XPIB4XPPG4XPSR4XPWB
952200,4XMJG4XMQB4XMXG4XN4B4XPBG4XPIB4XPPG4XPSR4XPWB
951905,4XMJG4XMQB4XMXG4XN4B4XPBG4XPIB4XPPG4XPSR4XPWB
954134,4XMJG4XMQB4XMXG4XN4B4XPBG4XPIB4XPPG4XPWB4XQ3G
956640,4XMJG4XMQB4XMXG4XN4B4XPBG4XPIB4XPPG4XPWB4XQ3G
956016,4XMJG4XMQB4XMXG4XN4B4XPBG4XPIB4XPPG4XPWB4XQ3G
953062,4XMJG4XMJG4XMQB4XMXG4XMXG4XN4B4XPBG4XPBG4XPIB
953797,4XMJG4XMQB4XMXG4XN4B4XPBG4XPIB4XPPG4XPWB4XQ3G
622928,4XMJG4XMQB4XMXG4XN4B4XPBG4XPIB4XPPG4XPWB4XQ3G
953242,4XMJG4XMQB4XMXG4XN4B4XPBG4XPIB4XPPG4XPWB4XQ3G
953892,4XMJG4XMQB4XMQB4XMXG4XN4B4XN4B4XPBG4XPIB4XPIB
663083,4XMJG4XMQB4XMXG4XN4B4XPBG4XPIB4XPPG4XPSR4XPWB
954135,4XMJG4XMQB4XMXG4XN4B4XPBG4XPIB4XPPG4XPWB4XQ3G
956641,4XMJG4XMQB4XMXG4XN4B4XPBG4XPIB4XPPG4XPWB4XQ3G
956017,4XMJG4XMQB4XMXG4XN4B4XPBG4XPIB4XPPG4XPWB4XQ3G
953063,4XMJG4XMJG4XMQB4XMXG4XMXG4XN4B4XPBG4XPBG4XPIB
953798,4XMJG4XMQB4XMXG4XN4B4XPBG4XPIB4XPPG4XPWB4XQ3G
622929,4XMJG4XMQB4XMXG4XN4B4XPBG4XPIB4XPPG4XPWB4XQ3G
953243,4XMJG4XMQB4XMXG4XN4B4XPBG4XPIB4XPPG4XPWB4XQ3G
953893,4XMJG4XMQB4XMQB4XMXG4XN4B4XN4B4XPBG4XPIB4XPIB
951906,4XMJG4XMQB4XMXG4XN4B4XPBG4XPIB4XPPG4XPSR4XPWB
954136,4XMJG4XMQB4XMXG4XN4B4XPBG4XPIB4XPPG4XPWB4XQ3G
956642,4XMJG4XMQB4XMXG4XN4B4XPBG4XPIB4XPPG4XPWB4XQ3G
956018,4XMJG4XMQB4XMXG4XN4B4XPBG4XPIB4XPPG4XPWB4XQ3G
953064,4XMJG4XMJG4XMQB4XMXG4XMXG4XN4B4XPBG4XPBG4XPIB
953799,4XMJG4XMQB4XMXG4XN4B4XPBG4XPIB4XPPG4XPWB4XQ3G
788148,4XMJG4XMQB4XMXG4XN4B4XPBG4XPIB4XPPG4XPWB4XQ3G
787582,4XMJG4XMQB4XMXG4XN4B4XPBG4XPIB4XPPG4XPWB4XQ3G
953894,4XMJG4XMQB4XMQB4XMXG4XN4B4XN4B4XPBG4XPIB4XPIB
663084,4XMJG4XMQB4XMXG4XN4B4XPBG4XPIB4XPPG4XPSR4XPWB
1117883,4XMKB4XMRG4XMYB4XN5G4XPCB4XPJG4XPQB4XPXG4XS1B
1117874,4XMKB4XMRG4XMYB4XN5G4XPCB4XPJG4XPQB4XPXG4XS1B
1117882,4XMKB4XMRG4XMYB4XN5G4XPCB4XPJG4XPLR4XPQB4XPXG
1117875,4XMKB4XMRG4XMYB4XN5G4XPCB4XPJG4XPQB4XPXG4XS1B
1117881,4XMKB4XMRG4XMYB4XN5G4XPCB4XPJG4XPLR4XPQB4XPXG
1117876,4XMKB4XMRG4XMYB4XN5G4XPCB4XPJG4XPLR4XPQB4XPXG
1117880,4XMKB4XMRG4XMYB4XN5G4XPCB4XPJG4XPLR4XPQB4XPXG
1117877,4XMKB4XMRG4XMYB4XN5G4XPCB4XPJG4XPQB4XPXG4XS1B
1117879,4XMKB4XMRG4XMYB4XN5G4XPCB4XPJG4XPLR4XPQB4XPXG
1117869,4XMKB4XMRG4XMYB4XN5G4XPCB4XPJG4XPLR4XPQB4XPXG
1117878,4XMKB4XMRG4XMYB4XN5G4XPCB4XPJG4XPLR4XPQB4XPXG
1117887,4XMKB4XMRG4XMYB4XN5G4XPCB4XPJG4XPLR4XPQB4XPXG
1117870,4XMKB4XMRG4XMYB4XN5G4XPCB4XPJG4XPLR4XPQB4XPXG
1117886,4XMKB4XMRG4XMYB4XN5G4XPCB4XPJG4XPLR4XPQB4XPXG
1117871,4XMKB4XMRG4XMYB4XN5G4XPCB4XPJG4XPLR4XPQB4XPXG
1117885,4XMKB4XMRG4XMYB4XN5G4XPCB4XPJG4XPLR4XPQB4XPXG
1117872,4XMKB4XMRG4XMYB4XN5G4XPCB4XPJG4XPLR4XPQB4XPXG
1117884,4XMKB4XMRG4XMYB4XN5G4XPCB4XPJG4XPQB4XPXG4XS1B
1117873,4XMKB4XMRG4XMYB4XN5G4XPCB4XPJG4XPLR4XPQB4XPXG
828754,4XKJG4XMNB4XMUG4XN1B4XN8G4XPFB4XPMG4XPSR4XPTB
693390,4XKJG4XMNB4XMUG4XN1B4XN8G4XPFB4XPMG4XPSR4XPTB
647939,4XKJG4XMNB4XMUG4XN1B4XN8G4XPFB4XPMG4XPSR4XPTB
647946,4XKJG4XMNB4XMUG4XN1B4XN8G4XPFB4XPMG4XPSR4XPTB
688385,4XKJG4XMNB4XMUG4XN1B4XN8G4XPFB4XPMG4XPSR4XPTB
647945,4XKJG4XMNB4XMUG4XN1B4XN8G4XPFB4XPMG4XPSR4XPTB
693398,4XKJG4XMNB4XMUG4XN1B4XN8G4XPFB4XPMG4XPSR4XPTB
864841,4XKJG4XMNB4XMUG4XN1B4XN8G4XPFB4XPMG4XPSR4XPTB
1042136,4XKJG4XMNB4XMUG4XN1B4XN8G4XPFB4XPMG4XPSR4XPTB
906141,4XKJG4XMNB4XMUG4XN1B4XN8G4XPFB4XPMG4XPSR4XPTB
647942,4XKJG4XMNB4XMUG4XN1B4XN8G4XPFB4XPMG4XPSR4XPTB
647941,4XKJG4XMNB4XMUG4XN1B4XN8G4XPFB4XPMG4XPSR4XPTB
864840,4XKJG4XMNB4XMUG4XN1B4XN8G4XPFB4XPMG4XPSR4XPTB
905144,4XKJG4XMNB4XMUG4XN1B4XN8G4XPFB4XPMG4XPSR4XPTB
647938,4XKJG4XMNB4XMUG4XN1B4XN8G4XPFB4XPMG4XPSR4XPTB
686802,4XKJG4XMNB4XMUG4XN1B4XN8G4XPFB4XPMG4XPSR4XPTB
1019156,4XKJG4XMNB4XMUG4XN1B4XN8G4XPFB4XPMG4XPSR4XPTB
981037,4XKJG4XMNB4XMUG4XN1B4XN8G4XPFB4XPMG4XPSR4XPTB
981036,4XKJG4XMNB4XMUG4XN1B4XN8G4XPFB4XPMG4XPSR4XPTB
905145,4XKJG4XMNB4XMUG4XN1B4XN8G4XPFB4XPMG4XPSR4XPTB
980711,4XKJG4XMNB4XMUG4XN1B4XN8G4XPFB4XPMG4XPSR4XPTB
1042142,4XKJG4XMNB4XMUG4XN1B4XN8G4XPFB4XPMG4XPSR4XPTB
1042110,4XKJG4XMNB4XMUG4XN1B4XN8G4XPFB4XPMG4XPSR4XPTB
864842,4XKJG4XMNB4XMUG4XN1B4XN8G4XPFB4XPMG4XPSR4XPTB
980699,4XKJG4XMNB4XMUG4XN1B4XN8G4XPFB4XPMG4XPSR4XPTB
980668,4XKJG4XMNB4XMUG4XN1B4XN8G4XPFB4XPMG4XPSR4XPTB
980666,4XKJG4XMNB4XMUG4XN1B4XN8G4XPFB4XPMG4XPTB4XQ0G
689717,4XKJG4XMNB4XMUG4XN1B4XN8G4XPFB4XPMG4XPSR4XPTB
980665,4XKJG4XMNB4XMUG4XN1B4XN8G4XPFB4XPMG4XPSR4XPTB
827155,4XKJG4XMNB4XMUG4XN1B4XN8G4XPFB4XPMG4XPSR4XPTB
689696,4XKJG4XMNB4XMUG4XN1B4XN8G4XPFB4XPMG4XPSR4XPTB
689691,4XKJG4XMNB4XMUG4XN1B4XN8G4XPFB4XPMG4XPSR4XPTB
1042135,4XKJG4XMNB4XMUG4XN1B4XN8G4XPFB4XPMG4XPSR4XPTB
689695,4XKJG4XMNB4XMUG4XN1B4XN8G4XPFB4XPMG4XPSR4XPTB
894919,4XMIB4XMPG4XMWB4XN3G4XPAB4XPHG4XPOB4XPOR4XPVG
894920,4XMIB4XMPG4XMWB4XN3G4XPAB4XPHG4XPOB4XPOR4XPVG
664946,4XMPG4XN3G4XPHG4XPOR4XPVG4XQ2R4XS6G4XSDR4XSKG
721100,4XKJG4XMNB4XMUG4XN1B4XN8G4XPFB4XPMG4XPSR4XPTB
721101,4XKJG4XMNB4XMUG4XN1B4XN8G4XPFB4XPMG4XPSR4XPTB
721102,4XKJG4XMNB4XMUG4XN1B4XN8G4XPFB4XPMG4XPSR4XPTB
721114,4XKJG4XMNB4XMNB4XMUG4XN1B4XN1B4XN8G4XPFB4XPFB
1037635,4XKJG4XMNB4XMUG4XN1B4XN8G4XPFB4XPMG4XPSR4XPTB
721105,4XKJG4XMNB4XMUG4XN1B4XN8G4XPFB4XPMG4XPSR4XPTB
721106,4XKJG4XMNB4XMUG4XN1B4XN8G4XPFB4XPMG4XPSR4XPTB
721108,4XKJG4XMNB4XMUG4XN1B4XN8G4XPFB4XPMG4XPSR4XPTB
721109,4XKJG4XMNB4XMUG4XN1B4XN8G4XPFB4XPMG4XPSR4XPTB
721111,4XKJG4XMNB4XMUG4XN1B4XN8G4XPFB4XPMG4XPSR4XPTB
721113,4XKJG4XMNB4XMUG4XN1B4XN8G4XPFB4XPMG4XPSR4XPTB
781830,4XKJG4XMNB4XMUG4XN1B4XN8G4XPFB4XPMG4XPSR4XPTB
783286,4XKJG4XMNB4XMUG4XN1B4XN8G4XPFB4XPMG4XPSR4XPTB
721094,4XKJG4XMNB4XMUG4XN1B4XN8G4XPFB4XPMG4XPSR4XPTB
721098,4XKJG4XMNB4XMUG4XN1B4XN8G4XPFB4XPMG4XPSR4XPTB
721099,4XKJG4XMNB4XMUG4XN1B4XN8G4XPFB4XPMG4XPSR4XPTB
771481,4XMJB4XMQB4XMXB4XMYG4XN4B4XPBB4XPIB4XPPB4XPQG
771478,4XMJB4XMQB4XMXB4XMYG4XN4B4XPBB4XPIB4XPPB4XPQG
771474,4XMJB4XMQB4XMXB4XMYG4XN4B4XPBB4XPIB4XPPB4XPQG
771480,4XMJB4XMQB4XMXB4XMYG4XN4B4XPBB4XPIB4XPPB4XPQG
771501,4XMJB4XMQB4XMXB4XMYG4XN4B4XPBB4XPIB4XPPB4XPQG
771496,4XMJB4XMQB4XMXB4XMYG4XN4B4XPBB4XPIB4XPPB4XPQG
771492,4XMJB4XMQB4XMXB4XMYG4XN4B4XPBB4XPIB4XPPB4XPQG
701062,4XMJB4XMQB4XMXB4XMYG4XN4B4XPBB4XPIB4XPPB4XPQG
771123,4XMJB4XMQB4XMXB4XMYG4XN4B4XPBB4XPIB4XPPB4XPQG
771120,4XMJB4XMQB4XMXB4XMYG4XN4B4XPBB4XPIB4XPPB4XPQG
769451,4XMJB4XMQB4XMXB4XMYG4XN4B4XPBB4XPIB4XPPB4XPQG
771118,4XMJB4XMQB4XMXB4XMYG4XN4B4XPBB4XPIB4XPPB4XPQG
769794,4XMJB4XMQB4XMXB4XMYG4XN4B4XPBB4XPIB4XPPB4XPQG
771119,4XMJB4XMQB4XMXB4XMYG4XN4B4XPBB4XPIB4XPPB4XPQG
771469,4XMJB4XMQB4XMXB4XMYG4XN4B4XPBB4XPIB4XPPB4XPQG
771471,4XMJB4XMQB4XMXB4XMYG4XN4B4XPBB4XPIB4XPPB4XPQG
771464,4XMJB4XMQB4XMXB4XMYG4XN4B4XPBB4XPIB4XPPB4XPQG
781525,4XMJB4XMQB4XMXB4XMYG4XN4B4XPBB4XPIB4XPPB4XPQG
769473,4XMJB4XMQB4XMXB4XMYG4XN4B4XPBB4XPIB4XPPB4XPQG
769464,4XMJB4XMQB4XMXB4XMYG4XN4B4XPBB4XPIB4XPPB4XPQG
771486,4XMJB4XMQB4XMXB4XMYG4XN4B4XPBB4XPIB4XPPB4XPQG
871828,4XKJG4XMNB4XMUG4XN1B4XN8G4XPFB4XPMG4XPTB4XPVR
742917,4XKJG4XMNB4XMUG4XN1B4XN8G4XPFB4XPMG4XPTB4XPVR
871826,4XKJG4XMNB4XMUG4XN1B4XN8G4XPFB4XPMG4XPTB4XPVR
871824,4XKJG4XMNB4XMUG4XN1B4XN8G4XPFB4XPMG4XPTB4XQ0G
871799,4XKJG4XMNB4XMUG4XN1B4XN8G4XPFB4XPMG4XPTB4XPVR
1057152,4XKJG4XMNB4XMUG4XN1B4XN8G4XPFB4XPMG4XPTB4XQ0G
871796,4XKJG4XMNB4XMUG4XN1B4XN8G4XPFB4XPMG4XPTB4XPVR
1019430,4XKJG4XMNB4XMUG4XN1B4XN8G4XPFB4XPMG4XPTB4XPVR
871798,4XKJG4XMNB4XMUG4XN1B4XN8G4XPFB4XPMG4XPTB4XPVR
871825,4XKJG4XMNB4XMUG4XN1B4XN8G4XPFB4XPMG4XPTB4XPVR
695453,4XKJG4XMNB4XMUG4XN1B4XN8G4XPFB4XPMG4XPTB4XPVR
954255,4XKJG4XMNB4XMUG4XN1B4XN8G4XPFB4XPMG4XPTB4XPVR
662988,4XMIG4XMPB4XMWG4XN3B4XPAG4XPHB4XPOG4XPVB4XPVR
871831,4XKJG4XMNB4XMUG4XN1B4XN8G4XPFB4XPMG4XPTB4XPVR
871820,4XKJG4XMNB4XMUG4XN1B4XN8G4XPFB4XPMG4XPTB4XPVR
661753,4XKJG4XMNB4XMUG4XN1B4XN8G4XPFB4XPMG4XPTB4XPVR
1137761,4XKJG4XMNB4XMUG4XN1B4XN8G4XPFB4XPMG4XPTB4XPVR
943797,4XKJG4XMNB4XMUG4XN1B4XN8G4XPFB4XPMG4XPTB4XPVR
1057151,4XMIG4XMPB4XMWG4XN3B4XPAG4XPHB4XPOG4XPVB4XPVR
871812,4XMIG4XMPB4XMWG4XN3B4XPAG4XPHB4XPNR4XPOG4XPVB
871801,4XMIG4XMPB4XMWG4XN3B4XPAG4XPHB4XPNR4XPOG4XPVB
871786,4XMIG4XMPB4XMWG4XN3B4XPAG4XPHB4XPNR4XPOG4XPVB
661751,4XMIG4XMPB4XMWG4XN3B4XPAG4XPHB4XPNR4XPOG4XPVB
871810,4XMIG4XMPB4XMWG4XN3B4XPAG4XPHB4XPNR4XPOG4XPVB
871794,4XMIG4XMPB4XMWG4XN3B4XPAG4XPHB4XPNR4XPOG4XPVB
1132210,4XMIG4XMPB4XMWG4XN3B4XPAG4XPHB4XPNR4XPOG4XPVB
943798,4XMIG4XMPB4XMWG4XN3B4XPAG4XPHB4XPNR4XPOG4XPVB
1019429,4XMIG4XMPB4XMWG4XN3B4XPAG4XPHB4XPNR4XPOG4XPVB
871792,4XMIG4XMPB4XMWG4XN3B4XPAG4XPHB4XPNR4XPOG4XPVB
871788,4XMIG4XMPB4XMWG4XN3B4XPAG4XPHB4XPNR4XPOG4XPVB
837908,4XMIG4XMPB4XMWG4XN3B4XPAG4XPHB4XPNR4XPOG4XPVB
871807,4XMIG4XMPB4XMWG4XN3B4XPAG4XPHB4XPNR4XPOG4XPVB
871791,4XMIG4XMPB4XMWG4XN3B4XPAG4XPHB4XPNR4XPOG4XPVB
1057156,4XMIG4XMPB4XMWG4XN3B4XPAG4XPHB4XPNR4XPOG4XPVB
871789,4XMIG4XMPB4XMWG4XN3B4XPAG4XPHB4XPNR4XPOG4XPVB
775680,4XMIG4XMPB4XMWG4XN3B4XPAG4XPHB4XPOG4XPVB4XQ2G
871784,4XMIG4XMPB4XMWG4XN3B4XPAG4XPHB4XPNR4XPOG4XPVB
871795,4XMIG4XMPB4XMWG4XN3B4XPAG4XPHB4XPNR4XPOG4XPVB
992748,4XMIG4XMPB4XMWG4XN3B4XPAG4XPHB4XPOG4XPVB4XQ2G
871806,4XMIG4XMPB4XMWG4XN3B4XPAG4XPHB4XPNR4XPOG4XPVB
721132,4XKJB4XMNG4XMUB4XN1G4XN8B4XPFG4XPMB4XPTG4XQ0B
781829,4XKJB4XMNG4XMUB4XN1G4XN8B4XPFG4XPMB4XPNR4XPTG
720758,4XKJB4XMNG4XMUB4XN1G4XN8B4XPFG4XPMB4XPTG4XQ0B
720760,4XKJB4XMNG4XMUB4XN1G4XN8B4XPFG4XPMB4XPTG4XQ0B
720761,4XKJB4XMNG4XMUB4XN1G4XN8B4XPFG4XPMB4XPTG4XQ0B
790024,4XKJB4XMNG4XMUB4XN1G4XN8B4XPFG4XPMB4XPTG4XQ0B
764066,4XKJB4XMNG4XMUB4XN1G4XN8B4XPFG4XPMB4XPTG4XQ0B
864268,4XKJB4XMNG4XMUB4XN1G4XN8B4XPFG4XPMB4XPTG4XQ0B
781832,4XKJB4XMNG4XMUB4XN1G4XN8B4XPFG4XPMB4XPTG4XQ0B
1117488,4XKJB4XMNG4XMUB4XN1G4XN8B4XPFG4XPMB4XPQR4XPTG
1117497,4XKJB4XMNG4XMUB4XN1G4XN8B4XPFG4XPMB4XPQR4XPTG
1117487,4XKJB4XMNG4XMUB4XN1G4XN8B4XPFG4XPMB4XPQR4XPTG
1117498,4XKJB4XMNG4XMUB4XN1G4XN8B4XPFG4XPMB4XPQR4XPTG
1117486,4XKJB4XMNG4XMUB4XN1G4XN8B4XPFG4XPMB4XPQR4XPTG
1117499,4XKJB4XMNG4XMUB4XN1G4XN8B4XPFG4XPMB4XPQR4XPTG
1117485,4XKJB4XMNG4XMUB4XN1G4XN8B4XPFG4XPMB4XPQR4XPTG
1117500,4XKJB4XMNG4XMUB4XN1G4XN8B4XPFG4XPMB4XPQR4XPTG
1117547,4XKJB4XMNG4XMUB4XN1G4XN8B4XPFG4XPMB4XPQR4XPTG
1117484,4XKJB4XMNG4XMUB4XN1G4XN8B4XPFG4XPMB4XPQR4XPTG
1117546,4XKJB4XMNG4XMUB4XN1G4XN8B4XPFG4XPMB4XPQR4XPTG
1117489,4XKJB4XMNG4XMUB4XN1G4XN8B4XPFG4XPMB4XPQR4XPTG
1117545,4XKJB4XMNG4XMUB4XN1G4XN8B4XPFG4XPMB4XPQR4XPTG
1117490,4XKJB4XMNG4XMUB4XN1G4XN8B4XPFG4XPMB4XPQR4XPTG
1117544,4XKJB4XMNG4XMUB4XN1G4XN8B4XPFG4XPMB4XPQR4XPTG
1117491,4XKJB4XMNG4XMUB4XN1G4XN8B4XPFG4XPMB4XPQR4XPTG
1117543,4XKJB4XMNG4XMUB4XN1G4XN8B4XPFG4XPMB4XPQR4XPTG
1117492,4XKJB4XMNG4XMUB4XN1G4XN8B4XPFG4XPMB4XPQR4XPTG
1117472,4XKJB4XMNG4XMUB4XN1G4XN8B4XPFG4XPMB4XPQR4XPTG
1117542,4XKJB4XMNG4XMUB4XN1G4XN8B4XPFG4XPMB4XPQR4XPTG
1117493,4XKJB4XMNG4XMUB4XN1G4XN8B4XPFG4XPMB4XPQR4XPTG
1117529,4XKJB4XMNG4XMUB4XN1G4XN8B4XPFG4XPMB4XPQR4XPTG
1117494,4XKJB4XMNG4XMUB4XN1G4XN8B4XPFG4XPMB4XPQR4XPTG
1117528,4XKJB4XMNG4XMUB4XN1G4XN8B4XPFG4XPMB4XPQR4XPTG
1117495,4XKJB4XMNG4XMUB4XN1G4XN8B4XPFG4XPMB4XPQR4XPTG
1117527,4XKJB4XMNG4XMUB4XN1G4XN8B4XPFG4XPMB4XPQR4XPTG
1117496,4XKJB4XMNG4XMUB4XN1G4XN8B4XPFG4XPMB4XPQR4XPTG
1117526,4XKJB4XMNG4XMUB4XN1G4XN8B4XPFG4XPMB4XPQR4XPTG
1117509,4XKJB4XMNG4XMUB4XN1G4XN8B4XPFG4XPMB4XPQR4XPTG
1117557,4XKJB4XMNG4XMUB4XN1G4XN8B4XPFG4XPMB4XPQR4XPTG
1117525,4XKJB4XMNG4XMUB4XN1G4XN8B4XPFG4XPMB4XPQR4XPTG
1117510,4XKJB4XMNG4XMUB4XN1G4XN8B4XPFG4XPMB4XPQR4XPTG
1117515,4XKJB4XMNG4XMUB4XN1G4XN8B4XPFG4XPMB4XPQR4XPTG
1117511,4XKJB4XMNG4XMUB4XN1G4XN8B4XPFG4XPMB4XPQR4XPTG
1117516,4XKJB4XMNG4XMUB4XN1G4XN8B4XPFG4XPMB4XPQR4XPTG
1117512,4XKJB4XMNG4XMUB4XN1G4XN8B4XPFG4XPMB4XPQR4XPTG
1117517,4XKJB4XMNG4XMUB4XN1G4XN8B4XPFG4XPMB4XPQR4XPTG
1117513,4XKJB4XMNG4XMUB4XN1G4XN8B4XPFG4XPMB4XPQR4XPTG
1117518,4XKJB4XMNG4XMUB4XN1G4XN8B4XPFG4XPMB4XPQR4XPTG
1117514,4XKJB4XMNG4XMUB4XN1G4XN8B4XPFG4XPMB4XPQR4XPTG
1117473,4XKJB4XMNG4XMUB4XN1G4XN8B4XPFG4XPMB4XPQR4XPTG
1117519,4XKJB4XMNG4XMUB4XN1G4XN8B4XPFG4XPMB4XPQR4XPTG
1117520,4XKJB4XMNG4XMUB4XN1G4XN8B4XPFG4XPMB4XPQR4XPTG
1117550,4XKJB4XMNG4XMUB4XN1G4XN8B4XPFG4XPMB4XPQR4XPTG
1117474,4XKJB4XMNG4XMUB4XN1G4XN8B4XPFG4XPMB4XPQR4XPTG
1117549,4XKJB4XMNG4XMUB4XN1G4XN8B4XPFG4XPMB4XPQR4XPTG
1117475,4XKJB4XMNG4XMUB4XN1G4XN8B4XPFG4XPMB4XPQR4XPTG
1117548,4XKJB4XMNG4XMUB4XN1G4XN8B4XPFG4XPMB4XPQR4XPTG
1117476,4XKJB4XMNG4XMUB4XN1G4XN8B4XPFG4XPMB4XPQR4XPTG
1117477,4XKJB4XMNG4XMUB4XN1G4XN8B4XPFG4XPMB4XPQR4XPTG
1117483,4XKJB4XMNG4XMUB4XN1G4XN8B4XPFG4XPMB4XPQR4XPTG
1117478,4XKJB4XMNG4XMUB4XN1G4XN8B4XPFG4XPMB4XPQR4XPTG
1117480,4XKJB4XMNG4XMUB4XN1G4XN8B4XPFG4XPMB4XPQR4XPTG
1117479,4XKJB4XMNG4XMUB4XN1G4XN8B4XPFG4XPMB4XPQR4XPTG
1117481,4XKJB4XMNG4XMUB4XN1G4XN8B4XPFG4XPMB4XPQR4XPTG
1117482,4XKJB4XMNG4XMUB4XN1G4XN8B4XPFG4XPMB4XPQR4XPTG
1037631,4XMHB4XMOG4XMVB4XN2G4XP9B4XPGG4XPNB4XPTR4XPUG
723698,4XMHB4XMOG4XMVB4XN2G4XP9B4XPGG4XPNB4XPTR4XPUG
724037,4XMHB4XMOG4XMVB4XN2G4XP9B4XPGG4XPNB4XPTR4XPUG
724035,4XMHB4XMOG4XMVB4XN2G4XP9B4XPGG4XPNB4XPTR4XPUG
724034,4XMHB4XMOG4XMVB4XN2G4XP9B4XPGG4XPNB4XPUG4XQ1B
705348,4XMHB4XMOG4XMVB4XN2G4XP9B4XPGG4XPNB4XPTR4XPUG
725833,4XMHB4XMOG4XMVB4XN2G4XP9B4XPGG4XPNB4XPUG4XQ1B
862977,4XMHB4XMOG4XMVB4XN2G4XP9B4XPGG4XPNB4XPTR4XPUG
725816,4XMHB4XMOG4XMVB4XN2G4XP9B4XPGG4XPNB4XPTR4XPUG
725814,4XMHB4XMOG4XMVB4XN2G4XP9B4XPGG4XPNB4XPTR4XPUG
725835,4XMHB4XMOG4XMVB4XN2G4XP9B4XPGG4XPNB4XPTR4XPUG
862971,4XMHB4XMOG4XMVB4XN2G4XP9B4XPGG4XPNB4XPTR4XPUG
1037634,4XMHB4XMOG4XMVB4XN2G4XP9B4XPGG4XPNB4XPTR4XPUG
862970,4XMHB4XMOG4XMVB4XN2G4XP9B4XPGG4XPNB4XPTR4XPUG
725808,4XMHB4XMOG4XMVB4XN2G4XP9B4XPGG4XPNB4XPTR4XPUG
862969,4XMHB4XMOG4XMVB4XN2G4XP9B4XPGG4XPNB4XPTR4XPUG
725806,4XMHB4XMOG4XMVB4XN2G4XP9B4XPGG4XPNB4XPTR4XPUG
725805,4XMHB4XMOG4XMVB4XN2G4XP9B4XPGG4XPNB4XPTR4XPUG
725838,4XMHB4XMOG4XMVB4XN2G4XP9B4XPGG4XPNB4XPTR4XPUG
862978,4XMHB4XMOG4XMVB4XN2G4XP9B4XPGG4XPNB4XPTR4XPUG
725837,4XMHB4XMOG4XMVB4XN2G4XP9B4XPGG4XPNB4XPTR4XPUG
705672,4XMHB4XMOG4XMVB4XN2G4XP9B4XPGG4XPNB4XPTR4XPUG
725841,4XMHB4XMOG4XMVB4XN2G4XP9B4XPGG4XPNB4XPTR4XPUG
724046,4XMHB4XMOG4XMVB4XN2G4XP9B4XPGG4XPNB4XPTR4XPUG
724044,4XMHB4XMOG4XMVB4XN2G4XP9B4XPGG4XPNB4XPTR4XPUG
724042,4XMHB4XMOG4XMVB4XN2G4XP9B4XPGG4XPNB4XPTR4XPUG
681152,4XMHB4XMOG4XMVB4XN2G4XP9B4XPGG4XPNB4XPTR4XPUG
861335,4XMHB4XMOG4XMVB4XN2G4XP9B4XPGG4XPNB4XPTR4XPUG
681150,4XMHB4XMOG4XMVB4XN2G4XP9B4XPGG4XPNB4XPTR4XPUG
681147,4XMHB4XMOG4XMVB4XN2G4XP9B4XPGG4XPNB4XPTR4XPUG
681146,4XMHB4XMOG4XMVB4XN2G4XP9B4XPGG4XPNB4XPTR4XPUG
681145,4XMRG4XN5G4XPJG4XPTR4XPXG4XS4R4XS8G4XSIR4XSMG
682459,4XMHB4XMOG4XMVB4XN2G4XP9B4XPGG4XPNB4XPTR4XPUG
682464,4XMKB4XMRG4XMYB4XN5G4XPCB4XPJG4XPQB4XPTR4XPXG
682462,4XMHB4XMOG4XMVB4XN2G4XP9B4XPGG4XPNB4XPTR4XPUG
681157,4XMKB4XMRG4XMYB4XN5G4XPCB4XPJG4XPQB4XPTR4XPXG
682482,4XMHB4XMOG4XMVB4XN2G4XP9B4XPGG4XPNB4XPTR4XPUG
999174,4XMHB4XMOG4XMVB4XN2G4XP9B4XPGG4XPNB4XPTR4XPUG
681161,4XMKB4XMRG4XMYB4XN5G4XPCB4XPJG4XPQB4XPTR4XPXG
861339,4XMHB4XMOG4XMVB4XN2G4XP9B4XPGG4XPNB4XPTR4XPUG
681160,4XMKB4XMRG4XMYB4XN5G4XPCB4XPJG4XPQB4XPTR4XPXG
1037598,4XMHB4XMOG4XMVB4XN2G4XP9B4XPGG4XPNB4XPTR4XPUG
861338,4XMKB4XMRG4XMYB4XN5G4XPCB4XPJG4XPQB4XPTR4XPXG
682483,4XMKB4XMRG4XMYB4XN5G4XPCB4XPJG4XPQB4XPTR4XPXG
726480,4XMHB4XMOG4XMVB4XN2G4XP9B4XPGG4XPNB4XPTR4XPUG
720967,4XMKB4XMRG4XMYB4XN5G4XPCB4XPJG4XPQB4XPTR4XPXG
720966,4XMKB4XMRG4XMYB4XN5G4XPCB4XPJG4XPQB4XPTR4XPXG
720964,4XMKB4XMRG4XMYB4XN5G4XPCB4XPJG4XPQB4XPTR4XPXG
720962,4XMKB4XMRG4XMYB4XN5G4XPCB4XPJG4XPQB4XPTR4XPXG
720950,4XMKB4XMRG4XMYB4XN5G4XPCB4XPJG4XPQB4XPTR4XPXG
682489,4XMHB4XMOG4XMVB4XN2G4XP9B4XPGG4XPNB4XPTR4XPUG
720955,4XMKB4XMRG4XMYB4XN5G4XPCB4XPJG4XPQB4XPTR4XPXG
1002447,4XMKB4XMRG4XMYB4XN5G4XPCB4XPJG4XPQB4XPTR4XPXG
1002448,4XMKB4XMRG4XMYB4XN5G4XPCB4XPJG4XPQB4XPTR4XPXG
720960,4XMKB4XMRG4XMYB4XN5G4XPCB4XPJG4XPQB4XPTR4XPXG
720981,4XMKB4XMRG4XMYB4XN5G4XPCB4XPJG4XPQB4XPTR4XPXG
720976,4XMKB4XMRG4XMYB4XN5G4XPCB4XPJG4XPQB4XPTR4XPXG
720974,4XMKB4XMRG4XMYB4XN5G4XPCB4XPJG4XPQB4XPXG4XS1B
682487,4XMHB4XMOG4XMVB4XN2G4XP9B4XPGG4XPNB4XPTR4XPUG
720978,4XMKB4XMRG4XMYB4XN5G4XPCB4XPJG4XPQB4XPTR4XPXG
726482,4XMKB4XMRG4XMYB4XN5G4XPCB4XPJG4XPQB4XPTR4XPXG
726481,4XMKB4XMRG4XMYB4XN5G4XPCB4XPJG4XPQB4XPTR4XPXG
1037791,4XMKB4XMRG4XMYB4XN5G4XPCB4XPJG4XPQB4XPTR4XPXG
1039586,4XMKB4XMRG4XMYB4XN5G4XPCB4XPJG4XPQB4XPTR4XPXG
682485,4XMHB4XMOG4XMVB4XN2G4XP9B4XPGG4XPNB4XPTR4XPUG
682467,4XMHB4XMOG4XMVB4XN2G4XP9B4XPGG4XPNB4XPTR4XPUG
681155,4XMHB4XMOG4XMVB4XN2G4XP9B4XPGG4XPNB4XPTR4XPUG
681154,4XMHB4XMOG4XMVB4XN2G4XP9B4XPGG4XPNB4XPTR4XPUG
861336,4XMHB4XMOG4XMVB4XN2G4XP9B4XPGG4XPNB4XPTR4XPUG
720957,4XMKB4XMRG4XMYB4XN5G4XPCB4XPJG4XPQB4XPTR4XPXG
943799,4XMKB4XMRG4XMYB4XN5G4XPCB4XPJG4XPQB4XPTR4XPXG
941085,4XMKB4XMRG4XMYB4XN5G4XPCB4XPJG4XPQB4XPTR4XPXG
941084,4XMKB4XMRG4XMYB4XN5G4XPCB4XPJG4XPQB4XPTR4XPXG
949717,4XMKB4XMRG4XMYB4XN5G4XPCB4XPJG4XPQB4XPXG4XS1B
720927,4XMKB4XMRG4XMYB4XN5G4XPCB4XPJG4XPQB4XPXG4XS1B
943800,4XMKB4XMRG4XMYB4XN5G4XPCB4XPJG4XPQB4XPTR4XPXG
1117508,4XKJB4XMNG4XMUB4XN1G4XN8B4XPFG4XPMB4XPQR4XPTG
1117507,4XKJB4XMNG4XMUB4XN1G4XN8B4XPFG4XPMB4XPQR4XPTG
1117506,4XKJB4XMNG4XMUB4XN1G4XN8B4XPFG4XPMB4XPQR4XPTG
1117501,4XKJB4XMNG4XMUB4XN1G4XN8B4XPFG4XPMB4XPQR4XPTG
1117502,4XKJB4XMNG4XMUB4XN1G4XN8B4XPFG4XPMB4XPQR4XPTG
1117503,4XKJB4XMNG4XMUB4XN1G4XN8B4XPFG4XPMB4XPQR4XPTG
1117504,4XKJB4XMNG4XMUB4XN1G4XN8B4XPFG4XPMB4XPQR4XPTG
1117505,4XKJB4XMNG4XMUB4XN1G4XN8B4XPFG4XPMB4XPQR4XPTG
1037627,4XMHB4XMOG4XMVB4XN2G4XP9B4XPGG4XPNB4XPTR4XPUG
943801,4XMHB4XMOG4XMVB4XN2G4XP9B4XPGG4XPNB4XPTR4XPUG
720195,4XMHB4XMOG4XMVB4XN2G4XP9B4XPGG4XPNB4XPTR4XPUG
943802,4XMHB4XMOG4XMVB4XN2G4XP9B4XPGG4XPNB4XPTR4XPUG
943803,4XMHB4XMOG4XMVB4XN2G4XP9B4XPGG4XPNB4XPTR4XPUG
704400,4XMHB4XMOG4XMVB4XN2G4XP9B4XPGG4XPNB4XPTR4XPUG
1008964,4XMHB4XMOG4XMVB4XN2G4XP9B4XPGG4XPNB4XPTR4XPUG
720197,4XMHB4XMOG4XMVB4XN2G4XP9B4XPGG4XPNB4XPTR4XPUG
720186,4XMHB4XMOG4XMVB4XN2G4XP9B4XPGG4XPNB4XPTR4XPUG
720198,4XMHB4XMOG4XMVB4XN2G4XP9B4XPGG4XPNB4XPTR4XPUG
943804,4XMHB4XMOG4XMVB4XN2G4XP9B4XPGG4XPNB4XPTR4XPUG
860339,4XMHB4XMOG4XMVB4XN2G4XP9B4XPGG4XPNB4XPTR4XPUG
720182,4XMHB4XMOG4XMVB4XN2G4XP9B4XPGG4XPNB4XPTR4XPUG
720183,4XMHB4XMOG4XMVB4XN2G4XP9B4XPGG4XPNB4XPUG4XQ1B
720187,4XMHB4XMOG4XMVB4XN2G4XP9B4XPGG4XPNB4XPTR4XPUG
712540,4XMHG4XMOB4XMVG4XN2B4XP9G4XPGB4XPNG4XPOR4XPUB
788580,4XMHG4XMOB4XMVG4XN2B4XP9G4XPGB4XPNG4XPOR4XPUB
787101,4XMHG4XMOB4XMVG4XN2B4XP9G4XPGB4XPNG4XPUB4XQ1G
712533,4XMHG4XMOB4XMVG4XN2B4XP9G4XPGB4XPNG4XPUB4XQ1G
698700,4XMHG4XMOB4XMVG4XN2B4XP9G4XPGB4XPNG4XPOR4XPUB
698703,4XMHG4XMOB4XMVG4XN2B4XP9G4XPGB4XPNG4XPOR4XPUB
698701,4XMHG4XMOB4XMVG4XN2B4XP9G4XPGB4XPNG4XPOR4XPUB
698702,4XMHG4XMOB4XMVG4XN2B4XP9G4XPGB4XPNG4XPOR4XPUB
698720,4XMHG4XMOB4XMVG4XN2B4XP9G4XPGB4XPNG4XPOR4XPUB
794923,4XMHG4XMOB4XMVG4XN2B4XP9G4XPGB4XPNG4XPOR4XPUB
1028020,4XMHG4XMOB4XMVG4XN2B4XP9G4XPGB4XPNG4XPOR4XPUB
699843,4XMHG4XMOB4XMVG4XN2B4XP9G4XPGB4XPNG4XPOR4XPUB
628802,4XMHG4XMOB4XMVG4XN2B4XP9G4XPGB4XPNG4XPUB4XQ1G
699844,4XMHG4XMOB4XMVG4XN2B4XP9G4XPGB4XPNG4XPUB4XQ1G
628798,4XMHG4XMOB4XMVG4XN2B4XP9G4XPGB4XPNG4XPOR4XPUB
699845,4XMHG4XMOB4XMVG4XN2B4XP9G4XPGB4XPNG4XPUB4XQ1G
628793,4XMHG4XMOB4XMVG4XN2B4XP9G4XPGB4XPNG4XPOR4XPUB
699846,4XMHG4XMOB4XMVG4XN2B4XP9G4XPGB4XPNG4XPUB4XQ1G
628792,4XMHG4XMOB4XMVG4XN2B4XP9G4XPGB4XPNG4XPOR4XPUB
699847,4XMHG4XMOB4XMVG4XN2B4XP9G4XPGB4XPNG4XPUB4XQ1G
743557,4XMHG4XMOB4XMVG4XN2B4XP9G4XPGB4XPNG4XPUB4XQ1G
628790,4XMHG4XMOB4XMVG4XN2B4XP9G4XPGB4XPNG4XPOR4XPUB
699848,4XMHG4XMOB4XMVG4XN2B4XP9G4XPGB4XPNG4XPUB4XQ1G
746140,4XMHG4XMOB4XMVG4XN2B4XP9G4XPGB4XPNG4XPUB4XQ1G
699849,4XMHG4XMOB4XMVG4XN2B4XP9G4XPGB4XPNG4XPUB4XQ1G
698721,4XMHG4XMOB4XMVG4XN2B4XP9G4XPGB4XPNG4XPOR4XPUB
698722,4XMHG4XMOB4XMVG4XN2B4XP9G4XPGB4XPNG4XPOR4XPUB
794924,4XMHG4XMOB4XMVG4XN2B4XP9G4XPGB4XPNG4XPOR4XPUB
699850,4XMHG4XMOB4XMVG4XN2B4XP9G4XPGB4XPNG4XPOR4XPUB
788534,4XMHG4XMOB4XMVG4XN2B4XP9G4XPGB4XPNG4XPOR4XPUB
699851,4XMHG4XMOB4XMVG4XN2B4XP9G4XPGB4XPNG4XPOR4XPUB
788590,4XMHG4XMOB4XMVG4XN2B4XP9G4XPGB4XPNG4XPUB4XQ1G
712534,4XMHG4XMOB4XMVG4XN2B4XP9G4XPGB4XPNG4XPUB4XQ1G
746142,4XMHG4XMOB4XMVG4XN2B4XP9G4XPGB4XPNG4XPUB4XQ1G
699591,4XMHG4XMOB4XMVG4XN2B4XP9G4XPGB4XPNG4XPOR4XPUB
699592,4XMHG4XMOB4XMVG4XN2B4XP9G4XPGB4XPNG4XPUB4XQ1G
788757,4XMHG4XMOB4XMVG4XN2B4XP9G4XPGB4XPNG4XPOR4XPUB
699593,4XMHG4XMOB4XMVG4XN2B4XP9G4XPGB4XPNG4XPOR4XPUB
794961,4XMHG4XMOB4XMVG4XN2B4XP9G4XPGB4XPNG4XPOR4XPUB
1035333,4XMHG4XMOB4XMVG4XN2B4XP9G4XPGB4XPNG4XPOR4XPUB
1035334,4XMHG4XMOB4XMVG4XN2B4XP9G4XPGB4XPNG4XPOR4XPUB
1035332,4XMHG4XMOB4XMVG4XN2B4XP9G4XPGB4XPNG4XPOR4XPUB
1035335,4XMHG4XMOB4XMVG4XN2B4XP9G4XPGB4XPNG4XPOR4XPUB
659794,4XMHG4XMOB4XMVG4XN2B4XP9G4XPGB4XPNG4XPOR4XPUB
712536,4XMHG4XMOB4XMVG4XN2B4XP9G4XPGB4XPNG4XPUB4XQ1G
659795,4XMHG4XMOB4XMVG4XN2B4XP9G4XPGB4XPNG4XPOR4XPUB
659796,4XMHG4XMOB4XMVG4XN2B4XP9G4XPGB4XPNG4XPOR4XPUB
659797,4XMHG4XMOB4XMVG4XN2B4XP9G4XPGB4XPNG4XPOR4XPUB
659798,4XMHG4XMOB4XMVG4XN2B4XP9G4XPGB4XPNG4XPOR4XPUB
1028943,4XMHG4XMOB4XMVG4XN2B4XP9G4XPGB4XPNG4XPOR4XPUB
963125,4XMHG4XMOB4XMVG4XN2B4XP9G4XPGB4XPNG4XPOR4XPUB
1028944,4XMHG4XMOB4XMVG4XN2B4XP9G4XPGB4XPNG4XPOR4XPUB
1028945,4XMHG4XMOB4XMVG4XN2B4XP9G4XPGB4XPNG4XPOR4XPUB
1028946,4XMHG4XMOB4XMVG4XN2B4XP9G4XPGB4XPNG4XPOR4XPUB
1045398,4XMHG4XMOB4XMVG4XN2B4XP9G4XPGB4XPNG4XPOR4XPUB
1045399,4XMHG4XMOB4XMVG4XN2B4XP9G4XPGB4XPNG4XPOR4XPUB
712539,4XMHG4XMOB4XMVG4XN2B4XP9G4XPGB4XPNG4XPUB4XQ1G
698699,4XMHG4XMOB4XMVG4XN2B4XP9G4XPGB4XPNG4XPOR4XPUB
992153,4XKJG4XKJG4XMKB4XMKB4XMNB4XMNB4XMRB4XMRB4XMUG
1040925,4XKJG4XKJG4XMKB4XMKB4XMNB4XMNB4XMRB4XMRB4XMUG
813281,4XKJG4XKJG4XMKB4XMKB4XMNB4XMNB4XMRB4XMRB4XMUG
978861,4XKIG4XMMB4XMTG4XN0B4XN7G4XPEB4XPLG4XPMR4XPSB
1033364,4XKIG4XMMB4XMTG4XN0B4XN7G4XPEB4XPLG4XPMR4XPSB
977017,4XKIG4XMMB4XMTG4XN0B4XN7G4XPEB4XPLG4XPMR4XPSB
664304,4XKIG4XMMB4XMTG4XN0B4XN7G4XPEB4XPLG4XPSB4XPZG
987390,4XKIG4XMMB4XMTG4XN0B4XN7G4XPEB4XPLG4XPMR4XPSB
878564,4XMKB4XMRG4XMYB4XN5G4XPCB4XPJG4XPQB4XPUR4XPXG
878566,4XMKB4XMRG4XMYB4XN5G4XPCB4XPJG4XPQB4XPUR4XPXG
1029571,4XMKB4XMRG4XMYB4XN5G4XPCB4XPJG4XPQB4XPUR4XPXG
878568,4XMKB4XMRG4XMYB4XN5G4XPCB4XPJG4XPQB4XPUR4XPXG
664658,4XMKB4XMRG4XMYB4XN5G4XPCB4XPJG4XPQB4XPUR4XPXG
647785,4XMKB4XMRG4XMYB4XN5G4XPCB4XPJG4XPQB4XPUR4XPXG
979969,4XMJG4XMQB4XMXG4XN4B4XPBG4XPIB4XPOR4XPPG4XPWB
789278,4XMJG4XMQB4XMXG4XN4B4XPBG4XPIB4XPOR4XPPG4XPWB
935467,4XMJG4XMQB4XMXG4XN4B4XPBG4XPIB4XPOR4XPPG4XPWB
935472,4XMJG4XMQB4XMXG4XN4B4XPBG4XPIB4XPOR4XPPG4XPWB
935463,4XMJG4XMQB4XMXG4XN4B4XPBG4XPIB4XPOR4XPPG4XPWB
634137,4XKIG4XMMB4XMTG4XN0B4XN7G4XPEB4XPLG4XPSB4XPTR
965254,4XKIG4XMMB4XMTG4XN0B4XN7G4XPEB4XPLG4XPSB4XPTR
965249,4XKIG4XMMB4XMTG4XN0B4XN7G4XPEB4XPLG4XPSB4XPTR
638042,4XKIG4XMMB4XMTG4XN0B4XN7G4XPEB4XPLG4XPSB4XPTR
1005123,4XKIG4XMMB4XMTG4XN0B4XN7G4XPEB4XPLG4XPSB4XPTR
965267,4XKIG4XMMB4XMTG4XN0B4XN7G4XPEB4XPLG4XPSB4XPTR
965257,4XKIG4XMMB4XMTG4XN0B4XN7G4XPEB4XPLG4XPSB4XPTR
637574,4XKIG4XMMB4XMTG4XN0B4XN7G4XPEB4XPLG4XPSB4XPTR
763309,4XKIG4XMMB4XMTG4XN0B4XN7G4XPEB4XPLG4XPSB4XPWR
725314,4XKIG4XMMB4XMTG4XN0B4XN7G4XPEB4XPLG4XPSB4XPZG
725328,4XKIG4XMMB4XMTG4XN0B4XN7G4XPEB4XPLG4XPSB4XPZG
943805,4XKIG4XMMB4XMTG4XN0B4XN7G4XPEB4XPLG4XPSB4XPZG
740427,4XKIG4XMMB4XMTG4XN0B4XN7G4XPEB4XPLG4XPSB4XPZG
726171,4XKIG4XMMB4XMTG4XN0B4XN7G4XPEB4XPLG4XPSB4XPZG
728309,4XMIG4XMPB4XMWG4XN3B4XPAG4XPHB4XPOG4XPVB4XQ2G
1059535,4XMIG4XMPB4XMPB4XMWG4XN3B4XN3B4XPAG4XPHB4XPHB
1059544,4XMIG4XMPB4XMPB4XMWG4XN3B4XN3B4XPAG4XPHB4XPHB
1059545,4XMIG4XMPB4XMPB4XMWG4XN3B4XN3B4XPAG4XPHB4XPHB
1059546,4XMIG4XMPB4XMPB4XMWG4XN3B4XN3B4XPAG4XPHB4XPHB
1059551,4XMIG4XMPB4XMPB4XMWG4XN3B4XN3B4XPAG4XPHB4XPHB
1059552,4XMIG4XMPB4XMPB4XMWG4XN3B4XN3B4XPAG4XPHB4XPHB
1059553,4XMIG4XMPB4XMPB4XMWG4XN3B4XN3B4XPAG4XPHB4XPHB
1059554,4XMIG4XMPB4XMPB4XMWG4XN3B4XN3B4XPAG4XPHB4XPHB
1059555,4XMIG4XMPB4XMPB4XMWG4XN3B4XN3B4XPAG4XPHB4XPHB
1059556,4XMIG4XMPB4XMPB4XMWG4XN3B4XN3B4XPAG4XPHB4XPHB
727962,4XMIG4XMPB4XMWG4XN3B4XPAG4XPHB4XPOG4XPSR4XPVB
1059536,4XMIG4XMPB4XMPB4XMWG4XN3B4XN3B4XPAG4XPHB4XPHB
1059557,4XMIG4XMPB4XMPB4XMWG4XN3B4XN3B4XPAG4XPHB4XPHB
1059558,4XMIG4XMPB4XMPB4XMWG4XN3B4XN3B4XPAG4XPHB4XPHB
1059559,4XMIG4XMPB4XMPB4XMWG4XN3B4XN3B4XPAG4XPHB4XPHB
770241,4XMIG4XMPB4XMWG4XN3B4XPAG4XPHB4XPOG4XPSR4XPVB
1059560,4XMIG4XMPB4XMPB4XMWG4XN3B4XN3B4XPAG4XPHB4XPHB
1059561,4XMIG4XMPB4XMPB4XMWG4XN3B4XN3B4XPAG4XPHB4XPHB
768727,4XMIG4XMPB4XMWG4XN3B4XPAG4XPHB4XPOG4XPSR4XPVB
1059562,4XMIG4XMIG4XMPB4XMPB4XMWG4XMWG4XN3B4XN3B4XPAG
1059547,4XMIG4XMPB4XMPB4XMWG4XN3B4XN3B4XPAG4XPHB4XPHB
768402,4XMIG4XMPB4XMWG4XN3B4XPAG4XPHB4XPOG4XPSR4XPVB
1059548,4XMIG4XMPB4XMPB4XMWG4XN3B4XN3B4XPAG4XPHB4XPHB
1059549,4XMIG4XMPB4XMPB4XMWG4XN3B4XN3B4XPAG4XPHB4XPHB
770274,4XMIG4XMPB4XMWG4XN3B4XPAG4XPHB4XPOG4XPVB4XQ2G
1059550,4XMIG4XMPB4XMPB4XMWG4XN3B4XN3B4XPAG4XPHB4XPHB
727933,4XMIG4XMPB4XMWG4XN3B4XPAG4XPHB4XPOG4XPSR4XPVB
1059537,4XMIG4XMPB4XMPB4XMWG4XN3B4XN3B4XPAG4XPHB4XPHB
770271,4XMIG4XMPB4XMWG4XN3B4XPAG4XPHB4XPOG4XPVB4XQ2G
770270,4XMIG4XMPB4XMWG4XN3B4XPAG4XPHB4XPOG4XPVB4XQ2G
899532,4XMIG4XMPB4XMWG4XN3B4XPAG4XPHB4XPOG4XPSR4XPVB
699963,4XMIG4XMPB4XMWG4XN3B4XPAG4XPHB4XPOG4XPSR4XPVB
943810,4XMIG4XMPB4XMWG4XN3B4XPAG4XPHB4XPOG4XPVB4XQ2G
1015832,4XMIG4XMPB4XMWG4XN3B4XPAG4XPHB4XPOG4XPVB4XQ2G
1059538,4XMIG4XMPB4XMPB4XMWG4XN3B4XN3B4XPAG4XPHB4XPHB
910491,4XMIG4XMPB4XMWG4XN3B4XPAG4XPHB4XPOG4XPVB4XQ2G
943811,4XMIG4XMPB4XMWG4XN3B4XPAG4XPHB4XPOG4XPVB4XQ2G
727932,4XMIG4XMPB4XMWG4XN3B4XPAG4XPHB4XPOG4XPVB4XQ2G
1059539,4XMIG4XMPB4XMPB4XMWG4XN3B4XN3B4XPAG4XPHB4XPHB
1059540,4XMIG4XMPB4XMPB4XMWG4XN3B4XN3B4XPAG4XPHB4XPHB
1059541,4XMIG4XMPB4XMPB4XMWG4XN3B4XN3B4XPAG4XPHB4XPHB
1059542,4XMIG4XMPB4XMPB4XMWG4XN3B4XN3B4XPAG4XPHB4XPHB
1059543,4XMIG4XMPB4XMPB4XMWG4XN3B4XN3B4XPAG4XPHB4XPHB
943812,4XMIG4XMPB4XMWG4XN3B4XPAG4XPHB4XPOG4XPVB4XQ2G
992810,4XMJG4XMQB4XMXG4XN4B4XPBG4XPIB4XPPG4XPTR4XPWB
869120,4XMQB4XN4B4XPIB4XPWB4XS7B4XSLB
870766,4XMJG4XMQB4XMXG4XN4B4XPBG4XPIB4XPPG4XPTR4XPWB
869111,4XMJG4XMQB4XMXG4XN4B4XPBG4XPIB4XPPG4XPTR4XPWB
869109,4XMJG4XMQB4XMXG4XN4B4XPBG4XPIB4XPPG4XPTR4XPWB
992783,4XMJG4XMQB4XMXG4XN4B4XPBG4XPIB4XPPG4XPTR4XPWB
696576,4XMJG4XMQB4XMXG4XN4B4XPBG4XPIB4XPPG4XPTR4XPWB
1025869,4XMJG4XMQB4XMXG4XN4B4XPBG4XPIB4XPPG4XPTR4XPWB
870770,4XMJG4XMQB4XMXG4XN4B4XPBG4XPIB4XPPG4XPTR4XPWB
994969,4XMJG4XMQB4XMXG4XN4B4XPBG4XPIB4XPPG4XPTR4XPWB
870767,4XMJG4XMQB4XMXG4XN4B4XPBG4XPIB4XPPG4XPTR4XPWB
870764,4XMJG4XMQB4XMXG4XN4B4XPBG4XPIB4XPPG4XPTR4XPWB
870763,4XMJG4XMQB4XMXG4XN4B4XPBG4XPIB4XPPG4XPTR4XPWB
695841,4XMJG4XMQB4XMXG4XN4B4XPBG4XPIB4XPPG4XPTR4XPWB
869096,4XMJG4XMQB4XMXG4XN4B4XPBG4XPIB4XPPG4XPTR4XPWB
869119,4XMJG4XMQB4XMXG4XN4B4XPBG4XPIB4XPPG4XPTR4XPWB
992800,4XMJG4XMQB4XMXG4XN4B4XPBG4XPIB4XPPG4XPTR4XPWB
869115,4XMJG4XMQB4XMXG4XN4B4XPBG4XPIB4XPPG4XPTR4XPWB
744179,4XMJG4XMQB4XMXG4XN4B4XPBG4XPIB4XPPG4XPTR4XPWB
656551,4XMJG4XMQB4XMXG4XN4B4XPBG4XPIB4XPPG4XPTR4XPWB
943097,4XMJG4XMQB4XMXG4XN4B4XPBG4XPIB4XPPG4XPTR4XPWB
869116,4XMJG4XMQB4XMXG4XN4B4XPBG4XPIB4XPPG4XPTR4XPWB
869129,4XMJG4XMQB4XMXG4XN4B4XPBG4XPIB4XPPG4XPTR4XPWB
943098,4XMJG4XMQB4XMXG4XN4B4XPBG4XPIB4XPPG4XPTR4XPWB
869130,4XMJG4XMQB4XMXG4XN4B4XPBG4XPIB4XPPG4XPTR4XPWB
869126,4XMJG4XMQB4XMXG4XN4B4XPBG4XPIB4XPPG4XPTR4XPWB
869117,4XMJG4XMQB4XMXG4XN4B4XPBG4XPIB4XPPG4XPTR4XPWB
869131,4XMJG4XMQB4XMXG4XN4B4XPBG4XPIB4XPPG4XPTR4XPWB
867598,4XMJG4XMQB4XMXG4XN4B4XPBG4XPIB4XPPG4XPTR4XPWB
869114,4XMJG4XMQB4XMXG4XN4B4XPBG4XPIB4XPPG4XPTR4XPWB
870769,4XMJG4XMQB4XMXG4XN4B4XPBG4XPIB4XPPG4XPTR4XPWB
943099,4XMJG4XMQB4XMXG4XN4B4XPBG4XPIB4XPPG4XPTR4XPWB
869112,4XMJG4XMQB4XMXG4XN4B4XPBG4XPIB4XPPG4XPTR4XPWB
992811,4XMJG4XMQB4XMXG4XN4B4XPBG4XPIB4XPPG4XPWB4XQ3G
869127,4XMJG4XMQB4XMXG4XN4B4XPBG4XPIB4XPPG4XPTR4XPWB
943100,4XMJG4XMQB4XMXG4XN4B4XPBG4XPIB4XPPG4XPTR4XPWB
870772,4XMJG4XMQB4XMXG4XN4B4XPBG4XPIB4XPPG4XPTR4XPWB
869128,4XMJG4XMQB4XMXG4XN4B4XPBG4XPIB4XPPG4XPTR4XPWB
980700,4XMJG4XMQB4XMXG4XN4B4XPBG4XPIB4XPPG4XPTR4XPWB
951411,4XMJG4XMQB4XMXG4XN4B4XPBG4XPIB4XPPG4XPTR4XPWB
1042601,4XMIG4XMPB4XMWG4XN3B4XPAG4XPHB4XPOG4XPTR4XPVB
675789,4XMHG4XMOB4XMVG4XN2B4XP9G4XPGB4XPNG4XPTR4XPUB
998554,4XMIG4XMPB4XMWG4XN3B4XPAG4XPHB4XPOG4XPTR4XPVB
767892,4XMIG4XMPB4XMWG4XN3B4XPAG4XPHB4XPOG4XPTR4XPVB
771325,4XMIG4XMPB4XMWG4XN3B4XPAG4XPHB4XPOG4XPTR4XPVB
771332,4XMIG4XMPB4XMWG4XN3B4XPAG4XPHB4XPOG4XPTR4XPVB
771315,4XMIG4XMPB4XMWG4XN3B4XPAG4XPHB4XPOG4XPTR4XPVB
771347,4XMIG4XMPB4XMWG4XN3B4XPAG4XPHB4XPOG4XPTR4XPVB
950732,4XMIG4XMPB4XMWG4XN3B4XPAG4XPHB4XPOG4XPTR4XPVB
949640,4XMIG4XMPB4XMWG4XN3B4XPAG4XPHB4XPOG4XPTR4XPVB
899473,4XMHG4XMOB4XMVG4XN2B4XP9G4XPGB4XPNG4XPTR4XPUB
943813,4XMHG4XMOB4XMVG4XN2B4XP9G4XPGB4XPNG4XPTR4XPUB
731862,4XMHG4XMOB4XMVG4XN2B4XP9G4XPGB4XPNG4XPTR4XPUB
865744,4XMKG4XMRB4XMYG4XN5B4XPCG4XPJB4XPQG4XPVR4XPXB
662955,4XMKG4XMRB4XMYG4XN5B4XPCG4XPJB4XPQG4XPVR4XPXB
867068,4XMKG4XMRB4XMYG4XN5B4XPCG4XPJB4XPQG4XPVR4XPXB
865759,4XMKG4XMRB4XMYG4XN5B4XPCG4XPJB4XPQG4XPVR4XPXB
943806,4XMKG4XMRB4XMYG4XN5B4XPCG4XPJB4XPQG4XPXB4XS1G
943807,4XMKG4XMRB4XMYG4XN5B4XPCG4XPJB4XPQG4XPVR4XPXB
991491,4XMKG4XMRB4XMYG4XN5B4XPCG4XPJB4XPQG4XPVR4XPXB
788583,4XMKG4XMRB4XMYG4XN5B4XPCG4XPJB4XPQG4XPVR4XPXB
869177,4XMKG4XMRB4XMYG4XN5B4XPCG4XPJB4XPQG4XPVR4XPXB
943808,4XMKG4XMRB4XMYG4XN5B4XPCG4XPJB4XPQG4XPVR4XPXB
865746,4XMKG4XMRB4XMYG4XN5B4XPCG4XPJB4XPQG4XPVR4XPXB
943809,4XMKG4XMRB4XMYG4XN5B4XPCG4XPJB4XPQG4XPVR4XPXB
742903,4XMKG4XMRB4XMYG4XN5B4XPCG4XPJB4XPQG4XPXB4XS1G
989601,4XMHG4XMOB4XMVG4XN2B4XP9G4XPGB4XPNG4XPUB4XQ1G
1046622,4XMHG4XMOB4XMVG4XN2B4XP9G4XPGB4XPNG4XPOR4XPUB
762281,4XMHG4XMOB4XMVG4XN2B4XP9G4XPGB4XPNG4XPOR4XPUB
943101,4XMHG4XMOB4XMVG4XN2B4XP9G4XPGB4XPNG4XPOR4XPUB
943102,4XMHG4XMOB4XMVG4XN2B4XP9G4XPGB4XPNG4XPOR4XPUB
1046638,4XMHG4XMOB4XMVG4XN2B4XP9G4XPGB4XPNG4XPOR4XPUB
803344,4XMHG4XMOB4XMVG4XN2B4XP9G4XPGB4XPNG4XPOR4XPUB
1047090,4XMHG4XMOB4XMVG4XN2B4XP9G4XPGB4XPNG4XPNR4XPUB
866526,4XMHG4XMOB4XMVG4XN2B4XP9G4XPGB4XPNG4XPNR4XPUB
646201,4XMHG4XMOB4XMVG4XN2B4XP9G4XPGB4XPNG4XPNR4XPUB
646202,4XMHG4XMOB4XMVG4XN2B4XP9G4XPGB4XPNG4XPNR4XPUB
850430,4XKJB4XMKG4XMNB4XMUB4XN1B4XN8B4XPCG4XPFB4XPMB
850781,4XKJB4XMKG4XMNB4XMUB4XN1B4XN8B4XPCG4XPFB4XPMB
850785,4XKJB4XMKG4XMNB4XMUB4XN1B4XN8B4XPCG4XPFB4XPMB
850784,4XKJB4XMKG4XMNB4XMUB4XN1B4XN8B4XPCG4XPFB4XPMB
707454,4XKJG4XMNB4XMUG4XN1B4XN8G4XPFB4XPMG4XPTB4XQ0G
707453,4XKJG4XMNB4XMUG4XN1B4XN8G4XPFB4XPMG4XPTB4XQ0G
707452,4XKJG4XMNB4XMUG4XN1B4XN8G4XPFB4XPMG4XPTB4XQ0G
707451,4XKJG4XMNB4XMUG4XN1B4XN8G4XPFB4XPMG4XPTB4XQ0G
750917,4XKJG4XMNB4XMUG4XN1B4XN8G4XPFB4XPMG4XPTB4XQ0G
707450,4XKJG4XMNB4XMUG4XN1B4XN8G4XPFB4XPMG4XPTB4XQ0G
747184,4XKJG4XMNB4XMUG4XN1B4XN8G4XPFB4XPMG4XPOR4XPTB
707449,4XKJG4XMNB4XMNB4XMUG4XN1B4XN1B4XN8G4XPFB4XPFB
707455,4XKJG4XMNB4XMUG4XN1B4XN8G4XPFB4XPMG4XPOR4XPTB
750914,4XKJG4XMNB4XMUG4XN1B4XN8G4XPFB4XPMG4XPTB4XQ0G
750913,4XKJG4XMNB4XMUG4XN1B4XN8G4XPFB4XPMG4XPOR4XPTB
750912,4XKJG4XMNB4XMUG4XN1B4XN8G4XPFB4XPMG4XPOR4XPTB
707461,4XKJG4XMNB4XMUG4XN1B4XN8G4XPFB4XPMG4XPTB4XQ0G
750906,4XKJG4XMNB4XMUG4XN1B4XN8G4XPFB4XPMG4XPTB4XQ0G
1110729,4XMHB4XMOG4XMOG4XMVB4XN2G4XN2G4XP9B4XPGG4XPGG
1110738,4XMHB4XMOG4XMOG4XMVB4XN2G4XN2G4XP9B4XPGG4XPGG
1110741,4XMHB4XMOG4XMOG4XMVB4XN2G4XN2G4XP9B4XPGG4XPGG
1110740,4XMHB4XMOG4XMOG4XMVB4XN2G4XN2G4XP9B4XPGG4XPGG
1110739,4XMHB4XMOG4XMOG4XMVB4XN2G4XN2G4XP9B4XPGG4XPGG
1110737,4XMHB4XMOG4XMOG4XMVB4XN2G4XN2G4XP9B4XPGG4XPGG
1110720,4XMHB4XMOG4XMOG4XMVB4XN2G4XN2G4XP9B4XPGG4XPGG
1008106,4XMJG4XMQB4XMXG4XN4B4XPBG4XPIB4XPPG4XPWB4XQ3G
839584,4XMJG4XMQB4XMXG4XN4B4XPBG4XPIB4XPPG4XPWB4XQ3G
839588,4XMJG4XMQB4XMXG4XN4B4XPBG4XPIB4XPPG4XPWB4XQ3G
839583,4XMJG4XMQB4XMXG4XN4B4XPBG4XPIB4XPPG4XPWB4XQ3G
874345,4XMHB4XMOG4XMVB4XN2G4XP9B4XPGG4XPNB4XPUG4XQ1B
876499,4XMHB4XMOG4XMVB4XN2G4XP9B4XPGG4XPNB4XPSR4XPUG
876501,4XMHB4XMOG4XMVB4XN2G4XP9B4XPGG4XPNB4XPSR4XPUG
877823,4XMHB4XMOG4XMVB4XN2G4XP9B4XPGG4XPNB4XPSR4XPUG
872581,4XMHB4XMOG4XMVB4XN2G4XP9B4XPGG4XPNB4XPSR4XPUG
872580,4XMHB4XMOG4XMVB4XN2G4XP9B4XPGG4XPNB4XPSR4XPUG
877824,4XMHB4XMOG4XMVB4XN2G4XP9B4XPGG4XPNB4XPSR4XPUG
878145,4XMHB4XMOG4XMVB4XN2G4XP9B4XPGG4XPNB4XPSR4XPUG
872558,4XMHB4XMOG4XMVB4XN2G4XP9B4XPGG4XPNB4XPSR4XPUG
872568,4XMHB4XMOG4XMVB4XN2G4XP9B4XPGG4XPNB4XPUG4XQ1B
872565,4XMHB4XMOG4XMVB4XN2G4XP9B4XPGG4XPNB4XPSR4XPUG
876504,4XMHB4XMOG4XMVB4XN2G4XP9B4XPGG4XPNB4XPSR4XPUG
1033086,4XMHB4XMOG4XMVB4XN2G4XP9B4XPGG4XPNB4XPUG4XQ1B
872566,4XMHB4XMOG4XMVB4XN2G4XP9B4XPGG4XPNB4XPSR4XPUG
877739,4XMHB4XMOG4XMVB4XN2G4XP9B4XPGG4XPNB4XPSR4XPUG
877756,4XMHB4XMOG4XMVB4XN2G4XP9B4XPGG4XPNB4XPSR4XPUG
877749,4XMHB4XMOG4XMVB4XN2G4XP9B4XPGG4XPNB4XPSR4XPUG
877732,4XMHB4XMOG4XMVB4XN2G4XP9B4XPGG4XPNB4XPSR4XPUG
877746,4XMHB4XMOG4XMVB4XN2G4XP9B4XPGG4XPNB4XPSR4XPUG
876457,4XMHB4XMOG4XMVB4XN2G4XP9B4XPGG4XPNB4XPSR4XPUG
1043490,4XMHB4XMOG4XMVB4XN2G4XP9B4XPGG4XPNB4XPSR4XPUG
1017848,4XMHB4XMOG4XMVB4XN2G4XP9B4XPGG4XPNB4XPSR4XPUG
876455,4XMHB4XMOG4XMVB4XN2G4XP9B4XPGG4XPNB4XPSR4XPUG
876436,4XMHB4XMOG4XMVB4XN2G4XP9B4XPGG4XPNB4XPSR4XPUG
876507,4XMHB4XMOG4XMVB4XN2G4XP9B4XPGG4XPNB4XPSR4XPUG
925721,4XMHB4XMOG4XMVB4XN2G4XP9B4XPGG4XPNB4XPUG4XQ1B
876442,4XMHB4XMOG4XMVB4XN2G4XP9B4XPGG4XPNB4XPSR4XPUG
876451,4XMHB4XMOG4XMVB4XN2G4XP9B4XPGG4XPNB4XPSR4XPUG
876446,4XMHB4XMOG4XMVB4XN2G4XP9B4XPGG4XPNB4XPSR4XPUG
925736,4XMHB4XMOG4XMVB4XN2G4XP9B4XPGG4XPNB4XPSR4XPUG
925730,4XMHB4XMOG4XMVB4XN2G4XP9B4XPGG4XPNB4XPSR4XPUG
1043491,4XMHB4XMOG4XMVB4XN2G4XP9B4XPGG4XPNB4XPSR4XPUG
925740,4XMHB4XMOG4XMVB4XN2G4XP9B4XPGG4XPNB4XPUG4XQ1B
925749,4XMHB4XMOG4XMVB4XN2G4XP9B4XPGG4XPNB4XPSR4XPUG
775332,4XMHB4XMOG4XMVB4XN2G4XP9B4XPGG4XPNB4XPUG4XQ1B
925775,4XMHB4XMOG4XMVB4XN2G4XP9B4XPGG4XPNB4XPUG4XQ1B
876503,4XMHB4XMOG4XMVB4XN2G4XP9B4XPGG4XPNB4XPSR4XPUG
779781,4XMHB4XMOG4XMVB4XN2G4XP9B4XPGG4XPNB4XPUG4XQ1B
874348,4XMHB4XMOG4XMVB4XN2G4XP9B4XPGG4XPNB4XPUG4XPWR
878182,4XMHB4XMOG4XMVB4XN2G4XP9B4XPGG4XPNB4XPUG4XPWR
876520,4XMHB4XMOG4XMVB4XN2G4XP9B4XPGG4XPNB4XPSR4XPUG
775334,4XMHB4XMOG4XMVB4XN2G4XP9B4XPGG4XPNB4XPSR4XPUG
775325,4XMHB4XMOG4XMVB4XN2G4XP9B4XPGG4XPNB4XPSR4XPUG
876490,4XMHB4XMOG4XMVB4XN2G4XP9B4XPGG4XPNB4XPSR4XPUG
919619,4XMHB4XMOG4XMVB4XN2G4XP9B4XPGG4XPNB4XPUG4XPWR
921578,4XMJB4XMQG4XMXB4XN4G4XPBB4XPIG4XPMR4XPPB4XPWG
921587,4XMJB4XMQG4XMXB4XN4G4XPBB4XPIG4XPMR4XPPB4XPWG
1004977,4XMJB4XMQG4XMXB4XN4G4XPBB4XPIG4XPMR4XPPB4XPWG
921561,4XMJB4XMQG4XMXB4XN4G4XPBB4XPIG4XPMR4XPPB4XPWG
921564,4XMJB4XMQG4XMXB4XN4G4XPBB4XPIG4XPMR4XPPB4XPWG
921574,4XMJB4XMQG4XMXB4XN4G4XPBB4XPIG4XPMR4XPPB4XPWG
993539,4XMJB4XMQG4XMXB4XN4G4XPBB4XPIG4XPMR4XPPB4XPWG
921570,4XMJB4XMQG4XMXB4XN4G4XPBB4XPIG4XPMR4XPPB4XPWG
1006919,4XMJB4XMQG4XMXB4XN4G4XPBB4XPIG4XPMR4XPPB4XPWG
994576,4XMJB4XMQG4XMXB4XN4G4XPBB4XPIG4XPMR4XPPB4XPWG
993541,4XMJB4XMQG4XMXB4XN4G4XPBB4XPIG4XPMR4XPPB4XPWG
965607,4XMJB4XMQG4XMXB4XN4G4XPBB4XPIG4XPMR4XPPB4XPWG
1011407,4XMJB4XMQG4XMXB4XN4G4XPBB4XPIG4XPMR4XPPB4XPWG
965591,4XMJB4XMQG4XMXB4XN4G4XPBB4XPIG4XPMR4XPPB4XPWG
965593,4XMJB4XMQG4XMXB4XN4G4XPBB4XPIG4XPMR4XPPB4XPWG
965588,4XMJB4XMQG4XMXB4XN4G4XPBB4XPIG4XPMR4XPPB4XPWG
965598,4XMJB4XMQG4XMXB4XN4G4XPBB4XPIG4XPMR4XPPB4XPWG
965601,4XMJB4XMQG4XMXB4XN4G4XPBB4XPIG4XPMR4XPPB4XPWG
622423,4XMJB4XMQG4XMXB4XN4G4XPBB4XPIG4XPMR4XPPB4XPWG
654975,4XKJG4XMNB4XMUG4XN1B4XN8G4XPFB4XPMG4XPTB4XQ0G
828413,4XKJG4XMNB4XMUG4XN1B4XN8G4XPFB4XPLR4XPMG4XPTB
654978,4XKJG4XMNB4XMUG4XN1B4XN8G4XPFB4XPMG4XPTB4XQ0G
654983,4XKJG4XMNB4XMUG4XN1B4XN8G4XPFB4XPMG4XPTB4XQ0G
978031,4XKJG4XMNB4XMUG4XN1B4XN8G4XPFB4XPLR4XPMG4XPTB
978032,4XKJG4XMNB4XMUG4XN1B4XN8G4XPFB4XPLR4XPMG4XPTB
689881,4XKIG4XMMB4XMTG4XN0B4XN7G4XPEB4XPLG4XPSB4XPSR
689519,4XKIG4XMMB4XMTG4XN0B4XN7G4XPEB4XPLG4XPSB4XPSR
648982,4XKIG4XMMB4XMTG4XN0B4XN7G4XPEB4XPLG4XPSB4XPZG
660258,4XKIG4XMMB4XMTG4XN0B4XN7G4XPEB4XPLG4XPSB4XPSR
806989,4XKIG4XMMB4XMTG4XN0B4XN7G4XPEB4XPLG4XPSB4XPSR
649776,4XKIG4XMMB4XMTG4XN0B4XN7G4XPEB4XPLG4XPSB4XPSR
901945,4XKIG4XMMB4XMTG4XN0B4XN7G4XPEB4XPLG4XPSB4XPSR
652345,4XKIG4XMMB4XMTG4XN0B4XN7G4XPEB4XPLG4XPSB4XPSR
1019242,4XKIG4XMMB4XMTG4XN0B4XN7G4XPEB4XPLG4XPSB4XPZG
1028135,4XKIG4XMMB4XMTG4XN0B4XN7G4XPEB4XPLG4XPSB4XPZG
720129,4XMIB4XMPG4XMWB4XN3G4XPAB4XPHG4XPOB4XPPR4XPVG
741095,4XMIB4XMPG4XMWB4XN3G4XPAB4XPHG4XPOB4XPPR4XPVG
726596,4XMIB4XMPG4XMWB4XN3G4XPAB4XPHG4XPOB4XPPR4XPVG
723303,4XMIB4XMPG4XMWB4XN3G4XPAB4XPHG4XPOB4XPPR4XPVG
860438,4XMIB4XMPG4XMWB4XN3G4XPAB4XPHG4XPOB4XPVG4XQ2B
725027,4XMIB4XMPG4XMWB4XN3G4XPAB4XPHG4XPOB4XPPR4XPVG
741042,4XMIB4XMPG4XMWB4XN3G4XPAB4XPHG4XPOB4XPPR4XPVG
725013,4XMIB4XMPG4XMWB4XN3G4XPAB4XPHG4XPOB4XPPR4XPVG
770254,4XKJG4XMIB4XMPB4XMUG4XMWB4XN3B4XN8G4XPAB4XPHB
768551,4XKJG4XMIB4XMPB4XMUG4XMWB4XN3B4XN8G4XPAB4XPHB
768548,4XKJG4XMIB4XMPB4XMUG4XMWB4XN3B4XN8G4XPAB4XPHB
768552,4XKJG4XMIB4XMPB4XMUG4XMWB4XN3B4XN8G4XPAB4XPHB
768545,4XKJG4XMIB4XMPB4XMUG4XMWB4XN3B4XN8G4XPAB4XPHB
786535,4XKJG4XMIB4XMPB4XMUG4XMWB4XN3B4XN8G4XPAB4XPHB
905020,4XKJG4XMIB4XMPB4XMUG4XMWB4XN3B4XN8G4XPAB4XPHB
768560,4XKJG4XMIB4XMPB4XMUG4XMWB4XN3B4XN8G4XPAB4XPHB
905018,4XKJG4XMIB4XMPB4XMUG4XMWB4XN3B4XN8G4XPAB4XPHB
768553,4XKJG4XMIB4XMPB4XMUG4XMWB4XN3B4XN8G4XPAB4XPHB
770250,4XKJG4XMIB4XMPB4XMUG4XMWB4XN3B4XN8G4XPAB4XPHB
767080,4XKJG4XMIB4XMPB4XMUG4XMWB4XN3B4XN8G4XPAB4XPHB
767078,4XKJG4XMIB4XMPB4XMUG4XMWB4XN3B4XN8G4XPAB4XPHB
950591,4XKJG4XMIB4XMPB4XMUG4XMWB4XN3B4XN8G4XPAB4XPHB
1121441,4XKJG4XMIB4XMPB4XMUG4XMWB4XN3B4XN8G4XPAB4XPHB
1121442,4XKJG4XMIB4XMPB4XMUG4XMWB4XN3B4XN8G4XPAB4XPHB
1121443,4XKJG4XMIB4XMPB4XMUG4XMWB4XN3B4XN8G4XPAB4XPHB
1121444,4XKJG4XMIB4XMPB4XMUG4XMWB4XN3B4XN8G4XPAB4XPHB
1121445,4XKJG4XMIB4XMPB4XMUG4XMWB4XN3B4XN8G4XPAB4XPHB
1121446,4XKJG4XMIB4XMPB4XMUG4XMWB4XN3B4XN8G4XPAB4XPHB
691132,4XMJB4XMQG4XMXB4XN4G4XPBB4XPIG4XPPB4XPWG4XPWR
691128,4XMJB4XMQG4XMXB4XN4G4XPBB4XPIG4XPPB4XPWG4XPWR
687232,4XMJB4XMQG4XMXB4XN4G4XPBB4XPIG4XPPB4XPWG4XPWR
1000389,4XMJB4XMQG4XMXB4XN4G4XPBB4XPIG4XPPB4XPUR4XPWG
686870,4XMJB4XMQG4XMXB4XN4G4XPBB4XPIG4XPPB4XPWG4XPWR
648917,4XMJB4XMQG4XMXB4XN4G4XPBB4XPIG4XPPB4XPWG4XPWR
686874,4XMJB4XMJB4XMQG4XMXB4XMXB4XN4G4XPBB4XPBB4XPIG
649901,4XMJB4XMQG4XMXB4XN4G4XPBB4XPIG4XPPB4XPWG4XPWR
687225,4XMJB4XMQG4XMXB4XN4G4XPBB4XPIG4XPPB4XPWG4XPWR
741460,4XMJB4XMQG4XMXB4XN4G4XPBB4XPIG4XPPB4XPWG4XPWR
648189,4XMJB4XMQG4XMXB4XN4G4XPBB4XPIG4XPPB4XPWG4XPWR
741456,4XMJB4XMQG4XMXB4XN4G4XPBB4XPIG4XPPB4XPWG4XPWR
691123,4XMJB4XMQG4XMXB4XN4G4XPBB4XPIG4XPPB4XPWG4XPWR
