845351,4YECB4YEJB4YEQB4YEWB559IB559OB559VB55A2B55A9B
794745,4YECB4YEJB4YEQB4YETG4YEWB559IB559OB559VB559YG
845346,4YECB4YEJB4YEQB4YEWB559IB559OB559VB55A2B55A9B
736335,4YECB4YEJB4YEQB4YETG4YEWB559IB559OB559VB559YG
836746,4YECB4YEJB4YEQB4YETG4YEWB559IB559OB559VB559YG
733879,4YECB4YEJB4YEQB4YEWB559IB559OB559VB55A2B55A9B
793942,4YECB4YEJB4YEQB4YETG4YEWB559IB559OB559VB559YG
836736,4YECB4YEJB4YEQB4YETG4YEWB559IB559OB559VB559YG
742526,4YECB4YEJB4YEQB4YEWB559IB559OB559VB55A2B55A9B
796484,4YECB4YEJB4YEQB4YEWB559IB559OB559VB55A2B55A9B
796845,4YECB4YEJB4YEQB4YEWB559IB559OB559VB55A2B55A9B
796514,4YECB4YEJB4YEQB4YETG4YEWB559IB559OB559VB559YG
796494,4YECB4YEJB4YEQB4YEWB559IB559OB559VB55A2B55A9B
737957,4YECB4YEJB4YEQB4YEWB559IB559OB559VB55A2B55A9B
790954,4YECB4YEJB4YEQB4YETG4YEWB559IB559OB559VB559YG
790953,4YECB4YEJB4YEQB4YEWB559IB559OB559VB55A2B55A9B
792227,4YECB4YEJB4YEQB4YEWB559IB559OB559VB55A2B55A9B
739216,4YECB4YEJB4YEQB4YEWB559IB559OB559VB55A2B55A9B
835119,4YECB4YEJB4YEQB4YEWB559IB559OB559VB55A2B55A9B
796470,4YECB4YEJB4YEQB4YEWB559IB559OB559VB55A2B55A9B
792573,4YECB4YEJB4YEQB4YETG4YEWB559IB559OB559VB559YG
792571,4YECB4YEJB4YEQB4YETG4YEWB559IB559OB559VB559YG
792580,4YECB4YEJB4YEQB4YEWB559IB559OB559VB55A2B55A9B
791331,4YECB4YEJB4YEQB4YEWB559IB559OB559VB55A2B55A9B
791342,4YECB4YEJB4YEQB4YEWB559IB559OB559VB55A2B55A9B
791340,4YECB4YEJB4YEQB4YEWB559IB559OB559VB55A2B55A9B
791320,4YECB4YEJB4YEQB4YEWB559IB559OB559VB55A2B55A9B
796483,4YECB4YEJB4YEQB4YEWB559IB559OB559VB55A2B55A9B
796475,4YECB4YEJB4YEQB4YEWB559IB559OB559VB55A2B55A9B
796472,4YECB4YEJB4YEQB4YEWB559IB559OB559VB55A2B55A9B
743730,4YECB4YEJB4YEQB4YEWB559IB559OB559VB55A2B55A9B
835068,4YECB4YEJB4YEQB4YEWB559IB559OB559VB55A2B55A9B
834812,4YECB4YEJB4YEQB4YEWB559IB559OB559VB55A2B55A9B
827250,4YECB4YEJB4YEQB4YETG4YEWB559IB559OB559VB559YG
743734,4YECB4YEJB4YEQB4YEWB559IB559OB559VB55A2B55A9B
827249,4YECB4YEJB4YEQB4YEWB559IB559OB559VB55A2B55A9B
834820,4YECB4YEJB4YEQB4YEWB559IB559OB559VB55A2B55A9B
834818,4YECB4YEJB4YEQB4YEWB559IB559OB559VB55A2B55A9B
836796,4YECB4YEJB4YEQB4YEWB559IB559OB559VB55A2B55A9B
791324,4YECB4YEJB4YEQB4YEWB559IB559OB559VB55A2B55A9B
834761,4YECB4YEJB4YEQB4YETG4YEWB559IB559OB559VB559YG
834766,4YECB4YEJB4YEQB4YEWB559IB559OB559VB55A2B55A9B
836787,4YECB4YEJB4YEQB4YETG4YEWB559IB559OB559VB559YG
836792,4YECB4YEJB4YEQB4YEWB559IB559OB559VB55A2B55A9B
739226,4YECB4YEJB4YEQB4YEWB559IB559OB559VB55A2B55A9B
742528,4YECB4YEJB4YEQB4YEWB559IB559OB559VB55A2B55A9B
791361,4YECB4YEJB4YEQB4YETG4YEWB559IB559OB559VB559YG
791344,4YECB4YEJB4YEQB4YETG4YEWB559IB559OB559VB559YG
791345,4YECB4YEJB4YEQB4YEWB559IB559OB559VB55A2B55A9B
835070,4YECB4YEJB4YEQB4YETG4YEWB559IB559OB559VB559YG
792636,4YECB4YEJB4YEQB4YETG4YEWB559IB559OB559VB559YG
793556,4YECB4YEJB4YEQB4YEWB559IB559OB559VB55A2B55A9B
834798,4YECB4YEJB4YEQB4YEWB559IB559OB559VB55A2B55A9B
1033844,4YECB4YEJB4YEQB4YEWB559IB559OB559VB55A2B55A9B
1033845,4YECB4YEJB4YEQB4YEWB559IB559OB559VB55A2B55A9B
835180,4YECB4YEJB4YEQB4YEWB559IB559OB559VB55A2B55A9B
835187,4YECB4YEJB4YEQB4YEWB559IB559OB559VB55A2B55A9B
834842,4YECB4YEJB4YEQB4YEWB559IB559OB559VB55A2B55A9B
834841,4YECB4YEJB4YEQB4YETG4YEWB559IB559OB559VB559YG
834846,4YECB4YEJB4YEQB4YEWB559IB559OB559VB55A2B55A9B
835508,4YECB4YEJB4YEQB4YETG4YEWB559IB559OB559VB559YG
836404,4YECB4YEJB4YEQB4YETG4YEWB559IB559OB559VB559YG
836078,4YECB4YEJB4YEQB4YEWB559IB559OB559VB55A2B55A9B
836397,4YECB4YEJB4YEQB4YEWB559IB559OB559VB55A2B55A9B
836395,4YECB4YEJB4YEQB4YETG4YEWB559IB559OB559VB559YG
834780,4YECB4YEJB4YEQB4YEWB559IB559OB559VB55A2B55A9B
831794,4YECB4YEJB4YEQB4YEWB559IB559OB559VB55A2B55A9B
831797,4YECB4YEJB4YEQB4YEWB559IB559OB559VB55A2B55A9B
831787,4YECB4YEJB4YEQB4YEWB559IB559OB559VB55A2B55A9B
834788,4YECB4YEJB4YEQB4YEWB559IB559OB559VB55A2B55A9B
743733,4YECB4YEJB4YEQB4YEWB559IB559OB559VB55A2B55A9B
834772,4YECB4YEJB4YEQB4YEWB559IB559OB559VB55A2B55A9B
834776,4YECB4YEJB4YEQB4YEWB559IB559OB559VB55A2B55A9B
836422,4YECB4YEJB4YEQB4YEWB559IB559OB559VB55A2B55A9B
836414,4YECB4YEJB4YEQB4YEWB559IB559OB559VB55A2B55A9B
836445,4YECB4YEJB4YEQB4YEWB559IB559OB559VB55A2B55A9B
788123,4YECB4YEJB4YEQB4YEWB559IB559OB559VB55A2B55A9B
737896,4YEFB4YEMG4YETB4YF1G559LB559RG559YB55A5G55C9B
794768,4YEFB4YEMG4YETB4YF1G559LB559RG559YB55A5G55C9B
794761,4YEFB4YEMG4YETB4YF1G559LB559RG559YB55A5G55C9B
1042585,4YEFB4YEMG4YETB4YF1G559LB559RG559YB55A5G55C9B
831781,4YEFB4YEMG4YETB4YF1G559LB559RG559YB55A5G55C9B
831763,4YEFB4YEMG4YETB4YF1G559LB559RG559YB55A5G55C9B
831768,4YEFB4YEMG4YETB4YF1G559LB559RG559YB55A5G55C9B
1042586,4YEFB4YEMG4YETB4YF1G559LB559RG559YB55A5G55C9B
833113,4YEFB4YEMG4YETB4YF1G559LB559RG559YB55A5G55C9B
777491,4YEFB4YEMG4YETB4YF1G559LB559RG559YB55A5G55C9B
829237,4YEFB4YEMG4YETB4YF1G559LB559RG559YB55A5G55C9B
833112,4YEFB4YEMG4YETB4YF1G559LB559RG559YB55A5G55C9B
833109,4YEFB4YEMG4YETB4YF1G559LB559RG559YB55A5G55C9B
777501,4YEFB4YEMG4YETB4YF1G559LB559RG559YB55A5G55C9B
833456,4YEFB4YEMG4YETB4YF1G559LB559RG559YB55A5G55C9B
1042588,4YEFB4YEMG4YETB4YF1G559LB559RG559YB55A5G55C9B
777500,4YEFB4YEMG4YETB4YF1G559LB559RG559YB55A5G55C9B
833445,4YEFB4YEMG4YETB4YF1G559LB559RG559YB55A5G55C9B
833497,4YEFB4YEMG4YETB4YF1G559LB559RG559YB55A5G55C9B
828169,4YEFB4YEMG4YETB4YF1G559LB559RG559YB55A5G55C9B
831790,4YEFB4YEMG4YETB4YF1G559LB559RG559YB55A5G55C9B
833056,4YEFB4YEMG4YETB4YF1G559LB559RG559YB55A5G55C9B
1042589,4YEFB4YEMG4YETB4YF1G559LB559RG559YB55A5G55C9B
833475,4YEFB4YEMG4YETB4YF1G559LB559RG559YB55A5G55C9B
833052,4YEFB4YEMG4YETB4YF1G559LB559RG559YB55A5G55C9B
833054,4YEFB4YEMG4YETB4YF1G559LB559RG559YB55A5G55C9B
777438,4YEFB4YEMG4YETB4YF1G559LB559RG559YB55A5G55C9B
831756,4YEFB4YEMG4YETB4YF1G559LB559RG559YB55A5G55C9B
832412,4YEFB4YEMG4YETB4YF1G559LB559RG559YB55A5G55C9B
778851,4YEFB4YEMG4YETB4YF1G559LB559RG559YB55A5G55C9B
832048,4YEFB4YEMG4YETB4YF1G559LB559RG559YB55A5G55C9B
832406,4YEFB4YEMG4YETB4YF1G559LB559RG559YB55A5G55C9B
838015,4YEFB4YEMG4YETB4YF1G559LB559RG559YB55A5G55C9B
838007,4YEFB4YEMG4YETB4YF1G559LB559RG559YB55A5G55C9B
1041053,4YEHB4YEHB4YEOG4YEVB4YEVB4YF3G559NB559NB559TG
921083,4YEHB4YEHB4YEOG4YEVB4YEVB4YF3G559NB559NB559TG
925873,4YEHB4YEHB4YEOG4YEVB4YEVB4YF3G559NB559NB559TG
925879,4YEHB4YEHB4YEOG4YEVB4YEVB4YF3G559NB559NB559TG
721864,4YEHG4YEOB4YEVG4YF3B559NG559TB55A0G55A7B55CBG
993532,4YEHB4YEHB4YEOG4YEVB4YEVB4YF3G559NB559NB559TG
925880,4YEHB4YEHB4YEOG4YEVB4YEVB4YF3G559NB559NB559TG
994619,4YEHB4YEHB4YEOG4YEVB4YEVB4YF3G559NB559NB559TG
1041054,4YEHB4YEHB4YEOG4YEVB4YEVB4YF3G559NB559NB559TG
663161,4YEHB4YEHB4YEOG4YEVB4YEVB4YF3G559NB559NB559TG
725824,4YEHB4YEOG4YEVB4YF3G559NB559TG55A0B55A7G55CBB
725822,4YEHB4YEOG4YEVB4YF3G559NB559TG55A0B55A7G55CBB
705671,4YEHB4YEOG4YEVB4YF3G559NB559TG55A0B55A7G55CBB
725821,4YEHB4YEOG4YEVB4YF3G559NB559TG55A0B55A7G55CBB
723699,4YEHB4YEOG4YEVB4YF3G559NB559TG55A0B55A7G55CBB
765122,4YEHB4YEOG4YEVB4YF3G559NB559TG55A0B55A7G55CBB
925726,4YEHB4YEHB4YEOG4YEVB4YEVB4YF3G559NB559NB559TG
899307,4YEHB4YEOG4YEVB4YF3G559NB559TG55A0B55A7G55CBB
1037643,4YEHB4YEOG4YEVB4YF3G559NB559TG55A0B55A7G55CBB
1009757,4YEHB4YEOG4YEVB4YF3G559NB559TG55A0B55A7G55CBB
920711,4YEHB4YEHB4YEOG4YEVB4YEVB4YF3G559NB559NB559TG
765116,4YEHB4YEOG4YEVB4YF3G559NB559TG55A0B55A7G55CBB
765112,4YEHB4YEOG4YEVB4YF3G559NB559TG55A0B55A7G55CBB
765115,4YEHB4YEOG4YEVB4YF3G559NB559TG55A0B55A7G55CBB
765450,4YEHB4YEOG4YEVB4YF3G559NB559TG55A0B55A7G55CBB
765448,4YEHB4YEOG4YEVB4YF3G559NB559TG55A0B55A7G55CBB
765445,4YEHB4YEOG4YEVB4YF3G559NB559TG55A0B55A7G55CBB
920716,4YEHB4YEHB4YEOG4YEVB4YEVB4YF3G559NB559NB559TG
765442,4YEHB4YEOG4YEVB4YF3G559NB559TG55A0B55A7G55CBB
765451,4YEHB4YEOG4YEVB4YF3G559NB559TG55A0B55A7G55CBB
704508,4YEHB4YEOG4YEVB4YF3G559NB559TG55A0B55A7G55CBB
765438,4YEHB4YEOG4YEVB4YF3G559NB559TG55A0B55A7G55CBB
899308,4YEHB4YEOG4YEVB4YF3G559NB559TG55A0B55A7G55CBB
765436,4YEHB4YEOG4YEVB4YF3G559NB559TG55A0B55A7G55CBB
899309,4YEHB4YEOG4YEVB4YF3G559NB559TG55A0B55A7G55CBB
721865,4YEHB4YEOG4YEVB4YF3G559NB559TG55A0B55A7G55CBB
899310,4YEHB4YEOG4YEVB4YF3G559NB559TG55A0B55A7G55CBB
725831,4YEHB4YEOG4YEVB4YF3G559NB559TG55A0B55A7G55CBB
921074,4YEHB4YEHB4YEOG4YEVB4YEVB4YF3G559NB559NB559TG
899311,4YEHB4YEOG4YEVB4YF3G559NB559TG55A0B55A7G55CBB
721845,4YEHB4YEOG4YEVB4YF3G559NB559TG55A0B55A7G55CBB
860353,4YEHB4YEOG4YEVB4YF3G559NB559TG55A0B55A7G55CBB
1028940,4YEHB4YEOG4YEVB4YF3G559NB559TG55A0B55A7G55CBB
724056,4YEHB4YEOG4YEVB4YF3G559NB559TG55A0B55A7G55CBB
778236,4YEHB4YEHB4YEOG4YEVB4YEVB4YF3G559NB559NB559TG
724053,4YEHB4YEOG4YEVB4YF3G559NB559TG55A0B55A7G55CBB
705349,4YEHB4YEOG4YEVB4YF3G559NB559TG55A0B55A7G55CBB
724052,4YEHB4YEOG4YEVB4YF3G559NB559TG55A0B55A7G55CBB
724050,4YEHB4YEOG4YEVB4YF3G559NB559TG55A0B55A7G55CBB
721855,4YEHB4YEOG4YEVB4YF3G559NB559TG55A0B55A7G55CBB
724057,4YEHB4YEOG4YEVB4YF3G559NB559TG55A0B55A7G55CBB
721861,4YEHB4YEOG4YEVB4YF3G559NB559TG55A0B55A7G55CBB
725828,4YEHB4YEOG4YEVB4YF3G559NB559TG55A0B55A7G55CBB
921077,4YEHB4YEHB4YEOG4YEVB4YEVB4YF3G559NB559NB559TG
1008979,4YEHB4YEOG4YEVB4YF3G559NB559TG55A0B55A7G55CBB
721858,4YEHB4YEOG4YEVB4YF3G559NB559TG55A0B55A7G55CBB
783374,4YEHB4YEOG4YEOG4YEVB4YF3G4YF3G559NB559TG559TG
1038363,4YEHB4YEOG4YEVB4YF3G559NB559TG55A0B55A7G55CBB
1038364,4YEHB4YEOG4YEVB4YF3G559NB559TG55A0B55A7G55CBB
1038361,4YEHB4YEOG4YEVB4YF3G559NB559TG55A0B55A7G55CBB
1038729,4YEHB4YEOG4YEVB4YF3G559NB559TG55A0B55A7G55CBB
1139691,4YEHB4YEOG4YEVB4YF3G559NB559TG55A0B55A7G55CBB
1139690,4YEHB4YEOG4YEVB4YF3G559NB559TG55A0B55A7G55CBB
1139689,4YEHB4YEOG4YEVB4YF3G559NB559TG55A0B55A7G55CBB
949719,4YEHB4YEOG4YEVB4YF3G559NB559TG55A0B55A7G55CBB
1139692,4YEHB4YEOG4YEVB4YF3G559NB559TG55A0B55A7G55CBB
1038362,4YEHB4YEOG4YEVB4YF3G559NB559TG55A0B55A7G55CBB
725827,4YEHB4YEOG4YEVB4YF3G559NB559TG55A0B55A7G55CBB
876605,4YECB4YEDG4YEJB4YEQB4YERG4YEWB559IB559JG559OB
776401,4YECB4YEDG4YEJB4YEQB4YERG4YEWB559IB559JG559OB
776402,4YECB4YEDG4YEJB4YEQB4YERG4YEWB559IB559JG559OB
741777,4YECB4YEDG4YEJB4YEQB4YERG4YEWB559IB559JG559OB
876631,4YECB4YEDG4YEJB4YEQB4YERG4YEWB559IB559JG559OB
876627,4YECB4YEDG4YEJB4YEQB4YERG4YEWB559IB559JG559OB
876611,4YECB4YEDG4YEJB4YEQB4YERG4YEWB559IB559JG559OB
997780,4YECB4YEDG4YEJB4YEQB4YERG4YEWB559IB559JG559OB
876617,4YECB4YEJB4YEQB4YEWB559IB559OB559VB55A2B55A9B
832998,4YECB4YEDG4YEJB4YEQB4YERG4YEWB559IB559JG559OB
876612,4YECB4YEDG4YEJB4YEQB4YERG4YEWB559IB559JG559OB
837572,4YECB4YEDG4YEJB4YEQB4YERG4YEWB559IB559JG559OB
876785,4YECB4YEDG4YEJB4YEQB4YERG4YEWB559IB559JG559OB
781331,4YECB4YEDG4YEJB4YEQB4YERG4YEWB559IB559JG559OB
876788,4YECB4YEDG4YEJB4YEQB4YERG4YEWB559IB559JG559OB
876774,4YECB4YEDG4YEJB4YEQB4YERG4YEWB559IB559JG559OB
781330,4YECB4YEDG4YEJB4YEQB4YERG4YEWB559IB559JG559OB
999365,4YECB4YEDG4YEJB4YEQB4YERG4YEWB559IB559JG559OB
997763,4YECB4YEDG4YEJB4YEQB4YERG4YEWB559IB559JG559OB
832999,4YECB4YEDG4YEJB4YEQB4YERG4YEWB559IB559JG559OB
741774,4YECB4YEDG4YEJB4YEQB4YERG4YEWB559IB559JG559OB
832986,4YECB4YEDG4YEJB4YEQB4YERG4YEWB559IB559JG559OB
832993,4YECB4YEDG4YEJB4YEQB4YERG4YEWB559IB559JG559OB
997779,4YECB4YEDG4YEJB4YEQB4YERG4YEWB559IB559JG559OB
876601,4YECB4YEDG4YEJB4YEQB4YERG4YEWB559IB559JG559OB
856067,4YECB4YEDG4YEJB4YEQB4YERG4YEWB559IB559JG559OB
856091,4YECB4YEDG4YEJB4YEQB4YERG4YEWB559IB559JG559OB
949833,4YECB4YEDG4YEJB4YEQB4YERG4YEWB559IB559JG559OB
949834,4YECB4YEDG4YEJB4YEQB4YERG4YEWB559IB559JG559OB
857450,4YECB4YEDG4YEJB4YEQB4YERG4YEWB559IB559JG559OB
901425,4YECB4YEDG4YEJB4YEQB4YERG4YEWB559IB559JG559OB
853244,4YECB4YEDG4YEJB4YEQB4YERG4YEWB559IB559JG559OB
743243,4YECB4YEDG4YEJB4YEQB4YERG4YEWB559IB559JG559OB
743244,4YECB4YEDG4YEJB4YEQB4YERG4YEWB559IB559JG559OB
857861,4YECB4YEDG4YEJB4YEQB4YERG4YEWB559IB559JG559OB
856123,4YECB4YEDG4YEJB4YEQB4YERG4YEWB559IB559JG559OB
857854,4YECB4YEDG4YEJB4YEQB4YERG4YEWB559IB559JG559OB
857852,4YECB4YEDG4YEJB4YEQB4YERG4YEWB559IB559JG559OB
857879,4YECB4YEDG4YEJB4YEQB4YERG4YEWB559IB559JG559OB
857883,4YECB4YEDG4YEJB4YEQB4YERG4YEWB559IB559JG559OB
788728,4YECB4YEDG4YEJB4YEQB4YERG4YEWB559IB559JG559OB
1019644,4YECB4YEDG4YEJB4YEQB4YERG4YEWB559IB559JG559OB
857869,4YECB4YEDG4YEJB4YEQB4YERG4YEWB559IB559JG559OB
857872,4YECB4YEDG4YEJB4YEQB4YERG4YEWB559IB559JG559OB
857471,4YECB4YEDG4YEJB4YEQB4YERG4YEWB559IB559JG559OB
856093,4YECB4YEDG4YEJB4YEQB4YERG4YEWB559IB559JG559OB
856189,4YECB4YEDG4YEJB4YEQB4YERG4YEWB559IB559JG559OB
949827,4YECB4YEDG4YEJB4YEQB4YERG4YEWB559IB559JG559OB
949826,4YECB4YEDG4YEJB4YEQB4YERG4YEWB559IB559JG559OB
856054,4YECB4YEDG4YEJB4YEQB4YERG4YEWB559IB559JG559OB
637220,4YEEB4YEKB4YEKG4YESB4YEZB4YEZG559KB559PB559PG
951027,4YEEB4YEKB4YEKG4YESB4YEZB4YEZG559KB559PB559PG
991073,4YEEB4YEKB4YEKG4YESB4YEZB4YEZG559KB559PB559PG
841984,4YEEB4YEKB4YEKG4YESB4YEZB4YEZG559KB559PB559PG
841981,4YEEB4YEKB4YEKG4YESB4YEZB4YEZG559KB559PB559PG
620046,4YEDG4YEKB4YERG4YEZB559JG559PB559WG55A3B55AAG
842363,4YEDG4YEKB4YERG4YEZB559JG559PB559WG55A3B55AAG
842357,4YEEB4YEKB4YEKG4YESB4YEZB4YEZG559KB559PB559PG
677246,4YEHB4YEOG4YEVB4YF3G559NB559TG55A0B55A7G55CBB
677258,4YEHB4YEOG4YEVB4YF3G559NB559TG55A0B55A7G55CBB
675025,4YEHB4YEOG4YEVB4YF3G559NB559TG55A0B55A7G55CBB
673706,4YEHB4YEOG4YEVB4YF3G559NB559TG55A0B55A7G55CBB
923225,4YECG4YEJB4YEQG4YEWB559IG559OB559VG55A2B55A9G
922272,4YECG4YEJB4YEQG4YEWB559IG559OB559VG55A2B55A9G
923223,4YECG4YEJB4YEQG4YEWB559IG559OB559VG55A2B55A9G
775611,4YECG4YEJB4YEQG4YEWB559IG559OB559VG55A2B55A9G
1005146,4YECG4YEJB4YEQG4YEWB559IG559OB559VG55A2B55A9G
800026,4YEEB4YELG4YESB4YF0G559KB559QG559XB55A4G55ABB
742814,4YEEB4YELG4YESB4YF0G559KB559QG559XB55A4G55ABB
800024,4YEEB4YELG4YESB4YF0G559KB559QG559XB55A4G55ABB
758859,4YEEB4YELG4YESB4YF0G559KB559QG559XB55A4G55ABB
742765,4YEEB4YELG4YESB4YF0G559KB559QG559XB55A4G55ABB
800023,4YEEB4YELG4YESB4YF0G559KB559QG559XB55A4G55ABB
758860,4YEEB4YELG4YESB4YF0G559KB559QG559XB55A4G55ABB
824075,4YEEB4YELG4YESB4YF0G559KB559QG559XB55A4G55ABB
759251,4YEEB4YEEB4YELG4YESB4YESB4YF0G559KB559KB559QG
742764,4YEEB4YELG4YESB4YF0G559KB559QG559XB55A4G55ABB
759250,4YEEB4YELG4YESB4YF0G559KB559QG559XB55A4G55ABB
759256,4YEEB4YELG4YESB4YF0G559KB559QG559XB55A4G55ABB
801319,4YEEB4YELG4YESB4YF0G559KB559QG559XB55A4G55ABB
758934,4YELG4YF0G559QG55A4G55CFG55CTG
758938,4YEEB4YELG4YESB4YF0G559KB559QG559XB55A4G55ABB
758851,4YEEB4YELG4YESB4YF0G559KB559QG559XB55A4G55ABB
818469,4YEEB4YELG4YESB4YF0G559KB559QG559XB55A4G55ABB
754531,4YEEB4YELG4YESB4YF0G559KB559QG559XB55A4G55ABB
742763,4YEEB4YELG4YESB4YF0G559KB559QG559XB55A4G55ABB
758855,4YEEB4YELG4YESB4YF0G559KB559QG559XB55A4G55ABB
758840,4YEEB4YELG4YESB4YF0G559KB559QG559XB55A4G55ABB
758478,4YEEB4YELG4YESB4YF0G559KB559QG559XB55A4G55ABB
799987,4YEEB4YELG4YESB4YF0G559KB559QG559XB55A4G55ABB
1006722,4YEEB4YELG4YESB4YF0G559KB559QG559XB55A4G55ABB
742760,4YEEB4YELG4YESB4YF0G559KB559QG559XB55A4G55ABB
931930,4YEDG4YEKB4YERG4YEZB559JG559PB559WG55A3B55AAG
782551,4YEDG4YEKB4YERG4YEZB559JG559PB559WG55A3B55AAG
823637,4YEDG4YEKB4YERG4YEZB559JG559PB559WG55A3B55AAG
782555,4YEDG4YEKB4YERG4YEZB559JG559PB559WG55A3B55AAG
823635,4YEDG4YEKB4YERG4YEZB559JG559PB559WG55A3B55AAG
665181,4YEDG4YEKB4YERG4YEZB559JG559PB559WG55A3B55AAG
932327,4YEDG4YEKB4YEKB4YERG4YEZB4YEZB559JG559PB559PB
932337,4YEDG4YEKB4YERG4YEZB559JG559PB559WG55A3B55AAG
1042176,4YEDG4YEKB4YERG4YEZB559JG559PB559WG55A3B55AAG
931923,4YEDG4YEKB4YERG4YEZB559JG559PB559WG55A3B55AAG
931927,4YEDG4YEKB4YEKB4YERG4YEZB4YEZB559JG559PB559PB
1010389,4YEHB4YEOB4YEQG4YEVB4YF3B559NB559TB559VG55A0B
778886,4YEHB4YEOB4YEVB4YF3B559NB559TB55A0B55A7B55CBB
833312,4YEHB4YEOB4YEQG4YEVB4YF3B559NB559TB559VG55A0B
825802,4YEHB4YEOB4YEQG4YEVB4YF3B559NB559TB559VG55A0B
747570,4YEHB4YEOB4YEVB4YF3B559NB559TB55A0B55A7B55CBB
747553,4YEHB4YEOB4YEVB4YF3B559NB559TB55A0B55A7B55CBB
747571,4YEHB4YEOB4YEVB4YF3B559NB559TB55A0B55A7B55CBB
752983,4YEHB4YEOB4YEQG4YEVB4YF3B559NB559TB559VG55A0B
752974,4YEHB4YEOB4YEVB4YF3B559NB559TB55A0B55A7B55CBB
779639,4YEHB4YEOB4YEVB4YF3B559NB559TB55A0B55A7B55CBB
796873,4YEHB4YEOB4YEQG4YEVB4YF3B559NB559TB559VG55A0B
747915,4YEHB4YEOB4YEVB4YF3B559NB559TB55A0B55A7B55CBB
773764,4YEDB4YEKG4YERB4YEZG559JB559PG559WB55A3G55AAB
773770,4YEDB4YEKG4YERB4YEZG559JB559PG559WB55A3G55AAB
903706,4YEDB4YEKG4YERB4YEZG559JB559PG559WB55A3G55AAB
773761,4YEDB4YEKG4YERB4YEZG559JB559PG559WB55A3G55AAB
660626,4YEDB4YEKG4YERB4YEZG559JB559PG559WB55A3G55AAB
995483,4YEHB4YEOB4YEQG4YEVB4YF3B559NB559TB559VG55A0B
752970,4YEHB4YEOB4YEQG4YEVB4YF3B559NB559TB559VG55A0B
833657,4YEHB4YEOB4YEVB4YF3B559NB559TB55A0B55A7B55CBB
899312,4YEHB4YEOB4YEQG4YEVB4YF3B559NB559TB559VG55A0B
1000896,4YEHB4YEOB4YEQG4YEVB4YF3B559NB559TB559VG55A0B
833326,4YEHB4YEOB4YEQG4YEVB4YF3B559NB559TB559VG55A0B
796863,4YEHB4YEOB4YEQG4YEVB4YF3B559NB559TB559VG55A0B
1001842,4YEHB4YEOB4YEVB4YF3B559NB559TB55A0B55A7B55CBB
779635,4YEHB4YEOB4YEVB4YF3B559NB559TB55A0B55A7B55CBB
752984,4YEHB4YEOB4YEVB4YF3B559NB559TB55A0B55A7B55CBB
779636,4YEHB4YEOB4YEQG4YEVB4YF3B559NB559TB559VG55A0B
995503,4YEHB4YEOB4YEVB4YF3B559NB559TB55A0B55A7B55CBB
1057808,4YEHB4YEOB4YEQG4YEVB4YF3B559NB559TB559VG55A0B
1057811,4YEHB4YEOB4YEQG4YEVB4YF3B559NB559TB559VG55A0B
1057809,4YEHB4YEOB4YEQG4YEVB4YF3B559NB559TB559VG55A0B
1057812,4YEHB4YEOB4YEQG4YEVB4YF3B559NB559TB559VG55A0B
1057810,4YEHB4YEOB4YEQG4YEVB4YF3B559NB559TB559VG55A0B
833318,4YEHB4YEOB4YEQG4YEVB4YF3B559NB559TB559VG55A0B
1057813,4YEHB4YEOB4YEQG4YEVB4YF3B559NB559TB559VG55A0B
1057814,4YEHB4YEOB4YEQG4YEVB4YF3B559NB559TB559VG55A0B
796887,4YEHB4YEOB4YEVB4YF3B559NB559TB55A0B55A7B55CBB
796899,4YEHB4YEOB4YEQG4YEVB4YF3B559NB559TB559VG55A0B
796886,4YEHB4YEOB4YEQG4YEVB4YF3B559NB559TB559VG55A0B
796857,4YEHB4YEOB4YEQG4YEVB4YF3B559NB559TB559VG55A0B
740573,4YEHB4YEOB4YEVB4YF3B559NB559TB55A0B55A7B55CBB
752990,4YEHB4YEOB4YEQG4YEVB4YF3B559NB559TB559VG55A0B
779642,4YEHB4YEOB4YEVB4YF3B559NB559TB55A0B55A7B55CBB
710484,4YEDG4YEKB4YERG4YEZB559JG559PB559WG55A3B55AAG
710480,4YEDG4YEKB4YERG4YEZB559JG559PB559WG55A3B55AAG
710481,4YEDG4YEKB4YERG4YEZB559JG559PB559WG55A3B55AAG
710476,4YEDG4YEKB4YERG4YEZB559JG559PB559WG55A3B55AAG
710504,4YEDG4YEKB4YERG4YEZB559JG559PB559WG55A3B55AAG
1001708,4YEDG4YEKB4YERG4YEZB559JG559PB559WG55A3B55AAG
883551,4YEFB4YEMG4YETB4YF1G559LB559RG559YB55A5G55C9B
883899,4YEFB4YEMG4YETB4YF1G559LB559RG559YB55A5G55C9B
995586,4YEFB4YEMG4YETB4YF1G559LB559RG559YB55A5G55C9B
884878,4YEFB4YEMG4YETB4YF1G559LB559RG559YB55A5G55C9B
883561,4YEFB4YEMG4YETB4YF1G559LB559RG559YB55A5G55C9B
838422,4YEFB4YEMG4YETB4YF1G559LB559RG559YB55A5G55C9B
998694,4YEFB4YEMG4YETB4YF1G559LB559RG559YB55A5G55C9B
883544,4YEFB4YEMG4YETB4YF1G559LB559RG559YB55A5G55C9B
1037405,4YEFB4YEMG4YETB4YF1G559LB559RG559YB55A5G55C9B
962307,4YEGB4YENG4YEUB4YF2G559MB559SG559ZB55A6G55CAB
962564,4YEGB4YENG4YEUB4YF2G559MB559SG559ZB55A6G55CAB
962316,4YEGB4YENG4YEUB4YF2G559MB559SG559ZB55A6G55CAB
962313,4YEGB4YENG4YEUB4YF2G559MB559SG559ZB55A6G55CAB
962312,4YEGB4YENG4YEUB4YF2G559MB559SG559ZB55A6G55CAB
962310,4YEGB4YENG4YEUB4YF2G559MB559SG559ZB55A6G55CAB
962308,4YEGB4YENG4YEUB4YF2G559MB559SG559ZB55A6G55CAB
702950,4YEDB4YEKG4YERB4YEZG559JB559PG559WB55A3G55AAB
648960,4YEDB4YEKG4YERB4YEZG559JB559PG559WB55A3G55AAB
652530,4YEDB4YEKG4YERB4YEZG559JB559PG559WB55A3G55AAB
689510,4YEDB4YEKG4YERB4YEZG559JB559PG559WB55A3G55AAB
646916,4YEDB4YEKG4YERB4YEZG559JB559PG559WB55A3G55AAB
646898,4YEDB4YEKG4YERB4YEZG559JB559PG559WB55A3G55AAB
646910,4YEDB4YEKG4YERB4YEZG559JB559PG559WB55A3G55AAB
648961,4YEDB4YEKG4YERB4YEZG559JB559PG559WB55A3G55AAB
1018839,4YEDB4YEKG4YERB4YEZG559JB559PG559WB55A3G55AAB
869857,4YEEG4YELB4YESG4YF0B559KG559QB559XG55A4B55ABG
868891,4YEEG4YELB4YESG4YF0B559KG559QB559XG55A4B55ABG
899313,4YEEG4YELB4YESG4YF0B559KG559QB559XG55A4B55ABG
998119,4YEEG4YELB4YESG4YF0B559KG559QB559XG55A4B55ABG
869853,4YEEG4YELB4YESG4YF0B559KG559QB559XG55A4B55ABG
1011616,4YEEB4YELG4YESB4YF0G559KB559QG559XB55A4G55ABB
964623,4YEGB4YENG4YEUB4YF2G559MB559SG559ZB55A6G55CAB
964628,4YEGB4YENG4YEUB4YF2G559MB559SG559ZB55A6G55CAB
964625,4YEGB4YENG4YEUB4YF2G559MB559SG559ZB55A6G55CAB
742947,4YEGB4YENG4YEUB4YF2G559MB559SG559ZB55A6G55CAB
776711,4YEGB4YENG4YEUB4YF2G559MB559SG559ZB55A6G55CAB
997834,4YEGB4YENG4YEUB4YF2G559MB559SG559ZB55A6G55CAB
970144,4YEGB4YENG4YEUB4YF2G559MB559SG559ZB55A6G55CAB
970134,4YEGB4YENG4YEUB4YF2G559MB559SG559ZB55A6G55CAB
776708,4YEGB4YENG4YEUB4YF2G559MB559SG559ZB55A6G55CAB
964552,4YEGB4YENG4YEUB4YF2G559MB559SG559ZB55A6G55CAB
925462,4YEGB4YENG4YEUB4YF2G559MB559SG559ZB55A6G55CAB
991876,4YEGB4YENG4YEUB4YF2G559MB559SG559ZB55A6G55CAB
970149,4YEGB4YENG4YEUB4YF2G559MB559SG559ZB55A6G55CAB
776713,4YEGB4YENG4YEUB4YF2G559MB559SG559ZB55A6G55CAB
970146,4YEGB4YENG4YEUB4YF2G559MB559SG559ZB55A6G55CAB
964988,4YEGB4YENG4YEUB4YF2G559MB559SG559ZB55A6G55CAB
964984,4YEGB4YENG4YEUB4YF2G559MB559SG559ZB55A6G55CAB
662476,4YEGB4YENG4YEUB4YF2G559MB559SG559ZB55A6G55CAB
777099,4YEGB4YENG4YEUB4YF2G559MB559SG559ZB55A6G55CAB
777096,4YEGB4YENG4YEUB4YF2G559MB559SG559ZB55A6G55CAB
964976,4YEGB4YENG4YEUB4YF2G559MB559SG559ZB55A6G55CAB
968424,4YEGB4YENG4YEUB4YF2G559MB559SG559ZB55A6G55CAB
964982,4YEGB4YENG4YEUB4YF2G559MB559SG559ZB55A6G55CAB
964995,4YEGB4YENG4YEUB4YF2G559MB559SG559ZB55A6G55CAB
964992,4YEGB4YENG4YEUB4YF2G559MB559SG559ZB55A6G55CAB
743252,4YENG4YF2G559SG55A6G55CHG55CVG
662477,4YEGB4YENG4YEUB4YF2G559MB559SG559ZB55A6G55CAB
964997,4YEGB4YENG4YEUB4YF2G559MB559SG559ZB55A6G55CAB
742959,4YEGB4YENG4YEUB4YF2G559MB559SG559ZB55A6G55CAB
964648,4YEGB4YENG4YEUB4YF2G559MB559SG559ZB55A6G55CAB
964638,4YEGB4YENG4YEUB4YF2G559MB559SG559ZB55A6G55CAB
964644,4YEGB4YENG4YEUB4YF2G559MB559SG559ZB55A6G55CAB
964619,4YEGB4YENG4YEUB4YF2G559MB559SG559ZB55A6G55CAB
964640,4YEGB4YENG4YEUB4YF2G559MB559SG559ZB55A6G55CAB
662475,4YEGB4YENG4YEUB4YF2G559MB559SG559ZB55A6G55CAB
781703,4YEGB4YENG4YEUB4YF2G559MB559SG559ZB55A6G55CAB
964970,4YEGB4YENG4YEUB4YF2G559MB559SG559ZB55A6G55CAB
964966,4YEGB4YENG4YEUB4YF2G559MB559SG559ZB55A6G55CAB
781700,4YEGB4YENG4YEUB4YF2G559MB559SG559ZB55A6G55CAB
964622,4YEGB4YENG4YEUB4YF2G559MB559SG559ZB55A6G55CAB
964557,4YEGB4YENG4YEUB4YF2G559MB559SG559ZB55A6G55CAB
964559,4YEGB4YENG4YEUB4YF2G559MB559SG559ZB55A6G55CAB
662471,4YEGB4YENG4YEUB4YF2G559MB559SG559ZB55A6G55CAB
964633,4YEGB4YENG4YEUB4YF2G559MB559SG559ZB55A6G55CAB
1010948,4YEGB4YENG4YEUB4YF2G559MB559SG559ZB55A6G55CAB
970080,4YEGB4YENG4YEUB4YF2G559MB559SG559ZB55A6G55CAB
969722,4YEGB4YENG4YEUB4YF2G559MB559SG559ZB55A6G55CAB
969719,4YEGB4YENG4YEUB4YF2G559MB559SG559ZB55A6G55CAB
968412,4YEGB4YENG4YEUB4YF2G559MB559SG559ZB55A6G55CAB
968421,4YEGB4YENG4YEUB4YF2G559MB559SG559ZB55A6G55CAB
968419,4YEGB4YENG4YEUB4YF2G559MB559SG559ZB55A6G55CAB
968416,4YEGB4YENG4YEUB4YF2G559MB559SG559ZB55A6G55CAB
775421,4YEGB4YENG4YEUB4YF2G559MB559SG559ZB55A6G55CAB
968418,4YEGB4YENG4YEUB4YF2G559MB559SG559ZB55A6G55CAB
964964,4YEGB4YENG4YEUB4YF2G559MB559SG559ZB55A6G55CAB
966263,4YEGB4YENG4YEUB4YF2G559MB559SG559ZB55A6G55CAB
968429,4YEGB4YENG4YEUB4YF2G559MB559SG559ZB55A6G55CAB
829807,4YEGB4YENG4YEUB4YF2G559MB559SG559ZB55A6G55CAB
968426,4YEGB4YENG4YEUB4YF2G559MB559SG559ZB55A6G55CAB
970095,4YEGB4YENG4YEUB4YF2G559MB559SG559ZB55A6G55CAB
970119,4YEGB4YENG4YEUB4YF2G559MB559SG559ZB55A6G55CAB
970118,4YEGB4YENG4YEUB4YF2G559MB559SG559ZB55A6G55CAB
970116,4YEGB4YENG4YEUB4YF2G559MB559SG559ZB55A6G55CAB
788239,4YEGB4YENG4YEUB4YF2G559MB559SG559ZB55A6G55CAB
775802,4YEGB4YENG4YEUB4YF2G559MB559SG559ZB55A6G55CAB
970126,4YEGB4YENG4YEUB4YF2G559MB559SG559ZB55A6G55CAB
970125,4YEGB4YENG4YEUB4YF2G559MB559SG559ZB55A6G55CAB
776707,4YEGB4YENG4YEUB4YF2G559MB559SG559ZB55A6G55CAB
776706,4YEGB4YENG4YEUB4YF2G559MB559SG559ZB55A6G55CAB
970131,4YEGB4YENG4YEUB4YF2G559MB559SG559ZB55A6G55CAB
970123,4YEGB4YENG4YEUB4YF2G559MB559SG559ZB55A6G55CAB
776704,4YEGB4YENG4YEUB4YF2G559MB559SG559ZB55A6G55CAB
970112,4YEGB4YENG4YEUB4YF2G559MB559SG559ZB55A6G55CAB
970092,4YEGB4YENG4YEUB4YF2G559MB559SG559ZB55A6G55CAB
991861,4YEGB4YENG4YEUB4YF2G559MB559SG559ZB55A6G55CAB
970096,4YEGB4YENG4YEUB4YF2G559MB559SG559ZB55A6G55CAB
991858,4YEGB4YENG4YEUB4YF2G559MB559SG559ZB55A6G55CAB
970084,4YEGB4YENG4YEUB4YF2G559MB559SG559ZB55A6G55CAB
970102,4YEGB4YENG4YEUB4YF2G559MB559SG559ZB55A6G55CAB
775801,4YEGB4YENG4YEUB4YF2G559MB559SG559ZB55A6G55CAB
970106,4YEGB4YENG4YEUB4YF2G559MB559SG559ZB55A6G55CAB
997833,4YEGB4YENG4YEUB4YF2G559MB559SG559ZB55A6G55CAB
742945,4YEGB4YENG4YEUB4YF2G559MB559SG559ZB55A6G55CAB
970099,4YEGB4YENG4YEUB4YF2G559MB559SG559ZB55A6G55CAB
778233,4YEGB4YENG4YEUB4YF2G559MB559SG559ZB55A6G55CAB
1010949,4YEGB4YENG4YEUB4YF2G559MB559SG559ZB55A6G55CAB
970101,4YEGB4YENG4YEUB4YF2G559MB559SG559ZB55A6G55CAB
969713,4YEGB4YENG4YEUB4YF2G559MB559SG559ZB55A6G55CAB
970097,4YEGB4YENG4YEUB4YF2G559MB559SG559ZB55A6G55CAB
991863,4YEGB4YENG4YEUB4YF2G559MB559SG559ZB55A6G55CAB
970108,4YEGB4YENG4YEUB4YF2G559MB559SG559ZB55A6G55CAB
997832,4YEGB4YENG4YEUB4YF2G559MB559SG559ZB55A6G55CAB
970083,4YEGB4YENG4YEUB4YF2G559MB559SG559ZB55A6G55CAB
742944,4YEGB4YENG4YEUB4YF2G559MB559SG559ZB55A6G55CAB
970087,4YEGB4YENG4YEUB4YF2G559MB559SG559ZB55A6G55CAB
969710,4YEGB4YENG4YEUB4YF2G559MB559SG559ZB55A6G55CAB
966269,4YEGB4YENG4YEUB4YF2G559MB559SG559ZB55A6G55CAB
966266,4YEGB4YENG4YEUB4YF2G559MB559SG559ZB55A6G55CAB
970079,4YEGB4YENG4YEUB4YF2G559MB559SG559ZB55A6G55CAB
970075,4YEGB4YENG4YEUB4YF2G559MB559SG559ZB55A6G55CAB
1055711,4YEFB4YEMB4YETB4YF0G4YF1B559LB559RB559YB55A4G
1055703,4YEFB4YEMB4YETB4YF0G4YF1B559LB559RB559YB55A4G
1055704,4YEFB4YEMB4YETB4YF0G4YF1B559LB559RB559YB55A4G
1055707,4YEFB4YEMB4YETB4YF0G4YF1B559LB559RB559YB55A4G
1055701,4YEFB4YEMB4YETB4YF0G4YF1B559LB559RB559YB55A4G
1055708,4YEFB4YEMB4YETB4YF0G4YF1B559LB559RB559YB55A4G
1055705,4YEFB4YEMB4YETB4YF0G4YF1B559LB559RB559YB55A4G
1055709,4YEFB4YEMB4YETB4YF0G4YF1B559LB559RB559YB55A4G
1055702,4YEFB4YEMB4YETB4YF0G4YF1B559LB559RB559YB55A4G
1055710,4YEFB4YEMB4YETB4YF0G4YF1B559LB559RB559YB55A4G
1055706,4YEFB4YEMB4YETB4YF0G4YF1B559LB559RB559YB55A4G
829231,4YEFB4YEMB4YETB4YF0G4YF1B559LB559RB559YB55A4G
827893,4YECB4YECG4YEJB4YEJG4YEQB4YEQG4YEWB4YEWG559IB
705503,4YECB4YECG4YEJB4YEJG4YEQB4YEQG4YEWB4YEWG559IB
643511,4YECB4YECG4YEJB4YEJG4YEQB4YEQG4YEWB4YEWG559IB
643513,4YECB4YECG4YEJB4YEJG4YEQB4YEQG4YEWB4YEWG559IB
864067,4YECB4YECG4YEJB4YEJG4YEQB4YEQG4YEWB4YEWG559IB
948329,4YECB4YECG4YEJB4YEJG4YEQB4YEQG4YEWB4YEWG559IB
644823,4YECB4YECG4YEJB4YEJG4YEQB4YEQG4YEWB4YEWG559IB
700270,4YECB4YECG4YEJB4YEJG4YEQB4YEQG4YEWB4YEWG559IB
1029743,4YECB4YECG4YEJB4YEJG4YEQB4YEQG4YEWB4YEWG559IB
644828,4YECB4YECG4YEJB4YEJG4YEQB4YEQG4YEWB4YEWG559IB
949352,4YECB4YECG4YEJB4YEJG4YEQB4YEQG4YEWB4YEWG559IB
827480,4YECB4YECG4YEJB4YEJG4YEQB4YEQG4YEWB4YEWG559IB
643515,4YECB4YECG4YEJB4YEJG4YEQB4YEQG4YEWB4YEWG559IB
643499,4YECB4YECG4YEJB4YEJG4YEQB4YEQG4YEWB4YEWG559IB
705504,4YECB4YECG4YEJB4YEJG4YEQB4YEQG4YEWB4YEWG559IB
643866,4YECB4YECG4YEJB4YEJG4YEQB4YEQG4YEWB4YEWG559IB
643869,4YECB4YECG4YEJB4YEJG4YEQB4YEQG4YEWB4YEWG559IB
643876,4YECB4YECG4YEJB4YEJG4YEQB4YEQG4YEWB4YEWG559IB
643880,4YECB4YECG4YEJB4YEJG4YEQB4YEQG4YEWB4YEWG559IB
947237,4YECB4YECG4YEJB4YEJG4YEQB4YEQG4YEWB4YEWG559IB
682324,4YECB4YECG4YEJB4YEJG4YEQB4YEQG4YEWB4YEWG559IB
643501,4YECB4YECG4YEJB4YEJG4YEQB4YEQG4YEWB4YEWG559IB
682328,4YECB4YECG4YEJB4YEJG4YEQB4YEQG4YEWB4YEWG559IB
991953,4YECB4YECG4YEJB4YEJG4YEQB4YEQG4YEWB4YEWG559IB
1008485,4YECB4YECG4YEJB4YEJG4YEQB4YEQG4YEWB4YEWG559IB
991954,4YECB4YECG4YEJB4YEJG4YEQB4YEQG4YEWB4YEWG559IB
868533,4YECB4YECG4YEJB4YEJG4YEQB4YEQG4YEWB4YEWG559IB
740179,4YECB4YECG4YEJB4YEJG4YEQB4YEQG4YEWB4YEWG559IB
701579,4YECB4YECG4YEJB4YEJG4YEQB4YEQG4YEWB4YEWG559IB
868545,4YECB4YECG4YEJB4YEJG4YEQB4YEQG4YEWB4YEWG559IB
643502,4YECB4YECG4YEJB4YEJG4YEQB4YEQG4YEWB4YEWG559IB
869843,4YECB4YECG4YEJB4YEJG4YEQB4YEQG4YEWB4YEWG559IB
869858,4YECB4YECG4YEJB4YEJG4YEQB4YEQG4YEWB4YEWG559IB
737281,4YECB4YECG4YEJB4YEJG4YEQB4YEQG4YEWB4YEWG559IB
869921,4YECB4YECG4YEJB4YEJG4YEQB4YEQG4YEWB4YEWG559IB
869961,4YECB4YECG4YEJB4YEJG4YEQB4YEQG4YEWB4YEWG559IB
991955,4YECB4YECG4YEJB4YEJG4YEQB4YEQG4YEWB4YEWG559IB
643504,4YECB4YECG4YEJB4YEJG4YEQB4YEQG4YEWB4YEWG559IB
871414,4YECB4YECG4YEJB4YEJG4YEQB4YEQG4YEWB4YEWG559IB
1032806,4YECB4YECG4YEJB4YEJG4YEQB4YEQG4YEWB4YEWG559IB
643505,4YECB4YECG4YEJB4YEJG4YEQB4YEQG4YEWB4YEWG559IB
989903,4YEEB4YELG4YESB4YF0G559KB559QG559XB55A4G55ABB
1006216,4YEEB4YELB4YESB4YF0B559KB559QB559XB55A4B55ABB
1015536,4YEEB4YELG4YESB4YF0G559KB559QG559XB55A4G55ABB
1010802,4YEEB4YELG4YESB4YF0G559KB559QG559XB55A4G55ABB
1018642,4YEEB4YELG4YESB4YF0G559KB559QG559XB55A4G55ABB
1046975,4YEEB4YELG4YESB4YF0G559KB559QG559XB55A4G55ABB
753099,4YEDG4YEKB4YERG4YEZB559JG559PB559WG55A3B55AAG
753092,4YEDG4YEKB4YERG4YEZB559JG559PB559WG55A3B55AAG
1021044,4YEDG4YEKB4YERG4YEZB559JG559PB559WG55A3B55AAG
1036257,4YEDG4YEKB4YERG4YEZB559JG559PB559WG55A3B55AAG
753090,4YEDG4YEKB4YERG4YEZB559JG559PB559WG55A3B55AAG
753089,4YEDG4YEKB4YERG4YEZB559JG559PB559WG55A3B55AAG
1036258,4YEDG4YEKB4YERG4YEZB559JG559PB559WG55A3B55AAG
735560,4YEDG4YEKB4YERG4YEZB559JG559PB559WG55A3B55AAG
710813,4YEDG4YEKB4YERG4YEZB559JG559PB559WG55A3B55AAG
703378,4YEDG4YEKB4YERG4YEZB559JG559PB559WG55A3B55AAG
753077,4YEDG4YEKB4YERG4YEZB559JG559PB559WG55A3B55AAG
704581,4YEDG4YEKB4YERG4YEZB559JG559PB559WG55A3B55AAG
710812,4YEDG4YEKB4YERG4YEZB559JG559PB559WG55A3B55AAG
710811,4YEDG4YEKB4YERG4YEZB559JG559PB559WG55A3B55AAG
710810,4YEDG4YEKB4YERG4YEZB559JG559PB559WG55A3B55AAG
1039558,4YEDG4YEKB4YERG4YEZB559JG559PB559WG55A3B55AAG
710808,4YEDG4YEKB4YERG4YEZB559JG559PB559WG55A3B55AAG
787077,4YEDG4YEKB4YERG4YEZB559JG559PB559WG55A3B55AAG
710806,4YEDG4YEKB4YERG4YEZB559JG559PB559WG55A3B55AAG
753093,4YEDG4YEKB4YERG4YEZB559JG559PB559WG55A3B55AAG
704583,4YEDG4YEKB4YERG4YEZB559JG559PB559WG55A3B55AAG
753097,4YEDG4YEKB4YERG4YEZB559JG559PB559WG55A3B55AAG
753096,4YEDG4YEKB4YERG4YEZB559JG559PB559WG55A3B55AAG
753095,4YEDG4YEKB4YERG4YEZB559JG559PB559WG55A3B55AAG
781194,4YEDG4YEKB4YERG4YEZB559JG559PB559WG55A3B55AAG
753094,4YEDG4YEKB4YERG4YEZB559JG559PB559WG55A3B55AAG
753087,4YEDG4YEKB4YERG4YEZB559JG559PB559WG55A3B55AAG
1025269,4YEHB4YEKG4YEKG4YEOB4YEVB4YEZG4YEZG4YF3B559NB
633124,4YEHB4YEKG4YEKG4YEOB4YEVB4YEZG4YEZG4YF3B559NB
633127,4YEHB4YEKG4YEKG4YEOB4YEVB4YEZG4YEZG4YF3B559NB
1044027,4YEHB4YEKG4YEKG4YEOB4YEVB4YEZG4YEZG4YF3B559NB
778654,4YEHB4YEKG4YEKG4YEOB4YEVB4YEZG4YEZG4YF3B559NB
633129,4YEHB4YEKG4YEKG4YEOB4YEVB4YEZG4YEZG4YF3B559NB
994792,4YEHB4YEKG4YEKG4YEOB4YEVB4YEZG4YEZG4YF3B559NB
778655,4YEHB4YEKG4YEKG4YEOB4YEVB4YEZG4YEZG4YF3B559NB
633131,4YEHB4YEKG4YEKG4YEOB4YEVB4YEZG4YEZG4YF3B559NB
967034,4YEHB4YEKG4YEKG4YEOB4YEVB4YEZG4YEZG4YF3B559NB
633108,4YEHB4YEKG4YEKG4YEOB4YEVB4YEZG4YEZG4YF3B559NB
967036,4YEHB4YEKG4YEKG4YEOB4YEVB4YEZG4YEZG4YF3B559NB
1004988,4YEHB4YEKG4YEKG4YEOB4YEVB4YEZG4YEZG4YF3B559NB
967037,4YEHB4YEKG4YEKG4YEOB4YEVB4YEZG4YEZG4YF3B559NB
967039,4YEHB4YEKG4YEKG4YEOB4YEVB4YEZG4YEZG4YF3B559NB
779544,4YEHB4YEKG4YEKG4YEOB4YEVB4YEZG4YEZG4YF3B559NB
967042,4YEHB4YEKG4YEKG4YEOB4YEVB4YEZG4YEZG4YF3B559NB
778646,4YEHB4YEKG4YEKG4YEOB4YEVB4YEZG4YEZG4YF3B559NB
633109,4YEHB4YEKG4YEKG4YEOB4YEVB4YEZG4YEZG4YF3B559NB
633111,4YEHB4YEKG4YEKG4YEOB4YEVB4YEZG4YEZG4YF3B559NB
1029712,4YEHB4YEKG4YEKG4YEOB4YEVB4YEZG4YEZG4YF3B559NB
778651,4YEHB4YEKG4YEKG4YEOB4YEVB4YEZG4YEZG4YF3B559NB
633120,4YEHB4YEKG4YEKG4YEOB4YEVB4YEZG4YEZG4YF3B559NB
633122,4YEHB4YEKG4YEKG4YEOB4YEVB4YEZG4YEZG4YF3B559NB
633123,4YEHB4YEKG4YEKG4YEOB4YEVB4YEZG4YEZG4YF3B559NB
846620,4YEKB4YEZB559PB55A3B55CEB55CSB
846621,4YEDG4YEKB4YERG4YEZB559JG559PB559WG55A3B55AAG
846622,4YEDG4YEKB4YERG4YEZB559JG559PB559WG55A3B55AAG
846624,4YEDG4YEKB4YERG4YEZB559JG559PB559WG55A3B55AAG
862003,4YEDG4YEKB4YERG4YEZB559JG559PB559WG55A3B55AAG
1010271,4YEDG4YEKB4YERG4YEZB559JG559PB559WG55A3B55AAG
862008,4YEDG4YEKB4YERG4YEZB559JG559PB559WG55A3B55AAG
1048325,4YEDG4YEKB4YERG4YEZB559JG559PB559WG55A3B55AAG
846662,4YEDG4YEKB4YERG4YEZB559JG559PB559WG55A3B55AAG
1022709,4YEDG4YEKB4YERG4YEZB559JG559PB559WG55A3B55AAG
829508,4YEDG4YEKB4YERG4YEZB559JG559PB559WG55A3B55AAG
846663,4YEDG4YEKB4YERG4YEZB559JG559PB559WG55A3B55AAG
846665,4YEDG4YEKB4YERG4YEZB559JG559PB559WG55A3B55AAG
846666,4YEDG4YEKB4YERG4YEZB559JG559PB559WG55A3B55AAG
1010272,4YEDG4YEKB4YERG4YEZB559JG559PB559WG55A3B55AAG
846980,4YEDG4YEKB4YEKB4YERG4YEZB4YEZB559JG559PB559PB
862011,4YEDG4YEKB4YERG4YEZB559JG559PB559WG55A3B55AAG
846982,4YEDG4YEKB4YERG4YEZB559JG559PB559WG55A3B55AAG
846983,4YEDG4YEKB4YERG4YEZB559JG559PB559WG55A3B55AAG
846985,4YEDG4YEKB4YERG4YEZB559JG559PB559WG55A3B55AAG
808646,4YEDG4YEKB4YERG4YEZB559JG559PB559WG55A3B55AAG
846986,4YEDG4YEKB4YERG4YEZB559JG559PB559WG55A3B55AAG
846987,4YEDG4YEKB4YERG4YEZB559JG559PB559WG55A3B55AAG
862005,4YEDG4YEKB4YERG4YEZB559JG559PB559WG55A3B55AAG
846645,4YEDG4YEKB4YERG4YEZB559JG559PB559WG55A3B55AAG
846646,4YEDG4YEKB4YERG4YEZB559JG559PB559WG55A3B55AAG
846647,4YEDG4YEKB4YERG4YEZB559JG559PB559WG55A3B55AAG
846648,4YEDG4YEKB4YERG4YEZB559JG559PB559WG55A3B55AAG
829507,4YEDG4YEKB4YERG4YEZB559JG559PB559WG55A3B55AAG
808648,4YEDG4YEKB4YERG4YEZB559JG559PB559WG55A3B55AAG
1048296,4YEDG4YEKB4YERG4YEZB559JG559PB559WG55A3B55AAG
863216,4YEDG4YEKB4YERG4YEZB559JG559PB559WG55A3B55AAG
846626,4YEDG4YEKB4YERG4YEZB559JG559PB559WG55A3B55AAG
808315,4YEDG4YEKB4YERG4YEZB559JG559PB559WG55A3B55AAG
789725,4YEDG4YEKB4YERG4YEZB559JG559PB559WG55A3B55AAG
1048284,4YEDG4YEKB4YERG4YEZB559JG559PB559WG55A3B55AAG
1040674,4YEDG4YEKB4YERG4YEZB559JG559PB559WG55A3B55AAG
775230,4YEDG4YEKB4YERG4YEZB559JG559PB559WG55A3B55AAG
878845,4YEDG4YEDG4YEKB4YEKB4YERG4YERG4YEZB4YEZB559JG
878848,4YEDG4YEKB4YERG4YEZB559JG559PB559WG55A3B55AAG
775233,4YEDG4YEKB4YERG4YEZB559JG559PB559WG55A3B55AAG
878879,4YEDG4YEKB4YERG4YEZB559JG559PB559WG55A3B55AAG
775231,4YEDG4YEKB4YERG4YEZB559JG559PB559WG55A3B55AAG
878860,4YEDG4YEKB4YERG4YEZB559JG559PB559WG55A3B55AAG
878806,4YEDG4YEKB4YERG4YEZB559JG559PB559WG55A3B55AAG
877124,4YEDG4YEKB4YERG4YEZB559JG559PB559WG55A3B55AAG
878802,4YEDG4YEKB4YERG4YEZB559JG559PB559WG55A3B55AAG
877129,4YEDG4YEKB4YERG4YEZB559JG559PB559WG55A3B55AAG
877112,4YEDG4YEKB4YERG4YEZB559JG559PB559WG55A3B55AAG
877113,4YEDG4YEKB4YERG4YEZB559JG559PB559WG55A3B55AAG
877119,4YEDG4YEKB4YERG4YEZB559JG559PB559WG55A3B55AAG
1040670,4YEDG4YEKB4YERG4YEZB559JG559PB559WG55A3B55AAG
877158,4YEDG4YEKB4YERG4YEZB559JG559PB559WG55A3B55AAG
1036746,4YECG4YEEB4YELB4YESB4YF0B559IG559KB559QB559XB
829105,4YECG4YEEB4YELB4YESB4YF0B559IG559KB559QB559XB
1138796,4YECG4YEEB4YELB4YESB4YF0B559IG559KB559QB559XB
625080,4YEGG4YENB4YEUG4YF2B559MG559SB559ZG55A6B55CAG
625083,4YEGG4YENB4YEUG4YF2B559MG559SB559ZG55A6B55CAG
625081,4YEGG4YENB4YEUG4YF2B559MG559SB559ZG55A6B55CAG
625082,4YEGG4YENB4YEUG4YF2B559MG559SB559ZG55A6B55CAG
625088,4YEGG4YENB4YEUG4YF2B559MG559SB559ZG55A6B55CAG
625076,4YEGG4YENB4YEUG4YF2B559MG559SB559ZG55A6B55CAG
625087,4YEGG4YENB4YEUG4YF2B559MG559SB559ZG55A6B55CAG
625077,4YEGG4YENB4YEUG4YF2B559MG559SB559ZG55A6B55CAG
625086,4YEGG4YENB4YEUG4YF2B559MG559SB559ZG55A6B55CAG
625078,4YEGG4YENB4YEUG4YF2B559MG559SB559ZG55A6B55CAG
625085,4YEGG4YENB4YEUG4YF2B559MG559SB559ZG55A6B55CAG
625079,4YEGG4YENB4YEUG4YF2B559MG559SB559ZG55A6B55CAG
625084,4YEGG4YENB4YEUG4YF2B559MG559SB559ZG55A6B55CAG
1055010,4YECG4YEJB4YEQG4YEWB559IG559OB559VG55A2B55A9G
1055011,4YECG4YEJB4YEQG4YEWB559IG559OB559VG55A2B55A9G
1055012,4YECG4YEJB4YEQG4YEWB559IG559OB559VG55A2B55A9G
1055005,4YECG4YEJB4YEQG4YEWB559IG559OB559VG55A2B55A9G
1055013,4YECG4YEJB4YEQG4YEWB559IG559OB559VG55A2B55A9G
1055006,4YECG4YEJB4YEQG4YEWB559IG559OB559VG55A2B55A9G
1055007,4YECG4YEJB4YEQG4YEWB559IG559OB559VG55A2B55A9G
1055008,4YECG4YEJB4YEQG4YEWB559IG559OB559VG55A2B55A9G
1055009,4YECG4YEJB4YEQG4YEWB559IG559OB559VG55A2B55A9G
1129854,4YEFB4YEMG4YETB4YF1G559LB559RG559YB55A5G55C9B
1129829,4YEFB4YEMG4YETB4YF1G559LB559RG559YB55A5G55C9B
1129853,4YEFB4YEMG4YETB4YF1G559LB559RG559YB55A5G55C9B
1129830,4YEFB4YEMG4YETB4YF1G559LB559RG559YB55A5G55C9B
1129852,4YEFB4YEMG4YETB4YF1G559LB559RG559YB55A5G55C9B
1129831,4YEFB4YEMG4YETB4YF1G559LB559RG559YB55A5G55C9B
1129851,4YEFB4YEMG4YETB4YF1G559LB559RG559YB55A5G55C9B
1129832,4YEFB4YEMG4YETB4YF1G559LB559RG559YB55A5G55C9B
926074,4YEEB4YELG4YESB4YF0G559KB559QG559XB55A4G55ABB
1010464,4YEEB4YELG4YESB4YF0G559KB559QG559XB55A4G55ABB
926079,4YEEB4YELG4YESB4YF0G559KB559QG559XB55A4G55ABB
919513,4YEEB4YELG4YESB4YF0G559KB559QG559XB55A4G55ABB
1033057,4YEEB4YELG4YESB4YF0G559KB559QG559XB55A4G55ABB
924726,4YEEB4YELG4YESB4YF0G559KB559QG559XB55A4G55ABB
924753,4YEEB4YELG4YESB4YF0G559KB559QG559XB55A4G55ABB
926085,4YEEB4YELG4YESB4YF0G559KB559QG559XB55A4G55ABB
926087,4YEEB4YELG4YESB4YF0G559KB559QG559XB55A4G55ABB
1010465,4YEEB4YELG4YESB4YF0G559KB559QG559XB55A4G55ABB
926083,4YEEB4YELG4YESB4YF0G559KB559QG559XB55A4G55ABB
919515,4YEEB4YELG4YESB4YF0G559KB559QG559XB55A4G55ABB
919518,4YEEB4YELG4YESB4YF0G559KB559QG559XB55A4G55ABB
1033064,4YEEB4YELG4YESB4YF0G559KB559QG559XB55A4G55ABB
926069,4YEEB4YELG4YESB4YF0G559KB559QG559XB55A4G55ABB
926072,4YEEB4YELG4YESB4YF0G559KB559QG559XB55A4G55ABB
1102539,4YEFG4YEMB4YETG4YF1B559LG559RB559YG55A5B55C9G
1102538,4YEFG4YEMB4YETG4YF1B559LG559RB559YG55A5B55C9G
1102537,4YEFG4YEMB4YETG4YF1B559LG559RB559YG55A5B55C9G
1102536,4YEFG4YEMB4YETG4YF1B559LG559RB559YG55A5B55C9G
1102559,4YEFG4YEMB4YETG4YF1B559LG559RB559YG55A5B55C9G
1102558,4YEFG4YEMB4YETG4YF1B559LG559RB559YG55A5B55C9G
1102541,4YEFG4YEMB4YETG4YF1B559LG559RB559YG55A5B55C9G
1102540,4YEFG4YEMB4YETG4YF1B559LG559RB559YG55A5B55C9G
767670,4YEEG4YEHB4YEOB4YEVB4YF3B559KG559NB559TB55A0B
767669,4YEEG4YEHB4YEOB4YEVB4YF3B559KG559NB559TB55A0B
767668,4YEEG4YEHB4YEOB4YEVB4YF3B559KG559NB559TB55A0B
904982,4YEEG4YEHB4YEOB4YEVB4YF3B559KG559NB559TB55A0B
767666,4YEEG4YEHB4YEOB4YEVB4YF3B559KG559NB559TB55A0B
904980,4YEEG4YEHB4YEOB4YEVB4YF3B559KG559NB559TB55A0B
767665,4YEEG4YEHB4YEOB4YEVB4YF3B559KG559NB559TB55A0B
767664,4YEEG4YEHB4YEOB4YEVB4YF3B559KG559NB559TB55A0B
767650,4YEEG4YEHB4YEOB4YEVB4YF3B559KG559NB559TB55A0B
767663,4YEEG4YEHB4YEOB4YEVB4YF3B559KG559NB559TB55A0B
788015,4YEEG4YEHB4YEOB4YEVB4YF3B559KG559NB559TB55A0B
767311,4YEEG4YEHB4YEOB4YEVB4YF3B559KG559NB559TB55A0B
767310,4YEEG4YEHB4YEOB4YEVB4YF3B559KG559NB559TB55A0B
740673,4YEEG4YEHB4YEOB4YEVB4YF3B559KG559NB559TB55A0B
767309,4YEEG4YEHB4YEOB4YEVB4YF3B559KG559NB559TB55A0B
767308,4YEEG4YEHB4YEOB4YEVB4YF3B559KG559NB559TB55A0B
786518,4YEEG4YEHB4YEOB4YEVB4YF3B559KG559NB559TB55A0B
767312,4YEEG4YEHB4YEOB4YEVB4YF3B559KG559NB559TB55A0B
767307,4YEEG4YEHB4YEOB4YEVB4YF3B559KG559NB559TB55A0B
767306,4YEEG4YEHB4YEOB4YEVB4YF3B559KG559NB559TB55A0B
767654,4YEEG4YEHB4YEOB4YEVB4YF3B559KG559NB559TB55A0B
767305,4YEEG4YEHB4YEOB4YEVB4YF3B559KG559NB559TB55A0B
767304,4YEEG4YEHB4YEOB4YEVB4YF3B559KG559NB559TB55A0B
767645,4YEEG4YEHB4YEOB4YEVB4YF3B559KG559NB559TB55A0B
740674,4YEEG4YEHB4YEOB4YEVB4YF3B559KG559NB559TB55A0B
767649,4YEEG4YEHB4YEOB4YEVB4YF3B559KG559NB559TB55A0B
767648,4YEEG4YEHB4YEOB4YEVB4YF3B559KG559NB559TB55A0B
767647,4YEEG4YEHB4YEOB4YEVB4YF3B559KG559NB559TB55A0B
786519,4YEEG4YEHB4YEOB4YEVB4YF3B559KG559NB559TB55A0B
767646,4YEEG4YEHB4YEOB4YEVB4YF3B559KG559NB559TB55A0B
767313,4YEEG4YEHB4YEOB4YEVB4YF3B559KG559NB559TB55A0B
767653,4YEEG4YEHB4YEHB4YEOB4YEOB4YEVB4YEVB4YF3B4YF3B
767651,4YEEG4YEHB4YEOB4YEVB4YF3B559KG559NB559TB55A0B
767644,4YEEG4YEHB4YEOB4YEVB4YF3B559KG559NB559TB55A0B
767643,4YEEG4YEHB4YEOB4YEVB4YF3B559KG559NB559TB55A0B
767642,4YEEG4YEHB4YEOB4YEVB4YF3B559KG559NB559TB55A0B
767641,4YEEG4YEHB4YEOB4YEVB4YF3B559KG559NB559TB55A0B
767640,4YEEG4YEHB4YEOB4YEVB4YF3B559KG559NB559TB55A0B
904985,4YEEG4YEHB4YEOB4YEVB4YF3B559KG559NB559TB55A0B
767712,4YEEG4YEHB4YEOB4YEVB4YF3B559KG559NB559TB55A0B
767711,4YEEG4YEHB4YEOB4YEVB4YF3B559KG559NB559TB55A0B
767710,4YEEG4YEHB4YEOB4YEVB4YF3B559KG559NB559TB55A0B
767652,4YEEG4YEHB4YEOB4YEVB4YF3B559KG559NB559TB55A0B
740678,4YEEG4YEHB4YEOB4YEVB4YF3B559KG559NB559TB55A0B
904993,4YEEG4YEHB4YEOB4YEVB4YF3B559KG559NB559TB55A0B
786523,4YEEG4YEHB4YEOB4YEVB4YF3B559KG559NB559TB55A0B
904994,4YEEG4YEHB4YEOB4YEVB4YF3B559KG559NB559TB55A0B
767709,4YEEG4YEHB4YEOB4YEVB4YF3B559KG559NB559TB55A0B
767667,4YEEG4YEHB4YEOB4YEVB4YF3B559KG559NB559TB55A0B
740675,4YEEG4YEHB4YEOB4YEVB4YF3B559KG559NB559TB55A0B
740676,4YEEG4YEHB4YEOB4YEVB4YF3B559KG559NB559TB55A0B
767673,4YEEG4YEHB4YEOB4YEVB4YF3B559KG559NB559TB55A0B
767671,4YEEG4YEHB4YEOB4YEVB4YF3B559KG559NB559TB55A0B
740835,4YECB4YEDG4YEJB4YEQB4YERG4YEWB559IB559JG559OB
836074,4YECB4YEDG4YEJB4YEQB4YERG4YEWB559IB559JG559OB
836077,4YECB4YEDG4YEJB4YEQB4YERG4YEWB559IB559JG559OB
836441,4YECB4YEDG4YEJB4YEQB4YERG4YEWB559IB559JG559OB
836451,4YECB4YEDG4YEJB4YEQB4YERG4YEWB559IB559JG559OB
836415,4YECB4YEDG4YEJB4YEQB4YERG4YEWB559IB559JG559OB
741758,4YECB4YEDG4YEJB4YEQB4YERG4YEWB559IB559JG559OB
834789,4YECB4YEDG4YEJB4YEQB4YERG4YEWB559IB559JG559OB
836801,4YEEG4YEHB4YEOB4YESG4YEVB4YF3B559KG559NB559TB
834828,4YEEG4YEHB4YEOB4YESG4YEVB4YF3B559KG559NB559TB
778780,4YEEG4YEHB4YEOB4YESG4YEVB4YF3B559KG559NB559TB
834803,4YEEG4YEHB4YEOB4YESG4YEVB4YF3B559KG559NB559TB
740841,4YEEG4YEHB4YEOB4YESG4YEVB4YF3B559KG559NB559TB
793560,4YEEG4YEHB4YEOB4YESG4YEVB4YF3B559KG559NB559TB
835207,4YEEG4YEHB4YEOB4YEVB4YF3B559KG559NB559TB55A0B
899316,4YEFB4YEMB4YEOG4YETB4YF1B4YF3G559LB559RB559TG
740826,4YECB4YEDG4YEJB4YEQB4YERG4YEWB559IB559JG559OB
791358,4YECB4YEDG4YEJB4YEQB4YERG4YEWB559IB559JG559OB
792585,4YECB4YEDG4YEJB4YEQB4YERG4YEWB559IB559JG559OB
793940,4YECB4YEDG4YEJB4YEQB4YERG4YEWB559IB559JG559OB
836762,4YECB4YEDG4YEJB4YEQB4YERG4YEWB559IB559JG559OB
838063,4YECB4YEDG4YEJB4YEQB4YERG4YEWB559IB559JG559OB
787525,4YECB4YEDG4YEJB4YEQB4YERG4YEWB559IB559JG559OB
836359,4YECB4YEDG4YEJB4YEQB4YERG4YEWB559IB559JG559OB
734238,4YECB4YEDG4YEJB4YEQB4YERG4YEWB559IB559JG559OB
793922,4YECB4YEDG4YEJB4YEQB4YERG4YEWB559IB559JG559OB
793936,4YECB4YEDG4YEJB4YEQB4YERG4YEWB559IB559JG559OB
793905,4YECB4YEDG4YEJB4YEQB4YERG4YEWB559IB559JG559OB
837983,4YECB4YEDG4YEJB4YEQB4YERG4YEWB559IB559JG559OB
793945,4YECB4YEDG4YEJB4YEQB4YERG4YEWB559IB559JG559OB
780178,4YECB4YEDG4YEJB4YEQB4YERG4YEWB559IB559JG559OB
827253,4YEFB4YEMB4YEOG4YETB4YF1B4YF3G559LB559RB559TG
780180,4YECB4YEDG4YEJB4YEQB4YERG4YEWB559IB559JG559OB
793971,4YECB4YEDG4YEJB4YEQB4YERG4YEWB559IB559JG559OB
793955,4YECB4YEDG4YEJB4YEQB4YERG4YEWB559IB559JG559OB
793957,4YECB4YEDG4YEJB4YEQB4YERG4YEWB559IB559JG559OB
836690,4YECB4YEDG4YEJB4YEQB4YERG4YEWB559IB559JG559OB
792667,4YECB4YEDG4YEJB4YEQB4YERG4YEWB559IB559JG559OB
831716,4YECB4YEDG4YEJB4YEQB4YERG4YEWB559IB559JG559OB
831694,4YECB4YEDG4YEJB4YEQB4YERG4YEWB559IB559JG559OB
796435,4YECB4YEDG4YEJB4YEQB4YERG4YEWB559IB559JG559OB
740820,4YECB4YEDG4YEJB4YEQB4YERG4YEWB559IB559JG559OB
836460,4YECB4YEHG4YEJB4YEQB4YEVG4YEWB559IB559NG559OB
838120,4YECB4YEHG4YEJB4YEQB4YEVG4YEWB559IB559NG559OB
837012,4YECB4YEHG4YEJB4YEQB4YEVG4YEWB559IB559NG559OB
837015,4YECB4YEHG4YEJB4YEQB4YEVG4YEWB559IB559NG559OB
833171,4YECB4YEHG4YEJB4YEQB4YEVG4YEWB559IB559NG559OB
833280,4YECB4YEHG4YEJB4YEQB4YEVG4YEWB559IB559NG559OB
833300,4YECB4YEHG4YEJB4YEQB4YEVG4YEWB559IB559NG559OB
899341,4YECB4YEHG4YEJB4YEQB4YEVG4YEWB559IB559NG559OB
899342,4YECB4YEHG4YEJB4YEQB4YEVG4YEWB559IB559NG559OB
899343,4YECB4YEHG4YEJB4YEQB4YEVG4YEWB559IB559NG559OB
835845,4YECB4YEHG4YEJB4YEQB4YEVG4YEWB559IB559NG559OB
830388,4YECB4YEHG4YEJB4YEQB4YEVG4YEWB559IB559NG559OB
831693,4YECB4YEHG4YEJB4YEQB4YEVG4YEWB559IB559NG559OB
740829,4YECB4YEHG4YEJB4YEQB4YEVG4YEWB559IB559NG559OB
793991,4YECB4YEHG4YEJB4YEQB4YEVG4YEWB559IB559NG559OB
899345,4YECB4YEHG4YEJB4YEQB4YEVG4YEWB559IB559NG559OB
835007,4YECB4YEHG4YEJB4YEQB4YEVG4YEWB559IB559NG559OB
733884,4YECB4YEHG4YEJB4YEQB4YEVG4YEWB559IB559NG559OB
740827,4YECB4YEHG4YEJB4YEQB4YEVG4YEWB559IB559NG559OB
836764,4YEFB4YEMB4YEOG4YETB4YF1B4YF3G559LB559RB559TG
740821,4YEFB4YEMB4YEOG4YETB4YF1B4YF3G559LB559RB559TG
739224,4YEFB4YEMB4YEOG4YETB4YF1B4YF3G559LB559RB559TG
830732,4YEFB4YEMB4YEOG4YETB4YF1B4YF3G559LB559RB559TG
778774,4YEFB4YEMB4YEOG4YETB4YF1B4YF3G559LB559RB559TG
834826,4YEFB4YEMB4YEOG4YETB4YF1B4YF3G559LB559RB559TG
1050155,4YEFB4YEMB4YEOG4YETB4YF1B4YF3G559LB559RB559TG
836794,4YEFB4YEMB4YEOG4YETB4YF1B4YF3G559LB559RB559TG
831783,4YEFB4YEMB4YEOG4YETB4YF1B4YF3G559LB559RB559TG
788200,4YEEG4YEHB4YEOB4YEVB4YF3B559KG559NB559TB55A0B
906466,4YEEG4YEHB4YEOB4YEVB4YF3B559KG559NB559TB55A0B
988593,4YEEG4YEHB4YEOB4YEVB4YF3B559KG559NB559TB55A0B
653940,4YEEG4YEHB4YEOB4YEVB4YF3B559KG559NB559TB55A0B
743584,4YEEG4YEHB4YEOB4YEVB4YF3B559KG559NB559TB55A0B
944770,4YECB4YEJB4YEQB4YEWB559IB559OB559VB55A2B55A9B
894462,4YECB4YECB4YEDG4YEDG4YEJB4YEJB4YEQB4YEQB4YERG
744842,4YECB4YECB4YEDG4YEDG4YEJB4YEJB4YEQB4YEQB4YERG
653938,4YECB4YECB4YEDG4YEDG4YEJB4YEJB4YEQB4YEQB4YERG
653939,4YECB4YECB4YEDG4YEDG4YEJB4YEJB4YEQB4YEQB4YERG
948087,4YECB4YEHG4YEJB4YEQB4YEVG4YEWB559IB559NG559OB
899335,4YECB4YEHG4YEJB4YEQB4YEVG4YEWB559IB559NG559OB
837759,4YECB4YEHG4YEJB4YEQB4YEVG4YEWB559IB559NG559OB
899329,4YECB4YEHG4YEJB4YEQB4YEVG4YEWB559IB559NG559OB
790949,4YEFB4YEMB4YEOG4YETB4YF1B4YF3G559LB559RB559TG
893343,4YEFB4YEMB4YEOG4YETB4YF1B4YF3G559LB559RB559TG
1054101,4YECB4YECB4YEDG4YEDG4YEJB4YEJB4YEQB4YEQB4YERG
1112245,4YECB4YEHG4YEJB4YEQB4YEVG4YEWB559IB559NG559OB
994402,4YECB4YEHG4YEJB4YEQB4YEVG4YEWB559IB559NG559OB
993138,4YECB4YEHG4YEJB4YEQB4YEVG4YEWB559IB559NG559OB
899323,4YECB4YEDG4YEJB4YEQB4YERG4YEWB559IB559JG559OB
796498,4YEFB4YEMB4YEOG4YETB4YF1B4YF3G559LB559RB559TG
899314,4YEFB4YEMB4YEOG4YETB4YF1B4YF3G559LB559RB559TG
776424,4YECB4YEHG4YEJB4YEQB4YEVG4YEWB559IB559NG559OB
813135,4YECB4YEHG4YEJB4YEQB4YEVG4YEWB559IB559NG559OB
899321,4YECB4YEDG4YEJB4YEQB4YERG4YEWB559IB559JG559OB
796451,4YECB4YEDG4YEJB4YEQB4YERG4YEWB559IB559JG559OB
778732,4YECB4YEDG4YEJB4YEQB4YERG4YEWB559IB559JG559OB
955632,4YEFB4YEMB4YEOG4YETB4YF1B4YF3G559LB559RB559TG
743585,4YECB4YEHG4YEJB4YEQB4YEVG4YEWB559IB559NG559OB
741761,4YECB4YEHG4YEJB4YEQB4YEVG4YEWB559IB559NG559OB
1144790,4YECB4YEHG4YEJB4YEQB4YEVG4YEWB559IB559NG559OB
899337,4YECB4YEHG4YEJB4YEQB4YEVG4YEWB559IB559NG559OB
837021,4YECB4YEHG4YEJB4YEQB4YEVG4YEWB559IB559NG559OB
909717,4YECB4YEHG4YEJB4YEQB4YEVG4YEWB559IB559NG559OB
780428,4YECB4YEHG4YEJB4YEQB4YEVG4YEWB559IB559NG559OB
905850,4YECB4YEHG4YEJB4YEQB4YEVG4YEWB559IB559NG559OB
778727,4YECB4YEHG4YEJB4YEQB4YEVG4YEWB559IB559NG559OB
1014411,4YECB4YEHG4YEJB4YEQB4YEVG4YEWB559IB559NG559OB
637223,4YECB4YEHG4YEJB4YEQB4YEVG4YEWB559IB559NG559OB
720467,4YECB4YEHG4YEJB4YEQB4YEVG4YEWB559IB559NG559OB
836372,4YECB4YEHG4YEJB4YEQB4YEVG4YEWB559IB559NG559OB
893341,4YEFB4YEMB4YEOG4YETB4YF1B4YF3G559LB559RB559TG
621255,4YEFB4YEMB4YEOG4YETB4YF1B4YF3G559LB559RB559TG
893346,4YEFB4YEMB4YEOG4YETB4YF1B4YF3G559LB559RB559TG
899318,4YEEG4YEHB4YEOB4YEVB4YF3B559KG559NB559TB55A0B
905853,4YECB4YEHG4YEJB4YEQB4YEVG4YEWB559IB559NG559OB
899322,4YECB4YEDG4YEJB4YEQB4YERG4YEWB559IB559JG559OB
876137,4YECB4YEDG4YEJB4YEQB4YERG4YEWB559IB559JG559OB
899326,4YECB4YEDG4YEJB4YEQB4YERG4YEWB559IB559JG559OB
1011974,4YEFB4YEMB4YEOG4YETB4YF1B4YF3G559LB559RB559TG
948086,4YECB4YEHG4YEJB4YEQB4YEVG4YEWB559IB559NG559OB
833162,4YECB4YEHG4YEJB4YEQB4YEVG4YEWB559IB559NG559OB
1144791,4YECB4YEHG4YEJB4YEQB4YEVG4YEWB559IB559NG559OB
905847,4YECB4YEHG4YEJB4YEQB4YEVG4YEWB559IB559NG559OB
1031324,4YECB4YEHG4YEJB4YEQB4YEVG4YEWB559IB559NG559OB
832810,4YECB4YEHG4YEJB4YEQB4YEVG4YEWB559IB559NG559OB
780426,4YECB4YEHG4YEJB4YEQB4YEVG4YEWB559IB559NG559OB
899344,4YECB4YEHG4YEJB4YEQB4YEVG4YEWB559IB559NG559OB
796455,4YECB4YEHG4YEJB4YEQB4YEVG4YEWB559IB559NG559OB
792673,4YECB4YEHG4YEJB4YEQB4YEVG4YEWB559IB559NG559OB
899346,4YECB4YEHG4YEJB4YEQB4YEVG4YEWB559IB559NG559OB
637224,4YECB4YEHG4YEJB4YEQB4YEVG4YEWB559IB559NG559OB
681828,4YECB4YEHG4YEJB4YEQB4YEVG4YEWB559IB559NG559OB
791365,4YECB4YEHG4YEJB4YEQB4YEVG4YEWB559IB559NG559OB
743587,4YEFB4YEMB4YEOG4YETB4YF1B4YF3G559LB559RB559TG
622671,4YEFB4YEMB4YEOG4YETB4YF1B4YF3G559LB559RB559TG
1031326,4YEFB4YEMB4YEOG4YETB4YF1B4YF3G559LB559RB559TG
899319,4YEEG4YEHB4YEOB4YEVB4YF3B559KG559NB559TB55A0B
899331,4YECB4YEHG4YEJB4YEQB4YEVG4YEWB559IB559NG559OB
833253,4YECB4YEHG4YEJB4YEQB4YEVG4YEWB559IB559NG559OB
787655,4YECB4YEHG4YEJB4YEQB4YEVG4YEWB559IB559NG559OB
899338,4YECB4YEHG4YEJB4YEQB4YEVG4YEWB559IB559NG559OB
989904,4YECB4YEHG4YEJB4YEQB4YEVG4YEWB559IB559NG559OB
833130,4YECB4YEHG4YEJB4YEQB4YEVG4YEWB559IB559NG559OB
838166,4YECB4YEHG4YEJB4YEQB4YEVG4YEWB559IB559NG559OB
662939,4YECB4YEHG4YEJB4YEQB4YEVG4YEWB559IB559NG559OB
905851,4YECB4YEHG4YEJB4YEQB4YEVG4YEWB559IB559NG559OB
664120,4YECB4YEHG4YEJB4YEQB4YEVG4YEWB559IB559NG559OB
734242,4YECB4YEHG4YEJB4YEQB4YEVG4YEWB559IB559NG559OB
836743,4YEFB4YEMB4YEOG4YETB4YF1B4YF3G559LB559RB559TG
621256,4YEFB4YEMB4YEOG4YETB4YF1B4YF3G559LB559RB559TG
893347,4YEFB4YEMB4YEOG4YETB4YF1B4YF3G559LB559RB559TG
899320,4YEHB4YEOB4YEVB4YF3B559NB559TB55A0B55A7B55CBB
899332,4YECB4YEHG4YEJB4YEQB4YEVG4YEWB559IB559NG559OB
905846,4YECB4YEHG4YEJB4YEQB4YEVG4YEWB559IB559NG559OB
1144792,4YECB4YEHG4YEJB4YEQB4YEVG4YEWB559IB559NG559OB
738991,4YECB4YEHG4YEJB4YEQB4YEVG4YEWB559IB559NG559OB
899347,4YECB4YEHG4YEJB4YEQB4YEVG4YEWB559IB559NG559OB
664121,4YECB4YEHG4YEJB4YEQB4YEVG4YEWB559IB559NG559OB
787523,4YECB4YEHG4YEJB4YEQB4YEVG4YEWB559IB559NG559OB
899315,4YEFB4YEMB4YEOG4YETB4YF1B4YF3G559LB559RB559TG
905855,4YEFB4YEMB4YEOG4YETB4YF1B4YF3G559LB559RB559TG
899333,4YECB4YEHG4YEJB4YEQB4YEVG4YEWB559IB559NG559OB
1144793,4YECB4YEHG4YEJB4YEQB4YEVG4YEWB559IB559NG559OB
743586,4YECB4YEHG4YEJB4YEQB4YEVG4YEWB559IB559NG559OB
790581,4YECB4YEHG4YEJB4YEQB4YEVG4YEWB559IB559NG559OB
664122,4YECB4YEHG4YEJB4YEQB4YEVG4YEWB559IB559NG559OB
793921,4YECB4YEHG4YEJB4YEQB4YEVG4YEWB559IB559NG559OB
893342,4YEFB4YEMB4YEOG4YETB4YF1B4YF3G559LB559RB559TG
621196,4YEFB4YEMB4YEOG4YETB4YF1B4YF3G559LB559RB559TG
893348,4YEFB4YEMB4YEOG4YETB4YF1B4YF3G559LB559RB559TG
993139,4YECB4YEHG4YEJB4YEQB4YEVG4YEWB559IB559NG559OB
905852,4YECB4YEHG4YEJB4YEQB4YEVG4YEWB559IB559NG559OB
664123,4YECB4YEHG4YEJB4YEQB4YEVG4YEWB559IB559NG559OB
994900,4YECB4YEHG4YEJB4YEQB4YEVG4YEWB559IB559NG559OB
625197,4YEFB4YEMB4YEOG4YETB4YF1B4YF3G559LB559RB559TG
1031325,4YECB4YEHG4YEJB4YEQB4YEVG4YEWB559IB559NG559OB
621257,4YEFB4YEMB4YEOG4YETB4YF1B4YF3G559LB559RB559TG
893339,4YECB4YEHG4YEJB4YEQB4YEVG4YEWB559IB559NG559OB
893340,4YECB4YEHG4YEJB4YEQB4YEVG4YEWB559IB559NG559OB
1028995,4YECB4YEDG4YEJB4YEQB4YERG4YEWB559IB559JG559OB
899339,4YECB4YEHG4YEJB4YEQB4YEVG4YEWB559IB559NG559OB
796468,4YEFB4YEMB4YEOG4YETB4YF1B4YF3G559LB559RB559TG
660566,4YECB4YEJB4YEQB4YEWB559IB559OB559VB55A2B55A9B
660567,4YECB4YEJB4YEQB4YEWB559IB559OB559VB55A2B55A9B
854818,4YECB4YEJB4YEQB4YEWB559IB559OB559VB55A2B55A9B
948756,4YECB4YEJB4YEQB4YEWB559IB559OB559VB55A2B55A9B
854819,4YECB4YEJB4YEQB4YEWB559IB559OB559VB55A2B55A9B
854820,4YECB4YEJB4YEQB4YEWB559IB559OB559VB55A2B55A9B
950755,4YECB4YEJB4YEQB4YEWB559IB559OB559VB55A2B55A9B
854821,4YECB4YEJB4YEQB4YEWB559IB559OB559VB55A2B55A9B
1009808,4YECB4YEDG4YEJB4YEQB4YERG4YEWB559IB559JG559OB
1022241,4YECB4YEEG4YEJB4YEQB4YEWB559IB559KG559OB559VB
792583,4YECB4YEDG4YEJB4YEQB4YERG4YEWB559IB559JG559OB
905848,4YECB4YEHG4YEJB4YEQB4YEVG4YEWB559IB559NG559OB
792576,4YEFB4YEMB4YEOG4YETB4YF1B4YF3G559LB559RB559TG
948757,4YECB4YEJB4YEQB4YEWB559IB559OB559VB55A2B55A9B
1044611,4YECB4YEJB4YEQB4YEWB559IB559OB559VB55A2B55A9B
743239,4YECB4YEJB4YEQB4YEWB559IB559OB559VB55A2B55A9B
854822,4YECB4YEJB4YEQB4YEWB559IB559OB559VB55A2B55A9B
948758,4YECB4YEJB4YEQB4YEWB559IB559OB559VB55A2B55A9B
1014921,4YECB4YEJB4YEQB4YEWB559IB559OB559VB55A2B55A9B
854823,4YECB4YEJB4YEQB4YEWB559IB559OB559VB55A2B55A9B
854824,4YECB4YEJB4YEQB4YEWB559IB559OB559VB55A2B55A9B
899340,4YECB4YEHG4YEJB4YEQB4YEVG4YEWB559IB559NG559OB
737958,4YEFB4YEMB4YEOG4YETB4YF1B4YF3G559LB559RB559TG
854825,4YECB4YEJB4YEQB4YEWB559IB559OB559VB55A2B55A9B
948759,4YECB4YEJB4YEQB4YEWB559IB559OB559VB55A2B55A9B
950756,4YECB4YEJB4YEQB4YEWB559IB559OB559VB55A2B55A9B
854826,4YECB4YEJB4YEQB4YEWB559IB559OB559VB55A2B55A9B
791338,4YEFB4YEMB4YEOG4YETB4YF1B4YF3G559LB559RB559TG
727139,4YECB4YECB4YEDG4YEDG4YEJB4YEJB4YEQB4YEQB4YERG
699018,4YECB4YECB4YEDG4YEDG4YEJB4YEJB4YEQB4YEQB4YERG
699019,4YECB4YECB4YEDG4YEDG4YEJB4YEJB4YEQB4YEQB4YERG
699020,4YECB4YECB4YEDG4YEDG4YEJB4YEJB4YEQB4YEQB4YERG
699021,4YECB4YECB4YEDG4YEDG4YEJB4YEJB4YEQB4YEQB4YERG
699022,4YECB4YECB4YEDG4YEDG4YEJB4YEJB4YEQB4YEQB4YERG
835138,4YEFB4YEMB4YEOG4YETB4YF1B4YF3G559LB559RB559TG
838062,4YEFB4YEMB4YEOG4YETB4YF1B4YF3G559LB559RB559TG
838043,4YEFB4YEMB4YEOG4YETB4YF1B4YF3G559LB559RB559TG
838057,4YEFB4YEMB4YEOG4YETB4YF1B4YF3G559LB559RB559TG
794754,4YEFB4YEMB4YEOG4YETB4YF1B4YF3G559LB559RB559TG
952911,4YECB4YEDG4YEJB4YEQB4YERG4YEWB559IB559JG559OB
993990,4YECB4YEHG4YEJB4YEQB4YEVG4YEWB559IB559NG559OB
899325,4YECB4YEDG4YEJB4YEQB4YERG4YEWB559IB559JG559OB
1004906,4YECB4YEHG4YEJB4YEQB4YEVG4YEWB559IB559NG559OB
993137,4YECB4YEHG4YEJB4YEQB4YEVG4YEWB559IB559NG559OB
796509,4YEFB4YEMB4YEOG4YETB4YF1B4YF3G559LB559RB559TG
905854,4YEFB4YEMB4YEOG4YETB4YF1B4YF3G559LB559RB559TG
956090,4YECB4YEDG4YEJB4YEQB4YERG4YEWB559IB559JG559OB
1123695,4YECB4YEDG4YEJB4YEQB4YERG4YEWB559IB559JG559OB
1038639,4YECB4YEHG4YEJB4YEQB4YEVG4YEWB559IB559NG559OB
1068079,4YECB4YEHG4YEJB4YEQB4YEVG4YEWB559IB559NG559OB
1123689,4YECB4YEHG4YEJB4YEQB4YEVG4YEWB559IB559NG559OB
1123682,4YEFB4YEMB4YEOG4YETB4YF1B4YF3G559LB559RB559TG
956091,4YECB4YEDG4YEJB4YEQB4YERG4YEWB559IB559JG559OB
1123696,4YECB4YEDG4YEJB4YEQB4YERG4YEWB559IB559JG559OB
1038640,4YECB4YEHG4YEJB4YEQB4YEVG4YEWB559IB559NG559OB
1073641,4YECB4YEHG4YEJB4YEQB4YEVG4YEWB559IB559NG559OB
1123690,4YECB4YEHG4YEJB4YEQB4YEVG4YEWB559IB559NG559OB
1123683,4YEFB4YEMB4YEOG4YETB4YF1B4YF3G559LB559RB559TG
1123718,4YECB4YEDG4YEJB4YEQB4YERG4YEWB559IB559JG559OB
1123697,4YECB4YEDG4YEJB4YEQB4YERG4YEWB559IB559JG559OB
1038641,4YECB4YEHG4YEJB4YEQB4YEVG4YEWB559IB559NG559OB
1081176,4YECB4YEHG4YEJB4YEQB4YEVG4YEWB559IB559NG559OB
1123691,4YECB4YEHG4YEJB4YEQB4YEVG4YEWB559IB559NG559OB
1123684,4YEFB4YEMB4YEOG4YETB4YF1B4YF3G559LB559RB559TG
1123719,4YECB4YEDG4YEJB4YEQB4YERG4YEWB559IB559JG559OB
1123698,4YECB4YEDG4YEJB4YEQB4YERG4YEWB559IB559JG559OB
1038642,4YECB4YEHG4YEJB4YEQB4YEVG4YEWB559IB559NG559OB
1073666,4YECB4YEHG4YEJB4YEQB4YEVG4YEWB559IB559NG559OB
1123692,4YECB4YEHG4YEJB4YEQB4YEVG4YEWB559IB559NG559OB
1123685,4YEFB4YEMB4YEOG4YETB4YF1B4YF3G559LB559RB559TG
1123720,4YECB4YEDG4YEJB4YEQB4YERG4YEWB559IB559JG559OB
1123699,4YECB4YEDG4YEJB4YEQB4YERG4YEWB559IB559JG559OB
623754,4YECB4YEHG4YEJB4YEQB4YEVG4YEWB559IB559NG559OB
1123693,4YECB4YEHG4YEJB4YEQB4YEVG4YEWB559IB559NG559OB
1123686,4YEFB4YEMB4YEOG4YETB4YF1B4YF3G559LB559RB559TG
1123721,4YECB4YEDG4YEJB4YEQB4YERG4YEWB559IB559JG559OB
1123700,4YECB4YEDG4YEJB4YEQB4YERG4YEWB559IB559JG559OB
1038643,4YECB4YEHG4YEJB4YEQB4YEVG4YEWB559IB559NG559OB
1123694,4YECB4YEHG4YEJB4YEQB4YEVG4YEWB559IB559NG559OB
1123687,4YEFB4YEMB4YEOG4YETB4YF1B4YF3G559LB559RB559TG
1123722,4YECB4YEDG4YEJB4YEQB4YERG4YEWB559IB559JG559OB
1123688,4YEFB4YEMB4YEOG4YETB4YF1B4YF3G559LB559RB559TG
1123723,4YECB4YEDG4YEJB4YEQB4YERG4YEWB559IB559JG559OB
1114326,4YECB4YEJB4YEQB4YEWB559IB559OB559VB55A2B55A9B
1114327,4YECB4YEJB4YEQB4YEWB559IB559OB559VB55A2B55A9B
1114328,4YECB4YEJB4YEQB4YEWB559IB559OB559VB55A2B55A9B
1114329,4YECB4YEJB4YEQB4YEWB559IB559OB559VB55A2B55A9B
1114330,4YECB4YEJB4YEQB4YEWB559IB559OB559VB55A2B55A9B
1114331,4YECB4YEJB4YEQB4YEWB559IB559OB559VB55A2B55A9B
1114332,4YECB4YEJB4YEQB4YEWB559IB559OB559VB55A2B55A9B
1114333,4YECB4YEJB4YEQB4YEWB559IB559OB559VB55A2B55A9B
1114334,4YECB4YEJB4YEQB4YEWB559IB559OB559VB55A2B55A9B
1114336,4YECB4YEJB4YEQB4YEWB559IB559OB559VB55A2B55A9B
1114337,4YECB4YEJB4YEQB4YEWB559IB559OB559VB55A2B55A9B
1114338,4YECB4YEJB4YEQB4YEWB559IB559OB559VB55A2B55A9B
1114339,4YECB4YEJB4YEQB4YEWB559IB559OB559VB55A2B55A9B
1114340,4YECB4YEJB4YEQB4YEWB559IB559OB559VB55A2B55A9B
1114341,4YECB4YEJB4YEQB4YEWB559IB559OB559VB55A2B55A9B
1114342,4YECB4YEJB4YEQB4YEWB559IB559OB559VB55A2B55A9B
1114344,4YECB4YEJB4YEQB4YEWB559IB559OB559VB55A2B55A9B
1114345,4YECB4YEJB4YEQB4YEWB559IB559OB559VB55A2B55A9B
1114346,4YECB4YEJB4YEQB4YEWB559IB559OB559VB55A2B55A9B
1114451,4YECB4YEJB4YEQB4YEWB559IB559OB559VB55A2B55A9B
1114452,4YECB4YEJB4YEQB4YEWB559IB559OB559VB55A2B55A9B
1114453,4YECB4YEJB4YEQB4YEWB559IB559OB559VB55A2B55A9B
1114454,4YECB4YEJB4YEQB4YEWB559IB559OB559VB55A2B55A9B
1114455,4YECB4YEJB4YEQB4YEWB559IB559OB559VB55A2B55A9B
1114456,4YECB4YEJB4YEQB4YEWB559IB559OB559VB55A2B55A9B
1114457,4YECB4YEJB4YEQB4YEWB559IB559OB559VB55A2B55A9B
1114458,4YECB4YEJB4YEQB4YEWB559IB559OB559VB55A2B55A9B
1114459,4YECB4YEJB4YEQB4YEWB559IB559OB559VB55A2B55A9B
1114460,4YECB4YEJB4YEQB4YEWB559IB559OB559VB55A2B55A9B
1114461,4YECB4YEJB4YEQB4YEWB559IB559OB559VB55A2B55A9B
1114462,4YECB4YEJB4YEQB4YEWB559IB559OB559VB55A2B55A9B
1114464,4YECB4YEJB4YEQB4YEWB559IB559OB559VB55A2B55A9B
1114465,4YECB4YEJB4YEQB4YEWB559IB559OB559VB55A2B55A9B
1114466,4YECB4YEJB4YEQB4YEWB559IB559OB559VB55A2B55A9B
792219,4YEFB4YEMB4YEOG4YETB4YF1B4YF3G559LB559RB559TG
793563,4YEFB4YEMB4YEOG4YETB4YF1B4YF3G559LB559RB559TG
791384,4YECB4YEHG4YEJB4YEQB4YEVG4YEWB559IB559NG559OB
899330,4YECB4YEHG4YEJB4YEQB4YEVG4YEWB559IB559NG559OB
834844,4YEFB4YEMB4YEOG4YETB4YF1B4YF3G559LB559RB559TG
899336,4YECB4YEHG4YEJB4YEQB4YEVG4YEWB559IB559NG559OB
1011161,4YEFB4YEMB4YEOG4YETB4YF1B4YF3G559LB559RB559TG
832427,4YEFB4YEMB4YEOG4YETB4YF1B4YF3G559LB559RB559TG
778852,4YEFB4YEMB4YEOG4YETB4YF1B4YF3G559LB559RB559TG
838001,4YEFB4YEMB4YEOG4YETB4YF1B4YF3G559LB559RB559TG
747560,4YEFB4YEMB4YEOG4YETB4YF1B4YF3G559LB559RB559TG
1046710,4YEFB4YEMB4YEOG4YETB4YF1B4YF3G559LB559RB559TG
740467,4YEFB4YEMB4YEOG4YETB4YF1B4YF3G559LB559RB559TG
830418,4YEFB4YEMB4YEOG4YETB4YF1B4YF3G559LB559RB559TG
752975,4YEFB4YEMB4YEOG4YETB4YF1B4YF3G559LB559RB559TG
747569,4YEFB4YEMB4YEOG4YETB4YF1B4YF3G559LB559RB559TG
789135,4YEFB4YEMB4YEOG4YETB4YF1B4YF3G559LB559RB559TG
832432,4YEFB4YEMB4YEOG4YETB4YF1B4YF3G559LB559RB559TG
740471,4YEFB4YEMB4YEOG4YETB4YF1B4YF3G559LB559RB559TG
778844,4YEFB4YEMB4YEOG4YETB4YF1B4YF3G559LB559RB559TG
796906,4YEFB4YEMB4YEOG4YETB4YF1B4YF3G559LB559RB559TG
831802,4YEFB4YEMB4YEOG4YETB4YF1B4YF3G559LB559RB559TG
997823,4YEFB4YEMB4YEOG4YETB4YF1B4YF3G559LB559RB559TG
835261,4YEFB4YEMB4YEOG4YETB4YF1B4YF3G559LB559RB559TG
835473,4YEFB4YEMB4YEOG4YETB4YF1B4YF3G559LB559RB559TG
741759,4YEFB4YEMB4YEOG4YETB4YF1B4YF3G559LB559RB559TG
899123,4YEFB4YEMB4YEOG4YETB4YF1B4YF3G559LB559RB559TG
835534,4YEOG4YF3G559TG55A7G55CIG55CWG
1011147,4YEFB4YEMB4YEOG4YETB4YF1B4YF3G559LB559RB559TG
833123,4YEFB4YEMB4YEOG4YETB4YF1B4YF3G559LB559RB559TG
740838,4YEFB4YEMB4YEOG4YETB4YF1B4YF3G559LB559RB559TG
833447,4YEFB4YEMB4YEOG4YETB4YF1B4YF3G559LB559RB559TG
1134453,4YEFB4YEMB4YEOG4YETB4YF1B4YF3G559LB559RB559TG
833102,4YEFB4YEMB4YEOG4YETB4YF1B4YF3G559LB559RB559TG
1038657,4YEFB4YEMB4YEOG4YETB4YF1B4YF3G559LB559RB559TG
827582,4YEFB4YEMB4YEOG4YETB4YF1B4YF3G559LB559RB559TG
955609,4YEFB4YEMB4YEOG4YETB4YF1B4YF3G559LB559RB559TG
893349,4YEFB4YEMB4YEOG4YETB4YF1B4YF3G559LB559RB559TG
950224,4YEFB4YEMB4YETB4YF1B559LB559RB559YB55A5B55C9B
1038648,4YEFB4YEMB4YEOG4YETB4YF1B4YF3G559LB559RB559TG
953049,4YEFB4YEMB4YEOG4YETB4YF1B4YF3G559LB559RB559TG
1038647,4YEFB4YEMB4YEOG4YETB4YF1B4YF3G559LB559RB559TG
1038646,4YEFB4YEMB4YEOG4YETB4YF1B4YF3G559LB559RB559TG
948920,4YEFB4YEMB4YEOG4YETB4YF1B4YF3G559LB559RB559TG
893350,4YEFB4YEMB4YEOG4YETB4YF1B4YF3G559LB559RB559TG
948921,4YEFB4YEMB4YEOG4YETB4YF1B4YF3G559LB559RB559TG
893351,4YEFB4YEMB4YEOG4YETB4YF1B4YF3G559LB559RB559TG
948922,4YEFB4YEMB4YEOG4YETB4YF1B4YF3G559LB559RB559TG
905857,4YEFB4YEMB4YEOG4YETB4YF1B4YF3G559LB559RB559TG
893352,4YEFB4YEMB4YEOG4YETB4YF1B4YF3G559LB559RB559TG
992529,4YEFB4YEMB4YEOG4YETB4YF1B4YF3G559LB559RB559TG
743588,4YEFB4YEMB4YEOG4YETB4YF1B4YF3G559LB559RB559TG
893353,4YEFB4YEMB4YEOG4YETB4YF1B4YF3G559LB559RB559TG
899121,4YEFB4YEMB4YETB4YF1B559LB559RB559YB55A5B55C9B
899122,4YEFB4YEMB4YEOG4YETB4YF1B4YF3G559LB559RB559TG
1040248,4YEFB4YEMB4YEOG4YETB4YF1B4YF3G559LB559RB559TG
662737,4YEFB4YEMB4YEOG4YETB4YF1B4YF3G559LB559RB559TG
662738,4YEFB4YEMB4YEOG4YETB4YF1B4YF3G559LB559RB559TG
1095256,4YEEG4YEGB4YENB4YEUB4YF2B559KG559MB559SB559ZB
1095257,4YEEG4YEGB4YENB4YEUB4YF2B559KG559MB559SB559ZB
1095258,4YEEG4YEGB4YENB4YEUB4YF2B559KG559MB559SB559ZB
784676,4YEEG4YEFB4YEMB4YETB4YF1B559KG559LB559RB559YB
832010,4YEEG4YEFB4YEFB4YEMB4YEMB4YETB4YETB4YF1B4YF1B
785644,4YEEG4YEFB4YEMB4YETB4YF1B559KG559LB559RB559YB
785643,4YEEG4YEFB4YEMB4YETB4YF1B559KG559LB559RB559YB
989940,4YEEG4YEFB4YEMB4YETB4YF1B559KG559LB559RB559YB
1006297,4YEEG4YEEG4YEFB4YEFB4YEMB4YEMB4YETB4YETB4YF1B
908606,4YEEG4YEFB4YEMB4YETB4YF1B559KG559LB559RB559YB
1015798,4YEFB4YEMB4YEOG4YEOG4YETB4YF1B4YF3G4YF3G559LB
790100,4YEEG4YEFB4YEMB4YETB4YF1B559KG559LB559RB559YB
1128807,4YEFB4YEMB4YEOG4YETB4YF1B4YF3G559LB559RB559TG
907835,4YEEG4YEFB4YEMB4YETB4YF1B559KG559LB559RB559YB
1059080,4YEEG4YEFB4YEMB4YETB4YF1B559KG559LB559RB559YB
1059076,4YEEG4YEFB4YEMB4YETB4YF1B559KG559LB559RB559YB
1019904,4YEEG4YEFB4YEMB4YETB4YF1B559KG559LB559RB559YB
1139875,4YEEG4YEFB4YEMB4YETB4YF1B559KG559LB559RB559YB
837398,4YEEG4YEFB4YEMB4YETB4YF1B559KG559LB559RB559YB
843830,4YEEG4YEEG4YEFB4YEMB4YETB4YF1B559KG559KG559LB
837370,4YEEG4YEFB4YEMB4YETB4YF1B559KG559LB559RB559YB
877100,4YEEG4YEFB4YEMB4YETB4YF1B559KG559LB559RB559YB
1006306,4YEEG4YEEG4YEFB4YEFB4YEMB4YEMB4YETB4YETB4YF1B
1017327,4YEFB4YEMB4YEOG4YETB4YF1B4YF3G559LB559RB559TG
1128813,4YEFB4YEMB4YEOG4YETB4YF1B4YF3G559LB559RB559TG
1139885,4YEEG4YEFB4YEMB4YETB4YF1B559KG559LB559RB559YB
843822,4YEEG4YEFB4YEMB4YETB4YF1B559KG559LB559RB559YB
1006307,4YEEG4YEEG4YEFB4YEFB4YEMB4YEMB4YETB4YETB4YF1B
1017328,4YEFB4YEMB4YEOG4YETB4YF1B4YF3G559LB559RB559TG
1128820,4YEFB4YEMB4YEOG4YETB4YF1B4YF3G559LB559RB559TG
1139894,4YEEG4YEFB4YEMB4YETB4YF1B559KG559LB559RB559YB
838671,4YEEG4YEFB4YEMB4YETB4YF1B559KG559LB559RB559YB
1006308,4YEEG4YEEG4YEFB4YEFB4YEMB4YEMB4YETB4YETB4YF1B
1017329,4YEFB4YEMB4YEOG4YETB4YF1B4YF3G559LB559RB559TG
1128819,4YEFB4YEMB4YEOG4YETB4YF1B4YF3G559LB559RB559TG
1139872,4YEEG4YEFB4YEMB4YETB4YF1B559KG559LB559RB559YB
838745,4YEEG4YEFB4YEMB4YETB4YF1B559KG559LB559RB559YB
1006309,4YEEG4YEEG4YEFB4YEFB4YEMB4YEMB4YETB4YETB4YF1B
1128818,4YEFB4YEMB4YEOG4YETB4YF1B4YF3G559LB559RB559TG
1139882,4YEEG4YEFB4YEMB4YETB4YF1B559KG559LB559RB559YB
839062,4YEEG4YEFB4YEMB4YETB4YF1B559KG559LB559RB559YB
1006310,4YEEG4YEEG4YEFB4YEFB4YEMB4YEMB4YETB4YETB4YF1B
1128817,4YEFB4YEMB4YEOG4YETB4YF1B4YF3G559LB559RB559TG
1139893,4YEEG4YEFB4YEMB4YETB4YF1B559KG559LB559RB559YB
839064,4YEEG4YEFB4YEMB4YETB4YF1B559KG559LB559RB559YB
1139881,4YEEG4YEFB4YEMB4YETB4YF1B559KG559LB559RB559YB
990653,4YEEG4YEFB4YEMB4YETB4YF1B559KG559LB559RB559YB
1139880,4YEEG4YEFB4YEMB4YETB4YF1B559KG559LB559RB559YB
839061,4YEEG4YEFB4YEMB4YETB4YF1B559KG559LB559RB559YB
1139877,4YEEG4YEFB4YEMB4YETB4YF1B559KG559LB559RB559YB
1139878,4YEEG4YEFB4YEMB4YETB4YF1B559KG559LB559RB559YB
1139879,4YEEG4YEFB4YEMB4YETB4YF1B559KG559LB559RB559YB
1017877,4YEEG4YEFB4YEMB4YETB4YF1B559KG559LB559RB559YB
836807,4YEFB4YEMB4YETB4YF1B559LB559RB559YB55A5B55C9B
1006298,4YEEG4YEEG4YEFB4YEFB4YEMB4YEMB4YETB4YETB4YF1B
910752,4YEEG4YEFB4YEMB4YETB4YF1B559KG559LB559RB559YB
1017319,4YEFB4YEMB4YEOG4YETB4YF1B4YF3G559LB559RB559TG
1128808,4YEFB4YEMB4YEOG4YETB4YF1B4YF3G559LB559RB559TG
1059077,4YEEG4YEFB4YEMB4YETB4YF1B559KG559LB559RB559YB
829851,4YEEG4YEFB4YEMB4YETB4YF1B559KG559LB559RB559YB
1139874,4YEEG4YEFB4YEMB4YETB4YF1B559KG559LB559RB559YB
990557,4YEEG4YEFB4YEMB4YETB4YF1B559KG559LB559RB559YB
843827,4YEEG4YEFB4YEMB4YETB4YF1B559KG559LB559RB559YB
735318,4YEEG4YEFB4YEMB4YETB4YF1B559KG559LB559RB559YB
874074,4YEEG4YEFB4YEMB4YETB4YF1B559KG559LB559RB559YB
1139892,4YEEG4YEFB4YEMB4YETB4YF1B559KG559LB559RB559YB
1139889,4YEEG4YEFB4YEMB4YETB4YF1B559KG559LB559RB559YB
1139890,4YEEG4YEFB4YEMB4YETB4YF1B559KG559LB559RB559YB
1139891,4YEEG4YEFB4YEMB4YETB4YF1B559KG559LB559RB559YB
1139895,4YEEG4YEFB4YEMB4YETB4YF1B559KG559LB559RB559YB
1139896,4YEEG4YEFB4YEMB4YETB4YF1B559KG559LB559RB559YB
1139897,4YEEG4YEFB4YEMB4YETB4YF1B559KG559LB559RB559YB
908247,4YEFB4YEMB4YEOG4YETB4YF1B4YF3G559LB559RB559TG
911692,4YEEG4YEFB4YEMB4YETB4YF1B559KG559LB559RB559YB
910772,4YEEG4YEFB4YEMB4YETB4YF1B559KG559LB559RB559YB
1059081,4YEEG4YEFB4YEMB4YETB4YF1B559KG559LB559RB559YB
911693,4YEEG4YEFB4YEMB4YETB4YF1B559KG559LB559RB559YB
911493,4YEEG4YEFB4YEMB4YETB4YF1B559KG559LB559RB559YB
1059084,4YEEG4YEFB4YEMB4YETB4YF1B559KG559LB559RB559YB
989939,4YEFB4YEMB4YETB4YF1B559LB559RB559YB55A5B55C9B
1006299,4YEEG4YEEG4YEFB4YEFB4YEMB4YEMB4YETB4YETB4YF1B
910702,4YEEG4YEFB4YEMB4YETB4YF1B559KG559LB559RB559YB
1017320,4YEFB4YEMB4YEOG4YETB4YF1B4YF3G559LB559RB559TG
790265,4YEEG4YEFB4YEMB4YETB4YF1B559KG559LB559RB559YB
1128811,4YEFB4YEMB4YEOG4YETB4YF1B4YF3G559LB559RB559TG
906726,4YEEG4YEFB4YEMB4YETB4YF1B559KG559LB559RB559YB
1059082,4YEEG4YEFB4YEMB4YETB4YF1B559KG559LB559RB559YB
1059078,4YEEG4YEFB4YEMB4YETB4YF1B559KG559LB559RB559YB
829852,4YEEG4YEFB4YEMB4YETB4YF1B559KG559LB559RB559YB
1139873,4YEEG4YEFB4YEMB4YETB4YF1B559KG559LB559RB559YB
832033,4YEEG4YEFB4YEMB4YETB4YF1B559KG559LB559RB559YB
823186,4YEEG4YEFB4YEMB4YETB4YF1B559KG559LB559RB559YB
837380,4YEEG4YEFB4YEMB4YETB4YF1B559KG559LB559RB559YB
835498,4YEEG4YEFB4YEMB4YETB4YF1B559KG559LB559RB559YB
740832,4YEFB4YEMB4YETB4YF1B559LB559RB559YB55A5B55C9B
1006300,4YEEG4YEEG4YEFB4YEFB4YEMB4YEMB4YETB4YETB4YF1B
910703,4YEEG4YEFB4YEMB4YETB4YF1B559KG559LB559RB559YB
1017321,4YEFB4YEMB4YEOG4YETB4YF1B4YF3G559LB559RB559TG
790709,4YEEG4YEFB4YEMB4YETB4YF1B559KG559LB559RB559YB
1128812,4YEFB4YEMB4YEOG4YETB4YF1B4YF3G559LB559RB559TG
790734,4YEEG4YEFB4YEMB4YETB4YF1B559KG559LB559RB559YB
1059083,4YEEG4YEFB4YEMB4YETB4YF1B559KG559LB559RB559YB
1059079,4YEEG4YEFB4YEMB4YETB4YF1B559KG559LB559RB559YB
829853,4YEEG4YEFB4YEMB4YETB4YF1B559KG559LB559RB559YB
1139876,4YEEG4YEFB4YEMB4YETB4YF1B559KG559LB559RB559YB
837367,4YEEG4YEFB4YEMB4YETB4YF1B559KG559LB559RB559YB
743147,4YEEG4YEFB4YEMB4YETB4YF1B559KG559LB559RB559YB
837654,4YEEG4YEFB4YEMB4YETB4YF1B559KG559LB559RB559YB
948376,4YEEG4YEFB4YEMB4YETB4YF1B559KG559LB559RB559YB
829217,4YEFB4YEMB4YETB4YF1B559LB559RB559YB55A5B55C9B
1006301,4YEEG4YEEG4YEFB4YEFB4YEMB4YEMB4YETB4YETB4YF1B
1017322,4YEFB4YEMB4YEOG4YETB4YF1B4YF3G559LB559RB559TG
1128809,4YEFB4YEMB4YEOG4YETB4YF1B4YF3G559LB559RB559TG
1139884,4YEEG4YEFB4YEMB4YETB4YF1B559KG559LB559RB559YB
1139835,4YEFB4YEMB4YETB4YF1B559LB559RB559YB55A5B55C9B
844157,4YEEG4YEFB4YEMB4YETB4YF1B559KG559LB559RB559YB
740833,4YEEG4YEFB4YEMB4YETB4YF1B559KG559LB559RB559YB
835517,4YEEG4YEFB4YEMB4YETB4YF1B559KG559LB559RB559YB
736345,4YEFB4YEMB4YETB4YF1B559LB559RB559YB55A5B55C9B
1006302,4YEEG4YEEG4YEFB4YEFB4YEMB4YEMB4YETB4YETB4YF1B
1017323,4YEFB4YEMB4YEOG4YETB4YF1B4YF3G559LB559RB559TG
1128810,4YEFB4YEMB4YEOG4YETB4YF1B4YF3G559LB559RB559TG
1139883,4YEEG4YEFB4YEMB4YETB4YF1B559KG559LB559RB559YB
843829,4YEEG4YEFB4YEMB4YETB4YF1B559KG559LB559RB559YB
837678,4YEEG4YEFB4YEMB4YETB4YF1B559KG559LB559RB559YB
1053963,4YEEG4YEFB4YEMB4YETB4YF1B559KG559LB559RB559YB
833872,4YEFB4YEMB4YETB4YF1B559LB559RB559YB55A5B55C9B
1006303,4YEEG4YEEG4YEFB4YEFB4YEMB4YEMB4YETB4YETB4YF1B
1017324,4YEFB4YEMB4YEOG4YETB4YF1B4YF3G559LB559RB559TG
1128816,4YEFB4YEMB4YEOG4YETB4YF1B4YF3G559LB559RB559TG
1139888,4YEEG4YEFB4YEMB4YETB4YF1B559KG559LB559RB559YB
880911,4YEEG4YEFB4YEMB4YETB4YF1B559KG559LB559RB559YB
837662,4YEEG4YEFB4YEMB4YETB4YF1B559KG559LB559RB559YB
1006304,4YEEG4YEEG4YEFB4YEFB4YEMB4YEMB4YETB4YETB4YF1B
1017325,4YEFB4YEMB4YEOG4YEOG4YETB4YF1B4YF3G4YF3G559LB
1128815,4YEFB4YEMB4YEOG4YETB4YF1B4YF3G559LB559RB559TG
1139887,4YEEG4YEFB4YEMB4YETB4YF1B559KG559LB559RB559YB
880915,4YEEG4YEFB4YEMB4YETB4YF1B559KG559LB559RB559YB
837672,4YEEG4YEFB4YEMB4YETB4YF1B559KG559LB559RB559YB
778735,4YEFB4YEMB4YETB4YF1B559LB559RB559YB55A5B55C9B
1006305,4YEEG4YEEG4YEFB4YEFB4YEMB4YEMB4YETB4YETB4YF1B
1017326,4YEFB4YEMB4YEOG4YETB4YF1B4YF3G559LB559RB559TG
1128814,4YEFB4YEMB4YEOG4YETB4YF1B4YF3G559LB559RB559TG
1139886,4YEEG4YEFB4YEMB4YETB4YF1B559KG559LB559RB559YB
990652,4YEEG4YEFB4YEMB4YETB4YF1B559KG559LB559RB559YB
910374,4YEEG4YEFB4YEMB4YETB4YF1B559KG559LB559RB559YB
790719,4YEEG4YEFB4YEMB4YETB4YF1B559KG559LB559RB559YB
790563,4YEEG4YEFB4YEMB4YETB4YF1B559KG559LB559RB559YB
790562,4YEEG4YEFB4YEMB4YETB4YF1B559KG559LB559RB559YB
787792,4YEEG4YEFB4YEMB4YETB4YF1B559KG559LB559RB559YB
789069,4YEEG4YEFB4YEMB4YETB4YF1B559KG559LB559RB559YB
910676,4YEEG4YEFB4YEMB4YETB4YF1B559KG559LB559RB559YB
908842,4YEEG4YEFB4YEMB4YETB4YF1B559KG559LB559RB559YB
911524,4YEEG4YEFB4YEMB4YETB4YF1B559KG559LB559RB559YB
790786,4YEEG4YEFB4YEMB4YETB4YF1B559KG559LB559RB559YB
1059150,4YEEG4YEFB4YEMB4YETB4YF1B559KG559LB559RB559YB
787762,4YEEG4YEFB4YEMB4YETB4YF1B559KG559LB559RB559YB
787610,4YEEG4YEFB4YEMB4YETB4YF1B559KG559LB559RB559YB
911727,4YEEG4YEFB4YEMB4YETB4YF1B559KG559LB559RB559YB
787724,4YEEG4YEFB4YEMB4YETB4YF1B559KG559LB559RB559YB
789742,4YEEG4YEFB4YEMB4YETB4YF1B559KG559LB559RB559YB
908810,4YEEG4YEFB4YEMB4YETB4YF1B559KG559LB559RB559YB
911739,4YEEG4YEFB4YEMB4YETB4YF1B559KG559LB559RB559YB
909592,4YEEG4YEFB4YEMB4YETB4YF1B559KG559LB559RB559YB
911738,4YEEG4YEFB4YEMB4YETB4YF1B559KG559LB559RB559YB
787611,4YEEG4YEFB4YEMB4YETB4YF1B559KG559LB559RB559YB
1059151,4YEEG4YEFB4YEMB4YETB4YF1B559KG559LB559RB559YB
790284,4YEEG4YEFB4YEMB4YETB4YF1B559KG559LB559RB559YB
787793,4YEEG4YEFB4YEMB4YETB4YF1B559KG559LB559RB559YB
910294,4YEEG4YEFB4YEMB4YETB4YF1B559KG559LB559RB559YB
910375,4YEEG4YEFB4YEMB4YETB4YF1B559KG559LB559RB559YB
787725,4YEEG4YEFB4YEMB4YETB4YF1B559KG559LB559RB559YB
910280,4YEEG4YEFB4YEMB4YETB4YF1B559KG559LB559RB559YB
1059152,4YEEG4YEFB4YEMB4YETB4YF1B559KG559LB559RB559YB
907295,4YEEG4YEFB4YEMB4YETB4YF1B559KG559LB559RB559YB
785645,4YEEG4YEFB4YEMB4YETB4YF1B559KG559LB559RB559YB
1038381,4YEEG4YELB4YESG4YF0B559KG559QB559XG55A4B55ABG
696352,4YEEG4YELB4YESG4YF0B559KG559QB559XG55A4B55ABG
1028374,4YEEG4YELB4YESG4YF0B559KG559QB559XG55A4B55ABG
1032591,4YEEG4YELB4YESG4YF0B559KG559QB559XG55A4B55ABG
1030028,4YEEG4YELB4YESG4YF0B559KG559QB559XG55A4B55ABG
1032592,4YEEG4YELB4YESG4YF0B559KG559QB559XG55A4B55ABG
1030027,4YEEG4YELB4YESG4YF0B559KG559QB559XG55A4B55ABG
1041781,4YEEG4YELB4YESG4YF0B559KG559QB559XG55A4B55ABG
1030026,4YEEG4YELB4YESG4YF0B559KG559QB559XG55A4B55ABG
953295,4YEEG4YELB4YESG4YF0B559KG559QB559XG55A4B55ABG
1038382,4YEEG4YELB4YESG4YF0B559KG559QB559XG55A4B55ABG
953296,4YEEG4YELB4YESG4YF0B559KG559QB559XG55A4B55ABG
1112263,4YEHG4YEOB4YEVG4YF3B559NG559TB55A0G55A7B55CBG
1112264,4YEHG4YEOB4YEVG4YF3B559NG559TB55A0G55A7B55CBG
1112265,4YEHG4YEOB4YEVG4YF3B559NG559TB55A0G55A7B55CBG
871525,4YEFB4YEMG4YETB4YF1G559LB559RG559YB55A5G55C9B
871514,4YEFB4YEMG4YETB4YF1G559LB559RG559YB55A5G55C9B
871516,4YEFB4YEMG4YETB4YF1G559LB559RG559YB55A5G55C9B
871518,4YEFB4YEMG4YETB4YF1G559LB559RG559YB55A5G55C9B
871520,4YEFB4YEMG4YETB4YF1G559LB559RG559YB55A5G55C9B
871530,4YEFB4YEMG4YETB4YF1G559LB559RG559YB55A5G55C9B
871511,4YEFB4YEMG4YETB4YF1G559LB559RG559YB55A5G55C9B
1040441,4YEFB4YEMG4YETB4YF1G559LB559RG559YB55A5G55C9B
871524,4YEFB4YEMG4YETB4YF1G559LB559RG559YB55A5G55C9B
1006935,4YEFB4YEMG4YETB4YF1G559LB559RG559YB55A5G55C9B
871109,4YEFB4YEMG4YETB4YF1G559LB559RG559YB55A5G55C9B
871110,4YEFB4YEMG4YETB4YF1G559LB559RG559YB55A5G55C9B
871122,4YEFB4YEMG4YETB4YF1G559LB559RG559YB55A5G55C9B
1040439,4YEFB4YEMG4YETB4YF1G559LB559RG559YB55A5G55C9B
871114,4YEFB4YEMG4YETB4YF1G559LB559RG559YB55A5G55C9B
871115,4YEFB4YEMG4YETB4YF1G559LB559RG559YB55A5G55C9B
871117,4YEFB4YEMG4YETB4YF1G559LB559RG559YB55A5G55C9B
871119,4YEFB4YEMG4YETB4YF1G559LB559RG559YB55A5G55C9B
871889,4YEFB4YEMG4YETB4YF1G559LB559RG559YB55A5G55C9B
871120,4YEFB4YEMG4YETB4YF1G559LB559RG559YB55A5G55C9B
871121,4YEFB4YEMG4YETB4YF1G559LB559RG559YB55A5G55C9B
663113,4YEFB4YEMG4YETB4YF1G559LB559RG559YB55A5G55C9B
739323,4YEFB4YEMG4YETB4YF1G559LB559RG559YB55A5G55C9B
871891,4YEFB4YEMG4YETB4YF1G559LB559RG559YB55A5G55C9B
1040442,4YEFB4YEMG4YETB4YF1G559LB559RG559YB55A5G55C9B
871501,4YEFB4YEMG4YETB4YF1G559LB559RG559YB55A5G55C9B
871529,4YEFB4YEMG4YETB4YF1G559LB559RG559YB55A5G55C9B
871104,4YEFB4YEMG4YETB4YF1G559LB559RG559YB55A5G55C9B
871106,4YEFB4YEMG4YETB4YF1G559LB559RG559YB55A5G55C9B
866830,4YEFB4YEMG4YETB4YF1G559LB559RG559YB55A5G55C9B
866832,4YEFB4YEMG4YETB4YF1G559LB559RG559YB55A5G55C9B
866834,4YEFB4YEMG4YETB4YF1G559LB559RG559YB55A5G55C9B
866836,4YEFB4YEMG4YETB4YF1G559LB559RG559YB55A5G55C9B
866837,4YEFB4YETB559LB559YB55C9B55CNB55D1B
866838,4YEFB4YEMG4YETB4YF1G559LB559RG559YB55A5G55C9B
1040443,4YEFB4YEMG4YETB4YF1G559LB559RG559YB55A5G55C9B
866840,4YEFB4YEMG4YETB4YF1G559LB559RG559YB55A5G55C9B
866842,4YEFB4YEMG4YETB4YF1G559LB559RG559YB55A5G55C9B
697839,4YEFB4YEMG4YETB4YF1G559LB559RG559YB55A5G55C9B
872370,4YEFB4YEMG4YETB4YF1G559LB559RG559YB55A5G55C9B
1006945,4YEFB4YEMG4YETB4YF1G559LB559RG559YB55A5G55C9B
872327,4YEFB4YEMG4YETB4YF1G559LB559RG559YB55A5G55C9B
871153,4YEFB4YEMG4YETB4YF1G559LB559RG559YB55A5G55C9B
1025871,4YEFB4YEMG4YETB4YF1G559LB559RG559YB55A5G55C9B
867234,4YEFB4YEMG4YETB4YF1G559LB559RG559YB55A5G55C9B
866833,4YEFB4YEMG4YETB4YF1G559LB559RG559YB55A5G55C9B
871148,4YEFB4YEMG4YETB4YF1G559LB559RG559YB55A5G55C9B
866826,4YEFB4YEMG4YETB4YF1G559LB559RG559YB55A5G55C9B
866828,4YEFB4YEMG4YETB4YF1G559LB559RG559YB55A5G55C9B
996560,4YEFB4YEMG4YETB4YF1G559LB559RG559YB55A5G55C9B
871096,4YEFB4YEMG4YETB4YF1G559LB559RG559YB55A5G55C9B
871097,4YEFB4YEMG4YETB4YF1G559LB559RG559YB55A5G55C9B
871098,4YEFB4YEMG4YETB4YF1G559LB559RG559YB55A5G55C9B
663106,4YEFB4YEMG4YETB4YF1G559LB559RG559YB55A5G55C9B
871124,4YEFB4YEMG4YETB4YF1G559LB559RG559YB55A5G55C9B
663107,4YEFB4YEMG4YETB4YF1G559LB559RG559YB55A5G55C9B
870188,4YEFB4YEMG4YETB4YF1G559LB559RG559YB55A5G55C9B
1033537,4YEFB4YEMG4YETB4YF1G559LB559RG559YB55A5G55C9B
871495,4YEFB4YEMG4YETB4YF1G559LB559RG559YB55A5G55C9B
871091,4YEFB4YEMG4YETB4YF1G559LB559RG559YB55A5G55C9B
871497,4YEFB4YEMG4YETB4YF1G559LB559RG559YB55A5G55C9B
1040440,4YEFB4YEMG4YETB4YF1G559LB559RG559YB55A5G55C9B
871498,4YEFB4YEMG4YETB4YF1G559LB559RG559YB55A5G55C9B
871500,4YEFB4YEMG4YETB4YF1G559LB559RG559YB55A5G55C9B
871502,4YEFB4YEMG4YETB4YF1G559LB559RG559YB55A5G55C9B
871503,4YEFB4YEMG4YETB4YF1G559LB559RG559YB55A5G55C9B
871505,4YEFB4YEMG4YETB4YF1G559LB559RG559YB55A5G55C9B
871085,4YEFB4YEMG4YETB4YF1G559LB559RG559YB55A5G55C9B
871507,4YEFB4YEMG4YETB4YF1G559LB559RG559YB55A5G55C9B
871508,4YEFB4YEMG4YETB4YF1G559LB559RG559YB55A5G55C9B
871087,4YEFB4YEMG4YETB4YF1G559LB559RG559YB55A5G55C9B
871088,4YEFB4YEMG4YETB4YF1G559LB559RG559YB55A5G55C9B
1033536,4YEFB4YEMG4YETB4YF1G559LB559RG559YB55A5G55C9B
663105,4YEFB4YEMG4YETB4YF1G559LB559RG559YB55A5G55C9B
871102,4YEFB4YEMG4YETB4YF1G559LB559RG559YB55A5G55C9B
871092,4YEFB4YEMG4YETB4YF1G559LB559RG559YB55A5G55C9B
871094,4YEFB4YEMG4YETB4YF1G559LB559RG559YB55A5G55C9B
912945,4YEFB4YEMG4YETB4YF1G559LB559RG559YB55A5G55C9B
1040453,4YEFB4YEMG4YETB4YF1G559LB559RG559YB55A5G55C9B
914950,4YEFB4YEMG4YETB4YF1G559LB559RG559YB55A5G55C9B
914553,4YEFB4YEMG4YETB4YF1G559LB559RG559YB55A5G55C9B
916743,4YEFB4YEMG4YETB4YF1G559LB559RG559YB55A5G55C9B
914940,4YEFB4YEMG4YETB4YF1G559LB559RG559YB55A5G55C9B
914986,4YEFB4YEMG4YETB4YF1G559LB559RG559YB55A5G55C9B
912549,4YEFB4YEMG4YETB4YF1G559LB559RG559YB55A5G55C9B
918082,4YEFB4YEMG4YETB4YF1G559LB559RG559YB55A5G55C9B
918090,4YEFB4YEMG4YETB4YF1G559LB559RG559YB55A5G55C9B
870983,4YEFB4YEMG4YETB4YF1G559LB559RG559YB55A5G55C9B
871103,4YEFB4YEMG4YETB4YF1G559LB559RG559YB55A5G55C9B
1037822,4YEFB4YEMG4YETB4YF1G559LB559RG559YB55A5G55C9B
871532,4YEFB4YEMG4YETB4YF1G559LB559RG559YB55A5G55C9B
871534,4YEFB4YEMG4YETB4YF1G559LB559RG559YB55A5G55C9B
760364,4YEFB4YEMG4YETB4YF1G559LB559RG559YB55A5G55C9B
871535,4YEFB4YEMG4YETB4YF1G559LB559RG559YB55A5G55C9B
867994,4YEFB4YEMG4YETB4YF1G559LB559RG559YB55A5G55C9B
871537,4YEFB4YEMG4YETB4YF1G559LB559RG559YB55A5G55C9B
871538,4YEFB4YEMG4YETB4YF1G559LB559RG559YB55A5G55C9B
663112,4YEFB4YEMG4YETB4YF1G559LB559RG559YB55A5G55C9B
871541,4YEFB4YEMG4YETB4YF1G559LB559RG559YB55A5G55C9B
871542,4YEFB4YEMG4YETB4YF1G559LB559RG559YB55A5G55C9B
663101,4YEFB4YEMG4YETB4YF1G559LB559RG559YB55A5G55C9B
871543,4YEFB4YEMG4YETB4YF1G559LB559RG559YB55A5G55C9B
871545,4YEFB4YEMG4YETB4YF1G559LB559RG559YB55A5G55C9B
871547,4YEFB4YEMG4YETB4YF1G559LB559RG559YB55A5G55C9B
871549,4YEFB4YEMG4YETB4YF1G559LB559RG559YB55A5G55C9B
871877,4YEFB4YEMG4YETB4YF1G559LB559RG559YB55A5G55C9B
868013,4YEFB4YEMG4YETB4YF1G559LB559RG559YB55A5G55C9B
663111,4YEFB4YEMG4YETB4YF1G559LB559RG559YB55A5G55C9B
871540,4YEFB4YEMG4YETB4YF1G559LB559RG559YB55A5G55C9B
871513,4YEFB4YEMG4YETB4YF1G559LB559RG559YB55A5G55C9B
868005,4YEFB4YEMG4YETB4YF1G559LB559RG559YB55A5G55C9B
737647,4YEFB4YEMG4YETB4YF1G559LB559RG559YB55A5G55C9B
868027,4YEFB4YEMG4YETB4YF1G559LB559RG559YB55A5G55C9B
868028,4YEFB4YEMG4YETB4YF1G559LB559RG559YB55A5G55C9B
868029,4YEFB4YEMG4YETB4YF1G559LB559RG559YB55A5G55C9B
868030,4YEFB4YEMG4YETB4YF1G559LB559RG559YB55A5G55C9B
871083,4YEFB4YEMG4YETB4YF1G559LB559RG559YB55A5G55C9B
663104,4YEFB4YEMG4YETB4YF1G559LB559RG559YB55A5G55C9B
868032,4YEFB4YEMG4YETB4YF1G559LB559RG559YB55A5G55C9B
871077,4YEFB4YEMG4YETB4YF1G559LB559RG559YB55A5G55C9B
871079,4YEFB4YEMG4YETB4YF1G559LB559RG559YB55A5G55C9B
871080,4YEFB4YEMG4YETB4YF1G559LB559RG559YB55A5G55C9B
871081,4YEFB4YEMG4YETB4YF1G559LB559RG559YB55A5G55C9B
871082,4YEFB4YEMG4YETB4YF1G559LB559RG559YB55A5G55C9B
868017,4YEFB4YEMG4YETB4YF1G559LB559RG559YB55A5G55C9B
737649,4YEFB4YEMG4YETB4YF1G559LB559RG559YB55A5G55C9B
867985,4YEFB4YEMG4YETB4YF1G559LB559RG559YB55A5G55C9B
1040437,4YEFB4YEMG4YETB4YF1G559LB559RG559YB55A5G55C9B
868014,4YEFB4YEMG4YETB4YF1G559LB559RG559YB55A5G55C9B
868015,4YEFB4YEMG4YETB4YF1G559LB559RG559YB55A5G55C9B
868016,4YEFB4YEMG4YETB4YF1G559LB559RG559YB55A5G55C9B
737644,4YEFB4YEMG4YETB4YF1G559LB559RG559YB55A5G55C9B
998113,4YEFB4YEMG4YETB4YF1G559LB559RG559YB55A5G55C9B
868018,4YEFB4YEMG4YETB4YF1G559LB559RG559YB55A5G55C9B
737645,4YEFB4YEMG4YETB4YF1G559LB559RG559YB55A5G55C9B
868020,4YEFB4YEMG4YETB4YF1G559LB559RG559YB55A5G55C9B
868022,4YEFB4YEMG4YETB4YF1G559LB559RG559YB55A5G55C9B
1013186,4YEFB4YEMG4YETB4YF1G559LB559RG559YB55A5G55C9B
868023,4YEFB4YEMG4YETB4YF1G559LB559RG559YB55A5G55C9B
870992,4YEFB4YEMG4YETB4YF1G559LB559RG559YB55A5G55C9B
1023655,4YEFB4YEMG4YETB4YF1G559LB559RG559YB55A5G55C9B
870959,4YEFB4YEMG4YETB4YF1G559LB559RG559YB55A5G55C9B
870960,4YEFB4YEMG4YETB4YF1G559LB559RG559YB55A5G55C9B
695425,4YEFB4YEMG4YETB4YF1G559LB559RG559YB55A5G55C9B
870962,4YEFB4YEMG4YETB4YF1G559LB559RG559YB55A5G55C9B
870963,4YEFB4YEMG4YETB4YF1G559LB559RG559YB55A5G55C9B
870970,4YEFB4YEMG4YETB4YF1G559LB559RG559YB55A5G55C9B
867987,4YEFB4YEMG4YETB4YF1G559LB559RG559YB55A5G55C9B
870957,4YEFB4YEMG4YETB4YF1G559LB559RG559YB55A5G55C9B
870966,4YEFB4YEMG4YETB4YF1G559LB559RG559YB55A5G55C9B
663099,4YEFB4YEMG4YETB4YF1G559LB559RG559YB55A5G55C9B
999630,4YEFB4YEMG4YETB4YF1G559LB559RG559YB55A5G55C9B
870968,4YEFB4YEMG4YETB4YF1G559LB559RG559YB55A5G55C9B
870969,4YEFB4YEMG4YETB4YF1G559LB559RG559YB55A5G55C9B
870945,4YEFB4YETB559LB559YB55C9B55CNB55D1B
870951,4YEFB4YEMG4YETB4YF1G559LB559RG559YB55A5G55C9B
695426,4YEFB4YEMG4YETB4YF1G559LB559RG559YB55A5G55C9B
870947,4YEFB4YEMG4YETB4YF1G559LB559RG559YB55A5G55C9B
1019422,4YEFB4YEMG4YETB4YF1G559LB559RG559YB55A5G55C9B
870944,4YEFB4YEMG4YETB4YF1G559LB559RG559YB55A5G55C9B
870949,4YEFB4YEMG4YETB4YF1G559LB559RG559YB55A5G55C9B
870950,4YEFB4YEMG4YETB4YF1G559LB559RG559YB55A5G55C9B
870942,4YEFB4YEMG4YETB4YF1G559LB559RG559YB55A5G55C9B
870953,4YEFB4YEMG4YETB4YF1G559LB559RG559YB55A5G55C9B
999629,4YEFB4YEMG4YETB4YF1G559LB559RG559YB55A5G55C9B
663098,4YEFB4YEMG4YETB4YF1G559LB559RG559YB55A5G55C9B
1040434,4YEFB4YEMG4YETB4YF1G559LB559RG559YB55A5G55C9B
870955,4YEFB4YEMG4YETB4YF1G559LB559RG559YB55A5G55C9B
695423,4YEFB4YEMG4YETB4YF1G559LB559RG559YB55A5G55C9B
1040436,4YEFB4YEMG4YETB4YF1G559LB559RG559YB55A5G55C9B
870956,4YEFB4YEMG4YETB4YF1G559LB559RG559YB55A5G55C9B
663097,4YEFB4YEMG4YETB4YF1G559LB559RG559YB55A5G55C9B
870986,4YEFB4YEMG4YETB4YF1G559LB559RG559YB55A5G55C9B
870987,4YEFB4YEMG4YETB4YF1G559LB559RG559YB55A5G55C9B
870988,4YEFB4YEMG4YETB4YF1G559LB559RG559YB55A5G55C9B
870989,4YEFB4YEMG4YETB4YF1G559LB559RG559YB55A5G55C9B
663100,4YEFB4YEMG4YETB4YF1G559LB559RG559YB55A5G55C9B
870990,4YEFB4YEMG4YETB4YF1G559LB559RG559YB55A5G55C9B
867980,4YEFB4YEMG4YETB4YF1G559LB559RG559YB55A5G55C9B
695433,4YEFB4YEMG4YETB4YF1G559LB559RG559YB55A5G55C9B
695434,4YEFB4YEMG4YETB4YF1G559LB559RG559YB55A5G55C9B
870994,4YEFB4YEMG4YETB4YF1G559LB559RG559YB55A5G55C9B
870995,4YEFB4YEMG4YETB4YF1G559LB559RG559YB55A5G55C9B
870997,4YEFB4YEMG4YETB4YF1G559LB559RG559YB55A5G55C9B
867978,4YEFB4YEMG4YETB4YF1G559LB559RG559YB55A5G55C9B
867979,4YEFB4YEMG4YETB4YF1G559LB559RG559YB55A5G55C9B
695430,4YEFB4YEMG4YETB4YF1G559LB559RG559YB55A5G55C9B
870972,4YEFB4YEMG4YETB4YF1G559LB559RG559YB55A5G55C9B
870973,4YEFB4YEMG4YETB4YF1G559LB559RG559YB55A5G55C9B
870974,4YEFB4YEMG4YETB4YF1G559LB559RG559YB55A5G55C9B
867991,4YEFB4YEMG4YETB4YF1G559LB559RG559YB55A5G55C9B
870975,4YEFB4YEMG4YETB4YF1G559LB559RG559YB55A5G55C9B
870977,4YEFB4YEMG4YETB4YF1G559LB559RG559YB55A5G55C9B
870985,4YEFB4YEMG4YETB4YF1G559LB559RG559YB55A5G55C9B
788277,4YEFB4YEMG4YETB4YF1G559LB559RG559YB55A5G55C9B
870979,4YEFB4YEMG4YETB4YF1G559LB559RG559YB55A5G55C9B
695431,4YEFB4YEMG4YETB4YF1G559LB559RG559YB55A5G55C9B
1040435,4YEFB4YEMG4YETB4YF1G559LB559RG559YB55A5G55C9B
870982,4YEFB4YEMG4YETB4YF1G559LB559RG559YB55A5G55C9B
910613,4YEFB4YEMG4YETB4YF1G559LB559RG559YB55A5G55C9B
913372,4YEFB4YEMG4YETB4YF1G559LB559RG559YB55A5G55C9B
913378,4YEFB4YEMG4YETB4YF1G559LB559RG559YB55A5G55C9B
918498,4YEFB4YEMG4YETB4YF1G559LB559RG559YB55A5G55C9B
663133,4YEFB4YEMG4YETB4YF1G559LB559RG559YB55A5G55C9B
918068,4YEFB4YEMG4YETB4YF1G559LB559RG559YB55A5G55C9B
912999,4YEFB4YEMG4YETB4YF1G559LB559RG559YB55A5G55C9B
918511,4YEFB4YEMG4YETB4YF1G559LB559RG559YB55A5G55C9B
916259,4YEFB4YEMG4YETB4YF1G559LB559RG559YB55A5G55C9B
918656,4YEFB4YEMG4YETB4YF1G559LB559RG559YB55A5G55C9B
868621,4YEFB4YEMG4YETB4YF1G559LB559RG559YB55A5G55C9B
663118,4YEFB4YEMG4YETB4YF1G559LB559RG559YB55A5G55C9B
868614,4YEFB4YEMG4YETB4YF1G559LB559RG559YB55A5G55C9B
868616,4YEFB4YEMG4YETB4YF1G559LB559RG559YB55A5G55C9B
868617,4YEFB4YEMG4YETB4YF1G559LB559RG559YB55A5G55C9B
868619,4YEFB4YEMG4YETB4YF1G559LB559RG559YB55A5G55C9B
1022525,4YEFB4YEMG4YETB4YF1G559LB559RG559YB55A5G55C9B
868620,4YEFB4YEMG4YETB4YF1G559LB559RG559YB55A5G55C9B
867983,4YEFB4YEMG4YETB4YF1G559LB559RG559YB55A5G55C9B
918637,4YEFB4YEMG4YETB4YF1G559LB559RG559YB55A5G55C9B
913103,4YEFB4YEMG4YETB4YF1G559LB559RG559YB55A5G55C9B
913104,4YEFB4YEMG4YETB4YF1G559LB559RG559YB55A5G55C9B
913106,4YEFB4YEMG4YETB4YF1G559LB559RG559YB55A5G55C9B
913107,4YEFB4YEMG4YETB4YF1G559LB559RG559YB55A5G55C9B
913109,4YEFB4YEMG4YETB4YF1G559LB559RG559YB55A5G55C9B
1013435,4YEFB4YEMG4YETB4YF1G559LB559RG559YB55A5G55C9B
918638,4YEFB4YEMG4YETB4YF1G559LB559RG559YB55A5G55C9B
918640,4YEFB4YEMG4YETB4YF1G559LB559RG559YB55A5G55C9B
918642,4YEFB4YEMG4YETB4YF1G559LB559RG559YB55A5G55C9B
918650,4YEFB4YEMG4YETB4YF1G559LB559RG559YB55A5G55C9B
918643,4YEFB4YEMG4YETB4YF1G559LB559RG559YB55A5G55C9B
918645,4YEFB4YEMG4YETB4YF1G559LB559RG559YB55A5G55C9B
785108,4YEFB4YEMG4YETB4YF1G559LB559RG559YB55A5G55C9B
918000,4YEFB4YEMG4YETB4YF1G559LB559RG559YB55A5G55C9B
913667,4YEFB4YEMG4YETB4YF1G559LB559RG559YB55A5G55C9B
867998,4YEFB4YEMG4YETB4YF1G559LB559RG559YB55A5G55C9B
736722,4YEFB4YEMG4YETB4YF1G559LB559RG559YB55A5G55C9B
868000,4YEFB4YEMG4YETB4YF1G559LB559RG559YB55A5G55C9B
998112,4YEFB4YEMG4YETB4YF1G559LB559RG559YB55A5G55C9B
695980,4YEFB4YEMG4YETB4YF1G559LB559RG559YB55A5G55C9B
868001,4YEFB4YEMG4YETB4YF1G559LB559RG559YB55A5G55C9B
868003,4YEFB4YEMG4YETB4YF1G559LB559RG559YB55A5G55C9B
737642,4YEFB4YEMG4YETB4YF1G559LB559RG559YB55A5G55C9B
867997,4YEFB4YEMG4YETB4YF1G559LB559RG559YB55A5G55C9B
663102,4YEFB4YEMG4YETB4YF1G559LB559RG559YB55A5G55C9B
737643,4YEFB4YEMG4YETB4YF1G559LB559RG559YB55A5G55C9B
868009,4YEFB4YEMG4YETB4YF1G559LB559RG559YB55A5G55C9B
868010,4YEFB4YEMG4YETB4YF1G559LB559RG559YB55A5G55C9B
705821,4YEFB4YEMG4YETB4YF1G559LB559RG559YB55A5G55C9B
695981,4YEFB4YEMG4YETB4YF1G559LB559RG559YB55A5G55C9B
918652,4YEFB4YEMG4YETB4YF1G559LB559RG559YB55A5G55C9B
868004,4YEFB4YEMG4YETB4YF1G559LB559RG559YB55A5G55C9B
867982,4YEFB4YEMG4YETB4YF1G559LB559RG559YB55A5G55C9B
867996,4YEFB4YEMG4YETB4YF1G559LB559RG559YB55A5G55C9B
918654,4YEFB4YEMG4YETB4YF1G559LB559RG559YB55A5G55C9B
867990,4YEFB4YEMG4YETB4YF1G559LB559RG559YB55A5G55C9B
1040446,4YEFB4YEMG4YETB4YF1G559LB559RG559YB55A5G55C9B
695982,4YEFB4YEMG4YETB4YF1G559LB559RG559YB55A5G55C9B
