860697,4XVFG4XVMB4XXLR4XXQG4XXXB4XXZR4XY4G4XYBB4XYDR
651846,4XVFG4XVMB4XXLR4XXQG4XXXB4XXZR4XY4G4XYBB4XYDR
652408,4XVFG4XVMB4XXLR4XXQG4XXXB4XXZR4XY4G4XYBB4XYDR
652410,4XVFG4XVMB4XXLR4XXQG4XXXB4XXZR4XY4G4XYBB4XYDR
651845,4XVFG4XVMB4XXLR4XXQG4XXXB4XXZR4XY4G4XYBB4XYDR
652411,4XVFG4XVMB4XXLR4XXQG4XXXB4XXZR4XY4G4XYBB4XYDR
652398,4XVFG4XVMB4XXLR4XXQG4XXXB4XXZR4XY4G4XYBB4XYDR
652413,4XVFG4XVMB4XXLR4XXQG4XXXB4XXZR4XY4G4XYBB4XYDR
665246,4XVFG4XVMB4XXLR4XXQG4XXXB4XXZR4XY4G4XYBB4XYDR
646216,4XVFG4XVMB4XXLR4XXQG4XXXB4XXZR4XY4G4XYBB4XYDR
652414,4XVFG4XVMB4XXLR4XXQG4XXXB4XXZR4XY4G4XYBB4XYDR
665256,4XVFG4XVMB4XXLR4XXQG4XXXB4XXZR4XY4G4XYBB4XYDR
652415,4XVFG4XVMB4XXLR4XXQG4XXXB4XXZR4XY4G4XYBB4XYDR
860693,4XVFG4XVMB4XXLR4XXQG4XXXB4XXZR4XY4G4XYBB4XYDR
652416,4XVFG4XVMB4XXLR4XXQG4XXXB4XXZR4XY4G4XYBB4XYDR
786158,4XVFG4XVMB4XXLR4XXQG4XXXB4XXZR4XY4G4XYBB4XYDR
652419,4XVFG4XVMB4XXLR4XXQG4XXXB4XXZR4XY4G4XYBB4XYDR
860692,4XVFG4XVMB4XXLR4XXQG4XXXB4XXZR4XY4G4XYBB4XYDR
650725,4XVFG4XVMB4XXLR4XXQG4XXXB4XXZR4XY4G4XYBB4XYDR
652417,4XVFG4XVMB4XXLR4XXQG4XXXB4XXZR4XY4G4XYBB4XYDR
646215,4XVFG4XVMB4XXQG4XXXB4XY4G4XYBB4Y0GG4Y0NB4Y0UG
650726,4XVFG4XVMB4XXLR4XXQG4XXXB4XXZR4XY4G4XYBB4XYDR
646213,4XVFG4XVMB4XVMB4XXQG4XXXB4XXXB4XY4G4XYBB4XYBB
665264,4XVFG4XVMB4XXLR4XXQG4XXXB4XXZR4XY4G4XYBB4XYDR
651854,4XVFG4XVMB4XXLR4XXQG4XXXB4XXZR4XY4G4XYBB4XYDR
650744,4XVFG4XVMB4XXLR4XXQG4XXXB4XXZR4XY4G4XYBB4XYDR
646228,4XVFG4XVMB4XXLR4XXQG4XXXB4XXZR4XY4G4XYBB4XYDR
976205,4XVFG4XVMB4XXMR4XXQG4XXXB4XY0R4XY4G4XYBB4XYER
976189,4XVFG4XVMB4XXMR4XXQG4XXXB4XY0R4XY4G4XYBB4XYER
865489,4XVFG4XVMB4XXMR4XXQG4XXXB4XY0R4XY4G4XYBB4XYER
684061,4XVFG4XVMB4XXMR4XXQG4XXXB4XY0R4XY4G4XYBB4XYER
1017722,4XVFG4XVMB4XXMR4XXQG4XXXB4XY0R4XY4G4XYBB4XYER
798717,4XVFG4XVMB4XXMR4XXQG4XXXB4XY0R4XY4G4XYBB4XYER
690481,4XVFG4XVMB4XXMR4XXQG4XXXB4XY0R4XY4G4XYBB4XYER
690498,4XVFG4XVMB4XXMR4XXQG4XXXB4XY0R4XY4G4XYBB4XYER
928823,4XVFG4XVHR4XVMB4XXQG4XXSR4XXXB4XY4G4XY6R4XYBB
928819,4XVFG4XVHR4XVMB4XXQG4XXSR4XXXB4XY4G4XY6R4XYBB
928822,4XVFG4XVHR4XVMB4XXQG4XXSR4XXXB4XY4G4XY6R4XYBB
665225,4XVFG4XVHR4XVMB4XXQG4XXSR4XXXB4XY4G4XY6R4XYBB
665169,4XVFG4XVHR4XVMB4XXQG4XXSR4XXXB4XY4G4XY6R4XYBB
932287,4XVFG4XVHR4XVMB4XXQG4XXSR4XXXB4XY4G4XY6R4XYBB
928835,4XVFG4XVHR4XVMB4XXQG4XXSR4XXXB4XY4G4XY6R4XYBB
1042177,4XVFG4XVHR4XVMB4XXQG4XXSR4XXXB4XY4G4XY6R4XYBB
928832,4XVFG4XVHR4XVMB4XXQG4XXSR4XXXB4XY4G4XY6R4XYBB
932290,4XVFG4XVHR4XVMB4XXQG4XXSR4XXXB4XY4G4XY6R4XYBB
665179,4XVFG4XVHR4XVMB4XXQG4XXSR4XXXB4XY4G4XY6R4XYBB
645896,4XVHG4XVNR4XXLB4XXSG4XXYR4XXZB4XY6G4XYCR4XYDB
684057,4XVHG4XVNR4XXLB4XXSG4XXYR4XXZB4XY6G4XYCR4XYDB
684080,4XVHG4XVNR4XXLB4XXSG4XXYR4XXZB4XY6G4XYCR4XYDB
684073,4XVHG4XVNR4XXLB4XXSG4XXYR4XXZB4XY6G4XYCR4XYDB
1049575,4XVHG4XVNR4XXLB4XXSG4XXYR4XXZB4XY6G4XYCR4XYDB
865480,4XVHG4XVNR4XXLB4XXSG4XXYR4XXZB4XY6G4XYCR4XYDB
865479,4XVHG4XVNR4XXLB4XXSG4XXYR4XXZB4XY6G4XYCR4XYDB
831231,4XVHG4XVNR4XXLB4XXSG4XXYR4XXZB4XY6G4XYCR4XYDB
684050,4XVHG4XVNR4XXLB4XXSG4XXYR4XXZB4XY6G4XYCR4XYDB
830922,4XVHG4XVNR4XXLB4XXSG4XXYR4XXZB4XY6G4XYCR4XYDB
645901,4XVHG4XVNR4XXLB4XXSG4XXYR4XXZB4XY6G4XYCR4XYDB
924306,4XVIR4XVJG4XXNB4XXTR4XXUG4XY1B4XY7R4XY8G4Y0DB
1048167,4XVIR4XVJG4XXNB4XXTR4XXUG4XY1B4XY7R4XY8G4Y0DB
1018169,4XVIR4XVJG4XXNB4XXTR4XXUG4XY1B4XY7R4XY8G4Y0DB
924289,4XVIR4XVJG4XXNB4XXTR4XXUG4XY1B4XY7R4XY8G4Y0DB
925647,4XVIR4XVJG4XXNB4XXTR4XXUG4XY1B4XY7R4XY8G4Y0DB
775473,4XVIR4XVJG4XXNB4XXTR4XXUG4XY1B4XY7R4XY8G4Y0DB
925650,4XVIR4XVJG4XXNB4XXTR4XXUG4XY1B4XY7R4XY8G4Y0DB
925642,4XVIR4XVJG4XXNB4XXTR4XXUG4XY1B4XY7R4XY8G4Y0DB
924318,4XVIR4XVJG4XXNB4XXTR4XXUG4XY1B4XY7R4XY8G4Y0DB
1048169,4XVIR4XVJG4XXNB4XXTR4XXUG4XY1B4XY7R4XY8G4Y0DB
967547,4XVIR4XVJG4XXNB4XXTR4XXUG4XY1B4XY7R4XY8G4Y0DB
924330,4XVIR4XVJG4XXNB4XXTR4XXUG4XY1B4XY7R4XY8G4Y0DB
999729,4XVIR4XVJG4XXNB4XXTR4XXUG4XY1B4XY7R4XY8G4Y0DB
966667,4XVIR4XVJG4XXNB4XXTR4XXUG4XY1B4XY7R4XY8G4Y0DB
967540,4XVJG4XXNB4XXUG4XY1B4XY8G4Y0DB4Y0KG4Y0RB4Y0YG
1049508,4XVIR4XVJG4XXNB4XXTR4XXUG4XY1B4XY7R4XY8G4Y0DB
966251,4XVIR4XVJG4XXNB4XXTR4XXUG4XY1B4XY7R4XY8G4Y0DB
966236,4XVIR4XVJG4XXNB4XXTR4XXUG4XY1B4XY7R4XY8G4Y0DB
774107,4XVIR4XVJG4XXNB4XXTR4XXUG4XY1B4XY7R4XY8G4Y0DB
966249,4XVIR4XVJG4XXNB4XXTR4XXUG4XY1B4XY7R4XY8G4Y0DB
924298,4XVIR4XVJG4XXNB4XXTR4XXUG4XY1B4XY7R4XY8G4Y0DB
775461,4XVIR4XVJG4XXNB4XXTR4XXUG4XY1B4XY7R4XY8G4Y0DB
966658,4XVIR4XVJG4XXNB4XXTR4XXUG4XY1B4XY7R4XY8G4Y0DB
1048153,4XVIR4XVJG4XXNB4XXTR4XXUG4XY1B4XY7R4XY8G4Y0DB
879059,4XVIR4XVJG4XXNB4XXTR4XXUG4XY1B4XY7R4XY8G4Y0DB
879067,4XVIR4XVJG4XXNB4XXTR4XXUG4XY1B4XY7R4XY8G4Y0DB
999730,4XVIR4XVJG4XXNB4XXTR4XXUG4XY1B4XY7R4XY8G4Y0DB
774119,4XVIR4XVJG4XXNB4XXTR4XXUG4XY1B4XY7R4XY8G4Y0DB
966703,4XVIR4XVJG4XXNB4XXTR4XXUG4XY1B4XY7R4XY8G4Y0DB
774122,4XVIR4XVJG4XXNB4XXTR4XXUG4XY1B4XY7R4XY8G4Y0DB
999747,4XVIR4XVJG4XXNB4XXTR4XXUG4XY1B4XY7R4XY8G4Y0DB
967930,4XVIR4XVJG4XXNB4XXTR4XXUG4XY1B4XY7R4XY8G4Y0DB
774117,4XVIR4XVJG4XXNB4XXTR4XXUG4XY1B4XY7R4XY8G4Y0DB
909055,4XVIR4XVJG4XXNB4XXTR4XXUG4XY1B4XY7R4XY8G4Y0DB
966665,4XVJG4XXNB4XXUG4XY1B4XY8G4Y0DB4Y0KG4Y0RB4Y0YG
774108,4XVIR4XVJG4XXNB4XXTR4XXUG4XY1B4XY7R4XY8G4Y0DB
774112,4XVIR4XVJG4XXNB4XXTR4XXUG4XY1B4XY7R4XY8G4Y0DB
649600,4XVHR4XVIB4XXMG4XXSR4XXTB4XY0G4XY6R4XY7B4XYEG
649596,4XVHR4XVIB4XXMG4XXSR4XXTB4XY0G4XY6R4XY7B4XYEG
938249,4XVHR4XVIB4XXMG4XXSR4XXTB4XY0G4XY6R4XY7B4XYEG
1025365,4XVIB4XXMG4XXTB4XY0G4XY7B4XYEG4Y0JB4Y0QG4Y0XB
938284,4XVHR4XVIB4XXMG4XXSR4XXTB4XY0G4XY6R4XY7B4XYEG
864469,4XVHR4XVIB4XXMG4XXSR4XXTB4XY0G4XY6R4XY7B4XYEG
938278,4XVHR4XVIB4XXMG4XXSR4XXTB4XY0G4XY6R4XY7B4XYEG
938620,4XVHR4XVIB4XXMG4XXSR4XXTB4XY0G4XY6R4XY7B4XYEG
743625,4XVHR4XVIB4XXMG4XXSR4XXTB4XY0G4XY6R4XY7B4XYEG
864472,4XVHR4XVIB4XXMG4XXSR4XXTB4XY0G4XY6R4XY7B4XYEG
744002,4XVHR4XVIB4XXMG4XXSR4XXTB4XY0G4XY6R4XY7B4XYEG
864471,4XVHR4XVIB4XXMG4XXSR4XXTB4XY0G4XY6R4XY7B4XYEG
938270,4XVIB4XXMG4XXTB4XY0G4XY7B4XYEG4Y0JB4Y0QG4Y0XB
938259,4XVHR4XVIB4XXMG4XXSR4XXTB4XY0G4XY6R4XY7B4XYEG
938255,4XVHR4XVIB4XXMG4XXSR4XXTB4XY0G4XY6R4XY7B4XYEG
938260,4XVHR4XVIB4XXMG4XXSR4XXTB4XY0G4XY6R4XY7B4XYEG
938252,4XVHR4XVIB4XXMG4XXSR4XXTB4XY0G4XY6R4XY7B4XYEG
743624,4XVHR4XVIB4XXMG4XXSR4XXTB4XY0G4XY6R4XY7B4XYEG
938273,4XVHR4XVIB4XXMG4XXSR4XXTB4XY0G4XY6R4XY7B4XYEG
938271,4XVIB4XXMG4XXTB4XY0G4XY7B4XYEG4Y0JB4Y0QG4Y0XB
938266,4XVHR4XVIB4XXMG4XXSR4XXTB4XY0G4XY6R4XY7B4XYEG
649620,4XVHR4XVIB4XXMG4XXSR4XXTB4XY0G4XY6R4XY7B4XYEG
938263,4XVHR4XVIB4XXMG4XXSR4XXTB4XY0G4XY6R4XY7B4XYEG
934059,4XVHR4XVIB4XXMG4XXSR4XXTB4XY0G4XY6R4XY7B4XYEG
977062,4XVHR4XVIB4XXMG4XXSR4XXTB4XY0G4XY6R4XY7B4XYEG
977066,4XVHR4XVIB4XXMG4XXSR4XXTB4XY0G4XY6R4XY7B4XYEG
977057,4XVHR4XVIB4XXMG4XXSR4XXTB4XY0G4XY6R4XY7B4XYEG
1006329,4XVHR4XVIB4XXMG4XXSR4XXTB4XY0G4XY6R4XY7B4XYEG
977076,4XVHR4XVIB4XXMG4XXSR4XXTB4XY0G4XY6R4XY7B4XYEG
977067,4XVHR4XVIB4XXMG4XXSR4XXTB4XY0G4XY6R4XY7B4XYEG
977070,4XVHR4XVIB4XXMG4XXSR4XXTB4XY0G4XY6R4XY7B4XYEG
977068,4XVIB4XXMG4XXTB4XY0G4XY7B4XYEG4Y0JB4Y0QG4Y0XB
861889,4XVHR4XVIB4XXMG4XXSR4XXTB4XY0G4XY6R4XY7B4XYEG
982310,4XVHR4XVIB4XXMG4XXSR4XXTB4XY0G4XY6R4XY7B4XYEG
982305,4XVHR4XVIB4XXMG4XXSR4XXTB4XY0G4XY6R4XY7B4XYEG
982303,4XVHR4XVIB4XXMG4XXSR4XXTB4XY0G4XY6R4XY7B4XYEG
1005254,4XVHR4XVIB4XXMG4XXSR4XXTB4XY0G4XY6R4XY7B4XYEG
977051,4XVIB4XXMG4XXTB4XY0G4XY7B4XYEG4Y0JB4Y0QG4Y0XB
743676,4XVHR4XVIB4XXMG4XXSR4XXTB4XY0G4XY6R4XY7B4XYEG
977037,4XVHR4XVIB4XXMG4XXSR4XXTB4XY0G4XY6R4XY7B4XYEG
977041,4XVHR4XVIB4XXMG4XXSR4XXTB4XY0G4XY6R4XY7B4XYEG
1006328,4XVIB4XXMG4XXTB4XY0G4XY7B4XYEG4Y0JB4Y0QG4Y0XB
982712,4XVHR4XVIB4XXMG4XXSR4XXTB4XY0G4XY6R4XY7B4XYEG
649601,4XVHR4XVIB4XXSR4XXTB4XY6R4XY7B4Y0IR4Y0JB4Y0WR
934058,4XVHR4XVIB4XXMG4XXSR4XXTB4XY0G4XY6R4XY7B4XYEG
982710,4XVHR4XVIB4XXMG4XXSR4XXTB4XY0G4XY6R4XY7B4XYEG
861552,4XVHR4XVIB4XXMG4XXSR4XXTB4XY0G4XY6R4XY7B4XYEG
982704,4XVHR4XVIB4XXMG4XXSR4XXTB4XY0G4XY6R4XY7B4XYEG
903736,4XVHR4XVIB4XXMG4XXSR4XXTB4XY0G4XY6R4XY7B4XYEG
743637,4XVHR4XVIB4XXMG4XXSR4XXTB4XY0G4XY6R4XY7B4XYEG
982720,4XVHR4XVIB4XXMG4XXSR4XXTB4XY0G4XY6R4XY7B4XYEG
982716,4XVHR4XVIB4XXMG4XXSR4XXTB4XY0G4XY6R4XY7B4XYEG
982697,4XVHR4XVIB4XXMG4XXSR4XXTB4XY0G4XY6R4XY7B4XYEG
861546,4XVHR4XVIB4XVIB4XXMG4XXSR4XXTB4XXTB4XY0G4XY6R
982685,4XVHR4XVIB4XXMG4XXSR4XXTB4XY0G4XY6R4XY7B4XYEG
934054,4XVHR4XVIB4XXMG4XXSR4XXTB4XY0G4XY6R4XY7B4XYEG
982689,4XVHR4XVIB4XXMG4XXSR4XXTB4XY0G4XY6R4XY7B4XYEG
743636,4XVHR4XVIB4XXMG4XXSR4XXTB4XY0G4XY6R4XY7B4XYEG
982701,4XVHR4XVIB4XXMG4XXSR4XXTB4XY0G4XY6R4XY7B4XYEG
982699,4XVHR4XVIB4XXMG4XXSR4XXTB4XY0G4XY6R4XY7B4XYEG
982693,4XVHR4XVIB4XXMG4XXSR4XXTB4XY0G4XY6R4XY7B4XYEG
1011492,4XVHR4XVIB4XXMG4XXSR4XXTB4XY0G4XY6R4XY7B4XYEG
935382,4XVHR4XVIB4XXMG4XXSR4XXTB4XY0G4XY6R4XY7B4XYEG
935377,4XVHR4XVIB4XXMG4XXSR4XXTB4XY0G4XY6R4XY7B4XYEG
935373,4XVHR4XVIB4XXMG4XXSR4XXTB4XY0G4XY6R4XY7B4XYEG
934049,4XVHR4XVIB4XXMG4XXSR4XXTB4XY0G4XY6R4XY7B4XYEG
935371,4XVHR4XVIB4XXMG4XXSR4XXTB4XY0G4XY6R4XY7B4XYEG
937826,4XVHR4XVIB4XXMG4XXSR4XXTB4XY0G4XY6R4XY7B4XYEG
935392,4XVHR4XVIB4XXMG4XXSR4XXTB4XY0G4XY6R4XY7B4XYEG
742397,4XVHR4XVIB4XXMG4XXSR4XXTB4XY0G4XY6R4XY7B4XYEG
934052,4XVHR4XVIB4XXMG4XXSR4XXTB4XY0G4XY6R4XY7B4XYEG
649604,4XVHR4XVIB4XXMG4XXSR4XXTB4XY0G4XY6R4XY7B4XYEG
874322,4XVGG4XVNB4XXNR4XXRG4XXYB4XY1R4XY5G4XYCB4Y0DR
874252,4XVGG4XVNB4XXNR4XXRG4XXYB4XY1R4XY5G4XYCB4Y0DR
874257,4XVGG4XVNB4XXNR4XXRG4XXYB4XY1R4XY5G4XYCB4Y0DR
874244,4XVGG4XVNB4XXNR4XXRG4XXYB4XY1R4XY5G4XYCB4Y0DR
874249,4XVGG4XVNB4XXNR4XXRG4XXYB4XY1R4XY5G4XYCB4Y0DR
874269,4XVGG4XVNB4XXNR4XXRG4XXYB4XY1R4XY5G4XYCB4Y0DR
874258,4XVGG4XVNB4XXNR4XXRG4XXYB4XY1R4XY5G4XYCB4Y0DR
874265,4XVGG4XVNB4XXNR4XXRG4XXYB4XY1R4XY5G4XYCB4Y0DR
874260,4XVGG4XVNB4XXNR4XXRG4XXYB4XY1R4XY5G4XYCB4Y0DR
921649,4XVGG4XVNB4XXNR4XXRG4XXYB4XY1R4XY5G4XYCB4Y0DR
876735,4XVGG4XVNB4XXNR4XXRG4XXYB4XY1R4XY5G4XYCB4Y0DR
921645,4XVGG4XVNB4XXNR4XXRG4XXYB4XY1R4XY5G4XYCB4Y0DR
921641,4XVGG4XVNB4XXNR4XXRG4XXYB4XY1R4XY5G4XYCB4Y0DR
921637,4XVGG4XVNB4XXNR4XXRG4XXYB4XY1R4XY5G4XYCB4Y0DR
703770,4XVGG4XVNB4XXNR4XXRG4XXYB4XY1R4XY5G4XYCB4Y0DR
876737,4XVGG4XVNB4XXNR4XXRG4XXYB4XY1R4XY5G4XYCB4Y0DR
876727,4XVGG4XVNB4XXNR4XXRG4XXYB4XY1R4XY5G4XYCB4Y0DR
775156,4XVGG4XVNB4XXNR4XXRG4XXYB4XY1R4XY5G4XYCB4Y0DR
876747,4XVGG4XVNB4XXNR4XXRG4XXYB4XY1R4XY5G4XYCB4Y0DR
775157,4XVGG4XVNB4XXNR4XXRG4XXYB4XY1R4XY5G4XYCB4Y0DR
876741,4XVGG4XVNB4XXNR4XXRG4XXYB4XY1R4XY5G4XYCB4Y0DR
775155,4XVGG4XVNB4XXNR4XXRG4XXYB4XY1R4XY5G4XYCB4Y0DR
644506,4XVMB4XXMR4XXXB4XY0R4XYBB4XYER4Y0NB4Y0QR4Y11B
971925,4XVFG4XVMB4XXMR4XXQG4XXXB4XY0R4XY4G4XYBB4XYER
861303,4XVFG4XVMB4XXMR4XXQG4XXXB4XY0R4XY4G4XYBB4XYER
861304,4XVFG4XVMB4XXMR4XXQG4XXXB4XY0R4XY4G4XYBB4XYER
861305,4XVFG4XVMB4XXMR4XXQG4XXXB4XY0R4XY4G4XYBB4XYER
781438,4XVFG4XVMB4XXMR4XXQG4XXXB4XY0R4XY4G4XYBB4XYER
644489,4XVFG4XVMB4XXMR4XXQG4XXXB4XY0R4XY4G4XYBB4XYER
1045253,4XVFG4XVMB4XXMR4XXQG4XXXB4XY0R4XY4G4XYBB4XYER
971900,4XVFG4XVMB4XXMR4XXQG4XXXB4XY0R4XY4G4XYBB4XYER
1049563,4XVFG4XVMB4XXMR4XXQG4XXXB4XY0R4XY4G4XYBB4XYER
907518,4XVFG4XVMB4XXMR4XXQG4XXXB4XY0R4XY4G4XYBB4XYER
971566,4XVFG4XVMB4XXMR4XXQG4XXXB4XY0R4XY4G4XYBB4XYER
825951,4XVFG4XVMB4XXMR4XXQG4XXXB4XY0R4XY4G4XYBB4XYER
641901,4XVFG4XVMB4XXMR4XXQG4XXXB4XY0R4XY4G4XYBB4XYER
641905,4XVFG4XVMB4XXMR4XXQG4XXXB4XY0R4XY4G4XYBB4XYER
824272,4XVFG4XVMB4XXMR4XXQG4XXXB4XY0R4XY4G4XYBB4XYER
645866,4XVFG4XVMB4XXMR4XXQG4XXXB4XY0R4XY4G4XYBB4XYER
645882,4XVFG4XVMB4XXMR4XXQG4XXXB4XY0R4XY4G4XYBB4XYER
1045266,4XVFG4XVMB4XXMR4XXQG4XXXB4XY0R4XY4G4XYBB4XYER
683013,4XVFG4XVMB4XXMR4XXQG4XXXB4XY0R4XY4G4XYBB4XYER
861216,4XVFG4XVMB4XXMR4XXQG4XXXB4XY0R4XY4G4XYBB4XYER
643700,4XVFG4XVMB4XXMR4XXQG4XXXB4XY0R4XY4G4XYBB4XYER
683025,4XVFG4XVMB4XXMR4XXQG4XXXB4XY0R4XY4G4XYBB4XYER
1008938,4XVFG4XVMB4XXMR4XXQG4XXXB4XY0R4XY4G4XYBB4XYER
645890,4XVFG4XVMB4XXMR4XXQG4XXXB4XY0R4XY4G4XYBB4XYER
683008,4XVFG4XVMB4XXMR4XXQG4XXXB4XY0R4XY4G4XYBB4XYER
976579,4XVFG4XVMB4XXMR4XXQG4XXXB4XY0R4XY4G4XYBB4XYER
643706,4XVFG4XVMB4XXMR4XXQG4XXXB4XY0R4XY4G4XYBB4XYER
642408,4XVFG4XVMB4XXMR4XXQG4XXXB4XY0R4XY4G4XYBB4XYER
861215,4XVFG4XVMB4XXMR4XXQG4XXXB4XY0R4XY4G4XYBB4XYER
643713,4XVFG4XVMB4XXMR4XXQG4XXXB4XY0R4XY4G4XYBB4XYER
861208,4XVFG4XVMB4XXMR4XXQG4XXXB4XY0R4XY4G4XYBB4XYER
683009,4XVFG4XVMB4XXMR4XXQG4XXXB4XY0R4XY4G4XYBB4XYER
643697,4XVFG4XVMB4XXMR4XXQG4XXXB4XY0R4XY4G4XYBB4XYER
1045236,4XVFG4XVMB4XXMR4XXQG4XXXB4XY0R4XY4G4XYBB4XYER
683010,4XVFG4XVMB4XXMR4XXQG4XXXB4XY0R4XY4G4XYBB4XYER
683015,4XVFG4XVMB4XXMR4XXQG4XXXB4XY0R4XY4G4XYBB4XYER
683929,4XVFG4XVMB4XXMR4XXQG4XXXB4XY0R4XY4G4XYBB4XYER
825970,4XVFG4XVMB4XXMR4XXQG4XXXB4XY0R4XY4G4XYBB4XYER
683937,4XVFG4XVMB4XXMR4XXQG4XXXB4XY0R4XY4G4XYBB4XYER
683940,4XVFG4XVMB4XXMR4XXQG4XXXB4XY0R4XY4G4XYBB4XYER
861203,4XVFG4XVMB4XXMR4XXQG4XXXB4XY0R4XY4G4XYBB4XYER
1049562,4XVFG4XVMB4XXMR4XXQG4XXXB4XY0R4XY4G4XYBB4XYER
683922,4XVFG4XVMB4XXMR4XXQG4XXXB4XY0R4XY4G4XYBB4XYER
906270,4XVFG4XVMB4XXMR4XXQG4XXXB4XY0R4XY4G4XYBB4XYER
683934,4XVFG4XVMB4XXMR4XXQG4XXXB4XY0R4XY4G4XYBB4XYER
683960,4XVFG4XVMB4XXMR4XXQG4XXXB4XY0R4XY4G4XYBB4XYER
683964,4XVFG4XVMB4XXMR4XXQG4XXXB4XY0R4XY4G4XYBB4XYER
681064,4XVFG4XVMB4XXMR4XXQG4XXXB4XY0R4XY4G4XYBB4XYER
683963,4XVFG4XVMB4XXMR4XXQG4XXXB4XY0R4XY4G4XYBB4XYER
683947,4XVFG4XVMB4XXMR4XXQG4XXXB4XY0R4XY4G4XYBB4XYER
683951,4XVFG4XVMB4XXMR4XXQG4XXXB4XY0R4XY4G4XYBB4XYER
1049564,4XVFG4XVMB4XXMR4XXQG4XXXB4XY0R4XY4G4XYBB4XYER
861202,4XVFG4XVMB4XXMR4XXQG4XXXB4XY0R4XY4G4XYBB4XYER
642648,4XVFG4XVMB4XXMR4XXQG4XXXB4XY0R4XY4G4XYBB4XYER
863726,4XVFG4XVMB4XXMR4XXQG4XXXB4XY0R4XY4G4XYBB4XYER
680063,4XVFG4XVMB4XXMR4XXQG4XXXB4XY0R4XY4G4XYBB4XYER
642631,4XVFG4XVMB4XXMR4XXQG4XXXB4XY0R4XY4G4XYBB4XYER
642642,4XVFG4XVMB4XXMR4XXQG4XXXB4XY0R4XY4G4XYBB4XYER
863722,4XVFG4XVMB4XXMR4XXQG4XXXB4XY0R4XY4G4XYBB4XYER
680411,4XVFG4XVMB4XXMR4XXQG4XXXB4XY0R4XY4G4XYBB4XYER
641836,4XVFG4XVMB4XXQG4XXXB4XY4G4XYBB4Y0GG4Y0NB4Y0UG
641838,4XVFG4XVMB4XXMR4XXQG4XXXB4XY0R4XY4G4XYBB4XYER
641842,4XVFG4XVMB4XXMR4XXQG4XXXB4XY0R4XY4G4XYBB4XYER
645915,4XVFG4XVMB4XXMR4XXQG4XXXB4XY0R4XY4G4XYBB4XYER
680413,4XVFG4XVMB4XXMR4XXQG4XXXB4XY0R4XY4G4XYBB4XYER
1001053,4XVFG4XVMB4XXMR4XXQG4XXXB4XY0R4XY4G4XYBB4XYER
680065,4XVFG4XVMB4XXQG4XXXB4XY4G4XYBB4Y0GG4Y0NB4Y0UG
680416,4XVFG4XVMB4XXMR4XXQG4XXXB4XY0R4XY4G4XYBB4XYER
827449,4XVFG4XVMB4XXMR4XXQG4XXXB4XY0R4XY4G4XYBB4XYER
861261,4XVFG4XVMB4XXMR4XXQG4XXXB4XY0R4XY4G4XYBB4XYER
1004852,4XVFG4XVMB4XXMR4XXQG4XXXB4XY0R4XY4G4XYBB4XYER
861263,4XVFG4XVMB4XXMR4XXQG4XXXB4XY0R4XY4G4XYBB4XYER
684332,4XVFG4XVMB4XXMR4XXQG4XXXB4XY0R4XY4G4XYBB4XYER
684331,4XVFG4XVMB4XXMR4XXQG4XXXB4XY0R4XY4G4XYBB4XYER
684329,4XVFG4XVMB4XXMR4XXQG4XXXB4XY0R4XY4G4XYBB4XYER
684334,4XVFG4XVMB4XXMR4XXQG4XXXB4XY0R4XY4G4XYBB4XYER
684345,4XVFG4XVMB4XXMR4XXQG4XXXB4XY0R4XY4G4XYBB4XYER
685697,4XVFG4XVMB4XXMR4XXQG4XXXB4XY0R4XY4G4XYBB4XYER
825996,4XVFG4XVMB4XXMR4XXQG4XXXB4XY0R4XY4G4XYBB4XYER
685704,4XVFG4XVMB4XXMR4XXQG4XXXB4XY0R4XY4G4XYBB4XYER
861264,4XVFG4XVMB4XXMR4XXQG4XXXB4XY0R4XY4G4XYBB4XYER
685693,4XVFG4XVMB4XXMR4XXQG4XXXB4XY0R4XY4G4XYBB4XYER
685689,4XVFG4XVMB4XXMR4XXQG4XXXB4XY0R4XY4G4XYBB4XYER
685692,4XVFG4XVMB4XXMR4XXQG4XXXB4XY0R4XY4G4XYBB4XYER
645908,4XVFG4XVMB4XXMR4XXQG4XXXB4XY0R4XY4G4XYBB4XYER
681080,4XVFG4XVMB4XXMR4XXQG4XXXB4XY0R4XY4G4XYBB4XYER
681083,4XVFG4XVMB4XVMB4XXMR4XXQG4XXXB4XXXB4XY0R4XY4G
681086,4XVFG4XVMB4XXMR4XXQG4XXXB4XY0R4XY4G4XYBB4XYER
681071,4XVFG4XVMB4XXMR4XXQG4XXXB4XY0R4XY4G4XYBB4XYER
681069,4XVFG4XVMB4XXMR4XXQG4XXXB4XY0R4XY4G4XYBB4XYER
863837,4XVFG4XVMB4XXMR4XXQG4XXXB4XY0R4XY4G4XYBB4XYER
681075,4XVFG4XVMB4XXMR4XXQG4XXXB4XY0R4XY4G4XYBB4XYER
681084,4XVFG4XVMB4XXMR4XXQG4XXXB4XY0R4XY4G4XYBB4XYER
1003430,4XVFG4XVMB4XXMR4XXQG4XXXB4XY0R4XY4G4XYBB4XYER
686124,4XVFG4XVMB4XXQG4XXXB4XY4G4XYBB4Y0GG4Y0NB4Y0UG
684326,4XVFG4XVMB4XXQG4XXXB4XY4G4XYBB4Y0GG4Y0NB4Y0UG
863843,4XVFG4XVMB4XXMR4XXQG4XXXB4XY0R4XY4G4XYBB4XYER
686114,4XVFG4XVMB4XXMR4XXQG4XXXB4XY0R4XY4G4XYBB4XYER
681429,4XVFG4XVMB4XXMR4XXQG4XXXB4XY0R4XY4G4XYBB4XYER
681438,4XVFG4XVMB4XXMR4XXQG4XXXB4XY0R4XY4G4XYBB4XYER
685694,4XVFG4XVMB4XXQG4XXXB4XY4G4XYBB4Y0GG4Y0NB4Y0UG
1045226,4XVFG4XVMB4XXMR4XXQG4XXXB4XY0R4XY4G4XYBB4XYER
644484,4XVFG4XVMB4XXMR4XXQG4XXXB4XY0R4XY4G4XYBB4XYER
874832,4XVFG4XVMB4XXQG4XXXB4XY4G4XYBB4Y0GG4Y0NB4Y0UG
971927,4XVFG4XVMB4XXQG4XXXB4XY4G4XYBB4Y0GG4Y0NB4Y0UG
971910,4XVFG4XVMB4XXMR4XXQG4XXXB4XY0R4XY4G4XYBB4XYER
971909,4XVFG4XVMB4XXQG4XXXB4XY4G4XYBB4Y0GG4Y0NB4Y0UG
865503,4XVFG4XVMB4XXMR4XXQG4XXXB4XY0R4XY4G4XYBB4XYER
971913,4XVFG4XVMB4XXMR4XXQG4XXXB4XY0R4XY4G4XYBB4XYER
639552,4XVFG4XVMB4XXMR4XXQG4XXXB4XY0R4XY4G4XYBB4XYER
1093800,4XVFG4XVMB4XXQG4XXXB4XY4G4XYBB4Y0GG4Y0NB4Y0UG
1006923,4XVFG4XVMB4XXQG4XXXB4XY4G4XYBB4Y0GG4Y0NB4Y0UG
686554,4XVHG4XXLB4XXNR4XXSG4XXZB4XY1R4XY6G4XYDB4Y0DR
665633,4XVHG4XXLB4XXNR4XXSG4XXZB4XY1R4XY6G4XYDB4Y0DR
686557,4XVHG4XXLB4XXNR4XXSG4XXZB4XY1R4XY6G4XYDB4Y0DR
665635,4XVHG4XXLB4XXNR4XXSG4XXZB4XY1R4XY6G4XYDB4Y0DR
686568,4XVHG4XXLB4XXNR4XXSG4XXZB4XY1R4XY6G4XYDB4Y0DR
686566,4XVHG4XXLB4XXNR4XXSG4XXZB4XY1R4XY6G4XYDB4Y0DR
687791,4XVHG4XXLB4XXNR4XXSG4XXZB4XY1R4XY6G4XYDB4Y0DR
901939,4XVHG4XXLB4XXNR4XXSG4XXZB4XY1R4XY6G4XYDB4Y0DR
901938,4XVHG4XXLB4XXNR4XXSG4XXZB4XY1R4XY6G4XYDB4Y0DR
691212,4XVHG4XXLB4XXNR4XXSG4XXZB4XY1R4XY6G4XYDB4Y0DR
693166,4XVHG4XXLB4XXNR4XXSG4XXZB4XY1R4XY6G4XYDB4Y0DR
1024320,4XVHG4XXLB4XXNR4XXSG4XXZB4XY1R4XY6G4XYDB4Y0DR
691214,4XVHG4XXLB4XXSG4XXZB4XY6G4XYDB4Y0IG4Y0PB4Y0WG
691227,4XVHG4XXLB4XXNR4XXSG4XXZB4XY1R4XY6G4XYDB4Y0DR
901941,4XVHG4XXLB4XXNR4XXSG4XXZB4XY1R4XY6G4XYDB4Y0DR
691223,4XVHG4XXLB4XXNR4XXSG4XXZB4XY1R4XY6G4XYDB4Y0DR
691203,4XVHG4XXLB4XXNR4XXSG4XXZB4XY1R4XY6G4XYDB4Y0DR
691196,4XVHG4XXLB4XXNR4XXSG4XXZB4XY1R4XY6G4XYDB4Y0DR
691193,4XVHG4XXLB4XXNR4XXSG4XXZB4XY1R4XY6G4XYDB4Y0DR
690878,4XVHG4XXLB4XXNR4XXSG4XXZB4XY1R4XY6G4XYDB4Y0DR
691207,4XVHG4XXLB4XXNR4XXSG4XXZB4XY1R4XY6G4XYDB4Y0DR
693192,4XVHG4XXLB4XXNR4XXSG4XXZB4XY1R4XY6G4XYDB4Y0DR
691205,4XVHG4XXLB4XXNR4XXSG4XXZB4XY1R4XY6G4XYDB4Y0DR
691208,4XVHG4XXLB4XXSG4XXZB4XY6G4XYDB4Y0IG4Y0PB4Y0WG
691201,4XVHG4XXLB4XXNR4XXSG4XXZB4XY1R4XY6G4XYDB4Y0DR
651565,4XVHG4XXLB4XXNR4XXSG4XXZB4XY1R4XY6G4XYDB4Y0DR
665265,4XVHG4XXLB4XXNR4XXSG4XXZB4XY1R4XY6G4XYDB4Y0DR
665263,4XVHG4XXLB4XXSG4XXZB4XY6G4XYDB4Y0IG4Y0PB4Y0WG
693184,4XVHG4XXLB4XXNR4XXSG4XXZB4XY1R4XY6G4XYDB4Y0DR
1000399,4XVHG4XXLB4XXNR4XXSG4XXZB4XY1R4XY6G4XYDB4Y0DR
687737,4XVHG4XXLB4XXNR4XXSG4XXZB4XY1R4XY6G4XYDB4Y0DR
1006807,4XVHG4XXLB4XXNR4XXSG4XXZB4XY1R4XY6G4XYDB4Y0DR
728113,4XVHG4XXLB4XXNR4XXSG4XXZB4XY1R4XY6G4XYDB4Y0DR
728114,4XVHG4XXLB4XXNR4XXSG4XXZB4XY1R4XY6G4XYDB4Y0DR
1019266,4XVHG4XXLB4XXNR4XXSG4XXZB4XY1R4XY6G4XYDB4Y0DR
1008831,4XVER4XVFB4XVMG4XXPR4XXQB4XXXG4XY3R4XY4B4XYBG
1008832,4XVER4XVFB4XVMG4XXPR4XXQB4XXXG4XY3R4XY4B4XYBG
1008833,4XVER4XVFB4XVMG4XXPR4XXQB4XXXG4XY3R4XY4B4XYBG
1008822,4XVER4XVFB4XVMG4XXPR4XXQB4XXXG4XY3R4XY4B4XYBG
1008823,4XVER4XVFB4XVMG4XXPR4XXQB4XXXG4XY3R4XY4B4XYBG
1008824,4XVER4XVFB4XVMG4XXPR4XXQB4XXXG4XY3R4XY4B4XYBG
1008825,4XVER4XVFB4XVMG4XXPR4XXQB4XXXG4XY3R4XY4B4XYBG
1008826,4XVER4XVFB4XVMG4XXPR4XXQB4XXXG4XY3R4XY4B4XYBG
1008827,4XVER4XVFB4XVMG4XXPR4XXQB4XXXG4XY3R4XY4B4XYBG
1008828,4XVER4XVFB4XVMG4XXPR4XXQB4XXXG4XY3R4XY4B4XYBG
1008829,4XVER4XVFB4XVMG4XXPR4XXQB4XXXG4XY3R4XY4B4XYBG
1008830,4XVER4XVFB4XVMG4XXPR4XXQB4XXXG4XY3R4XY4B4XYBG
919727,4XVJB4XXNG4XXUB4XY1G4XY8B4Y0DG4Y0KB4Y0RG4Y0YB
922056,4XVJB4XVNR4XXNG4XXUB4XXYR4XY1G4XY8B4XYCR4Y0DG
922100,4XVJB4XVNR4XXNG4XXUB4XXYR4XY1G4XY8B4XYCR4Y0DG
774967,4XVJB4XVNR4XXNG4XXUB4XXYR4XY1G4XY8B4XYCR4Y0DG
877800,4XVJB4XXNG4XXUB4XY1G4XY8B4Y0DG4Y0KB4Y0RG4Y0YB
1017860,4XVJB4XVNR4XXNG4XXUB4XXYR4XY1G4XY8B4XYCR4Y0DG
877770,4XVJB4XXNG4XXUB4XY1G4XY8B4Y0DG4Y0KB4Y0RG4Y0YB
921477,4XVJB4XVNR4XXNG4XXUB4XXYR4XY1G4XY8B4XYCR4Y0DG
966761,4XVJB4XXNG4XXUB4XY1G4XY8B4Y0DG4Y0KB4Y0RG4Y0YB
994528,4XVJB4XVNR4XXNG4XXUB4XXYR4XY1G4XY8B4XYCR4Y0DG
774986,4XVJB4XVNR4XXNG4XXUB4XXYR4XY1G4XY8B4XYCR4Y0DG
925556,4XVJB4XXNG4XXUB4XY1G4XY8B4Y0DG4Y0KB4Y0RG4Y0YB
925543,4XVJB4XVNR4XXNG4XXUB4XXYR4XY1G4XY8B4XYCR4Y0DG
777991,4XVJB4XVNR4XXNG4XXUB4XXYR4XY1G4XY8B4XYCR4Y0DG
924152,4XVJB4XVNR4XXNG4XXUB4XXYR4XY1G4XY8B4XYCR4Y0DG
925494,4XVJB4XVNR4XXNG4XXUB4XXYR4XY1G4XY8B4XYCR4Y0DG
925505,4XVJB4XVNR4XXNG4XXUB4XXYR4XY1G4XY8B4XYCR4Y0DG
925486,4XVJB4XVNR4XXNG4XXUB4XXYR4XY1G4XY8B4XYCR4Y0DG
920395,4XVJB4XVNR4XXNG4XXUB4XXYR4XY1G4XY8B4XYCR4Y0DG
779660,4XVJB4XXNG4XXUB4XY1G4XY8B4Y0DG4Y0KB4Y0RG4Y0YB
878231,4XVJB4XXNG4XXUB4XY1G4XY8B4Y0DG4Y0KB4Y0RG4Y0YB
989760,4XVJB4XVNR4XXNG4XXUB4XXYR4XY1G4XY8B4XYCR4Y0DG
920375,4XVJB4XVNR4XXNG4XXUB4XXYR4XY1G4XY8B4XYCR4Y0DG
920319,4XVJB4XVNR4XXNG4XXUB4XXYR4XY1G4XY8B4XYCR4Y0DG
920337,4XVJB4XVNR4XXNG4XXUB4XXYR4XY1G4XY8B4XYCR4Y0DG
779671,4XVJB4XVNR4XXNG4XXUB4XXYR4XY1G4XY8B4XYCR4Y0DG
920333,4XVJB4XVNR4XXNG4XXUB4XXYR4XY1G4XY8B4XYCR4Y0DG
920341,4XVJB4XXNG4XXUB4XY1G4XY8B4Y0DG4Y0KB4Y0RG4Y0YB
920332,4XVJB4XVNR4XXNG4XXUB4XXYR4XY1G4XY8B4XYCR4Y0DG
968476,4XVJB4XVNR4XXNG4XXUB4XXYR4XY1G4XY8B4XYCR4Y0DG
968483,4XVJB4XVNR4XXNG4XXUB4XXYR4XY1G4XY8B4XYCR4Y0DG
921466,4XVJB4XVNR4XXNG4XXUB4XXYR4XY1G4XY8B4XYCR4Y0DG
920326,4XVJB4XVNR4XXNG4XXUB4XXYR4XY1G4XY8B4XYCR4Y0DG
925902,4XVJB4XVNR4XXNG4XXUB4XXYR4XY1G4XY8B4XYCR4Y0DG
779276,4XVJB4XVNR4XXNG4XXUB4XXYR4XY1G4XY8B4XYCR4Y0DG
920323,4XVJB4XVNR4XXNG4XXUB4XXYR4XY1G4XY8B4XYCR4Y0DG
920316,4XVJB4XVNR4XXNG4XXUB4XXYR4XY1G4XY8B4XYCR4Y0DG
920410,4XVJB4XVNR4XXNG4XXUB4XXYR4XY1G4XY8B4XYCR4Y0DG
920735,4XVJB4XVNR4XXNG4XXUB4XXYR4XY1G4XY8B4XYCR4Y0DG
920405,4XVJB4XVNR4XXNG4XXUB4XXYR4XY1G4XY8B4XYCR4Y0DG
920742,4XVJB4XVNR4XXNG4XXUB4XXYR4XY1G4XY8B4XYCR4Y0DG
920398,4XVJB4XVNR4XXNG4XXUB4XXYR4XY1G4XY8B4XYCR4Y0DG
877773,4XXNG4XY1G4Y0DG4Y0RG4Y15G4Y3GG
989757,4XVJB4XVNR4XXNG4XXUB4XXYR4XY1G4XY8B4XYCR4Y0DG
1005317,4XVJB4XVNR4XXNG4XXUB4XXYR4XY1G4XY8B4XYCR4Y0DG
920394,4XVJB4XVNR4XXNG4XXUB4XXYR4XY1G4XY8B4XYCR4Y0DG
920387,4XVJB4XVNR4XXNG4XXUB4XXYR4XY1G4XY8B4XYCR4Y0DG
925490,4XVJB4XVNR4XXNG4XXUB4XXYR4XY1G4XY8B4XYCR4Y0DG
925482,4XVJB4XVNR4XXNG4XXUB4XXYR4XY1G4XY8B4XYCR4Y0DG
922047,4XVJB4XVNR4XXNG4XXUB4XXYR4XY1G4XY8B4XYCR4Y0DG
922117,4XVJB4XVNR4XXNG4XXUB4XXYR4XY1G4XY8B4XYCR4Y0DG
922129,4XVJB4XVNR4XXNG4XXUB4XXYR4XY1G4XY8B4XYCR4Y0DG
922147,4XVJB4XVNR4XXNG4XXUB4XXYR4XY1G4XY8B4XYCR4Y0DG
922137,4XVJB4XVNR4XXNG4XXUB4XXYR4XY1G4XY8B4XYCR4Y0DG
953434,4XVGB4XVNG4XXRB4XXYG4XY5B4XYCG4Y0HB4Y0OG4Y0VB
953435,4XVGB4XVNG4XXRB4XXYG4XY5B4XYCG4Y0HB4Y0OG4Y0VB
953436,4XVGB4XVNG4XXRB4XXYG4XY5B4XYCG4Y0HB4Y0OG4Y0VB
953437,4XVGB4XVNG4XXRB4XXYG4XY5B4XYCG4Y0HB4Y0OG4Y0VB
953438,4XVGB4XVNG4XXRB4XXYG4XY5B4XYCG4Y0HB4Y0OG4Y0VB
953439,4XVGB4XVNG4XXRB4XXYG4XY5B4XYCG4Y0HB4Y0OG4Y0VB
953440,4XVGB4XVNG4XXRB4XXYG4XY5B4XYCG4Y0HB4Y0OG4Y0VB
953441,4XVGB4XVNG4XXRB4XXYG4XY5B4XYCG4Y0HB4Y0OG4Y0VB
953442,4XVGB4XVNG4XXRB4XXYG4XY5B4XYCG4Y0HB4Y0OG4Y0VB
953425,4XVGB4XVNG4XXRB4XXYG4XY5B4XYCG4Y0HB4Y0OG4Y0VB
953443,4XVGB4XVNG4XXRB4XXYG4XY5B4XYCG4Y0HB4Y0OG4Y0VB
953444,4XVGB4XVNG4XXRB4XXYG4XY5B4XYCG4Y0HB4Y0OG4Y0VB
953445,4XVGB4XVNG4XXRB4XXYG4XY5B4XYCG4Y0HB4Y0OG4Y0VB
953446,4XVGB4XVNG4XXRB4XXYG4XY5B4XYCG4Y0HB4Y0OG4Y0VB
953447,4XVGB4XVNG4XXRB4XXYG4XY5B4XYCG4Y0HB4Y0OG4Y0VB
953448,4XVGB4XVNG4XXRB4XXYG4XY5B4XYCG4Y0HB4Y0OG4Y0VB
953449,4XVGB4XVNG4XXRB4XXYG4XY5B4XYCG4Y0HB4Y0OG4Y0VB
953450,4XVGB4XVNG4XXRB4XXYG4XY5B4XYCG4Y0HB4Y0OG4Y0VB
790396,4XVGB4XVNG4XXRB4XXYG4XY5B4XYCG4Y0HB4Y0OG4Y0VB
953451,4XVGB4XVNG4XXRB4XXYG4XY5B4XYCG4Y0HB4Y0OG4Y0VB
953426,4XVGB4XVNG4XXRB4XXYG4XY5B4XYCG4Y0HB4Y0OG4Y0VB
953452,4XVGB4XVNG4XXRB4XXYG4XY5B4XYCG4Y0HB4Y0OG4Y0VB
953453,4XVGB4XVNG4XXRB4XXYG4XY5B4XYCG4Y0HB4Y0OG4Y0VB
953427,4XVGB4XVNG4XXRB4XXYG4XY5B4XYCG4Y0HB4Y0OG4Y0VB
953428,4XVGB4XVNG4XXRB4XXYG4XY5B4XYCG4Y0HB4Y0OG4Y0VB
953429,4XVGB4XVNG4XXRB4XXYG4XY5B4XYCG4Y0HB4Y0OG4Y0VB
953430,4XVGB4XVNG4XXRB4XXYG4XY5B4XYCG4Y0HB4Y0OG4Y0VB
953431,4XVGB4XVNG4XXRB4XXYG4XY5B4XYCG4Y0HB4Y0OG4Y0VB
953432,4XVGB4XVNG4XXRB4XXYG4XY5B4XYCG4Y0HB4Y0OG4Y0VB
953433,4XVGB4XVNG4XXRB4XXYG4XY5B4XYCG4Y0HB4Y0OG4Y0VB
799986,4XVGG4XVHR4XVNB4XXRG4XXSR4XXYB4XY5G4XY6R4XYCB
789520,4XVGG4XVNB4XXRG4XXYB4XY5G4XYCB4Y0HG4Y0OB4Y0VG
823996,4XVHR4XVIB4XXMG4XXSR4XXTB4XY0G4XY6R4XY7B4XYEG
713058,4XVGG4XVNB4XXRG4XXYB4XY5G4XYCB4Y0HG4Y0OB4Y0VG
1049107,4XVGG4XVNB4XXRG4XXYB4XY5G4XYCB4Y0HG4Y0OB4Y0VG
949906,4XVGG4XVNB4XXRG4XXYB4XY5G4XYCB4Y0HG4Y0OB4Y0VG
899172,4XVHR4XVIB4XXMG4XXSR4XXTB4XY0G4XY6R4XY7B4XYEG
693873,4XVGG4XVNB4XXRG4XXYB4XY5G4XYCB4Y0HG4Y0OB4Y0VG
1016794,4XVGG4XVNB4XXRG4XXYB4XY5G4XYCB4Y0HG4Y0OB4Y0VG
879021,4XVGG4XVNB4XXRG4XXYB4XY5G4XYCB4Y0HG4Y0OB4Y0VG
758480,4XVHR4XVIB4XXMG4XXSR4XXTB4XY0G4XY6R4XY7B4XYEG
948559,4XVGG4XVNB4XXRG4XXYB4XY5G4XYCB4Y0HG4Y0OB4Y0VG
829303,4XVGG4XVNB4XXRG4XXYB4XY5G4XYCB4Y0HG4Y0OB4Y0VG
824064,4XVGG4XVHR4XVNB4XXRG4XXSR4XXYB4XY5G4XY6R4XYCB
992775,4XVGG4XVNB4XXRG4XXYB4XY5G4XYCB4Y0HG4Y0OB4Y0VG
758849,4XVHR4XVIB4XXMG4XXSR4XXTB4XY0G4XY6R4XY7B4XYEG
1003573,4XVGG4XVNB4XXRG4XXYB4XY5G4XYCB4Y0HG4Y0OB4Y0VG
1017836,4XVGG4XVNB4XXRG4XXYB4XY5G4XYCB4Y0HG4Y0OB4Y0VG
1010666,4XVGG4XVNB4XXRG4XXYB4XY5G4XYCB4Y0HG4Y0OB4Y0VG
1017837,4XVGG4XVNB4XXRG4XXYB4XY5G4XYCB4Y0HG4Y0OB4Y0VG
799985,4XVGG4XVHR4XVNB4XXRG4XXSR4XXYB4XY5G4XY6R4XYCB
994044,4XVGG4XVNB4XXRG4XXYB4XY5G4XYCB4Y0HG4Y0OB4Y0VG
843993,4XVGG4XVNB4XXRG4XXYB4XY5G4XYCB4Y0HG4Y0OB4Y0VG
744503,4XVGG4XVNB4XXRG4XXYB4XY5G4XYCB4Y0HG4Y0OB4Y0VG
843988,4XVGG4XVNB4XXRG4XXYB4XY5G4XYCB4Y0HG4Y0OB4Y0VG
843967,4XVGG4XVNB4XXRG4XXYB4XY5G4XYCB4Y0HG4Y0OB4Y0VG
843970,4XVGG4XVNB4XXRG4XXYB4XY5G4XYCB4Y0HG4Y0OB4Y0VG
713056,4XVGG4XVNB4XXRG4XXYB4XY5G4XYCB4Y0HG4Y0OB4Y0VG
758472,4XVHR4XVIB4XXMG4XXSR4XXTB4XY0G4XY6R4XY7B4XYEG
826603,4XVHR4XVIB4XXMG4XXSR4XXTB4XY0G4XY6R4XY7B4XYEG
743311,4XVHR4XVIB4XXMG4XXSR4XXTB4XY0G4XY6R4XY7B4XYEG
788442,4XVGG4XVHR4XVNB4XXRG4XXSR4XXYB4XY5G4XY6R4XYCB
899173,4XVHR4XVIB4XXMG4XXSR4XXTB4XY0G4XY6R4XY7B4XYEG
799983,4XVHR4XVIB4XXMG4XXSR4XXTB4XY0G4XY6R4XY7B4XYEG
759259,4XVHR4XVIB4XXMG4XXSR4XXTB4XY0G4XY6R4XY7B4XYEG
758854,4XVHR4XVJB4XXNG4XXSR4XXUB4XY1G4XY6R4XY8B4Y0DG
758845,4XVGG4XVHR4XVNB4XXRG4XXSR4XXYB4XY5G4XY6R4XYCB
758477,4XVHR4XVIB4XXMG4XXSR4XXTB4XY0G4XY6R4XY7B4XYEG
1012513,4XVHR4XVIB4XXMG4XXSR4XXTB4XY0G4XY6R4XY7B4XYEG
823993,4XVHR4XVJB4XXNG4XXSR4XXUB4XY1G4XY6R4XY8B4Y0DG
899174,4XVGG4XVHR4XVNB4XXRG4XXSR4XXYB4XY5G4XY6R4XYCB
948592,4XVIB4XXMG4XXTB4XY0G4XY7B4XYEG4Y0JB4Y0QG4Y0XB
941260,4XVHR4XVIB4XXMG4XXSR4XXTB4XY0G4XY6R4XY7B4XYEG
941261,4XVGG4XVNB4XXRG4XXYB4XY5G4XYCB4Y0HG4Y0OB4Y0VG
758482,4XVHR4XVIB4XXMG4XXSR4XXTB4XY0G4XY6R4XY7B4XYEG
641479,4XVEB4XVEG4XVLB4XXPB4XXWB4XY3B4XY3G4XYAB4Y0FB
641465,4XVEB4XVEG4XVLB4XXPB4XXWB4XY3B4XY3G4XYAB4Y0FB
641471,4XVEB4XVEG4XVLB4XXPB4XXWB4XY3B4XY3G4XYAB4Y0FB
642620,4XVEB4XVEG4XVLB4XXPB4XXWB4XY3B4XY3G4XYAB4Y0FB
1008159,4XVEB4XVEG4XVLB4XXPB4XXWB4XY3B4XY3G4XYAB4Y0FB
971885,4XVEB4XVEG4XVLB4XXPB4XXWB4XY3B4XY3G4XYAB4Y0FB
641487,4XVEB4XVEG4XVLB4XXPB4XXWB4XY3B4XY3G4XYAB4Y0FB
971899,4XVEB4XVEG4XVLB4XXPB4XXWB4XY3B4XY3G4XYAB4Y0FB
971889,4XVEB4XVEG4XVLB4XXPB4XXWB4XY3B4XY3G4XYAB4Y0FB
971890,4XVEB4XVEG4XVLB4XXPB4XXWB4XY3B4XY3G4XYAB4Y0FB
825943,4XVEB4XVEG4XVLB4XXPB4XXWB4XY3B4XY3G4XYAB4Y0FB
1123630,4XVEB4XVEG4XVLB4XXPB4XXWB4XY3B4XY3G4XYAB4Y0FB
1123631,4XVEB4XVEG4XVLB4XXPB4XXWB4XY3B4XY3G4XYAB4Y0FB
1123632,4XVEB4XVEG4XVLB4XXPB4XXWB4XY3B4XY3G4XYAB4Y0FB
1123633,4XVEB4XVEG4XVLB4XXPB4XXWB4XY3B4XY3G4XYAB4Y0FB
1123634,4XVEB4XVEG4XVLB4XXPB4XXWB4XY3B4XY3G4XYAB4Y0FB
1123635,4XVEB4XVEG4XVLB4XXPB4XXWB4XY3B4XY3G4XYAB4Y0FB
781440,4XVEB4XVEG4XVLB4XXPB4XXWB4XY3B4XY3G4XYAB4Y0FB
641463,4XVEB4XVEG4XVLB4XXPB4XXWB4XY3B4XY3G4XYAB4Y0FB
641460,4XVEB4XVEG4XVLB4XXPB4XXWB4XY3B4XY3G4XYAB4Y0FB
642619,4XVEB4XVEG4XVLB4XXPB4XXWB4XY3B4XY3G4XYAB4Y0FB
899175,4XVEB4XVEG4XVLB4XXPB4XXWB4XY3B4XY3G4XYAB4Y0FB
642617,4XVEB4XVEG4XVLB4XXPB4XXWB4XY3B4XY3G4XYAB4Y0FB
644509,4XVEB4XVEG4XVLB4XXPB4XXWB4XY3B4XY3G4XYAB4Y0FB
644517,4XVEB4XVEG4XVLB4XXPB4XXWB4XY3B4XY3G4XYAB4Y0FB
861311,4XVEB4XVEG4XVLB4XXPB4XXWB4XY3B4XY3G4XYAB4Y0FB
644512,4XVEB4XVEG4XVLB4XXPB4XXWB4XY3B4XY3G4XYAB4Y0FB
644511,4XVEB4XVEG4XVLB4XXPB4XXWB4XY3B4XY3G4XYAB4Y0FB
644513,4XVEB4XVEG4XVLB4XXPB4XXWB4XY3B4XY3G4XYAB4Y0FB
865501,4XVEB4XVEG4XVLB4XXPB4XXWB4XY3B4XY3G4XYAB4Y0FB
684471,4XVEB4XVEG4XVLB4XXPB4XXWB4XY3B4XY3G4XYAB4Y0FB
1039170,4XVEB4XVEG4XVLB4XXPB4XXWB4XY3B4XY3G4XYAB4Y0FB
864192,4XVEB4XVEG4XVLB4XXPB4XXWB4XY3B4XY3G4XYAB4Y0FB
830613,4XVEB4XVEG4XVLB4XXPB4XXWB4XY3B4XY3G4XYAB4Y0FB
682352,4XVEB4XVEG4XVLB4XXPB4XXWB4XY3B4XY3G4XYAB4Y0FB
682353,4XVEB4XVEG4XVLB4XXPB4XXWB4XY3B4XY3G4XYAB4Y0FB
682355,4XVEB4XVEG4XVLB4XXPB4XXWB4XY3B4XY3G4XYAB4Y0FB
1039168,4XVEB4XVEG4XVLB4XXPB4XXWB4XY3B4XY3G4XYAB4Y0FB
682344,4XVEB4XVEG4XVLB4XXPB4XXWB4XY3B4XY3G4XYAB4Y0FB
861312,4XVEB4XVEG4XVLB4XXPB4XXWB4XY3B4XY3G4XYAB4Y0FB
682341,4XVEB4XVEG4XVLB4XXPB4XXWB4XY3B4XY3G4XYAB4Y0FB
999114,4XVEB4XVEG4XVLB4XXPB4XXWB4XY3B4XY3G4XYAB4Y0FB
830611,4XVEB4XVEG4XVLB4XXPB4XXWB4XY3B4XY3G4XYAB4Y0FB
682301,4XVEB4XVEG4XVLB4XXPB4XXWB4XY3B4XY3G4XYAB4Y0FB
684465,4XVEB4XVEG4XVLB4XXPB4XXWB4XY3B4XY3G4XYAB4Y0FB
644856,4XVEB4XVEG4XVLB4XXPB4XXWB4XY3B4XY3G4XYAB4Y0FB
865505,4XVEB4XVEG4XVLB4XXPB4XXWB4XY3B4XY3G4XYAB4Y0FB
641453,4XVEB4XVEG4XVLB4XXPB4XXWB4XY3B4XY3G4XYAB4Y0FB
684474,4XVEB4XVEG4XVLB4XXPB4XXWB4XY3B4XY3G4XYAB4Y0FB
686113,4XVEB4XVEG4XVLB4XXPB4XXWB4XY3B4XY3G4XYAB4Y0FB
864189,4XVEB4XVEG4XVLB4XXPB4XXWB4XY3B4XY3G4XYAB4Y0FB
865504,4XVEB4XVEG4XVLB4XXPB4XXWB4XY3B4XY3G4XYAB4Y0FB
863825,4XVEB4XVEG4XVLB4XXPB4XXWB4XY3B4XY3G4XYAB4Y0FB
680972,4XVEB4XVEG4XVLB4XXPB4XXWB4XY3B4XY3G4XYAB4Y0FB
863827,4XVEB4XVEG4XVLB4XXPB4XXWB4XY3B4XY3G4XYAB4Y0FB
991605,4XVEB4XVEG4XVLB4XXPB4XXWB4XY3B4XY3G4XYAB4Y0FB
641277,4XVEB4XVEG4XVLB4XXPB4XXWB4XY3B4XY3G4XYAB4Y0FB
680984,4XVEB4XVEG4XVLB4XXPB4XXWB4XY3B4XY3G4XYAB4Y0FB
641285,4XVEB4XVEG4XVLB4XXPB4XXWB4XY3B4XY3G4XYAB4Y0FB
682286,4XVEB4XVEG4XVLB4XXPB4XXWB4XY3B4XY3G4XYAB4Y0FB
680629,4XVEB4XVEG4XVLB4XXPB4XXWB4XY3B4XY3G4XYAB4Y0FB
682366,4XVEB4XVEG4XVLB4XXPB4XXWB4XY3B4XY3G4XYAB4Y0FB
864200,4XVEB4XVEG4XVLB4XXPB4XXWB4XY3B4XY3G4XYAB4Y0FB
682390,4XVEB4XVEG4XVLB4XXPB4XXWB4XY3B4XY3G4XYAB4Y0FB
682386,4XVEB4XVEG4XVLB4XXPB4XXWB4XY3B4XY3G4XYAB4Y0FB
683661,4XVEB4XVEG4XVLB4XXPB4XXWB4XY3B4XY3G4XYAB4Y0FB
682391,4XVEB4XVEG4XVLB4XXPB4XXWB4XY3B4XY3G4XYAB4Y0FB
864197,4XVEB4XVEG4XVLB4XXLR4XXPB4XXWB4XXZR4XY3B4XY3G
864198,4XVEB4XVEG4XVLB4XXPB4XXWB4XY3B4XY3G4XYAB4Y0FB
682383,4XVEB4XVEG4XVLB4XXPB4XXWB4XY3B4XY3G4XYAB4Y0FB
679617,4XVEB4XVEG4XVLB4XXLR4XXPB4XXWB4XXZR4XY3B4XY3G
683993,4XVEB4XVEG4XVLB4XXLR4XXPB4XXWB4XXZR4XY3B4XY3G
862526,4XVEB4XVEG4XVLB4XXPB4XXWB4XY3B4XY3G4XYAB4Y0FB
685764,4XVEB4XVEG4XVLB4XXPB4XXWB4XY3B4XY3G4XYAB4Y0FB
685768,4XVEB4XVEG4XVLB4XXLR4XXPB4XXWB4XXZR4XY3B4XY3G
862552,4XVEB4XVEG4XVLB4XXPB4XXWB4XY3B4XY3G4XYAB4Y0FB
685756,4XVEB4XVEG4XVLB4XXPB4XXWB4XY3B4XY3G4XYAB4Y0FB
685754,4XVEB4XVEG4XVLB4XXPB4XXWB4XY3B4XY3G4XYAB4Y0FB
686103,4XVEB4XVEG4XVLB4XXPB4XXWB4XY3B4XY3G4XYAB4Y0FB
818800,4XVEB4XVEG4XVLB4XXPB4XXWB4XY3B4XY3G4XYAB4Y0FB
1034234,4XVEB4XVEG4XVLB4XXLR4XXPB4XXWB4XXZR4XY3B4XY3G
683663,4XVEB4XVEG4XVLB4XXPB4XXWB4XY3B4XY3G4XYAB4Y0FB
864195,4XVEB4XVEG4XVLB4XXLR4XXPB4XXWB4XXZR4XY3B4XY3G
682372,4XVEB4XVEG4XVLB4XXPB4XXWB4XY3B4XY3G4XYAB4Y0FB
1039169,4XVEB4XVEG4XVLB4XXPB4XXWB4XY3B4XY3G4XYAB4Y0FB
788675,4XVEB4XVEG4XVLB4XXPB4XXWB4XY3B4XY3G4XYAB4Y0FB
682367,4XVEB4XVEG4XVLB4XXPB4XXWB4XY3B4XY3G4XYAB4Y0FB
682362,4XVEB4XVEG4XVLB4XXPB4XXWB4XY3B4XY3G4XYAB4Y0FB
1123612,4XVEB4XVEG4XVLB4XXPB4XXWB4XY3B4XY3G4XYAB4Y0FB
1123624,4XVEB4XVEG4XVLB4XXPB4XXWB4XY3B4XY3G4XYAB4Y0FB
1123618,4XVEB4XVEG4XVLB4XXPB4XXWB4XY3B4XY3G4XYAB4Y0FB
1123613,4XVEB4XVEG4XVLB4XXPB4XXWB4XY3B4XY3G4XYAB4Y0FB
1123625,4XVEB4XVEG4XVLB4XXPB4XXWB4XY3B4XY3G4XYAB4Y0FB
1123619,4XVEB4XVEG4XVLB4XXPB4XXWB4XY3B4XY3G4XYAB4Y0FB
1123614,4XVEB4XVEG4XVLB4XXPB4XXWB4XY3B4XY3G4XYAB4Y0FB
1123626,4XVEB4XVEG4XVLB4XXPB4XXWB4XY3B4XY3G4XYAB4Y0FB
1123620,4XVEB4XVEG4XVLB4XXPB4XXWB4XY3B4XY3G4XYAB4Y0FB
1123615,4XVEB4XVEG4XVLB4XXPB4XXWB4XY3B4XY3G4XYAB4Y0FB
1123627,4XVEB4XVEG4XVLB4XXPB4XXWB4XY3B4XY3G4XYAB4Y0FB
1123621,4XVEB4XVEG4XVLB4XXPB4XXWB4XY3B4XY3G4XYAB4Y0FB
1123616,4XVEB4XVEG4XVLB4XXPB4XXWB4XY3B4XY3G4XYAB4Y0FB
1123628,4XVEB4XVEG4XVLB4XXPB4XXWB4XY3B4XY3G4XYAB4Y0FB
1123622,4XVEB4XVEG4XVLB4XXPB4XXWB4XY3B4XY3G4XYAB4Y0FB
1123617,4XVEB4XVEG4XVLB4XXPB4XXWB4XY3B4XY3G4XYAB4Y0FB
1123629,4XVEB4XVEG4XVLB4XXPB4XXWB4XY3B4XY3G4XYAB4Y0FB
1123623,4XVEB4XVEG4XVLB4XXPB4XXWB4XY3B4XY3G4XYAB4Y0FB
686088,4XVEB4XVEG4XVLB4XXPB4XXWB4XY3B4XY3G4XYAB4Y0FB
686091,4XVEB4XVEG4XVLB4XXPB4XXWB4XY3B4XY3G4XYAB4Y0FB
1003429,4XVEB4XVEG4XVLB4XXPB4XXWB4XY3B4XY3G4XYAB4Y0FB
826004,4XVEB4XVEG4XVLB4XXPB4XXWB4XY3B4XY3G4XYAB4Y0FB
862543,4XVEB4XVEG4XVLB4XXPB4XXWB4XY3B4XY3G4XYAB4Y0FB
686185,4XVEB4XVEG4XVLB4XXPB4XXWB4XY3B4XY3G4XYAB4Y0FB
685714,4XVEB4XVEG4XVLB4XXPB4XXWB4XY3B4XY3G4XYAB4Y0FB
685708,4XVEB4XVEG4XVLB4XXPB4XXWB4XY3B4XY3G4XYAB4Y0FB
685706,4XVEB4XVEG4XVLB4XXPB4XXWB4XY3B4XY3G4XYAB4Y0FB
685717,4XVEB4XVEG4XVLB4XXLR4XXPB4XXWB4XXZR4XY3B4XY3G
686096,4XVEB4XVEG4XVLB4XXLR4XXPB4XXWB4XXZR4XY3B4XY3G
685719,4XVEB4XVEG4XVLB4XXLR4XXPB4XXWB4XXZR4XY3B4XY3G
1039726,4XVEB4XVEG4XVLB4XXLR4XXPB4XXWB4XXZR4XY3B4XY3G
1039166,4XVEB4XVEG4XVLB4XXLR4XXPB4XXWB4XXZR4XY3B4XY3G
686184,4XVEB4XVEG4XVLB4XXPB4XXWB4XY3B4XY3G4XYAB4Y0FB
1003434,4XVEB4XVEG4XVLB4XXLR4XXPB4XXWB4XXZR4XY3B4XY3G
862551,4XVEB4XVEG4XVLB4XXLR4XXPB4XXWB4XXZR4XY3B4XY3G
1039165,4XVEB4XVEG4XVLB4XXPB4XXWB4XY3B4XY3G4XYAB4Y0FB
686102,4XVEB4XVEG4XVLB4XXPB4XXWB4XY3B4XY3G4XYAB4Y0FB
826000,4XVEB4XVEG4XVLB4XXPB4XXWB4XY3B4XY3G4XYAB4Y0FB
1047071,4XVEB4XVEG4XVLB4XXLR4XXPB4XXWB4XXZR4XY3B4XY3G
1123606,4XVEB4XVEG4XVLB4XXPB4XXWB4XY3B4XY3G4XYAB4Y0FB
1123607,4XVEB4XVEG4XVLB4XXPB4XXWB4XY3B4XY3G4XYAB4Y0FB
1123608,4XVEB4XVEG4XVLB4XXPB4XXWB4XY3B4XY3G4XYAB4Y0FB
1123609,4XVEB4XVEG4XVLB4XXPB4XXWB4XY3B4XY3G4XYAB4Y0FB
1123610,4XVEB4XVEG4XVLB4XXPB4XXWB4XY3B4XY3G4XYAB4Y0FB
1123611,4XVEB4XVEG4XVLB4XXPB4XXWB4XY3B4XY3G4XYAB4Y0FB
734552,4XVFB4XVGB4XVMG4XVNG4XXQB4XXRB4XXXG4XXYG4XY4B
668838,4XVER4XVFB4XVGB4XVMG4XVNG4XXPR4XXQB4XXRB4XXXG
668861,4XVFB4XVGB4XVMG4XVNG4XXQB4XXRB4XXXG4XXYG4XY4B
700819,4XVFB4XVGB4XVMG4XVNG4XXQB4XXRB4XXXG4XXYG4XY4B
708240,4XVER4XVFB4XVGB4XVMG4XVNG4XXPR4XXQB4XXRB4XXXG
739906,4XVER4XVFB4XVGB4XVMG4XVNG4XXPR4XXQB4XXRB4XXXG
708243,4XVFB4XVGB4XVMG4XVNG4XXQB4XXRB4XXXG4XXYG4XY4B
733368,4XVER4XXPR4XY3R4Y0FR4Y0TR4Y17R4Y3IR
706579,4XVER4XVFB4XVGB4XVMG4XVNG4XXPR4XXQB4XXRB4XXXG
733361,4XVER4XVFB4XVGB4XVMG4XVNG4XXPR4XXQB4XXRB4XXXG
712004,4XVER4XVFB4XVGB4XVMG4XVNG4XXPR4XXQB4XXRB4XXXG
668806,4XVER4XVFB4XVGB4XVMG4XVNG4XXPR4XXQB4XXRB4XXXG
706587,4XVER4XVFB4XVGB4XVMG4XVNG4XXPR4XXQB4XXRB4XXXG
667494,4XVER4XVFB4XVGB4XVMG4XVNG4XXPR4XXQB4XXRB4XXXG
711992,4XVER4XVFB4XVGB4XVMG4XVNG4XXPR4XXQB4XXRB4XXXG
708261,4XVFB4XVGB4XVMG4XVNG4XXQB4XXRB4XXXG4XXYG4XY4B
734553,4XVFB4XVGB4XVMG4XVNG4XXQB4XXRB4XXXG4XXYG4XY4B
706076,4XVFB4XVGB4XVMG4XVNG4XXQB4XXRB4XXXG4XXYG4XY4B
680551,4XVHB4XXLG4XXNR4XXSB4XXZG4XY1R4XY6B4XYDG4Y0DR
680553,4XVHB4XXLG4XXNR4XXSB4XXZG4XY1R4XY6B4XYDG4Y0DR
686105,4XVHB4XXLG4XXNR4XXSB4XXZG4XY1R4XY6B4XYDG4Y0DR
862536,4XVHB4XXLG4XXSB4XXZG4XY6B4XYDG4Y0IB4Y0PG4Y0WB
862537,4XVHB4XXLG4XXSB4XXZG4XY6B4XYDG4Y0IB4Y0PG4Y0WB
680555,4XVHB4XXLG4XXNR4XXSB4XXZG4XY1R4XY6B4XYDG4Y0DR
680538,4XVHB4XXLG4XXNR4XXSB4XXZG4XY1R4XY6B4XYDG4Y0DR
682755,4XVHB4XXLG4XXSB4XXZG4XY6B4XYDG4Y0IB4Y0PG4Y0WB
680558,4XVHB4XXLG4XXNR4XXSB4XXZG4XY1R4XY6B4XYDG4Y0DR
682764,4XVHB4XXLG4XXNR4XXSB4XXZG4XY1R4XY6B4XYDG4Y0DR
680554,4XVHB4XXLG4XXNR4XXSB4XXZG4XY1R4XY6B4XYDG4Y0DR
682775,4XVHB4XXLG4XXSB4XXZG4XY6B4XYDG4Y0IB4Y0PG4Y0WB
682760,4XVHB4XXLG4XXNR4XXSB4XXZG4XY1R4XY6B4XYDG4Y0DR
682751,4XVHB4XXLG4XXNR4XXSB4XXZG4XY1R4XY6B4XYDG4Y0DR
682752,4XVHB4XXLG4XXNR4XXSB4XXZG4XY1R4XY6B4XYDG4Y0DR
682750,4XVHB4XXLG4XXNR4XXSB4XXZG4XY1R4XY6B4XYDG4Y0DR
680563,4XVHB4XXLG4XXNR4XXSB4XXZG4XY1R4XY6B4XYDG4Y0DR
680559,4XVHB4XXLG4XXNR4XXSB4XXZG4XY1R4XY6B4XYDG4Y0DR
680556,4XVHB4XXLG4XXNR4XXSB4XXZG4XY1R4XY6B4XYDG4Y0DR
680562,4XVHB4XXLG4XXNR4XXSB4XXZG4XY1R4XY6B4XYDG4Y0DR
682762,4XVHB4XXLG4XXNR4XXSB4XXZG4XY1R4XY6B4XYDG4Y0DR
864208,4XVHB4XXLG4XXNR4XXSB4XXZG4XY1R4XY6B4XYDG4Y0DR
863820,4XVHB4XXLG4XXNR4XXSB4XXZG4XY1R4XY6B4XYDG4Y0DR
682756,4XVHB4XXLG4XXNR4XXSB4XXZG4XY1R4XY6B4XYDG4Y0DR
1049572,4XVHB4XXLG4XXNR4XXSB4XXZG4XY1R4XY6B4XYDG4Y0DR
682763,4XVHB4XXLG4XXNR4XXSB4XXZG4XY1R4XY6B4XYDG4Y0DR
680537,4XVHB4XXLG4XXNR4XXSB4XXZG4XY1R4XY6B4XYDG4Y0DR
1049567,4XVHB4XXLG4XXSB4XXZG4XY6B4XYDG4Y0IB4Y0PG4Y0WB
686108,4XVHB4XXLG4XXNR4XXSB4XXZG4XY1R4XY6B4XYDG4Y0DR
686106,4XVHB4XXLG4XXNR4XXSB4XXZG4XY1R4XY6B4XYDG4Y0DR
686109,4XVHB4XXLG4XXNR4XXSB4XXZG4XY1R4XY6B4XYDG4Y0DR
680552,4XVHB4XXLG4XXNR4XXSB4XXZG4XY1R4XY6B4XYDG4Y0DR
1049568,4XVHB4XXLG4XXNR4XXSB4XXZG4XY1R4XY6B4XYDG4Y0DR
863819,4XVHB4XXLG4XXNR4XXSB4XXZG4XY1R4XY6B4XYDG4Y0DR
680540,4XVHB4XXLG4XXNR4XXSB4XXZG4XY1R4XY6B4XYDG4Y0DR
830594,4XVHB4XXLG4XXNR4XXSB4XXZG4XY1R4XY6B4XYDG4Y0DR
1004876,4XVHB4XXLG4XXNR4XXSB4XXZG4XY1R4XY6B4XYDG4Y0DR
863816,4XVHB4XXLG4XXNR4XXSB4XXZG4XY1R4XY6B4XYDG4Y0DR
680603,4XVHB4XXLG4XXNR4XXSB4XXZG4XY1R4XY6B4XYDG4Y0DR
1049570,4XVHB4XXLG4XXNR4XXSB4XXZG4XY1R4XY6B4XYDG4Y0DR
680598,4XVHB4XXLG4XXNR4XXSB4XXZG4XY1R4XY6B4XYDG4Y0DR
863813,4XVHB4XXLG4XXNR4XXSB4XXZG4XY1R4XY6B4XYDG4Y0DR
680601,4XVHB4XXLG4XXNR4XXSB4XXZG4XY1R4XY6B4XYDG4Y0DR
680616,4XVHB4XXLG4XXSB4XXZG4XY6B4XYDG4Y0IB4Y0PG4Y0WB
680619,4XVHB4XXLG4XXNR4XXSB4XXZG4XY1R4XY6B4XYDG4Y0DR
680613,4XVHB4XXLG4XXNR4XXSB4XXZG4XY1R4XY6B4XYDG4Y0DR
680610,4XVHB4XXLG4XXNR4XXSB4XXZG4XY1R4XY6B4XYDG4Y0DR
680609,4XVHB4XXLG4XXSB4XXZG4XY6B4XYDG4Y0IB4Y0PG4Y0WB
680600,4XVHB4XXLG4XXNR4XXSB4XXZG4XY1R4XY6B4XYDG4Y0DR
682772,4XVHB4XXLG4XXNR4XXSB4XXZG4XY1R4XY6B4XYDG4Y0DR
830905,4XVHB4XXLG4XXNR4XXSB4XXZG4XY1R4XY6B4XYDG4Y0DR
682769,4XVHB4XXLG4XXNR4XXSB4XXZG4XY1R4XY6B4XYDG4Y0DR
682766,4XVHB4XXLG4XXNR4XXSB4XXZG4XY1R4XY6B4XYDG4Y0DR
680595,4XVHB4XXLG4XXNR4XXSB4XXZG4XY1R4XY6B4XYDG4Y0DR
680592,4XVHB4XXLG4XXNR4XXSB4XXZG4XY1R4XY6B4XYDG4Y0DR
680597,4XVHB4XXLG4XXNR4XXSB4XXZG4XY1R4XY6B4XYDG4Y0DR
830619,4XVHB4XXLG4XXNR4XXSB4XXZG4XY1R4XY6B4XYDG4Y0DR
680588,4XVHB4XXLG4XXNR4XXSB4XXZG4XY1R4XY6B4XYDG4Y0DR
1049573,4XVHB4XXLG4XXSB4XXZG4XY6B4XYDG4Y0IB4Y0PG4Y0WB
680541,4XVHB4XXLG4XXNR4XXSB4XXZG4XY1R4XY6B4XYDG4Y0DR
680606,4XVHB4XXLG4XXNR4XXSB4XXZG4XY1R4XY6B4XYDG4Y0DR
863815,4XVHB4XXLG4XXNR4XXSB4XXZG4XY1R4XY6B4XYDG4Y0DR
864206,4XVHB4XXLG4XXSB4XXZG4XY6B4XYDG4Y0IB4Y0PG4Y0WB
680543,4XVHB4XXLG4XXNR4XXSB4XXZG4XY1R4XY6B4XYDG4Y0DR
648002,4XVHG4XXLB4XXNR4XXSG4XXZB4XY1R4XY6G4XYDB4Y0DR
647986,4XVHG4XXLB4XXSG4XXZB4XY6G4XYDB4Y0IG4Y0PB4Y0WG
859454,4XVHG4XXLB4XXNR4XXSG4XXZB4XY1R4XY6G4XYDB4Y0DR
665244,4XVHG4XXLB4XXNR4XXSG4XXZB4XY1R4XY6G4XYDB4Y0DR
781473,4XVHG4XXLB4XXNR4XXSG4XXZB4XY1R4XY6G4XYDB4Y0DR
690745,4XVHG4XXLB4XXNR4XXSG4XXZB4XY1R4XY6G4XYDB4Y0DR
690755,4XVHG4XXLB4XXNR4XXSG4XXZB4XY1R4XY6G4XYDB4Y0DR
904433,4XVHG4XXLB4XXNR4XXSG4XXZB4XY1R4XY6G4XYDB4Y0DR
651490,4XVHG4XXLB4XXNR4XXSG4XXZB4XY1R4XY6G4XYDB4Y0DR
664352,4XVHG4XXLB4XXNR4XXSG4XXZB4XY1R4XY6G4XYDB4Y0DR
691246,4XVHG4XXLB4XXNR4XXSG4XXZB4XY1R4XY6G4XYDB4Y0DR
648561,4XVHG4XXLB4XXNR4XXSG4XXZB4XY1R4XY6G4XYDB4Y0DR
650166,4XVHG4XXLB4XXNR4XXSG4XXZB4XY1R4XY6G4XYDB4Y0DR
650164,4XVHG4XXLB4XXNR4XXSG4XXZB4XY1R4XY6G4XYDB4Y0DR
664351,4XVHG4XXLB4XXNR4XXSG4XXZB4XY1R4XY6G4XYDB4Y0DR
648556,4XVHG4XXLB4XXNR4XXSG4XXZB4XY1R4XY6G4XYDB4Y0DR
689531,4XVHG4XXLB4XXNR4XXSG4XXZB4XY1R4XY6G4XYDB4Y0DR
689505,4XVHG4XXLB4XXNR4XXSG4XXZB4XY1R4XY6G4XYDB4Y0DR
689517,4XVHG4XXLB4XXNR4XXSG4XXZB4XY1R4XY6G4XYDB4Y0DR
689896,4XVHG4XXLB4XXNR4XXSG4XXZB4XY1R4XY6G4XYDB4Y0DR
689878,4XVHG4XXLB4XXNR4XXSG4XXZB4XY1R4XY6G4XYDB4Y0DR
900682,4XVHG4XXLB4XXNR4XXSG4XXZB4XY1R4XY6G4XYDB4Y0DR
689891,4XVHG4XXLB4XXNR4XXSG4XXZB4XY1R4XY6G4XYDB4Y0DR
652314,4XVHG4XXLB4XXSG4XXZB4XY6G4XYDB4Y0IG4Y0PB4Y0WG
1112517,4XVHB4XVNR4XXLG4XXSB4XXYR4XXZG4XY6B4XYCR4XYDG
1112518,4XVHB4XVNR4XXLG4XXSB4XXYR4XXZG4XY6B4XYCR4XYDG
1112519,4XVHB4XVNR4XXLG4XXSB4XXYR4XXZG4XY6B4XYCR4XYDG
1112520,4XVHB4XXLG4XXSB4XXZG4XY6B4XYDG4Y0IB4Y0PG4Y0WB
1112521,4XVHB4XVNR4XXLG4XXSB4XXYR4XXZG4XY6B4XYCR4XYDG
1112506,4XVHB4XVNR4XXLG4XXSB4XXYR4XXZG4XY6B4XYCR4XYDG
1112522,4XVHB4XVNR4XXLG4XXSB4XXYR4XXZG4XY6B4XYCR4XYDG
1112523,4XVHB4XVNR4XXLG4XXSB4XXYR4XXZG4XY6B4XYCR4XYDG
1112527,4XVHB4XVNR4XXLG4XXSB4XXYR4XXZG4XY6B4XYCR4XYDG
1112528,4XVHB4XVNR4XXLG4XXSB4XXYR4XXZG4XY6B4XYCR4XYDG
1112529,4XVHB4XVNR4XXLG4XXSB4XXYR4XXZG4XY6B4XYCR4XYDG
1112513,4XVHB4XVNR4XXLG4XXSB4XXYR4XXZG4XY6B4XYCR4XYDG
1112530,4XVHB4XVNR4XXLG4XXSB4XXYR4XXZG4XY6B4XYCR4XYDG
1112531,4XVHB4XXLG4XXSB4XXZG4XY6B4XYDG4Y0IB4Y0PG4Y0WB
1112507,4XVHB4XVNR4XXLG4XXSB4XXYR4XXZG4XY6B4XYCR4XYDG
1112514,4XVHB4XVNR4XXLG4XXSB4XXYR4XXZG4XY6B4XYCR4XYDG
1112508,4XVHB4XVNR4XXLG4XXSB4XXYR4XXZG4XY6B4XYCR4XYDG
1112515,4XVHB4XVNR4XXLG4XXSB4XXYR4XXZG4XY6B4XYCR4XYDG
1112516,4XVHB4XVNR4XXLG4XXSB4XXYR4XXZG4XY6B4XYCR4XYDG
833432,4XVJB4XVLR4XXNG4XXUB4XXWR4XY1G4XY8B4XYAR4Y0DG
833412,4XVJB4XVLR4XXNG4XXUB4XXWR4XY1G4XY8B4XYAR4Y0DG
833424,4XVJB4XXNG4XXUB4XY1G4XY8B4Y0DG4Y0KB4Y0RG4Y0YB
707595,4XVFG4XVMB4XXQG4XXXB4XY4G4XYBB4Y0GG4Y0NB4Y0UG
707599,4XVFG4XVMB4XXQG4XXXB4XY4G4XYBB4Y0GG4Y0NB4Y0UG
1003212,4XVFG4XVMB4XXQG4XXXB4XY4G4XYBB4Y0GG4Y0NB4Y0UG
707270,4XVFG4XVFR4XVMB4XXQG4XXQR4XXXB4XY4G4XY4R4XYBB
707600,4XVFG4XVMB4XXQG4XXXB4XY4G4XYBB4Y0GG4Y0NB4Y0UG
739869,4XVFG4XVMB4XXQG4XXXB4XY4G4XYBB4Y0GG4Y0NB4Y0UG
701969,4XVFG4XVMB4XXQG4XXXB4XY4G4XYBB4Y0GG4Y0NB4Y0UG
707587,4XVFG4XVFR4XVMB4XXQG4XXQR4XXXB4XY4G4XY4R4XYBB
1003213,4XVFG4XVFR4XVMB4XXQG4XXQR4XXXB4XY4G4XY4R4XYBB
880380,4XVGG4XVHR4XVNB4XXRG4XXSR4XXYB4XY5G4XY6R4XYCB
880382,4XVGG4XVHR4XVNB4XXRG4XXSR4XXYB4XY5G4XY6R4XYCB
880384,4XVGG4XVHR4XVNB4XXRG4XXSR4XXYB4XY5G4XY6R4XYCB
880388,4XVGG4XVNB4XXRG4XXYB4XY5G4XYCB4Y0HG4Y0OB4Y0VG
1018081,4XVGG4XVHR4XVNB4XXRG4XXSR4XXYB4XY5G4XY6R4XYCB
880754,4XVGG4XVHR4XVNB4XXRG4XXSR4XXYB4XY5G4XY6R4XYCB
880756,4XVGG4XVHR4XVNB4XXRG4XXSR4XXYB4XY5G4XY6R4XYCB
928828,4XVGG4XVHR4XVNB4XXRG4XXSR4XXYB4XY5G4XY6R4XYCB
820690,4XVGG4XVHR4XVNB4XXRG4XXSR4XXYB4XY5G4XY6R4XYCB
1040797,4XVGG4XVHR4XVNB4XXRG4XXSR4XXYB4XY5G4XY6R4XYCB
881611,4XVGG4XVHR4XVNB4XXRG4XXSR4XXYB4XY5G4XY6R4XYCB
880757,4XVGG4XVHR4XVNB4XXRG4XXSR4XXYB4XY5G4XY6R4XYCB
880404,4XVGG4XVHR4XVNB4XXRG4XXSR4XXYB4XY5G4XY6R4XYCB
1007085,4XVGG4XVHR4XVNB4XXRG4XXSR4XXYB4XY5G4XY6R4XYCB
880750,4XVGG4XVHR4XVNB4XXRG4XXSR4XXYB4XY5G4XY6R4XYCB
997430,4XVGG4XVHR4XVNB4XXRG4XXSR4XXYB4XY5G4XY6R4XYCB
820689,4XVGG4XVHR4XVNB4XXRG4XXSR4XXYB4XY5G4XY6R4XYCB
1008272,4XVGG4XVHR4XVNB4XXRG4XXSR4XXYB4XY5G4XY6R4XYCB
1040790,4XVGG4XVHR4XVNB4XXRG4XXSR4XXYB4XY5G4XY6R4XYCB
880393,4XVGG4XVHR4XVNB4XXRG4XXSR4XXYB4XY5G4XY6R4XYCB
880395,4XVGG4XVHR4XVNB4XXRG4XXSR4XXYB4XY5G4XY6R4XYCB
820686,4XVGG4XVHR4XVNB4XXRG4XXSR4XXYB4XY5G4XY6R4XYCB
880399,4XVGG4XVHR4XVNB4XXRG4XXSR4XXYB4XY5G4XY6R4XYCB
880394,4XVGG4XVHR4XVNB4XXRG4XXSR4XXYB4XY5G4XY6R4XYCB
942472,4XVGG4XVHR4XVNB4XXRG4XXSR4XXYB4XY5G4XY6R4XYCB
842342,4XVGB4XVMB4XVMG4XXRB4XXXB4XXXG4XY5B4XYBB4XYBG
940066,4XVEB4XVLB4XXPB4XXWB4XY3B4XYAB4Y0FB4Y0MB4Y0TB
800811,4XVEG4XVJB4XVJB4XXNB4XXNB4XXPG4XXUB4XXUB4XY1B
820467,4XVEG4XVJB4XVJB4XXNB4XXNB4XXPG4XXUB4XXUB4XY1B
877050,4XVEG4XVJB4XXNB4XXPG4XXUB4XY1B4XY3G4XY8B4Y0DB
703266,4XVEG4XVJB4XVJB4XXNB4XXNB4XXPG4XXUB4XXUB4XY1B
877435,4XVEG4XVJB4XXNB4XXPG4XXUB4XY1B4XY3G4XY8B4Y0DB
798642,4XVEG4XVJB4XVJB4XXNB4XXNB4XXPG4XXUB4XXUB4XY1B
877082,4XVEG4XVJB4XXNB4XXPG4XXUB4XY1B4XY3G4XY8B4Y0DB
798651,4XVEG4XVJB4XVJB4XXNB4XXNB4XXPG4XXUB4XXUB4XY1B
820469,4XVEG4XVJB4XVJB4XXNB4XXNB4XXPG4XXUB4XXUB4XY1B
798655,4XVEG4XVJB4XVJB4XXNB4XXNB4XXPG4XXUB4XXUB4XY1B
798656,4XVEG4XVJB4XVJB4XXNB4XXNB4XXPG4XXUB4XXUB4XY1B
754303,4XVEG4XVJB4XVJB4XXNB4XXNB4XXPG4XXUB4XXUB4XY1B
754296,4XVEG4XVJB4XVJB4XXNB4XXNB4XXPG4XXUB4XXUB4XY1B
969818,4XVEG4XVJB4XXNB4XXPG4XXUB4XY1B4XY3G4XY8B4Y0DB
800813,4XVEG4XVJB4XVJB4XXNB4XXNB4XXPG4XXUB4XXUB4XY1B
754299,4XVEG4XVJB4XVJB4XXNB4XXNB4XXPG4XXUB4XXUB4XY1B
754300,4XVEG4XVJB4XVJB4XXNB4XXNB4XXPG4XXUB4XXUB4XY1B
1032854,4XVEG4XVJB4XVJB4XXNB4XXNB4XXPG4XXUB4XXUB4XY1B
990659,4XVEG4XVJB4XVJB4XXNB4XXNB4XXPG4XXUB4XXUB4XY1B
754306,4XVEG4XVJB4XVJB4XXNB4XXNB4XXPG4XXUB4XXUB4XY1B
754308,4XVEG4XVJB4XVJB4XXNB4XXNB4XXPG4XXUB4XXUB4XY1B
754311,4XVEG4XVJB4XVJB4XXNB4XXNB4XXPG4XXUB4XXUB4XY1B
836229,4XVEG4XVJB4XXNB4XXPG4XXUB4XY1B4XY3G4XY8B4Y0DB
800814,4XVEG4XVJB4XVJB4XXNB4XXNB4XXPG4XXUB4XXUB4XY1B
965343,4XVEG4XVJB4XXNB4XXPG4XXUB4XY1B4XY3G4XY8B4Y0DB
873460,4XVEG4XVJB4XXNB4XXPG4XXUB4XY1B4XY3G4XY8B4Y0DB
1009441,4XVEG4XVJB4XXNB4XXPG4XXUB4XY1B4XY3G4XY8B4Y0DB
873473,4XVEG4XVJB4XXNB4XXPG4XXUB4XY1B4XY3G4XY8B4Y0DB
876885,4XVEG4XVJB4XXNB4XXPG4XXUB4XY1B4XY3G4XY8B4Y0DB
662135,4XVEG4XVJB4XXNB4XXPG4XXUB4XY1B4XY3G4XY8B4Y0DB
999313,4XVEG4XVJB4XXNB4XXPG4XXUB4XY1B4XY3G4XY8B4Y0DB
799880,4XVEG4XVJB4XVJB4XXNB4XXNB4XXPG4XXUB4XXUB4XY1B
779723,4XVEG4XVJB4XXNB4XXPG4XXUB4XY1B4XY3G4XY8B4Y0DB
1024150,4XVEG4XVJB4XXNB4XXPG4XXUB4XY1B4XY3G4XY8B4Y0DB
827386,4XVEG4XVJB4XXNB4XXPG4XXUB4XY1B4XY3G4XY8B4Y0DB
924860,4XVEG4XVJB4XXNB4XXPG4XXUB4XY1B4XY3G4XY8B4Y0DB
924897,4XVEG4XVJB4XXNB4XXPG4XXUB4XY1B4XY3G4XY8B4Y0DB
924886,4XVEG4XVJB4XXNB4XXPG4XXUB4XY1B4XY3G4XY8B4Y0DB
836255,4XVEG4XVJB4XXNB4XXPG4XXUB4XY1B4XY3G4XY8B4Y0DB
799882,4XVEG4XVJB4XVJB4XXNB4XXNB4XXPG4XXUB4XXUB4XY1B
874813,4XVEG4XVJB4XXNB4XXPG4XXUB4XY1B4XY3G4XY8B4Y0DB
759232,4XVEG4XVJB4XVJB4XXNB4XXNB4XXPG4XXUB4XXUB4XY1B
874804,4XVEG4XVJB4XXNB4XXPG4XXUB4XY1B4XY3G4XY8B4Y0DB
991924,4XVEG4XVJB4XVJB4XXNB4XXNB4XXPG4XXUB4XXUB4XY1B
965336,4XVEG4XVJB4XXNB4XXPG4XXUB4XY1B4XY3G4XY8B4Y0DB
820466,4XVEG4XVJB4XVJB4XXNB4XXNB4XXPG4XXUB4XXUB4XY1B
783218,4XVEG4XVJB4XXNB4XXPG4XXUB4XY1B4XY3G4XY8B4Y0DB
798645,4XVEG4XVJB4XVJB4XXNB4XXNB4XXPG4XXUB4XXUB4XY1B
877062,4XVEG4XVJB4XXNB4XXPG4XXUB4XY1B4XY3G4XY8B4Y0DB
1055870,4XVEG4XVJB4XXNB4XXPG4XXUB4XY1B4XY3G4XY8B4Y0DB
1029655,4XVHB4XXLB4XXSB4XXYG4XXZB4XY6B4XYDB4Y0IB4Y0OG
1029656,4XVHB4XXLB4XXSB4XXYG4XXZB4XY6B4XYDB4Y0IB4Y0OG
1029657,4XVHB4XXLB4XXSB4XXYG4XXZB4XY6B4XYDB4Y0IB4Y0OG
1029658,4XVHB4XXLB4XXSB4XXYG4XXZB4XY6B4XYDB4Y0IB4Y0OG
1029659,4XVHB4XXLB4XXSB4XXYG4XXZB4XY6B4XYDB4Y0IB4Y0OG
641493,4XVJB4XXNB4XXUB4XXYG4XY1B4XY8B4Y0DB4Y0KB4Y0OG
783435,4XVJB4XXNB4XXUB4XXYG4XY1B4XY8B4Y0DB4Y0KB4Y0OG
907574,4XVJB4XXNB4XXUB4XXYG4XY1B4XY8B4Y0DB4Y0KB4Y0OG
783439,4XVJB4XXNB4XXUB4XXYG4XY1B4XY8B4Y0DB4Y0KB4Y0OG
864194,4XVHB4XXLB4XXSB4XXYG4XXZB4XY6B4XYDB4Y0IB4Y0OG
705512,4XVHB4XXLB4XXSB4XXYG4XXZB4XY6B4XYDB4Y0IB4Y0OG
682369,4XVHB4XXLB4XXSB4XXYG4XXZB4XY6B4XYDB4Y0IB4Y0OG
684016,4XVHB4XXLB4XXSB4XXYG4XXZB4XY6B4XYDB4Y0IB4Y0OG
850207,4XVJB4XXNB4XXUB4XY0G4XY1B4XY8B4Y0DB4Y0KB4Y0QG
641289,4XVHB4XXLB4XXSB4XXYG4XXZB4XY6B4XYDB4Y0IB4Y0OG
684023,4XVHB4XXLB4XXSB4XXYG4XXZB4XY6B4XYDB4Y0IB4Y0OG
685762,4XVHB4XXLB4XXSB4XXYG4XXZB4XY6B4XYDB4Y0IB4Y0OG
684024,4XVHB4XXLB4XXSB4XXYG4XXZB4XY6B4XYDB4Y0IB4Y0OG
684026,4XVHB4XXLB4XXSB4XXYG4XXZB4XY6B4XYDB4Y0IB4Y0OG
684020,4XVHB4XXLB4XXSB4XXYG4XXZB4XY6B4XYDB4Y0IB4Y0OG
818804,4XVHB4XXLB4XXSB4XXYG4XXZB4XY6B4XYDB4Y0IB4Y0OG
783272,4XVHB4XXLB4XXSB4XXYG4XXZB4XY6B4XYDB4Y0IB4Y0OG
1015807,4XVHB4XXLB4XXSB4XXYG4XXZB4XY6B4XYDB4Y0IB4Y0OG
641276,4XVHB4XXLB4XXSB4XXYG4XXZB4XY6B4XYDB4Y0IB4Y0OG
683664,4XVHB4XXLB4XXSB4XXYG4XXZB4XY6B4XYDB4Y0IB4Y0OG
683992,4XVHB4XXLB4XXSB4XXYG4XXZB4XY6B4XYDB4Y0IB4Y0OG
641286,4XVHB4XXLB4XXSB4XXYG4XXZB4XY6B4XYDB4Y0IB4Y0OG
641284,4XVHB4XXLB4XXSB4XXYG4XXZB4XY6B4XYDB4Y0IB4Y0OG
641287,4XVHB4XXLB4XXSB4XXYG4XXZB4XY6B4XYDB4Y0IB4Y0OG
641279,4XVHB4XXLB4XXSB4XXYG4XXZB4XY6B4XYDB4Y0IB4Y0OG
685765,4XVHB4XXLB4XXSB4XXYG4XXZB4XY6B4XYDB4Y0IB4Y0OG
1055822,4XVHB4XXLB4XXSB4XXYG4XXZB4XY6B4XYDB4Y0IB4Y0OG
1055821,4XVHB4XXLB4XXSB4XXYG4XXZB4XY6B4XYDB4Y0IB4Y0OG
862533,4XVHB4XXLB4XXSB4XXYG4XXZB4XY6B4XYDB4Y0IB4Y0OG
783436,4XVJB4XXNB4XXUB4XXYG4XY1B4XY8B4Y0DB4Y0KB4Y0OG
907575,4XVJB4XXNB4XXUB4XXYG4XY1B4XY8B4Y0DB4Y0KB4Y0OG
783440,4XVJB4XXNB4XXUB4XXYG4XY1B4XY8B4Y0DB4Y0KB4Y0OG
1055820,4XVHB4XXLB4XXSB4XXYG4XXZB4XY6B4XYDB4Y0IB4Y0OG
1055819,4XVHB4XXLB4XXSB4XXYG4XXZB4XY6B4XYDB4Y0IB4Y0OG
1055818,4XVHB4XXLB4XXSB4XXYG4XXZB4XY6B4XYDB4Y0IB4Y0OG
1055817,4XVHB4XXLB4XXSB4XXYG4XXZB4XY6B4XYDB4Y0IB4Y0OG
645124,4XVJB4XXNB4XXUB4XXYG4XY1B4XY8B4Y0DB4Y0KB4Y0OG
783437,4XVJB4XXNB4XXUB4XXYG4XY1B4XY8B4Y0DB4Y0KB4Y0OG
907576,4XVJB4XXNB4XXUB4XXYG4XY1B4XY8B4Y0DB4Y0KB4Y0OG
783441,4XVJB4XXNB4XXUB4XXYG4XY1B4XY8B4Y0DB4Y0KB4Y0OG
1055730,4XVHB4XXLB4XXSB4XXYG4XXZB4XY6B4XYDB4Y0IB4Y0OG
1055731,4XVHB4XXLB4XXSB4XXYG4XXZB4XY6B4XYDB4Y0IB4Y0OG
1055732,4XVHB4XXLB4XXSB4XXYG4XXZB4XY6B4XYDB4Y0IB4Y0OG
862525,4XVHB4XXLB4XXSB4XXYG4XXZB4XY6B4XYDB4Y0IB4Y0OG
783438,4XVJB4XXNB4XXUB4XXYG4XY1B4XY8B4Y0DB4Y0KB4Y0OG
783442,4XVJB4XXNB4XXUB4XXYG4XY1B4XY8B4Y0DB4Y0KB4Y0OG
1055733,4XVHB4XXLB4XXSB4XXYG4XXZB4XY6B4XYDB4Y0IB4Y0OG
1055734,4XVHB4XXLB4XXSB4XXYG4XXZB4XY6B4XYDB4Y0IB4Y0OG
1055735,4XVHB4XXLB4XXSB4XXYG4XXZB4XY6B4XYDB4Y0IB4Y0OG
1055736,4XVHB4XXLB4XXSB4XXYG4XXZB4XY6B4XYDB4Y0IB4Y0OG
1055737,4XVHB4XXLB4XXSB4XXYG4XXZB4XY6B4XYDB4Y0IB4Y0OG
783443,4XVJB4XXNB4XXUB4XXYG4XY1B4XY8B4Y0DB4Y0KB4Y0OG
1055738,4XVHB4XXLB4XXSB4XXYG4XXZB4XY6B4XYDB4Y0IB4Y0OG
685755,4XVHB4XXLB4XXSB4XXYG4XXZB4XY6B4XYDB4Y0IB4Y0OG
783444,4XVJB4XXNB4XXUB4XXYG4XY1B4XY8B4Y0DB4Y0KB4Y0OG
899178,4XVHB4XXLB4XXSB4XXYG4XXZB4XY6B4XYDB4Y0IB4Y0OG
685761,4XVHB4XXLB4XXSB4XXYG4XXZB4XY6B4XYDB4Y0IB4Y0OG
685758,4XVHB4XXLB4XXSB4XXYG4XXZB4XY6B4XYDB4Y0IB4Y0OG
864199,4XVHB4XXLB4XXSB4XXYG4XXZB4XY6B4XYDB4Y0IB4Y0OG
682380,4XVHB4XXLB4XXSB4XXYG4XXZB4XY6B4XYDB4Y0IB4Y0OG
679627,4XVHB4XXLB4XXSB4XXYG4XXZB4XY6B4XYDB4Y0IB4Y0OG
705515,4XVJB4XXNB4XXUB4XXYG4XY1B4XY8B4Y0DB4Y0KB4Y0OG
899179,4XVHB4XXLB4XXSB4XXYG4XXZB4XY6B4XYDB4Y0IB4Y0OG
899180,4XVHB4XXLB4XXSB4XXYG4XXZB4XY6B4XYDB4Y0IB4Y0OG
899181,4XVHB4XXLB4XXSB4XXYG4XXZB4XY6B4XYDB4Y0IB4Y0OG
679630,4XVHB4XXLB4XXSB4XXYG4XXZB4XY6B4XYDB4Y0IB4Y0OG
899183,4XVHB4XXLB4XXSB4XXYG4XXZB4XY6B4XYDB4Y0IB4Y0OG
1137728,4XVHB4XXLB4XXSB4XXYG4XXZB4XY6B4XYDB4Y0IB4Y0OG
1039342,4XVHB4XXLB4XXSB4XXYG4XXZB4XY6B4XYDB4Y0IB4Y0OG
989791,4XVHB4XXLB4XXSB4XXYG4XXZB4XY6B4XYDB4Y0IB4Y0OG
899184,4XVHB4XXLB4XXSB4XXYG4XXZB4XY6B4XYDB4Y0IB4Y0OG
899186,4XVHB4XXLB4XXSB4XXYG4XXZB4XY6B4XYDB4Y0IB4Y0OG
899190,4XVHB4XXLB4XXSB4XXYG4XXZB4XY6B4XYDB4Y0IB4Y0OG
1145917,4XVJB4XXNB4XXUB4XY0G4XY1B4XY8B4Y0DB4Y0KB4Y0QG
905859,4XVHB4XXLB4XXSB4XXYG4XXZB4XY6B4XYDB4Y0IB4Y0OG
1048959,4XVHB4XXLB4XXSB4XXYG4XXZB4XY6B4XYDB4Y0IB4Y0OG
955712,4XVHB4XXLB4XXSB4XXYG4XXZB4XY6B4XYDB4Y0IB4Y0OG
899187,4XVHB4XXLB4XXSB4XXYG4XXZB4XY6B4XYDB4Y0IB4Y0OG
1013109,4XVHB4XXLB4XXSB4XXYG4XXZB4XY6B4XYDB4Y0IB4Y0OG
1145918,4XVJB4XXNB4XXUB4XY0G4XY1B4XY8B4Y0DB4Y0KB4Y0QG
766491,4XVJB4XXNB4XXUB4XY0G4XY1B4XY8B4Y0DB4Y0KB4Y0QG
899176,4XVHB4XXLB4XXSB4XXYG4XXZB4XY6B4XYDB4Y0IB4Y0OG
954119,4XVHB4XXLB4XXSB4XXYG4XXZB4XY6B4XYDB4Y0IB4Y0OG
899188,4XVHB4XXLB4XXSB4XXYG4XXZB4XY6B4XYDB4Y0IB4Y0OG
896478,4XVHB4XXLB4XXSB4XXYG4XXZB4XY6B4XYDB4Y0IB4Y0OG
697261,4XVHB4XXLB4XXSB4XXYG4XXZB4XY6B4XYDB4Y0IB4Y0OG
790510,4XVHB4XXLB4XXSB4XXYG4XXZB4XY6B4XYDB4Y0IB4Y0OG
899189,4XVHB4XXLB4XXSB4XXYG4XXZB4XY6B4XYDB4Y0IB4Y0OG
905858,4XVHB4XXLB4XXSB4XXYG4XXZB4XY6B4XYDB4Y0IB4Y0OG
899177,4XVHB4XXLB4XXSB4XXYG4XXZB4XY6B4XYDB4Y0IB4Y0OG
955713,4XVHB4XXLB4XXSB4XXYG4XXZB4XY6B4XYDB4Y0IB4Y0OG
700376,4XVHB4XXLB4XXSB4XXYG4XXZB4XY6B4XYDB4Y0IB4Y0OG
955714,4XVHB4XXLB4XXSB4XXYG4XXZB4XY6B4XYDB4Y0IB4Y0OG
1093443,4XVHB4XXLB4XXSB4XXYG4XXZB4XY6B4XYDB4Y0IB4Y0OG
907529,4XVJB4XXNB4XXUB4XY0G4XY1B4XY8B4Y0DB4Y0KB4Y0QG
955715,4XVHB4XXLB4XXSB4XXYG4XXZB4XY6B4XYDB4Y0IB4Y0OG
954175,4XVJB4XXNB4XXUB4XXYG4XY1B4XY8B4Y0DB4Y0KB4Y0OG
1026766,4XVJB4XXNB4XXUB4XY0G4XY1B4XY8B4Y0DB4Y0KB4Y0QG
954590,4XVJB4XXNB4XXUB4XXYG4XY1B4XY8B4Y0DB4Y0KB4Y0OG
899182,4XVHB4XXLB4XXSB4XXYG4XXZB4XY6B4XYDB4Y0IB4Y0OG
899185,4XVHB4XXLB4XXSB4XXYG4XXZB4XY6B4XYDB4Y0IB4Y0OG
893989,4XVHB4XXLB4XXSB4XXYG4XXZB4XY6B4XYDB4Y0IB4Y0OG
700365,4XVHB4XXLB4XXSB4XXYG4XXZB4XY6B4XYDB4Y0IB4Y0OG
1048960,4XVHB4XXLB4XXSB4XXYG4XXZB4XY6B4XYDB4Y0IB4Y0OG
965307,4XVGB4XVNB4XXRB4XXYB4XY5B4XYCB4Y0HB4Y0OB4Y0VB
963589,4XVGB4XVNB4XXRB4XXYB4XY5B4XYCB4Y0HB4Y0OB4Y0VB
967247,4XVGB4XVNB4XXRB4XXYB4XY5B4XYCB4Y0HB4Y0OB4Y0VB
967246,4XVGB4XVNB4XXRB4XXYB4XY5B4XYCB4Y0HB4Y0OB4Y0VB
786737,4XVGB4XVNB4XXRB4XXYB4XY5B4XYCB4Y0HB4Y0OB4Y0VB
967242,4XVGB4XVNB4XXRB4XXYB4XY5B4XYCB4Y0HB4Y0OB4Y0VB
967232,4XVGB4XVNB4XXRB4XXYB4XY5B4XYCB4Y0HB4Y0OB4Y0VB
967249,4XVGB4XVNB4XXRB4XXYB4XY5B4XYCB4Y0HB4Y0OB4Y0VB
967236,4XVGB4XVNB4XXRB4XXYB4XY5B4XYCB4Y0HB4Y0OB4Y0VB
965316,4XVGB4XVNB4XXRB4XXYB4XY5B4XYCB4Y0HB4Y0OB4Y0VB
967235,4XVGB4XVNB4XXRB4XXYB4XY5B4XYCB4Y0HB4Y0OB4Y0VB
700149,4XVGB4XVNB4XXRB4XXYB4XY5B4XYCB4Y0HB4Y0OB4Y0VB
700150,4XVGB4XVNB4XXRB4XXYB4XY5B4XYCB4Y0HB4Y0OB4Y0VB
967241,4XVGB4XVNB4XXRB4XXYB4XY5B4XYCB4Y0HB4Y0OB4Y0VB
778404,4XVGB4XVNB4XXRB4XXYB4XY5B4XYCB4Y0HB4Y0OB4Y0VB
967555,4XVGB4XVNB4XXRB4XXYB4XY5B4XYCB4Y0HB4Y0OB4Y0VB
965322,4XVGB4XVNB4XXRB4XXYB4XY5B4XYCB4Y0HB4Y0OB4Y0VB
700147,4XVGB4XVNB4XXRB4XXYB4XY5B4XYCB4Y0HB4Y0OB4Y0VB
965319,4XVGB4XVNB4XXRB4XXYB4XY5B4XYCB4Y0HB4Y0OB4Y0VB
999706,4XVGB4XVNB4XXRB4XXYB4XY5B4XYCB4Y0HB4Y0OB4Y0VB
965315,4XVGB4XVNB4XXRB4XXYB4XY5B4XYCB4Y0HB4Y0OB4Y0VB
965313,4XVGB4XVNB4XXRB4XXYB4XY5B4XYCB4Y0HB4Y0OB4Y0VB
965311,4XVGB4XVNB4XXRB4XXYB4XY5B4XYCB4Y0HB4Y0OB4Y0VB
965309,4XVGB4XVNB4XXRB4XXYB4XY5B4XYCB4Y0HB4Y0OB4Y0VB
1054132,4XVGB4XVNB4XXRB4XXYB4XY5B4XYCB4Y0HB4Y0OB4Y0VB
1054131,4XVGB4XVNB4XXRB4XXYB4XY5B4XYCB4Y0HB4Y0OB4Y0VB
1050799,4XVGB4XVNB4XXRB4XXYB4XY5B4XYCB4Y0HB4Y0OB4Y0VB
1050808,4XVGB4XVNB4XXRB4XXYB4XY5B4XYCB4Y0HB4Y0OB4Y0VB
1050809,4XVGB4XVNB4XXRB4XXYB4XY5B4XYCB4Y0HB4Y0OB4Y0VB
1050810,4XVGB4XVNB4XXRB4XXYB4XY5B4XYCB4Y0HB4Y0OB4Y0VB
1050811,4XVGB4XVNB4XXRB4XXYB4XY5B4XYCB4Y0HB4Y0OB4Y0VB
1050812,4XVGB4XVNB4XXRB4XXYB4XY5B4XYCB4Y0HB4Y0OB4Y0VB
1050813,4XVGB4XVNB4XXRB4XXYB4XY5B4XYCB4Y0HB4Y0OB4Y0VB
1050814,4XVGB4XVNB4XXRB4XXYB4XY5B4XYCB4Y0HB4Y0OB4Y0VB
1050815,4XVGB4XVNB4XXRB4XXYB4XY5B4XYCB4Y0HB4Y0OB4Y0VB
1050816,4XVGB4XVNB4XXRB4XXYB4XY5B4XYCB4Y0HB4Y0OB4Y0VB
1050817,4XVGB4XVNB4XXRB4XXYB4XY5B4XYCB4Y0HB4Y0OB4Y0VB
1050800,4XVGB4XVNB4XXRB4XXYB4XY5B4XYCB4Y0HB4Y0OB4Y0VB
699604,4XVGB4XVNB4XXRB4XXYB4XY5B4XYCB4Y0HB4Y0OB4Y0VB
699605,4XVGB4XVNB4XXRB4XXYB4XY5B4XYCB4Y0HB4Y0OB4Y0VB
1022126,4XVGB4XVNB4XXRB4XXYB4XY5B4XYCB4Y0HB4Y0OB4Y0VB
1050801,4XVGB4XVNB4XXRB4XXYB4XY5B4XYCB4Y0HB4Y0OB4Y0VB
949608,4XVGB4XVNB4XXRB4XXYB4XY5B4XYCB4Y0HB4Y0OB4Y0VB
699606,4XVGB4XVNB4XXRB4XXYB4XY5B4XYCB4Y0HB4Y0OB4Y0VB
1050802,4XVGB4XVNB4XXRB4XXYB4XY5B4XYCB4Y0HB4Y0OB4Y0VB
1050803,4XVGB4XVNB4XXRB4XXYB4XY5B4XYCB4Y0HB4Y0OB4Y0VB
1050804,4XVGB4XVNB4XXRB4XXYB4XY5B4XYCB4Y0HB4Y0OB4Y0VB
1050805,4XVGB4XVNB4XXRB4XXYB4XY5B4XYCB4Y0HB4Y0OB4Y0VB
1050806,4XVGB4XVNB4XXRB4XXYB4XY5B4XYCB4Y0HB4Y0OB4Y0VB
1050807,4XVGB4XVNB4XXRB4XXYB4XY5B4XYCB4Y0HB4Y0OB4Y0VB
829031,4XVEB4XVFR4XVLG4XXPB4XXQR4XXWG4XY3B4XY4R4XYAG
646013,4XVEB4XVFR4XVLG4XXPB4XXQR4XXWG4XY3B4XY4R4XYAG
646015,4XVEB4XVFR4XVLG4XXPB4XXQR4XXWG4XY3B4XY4R4XYAG
646004,4XVEB4XVEB4XVFR4XVLG4XXPB4XXPB4XXQR4XXWG4XY3B
862374,4XVEB4XVFR4XVLG4XXPB4XXQR4XXWG4XY3B4XY4R4XYAG
646002,4XVEB4XVFR4XVLG4XXPB4XXQR4XXWG4XY3B4XY4R4XYAG
643059,4XVEB4XVFR4XVLG4XXPB4XXQR4XXWG4XY3B4XY4R4XYAG
643041,4XVEB4XVFR4XVLG4XXPB4XXQR4XXWG4XY3B4XY4R4XYAG
863731,4XVEB4XVFR4XVLG4XXPB4XXQR4XXWG4XY3B4XY4R4XYAG
829006,4XVEB4XVFR4XVLG4XXPB4XXQR4XXWG4XY3B4XY4R4XYAG
863826,4XVEB4XVFR4XVLG4XXPB4XXQR4XXWG4XY3B4XY4R4XYAG
680627,4XVEB4XVFR4XVLG4XXPB4XXQR4XXWG4XY3B4XY4R4XYAG
863823,4XVEB4XVFR4XVLG4XXPB4XXQR4XXWG4XY3B4XY4R4XYAG
680621,4XVEB4XVFR4XVLG4XXPB4XXQR4XXWG4XY3B4XY4R4XYAG
680624,4XVEB4XVFR4XVLG4XXPB4XXQR4XXWG4XY3B4XY4R4XYAG
680623,4XVEB4XVFR4XVLG4XXPB4XXQR4XXWG4XY3B4XY4R4XYAG
1036542,4XVEB4XVFR4XVLG4XXPB4XXQR4XXWG4XY3B4XY4R4XYAG
680974,4XVEB4XVFR4XVLG4XXPB4XXQR4XXWG4XY3B4XY4R4XYAG
682346,4XVEB4XVFR4XVLG4XXPB4XXQR4XXWG4XY3B4XY4R4XYAG
680973,4XVEB4XVFR4XVLG4XXPB4XXQR4XXWG4XY3B4XY4R4XYAG
680633,4XVEB4XVFR4XVLG4XXPB4XXQR4XXWG4XY3B4XY4R4XYAG
680630,4XVEB4XVFR4XVLG4XXPB4XXQR4XXWG4XY3B4XY4R4XYAG
682288,4XVEB4XVFR4XVLG4XXPB4XXQR4XXWG4XY3B4XY4R4XYAG
680978,4XVEB4XVFR4XVLG4XXPB4XXQR4XXWG4XY3B4XY4R4XYAG
682291,4XVEB4XVFR4XVLG4XXPB4XXQR4XXWG4XY3B4XY4R4XYAG
680981,4XVEB4XVFR4XVLG4XXPB4XXQR4XXWG4XY3B4XY4R4XYAG
682300,4XVEB4XVFR4XVLG4XXPB4XXQR4XXWG4XY3B4XY4R4XYAG
682283,4XVEB4XVFR4XVLG4XXPB4XXQR4XXWG4XY3B4XY4R4XYAG
830893,4XVEB4XVFR4XVLG4XXPB4XXQR4XXWG4XY3B4XY4R4XYAG
684467,4XVEB4XVFR4XVLG4XXPB4XXQR4XXWG4XY3B4XY4R4XYAG
641468,4XVEB4XVFR4XVLG4XXPB4XXQR4XXWG4XY3B4XY4R4XYAG
682345,4XVEB4XVFR4XVLG4XXPB4XXQR4XXWG4XY3B4XY4R4XYAG
682356,4XVEB4XVFR4XVLG4XXPB4XXQR4XXWG4XY3B4XY4R4XYAG
682348,4XVEB4XVLG4XXPB4XXWG4XY3B4XYAG4Y0FB4Y0MG4Y0TB
684468,4XVEB4XVFR4XVLG4XXPB4XXQR4XXWG4XY3B4XY4R4XYAG
684472,4XVEB4XVFR4XVLG4XXPB4XXQR4XXWG4XY3B4XY4R4XYAG
684488,4XVEB4XVFR4XVLG4XXPB4XXQR4XXWG4XY3B4XY4R4XYAG
684486,4XVEB4XVFR4XVLG4XXPB4XXQR4XXWG4XY3B4XY4R4XYAG
682342,4XVEB4XVLG4XXPB4XXWG4XY3B4XYAG4Y0FB4Y0MG4Y0TB
641457,4XVEB4XVEB4XVEG4XVLB4XVLB4XVLG4XXPB4XXPB4XXPG
951701,4XVEB4XVEB4XVEG4XVLB4XVLB4XVLG4XXPB4XXPB4XXPG
861306,4XVEB4XVEB4XVEG4XVLB4XVLB4XVLG4XXPB4XXPB4XXPG
1033544,4XVEB4XVEB4XVEG4XVLB4XVLB4XVLG4XXPB4XXPB4XXPG
1033545,4XVEB4XVEB4XVEG4XVLB4XVLB4XVLG4XXPB4XXPB4XXPG
992994,4XVEB4XVEB4XVEG4XVLB4XVLB4XVLG4XXPB4XXPB4XXPG
644518,4XVEB4XVEB4XVEG4XVLB4XVLB4XVLG4XXPB4XXPB4XXPG
1036533,4XVEB4XVEB4XVEG4XVLB4XVLB4XVLG4XXPB4XXPB4XXPG
990512,4XVEB4XVEB4XVEG4XVLB4XVLB4XVLG4XXPB4XXPB4XXPG
863716,4XVEB4XVEB4XVEG4XVLB4XVLB4XVLG4XXPB4XXPB4XXPG
682332,4XVEB4XVLG4XXPB4XXWG4XY3B4XYAG4Y0FB4Y0MG4Y0TB
641458,4XVEB4XVEB4XVEG4XVLB4XVLB4XVLG4XXPB4XXPB4XXPG
641490,4XVEB4XVEB4XVEG4XVLB4XVLB4XVLG4XXPB4XXPB4XXPG
825944,4XVEB4XVEB4XVEG4XVLB4XVLB4XVLG4XXPB4XXPB4XXPG
641485,4XVEB4XVEB4XVEG4XVLB4XVLB4XVLG4XXPB4XXPB4XXPG
863719,4XVEB4XVEB4XVEG4XVLB4XVLB4XVLG4XXPB4XXPB4XXPG
1036530,4XVEB4XVEB4XVEG4XVLB4XVLB4XVLG4XXPB4XXPB4XXPG
1033546,4XVEB4XVEB4XVEG4XVLB4XVLB4XVLG4XXPB4XXPB4XXPG
1033547,4XVEB4XVEB4XVEG4XVLB4XVLB4XVLG4XXPB4XXPB4XXPG
642623,4XVEB4XVEB4XVEG4XVLB4XVLB4XVLG4XXPB4XXPB4XXPG
1029752,4XVEB4XVEB4XVEG4XVLB4XVLB4XVLG4XXPB4XXPB4XXPG
990511,4XVEB4XVEB4XVEG4XVLB4XVLB4XVLG4XXPB4XXPB4XXPG
682334,4XVEB4XVLG4XXPB4XXWG4XY3B4XYAG4Y0FB4Y0MG4Y0TB
990513,4XVEB4XVEB4XVEG4XVLB4XVLB4XVLG4XXPB4XXPB4XXPG
641470,4XVEB4XVEB4XVEG4XVLB4XVLB4XVLG4XXPB4XXPB4XXPG
641474,4XVEB4XVEB4XVEG4XVLB4XVLB4XVLG4XXPB4XXPB4XXPG
641467,4XVEB4XVEB4XVEG4XVLB4XVLB4XVLG4XXPB4XXPB4XXPG
825942,4XVEB4XVEB4XVEG4XVLB4XVLB4XVLG4XXPB4XXPB4XXPG
641456,4XVEB4XVEB4XVEG4XVLB4XVLB4XVLG4XXPB4XXPB4XXPG
1029751,4XVEB4XVEB4XVEG4XVLB4XVLB4XVLG4XXPB4XXPB4XXPG
644858,4XVEB4XVEB4XVEG4XVLB4XVLB4XVLG4XXPB4XXPB4XXPG
644515,4XVEB4XVEB4XVEG4XVLB4XVLB4XVLG4XXPB4XXPB4XXPG
644508,4XVEB4XVEB4XVEG4XVLB4XVLB4XVLG4XXPB4XXPB4XXPG
684484,4XVEB4XVFR4XVLG4XXPB4XXQR4XXWG4XY3B4XY4R4XYAG
684482,4XVEB4XVFR4XVLG4XXPB4XXQR4XXWG4XY3B4XY4R4XYAG
641450,4XVEB4XVFR4XVLG4XXPB4XXQR4XXWG4XY3B4XY4R4XYAG
830895,4XVEB4XVLG4XXPB4XXWG4XY3B4XYAG4Y0FB4Y0MG4Y0TB
763745,4XVFB4XVMG4XXNR4XXQB4XXXG4XY1R4XY4B4XYBG4Y0DR
763746,4XVFB4XVMG4XXQB4XXXG4XY4B4XYBG4Y0GB4Y0NG4Y0UB
763748,4XVFB4XVMG4XXNR4XXQB4XXXG4XY1R4XY4B4XYBG4Y0DR
992479,4XVFB4XVMG4XXNR4XXQB4XXXG4XY1R4XY4B4XYBG4Y0DR
763750,4XVFB4XVMG4XXNR4XXQB4XXXG4XY1R4XY4B4XYBG4Y0DR
1015675,4XVFB4XVMG4XXNR4XXQB4XXXG4XY1R4XY4B4XYBG4Y0DR
992477,4XVFB4XVMG4XXNR4XXQB4XXXG4XY1R4XY4B4XYBG4Y0DR
763724,4XVFB4XVMG4XXNR4XXQB4XXXG4XY1R4XY4B4XYBG4Y0DR
763743,4XVFB4XVMG4XXNR4XXQB4XXXG4XY1R4XY4B4XYBG4Y0DR
763716,4XVFB4XVMG4XXNR4XXQB4XXXG4XY1R4XY4B4XYBG4Y0DR
763717,4XVFB4XVMG4XXNR4XXQB4XXXG4XY1R4XY4B4XYBG4Y0DR
763719,4XVFB4XVMG4XXNR4XXQB4XXXG4XY1R4XY4B4XYBG4Y0DR
763395,4XVFB4XVMG4XXNR4XXQB4XXXG4XY1R4XY4B4XYBG4Y0DR
763721,4XVFB4XVMG4XXNR4XXQB4XXXG4XY1R4XY4B4XYBG4Y0DR
763387,4XVFB4XVMG4XXNR4XXQB4XXXG4XY1R4XY4B4XYBG4Y0DR
992478,4XVFB4XVMG4XXNR4XXQB4XXXG4XY1R4XY4B4XYBG4Y0DR
763735,4XVFB4XVMG4XXNR4XXQB4XXXG4XY1R4XY4B4XYBG4Y0DR
763737,4XVFB4XVMG4XXNR4XXQB4XXXG4XY1R4XY4B4XYBG4Y0DR
763739,4XVFB4XVMG4XXNR4XXQB4XXXG4XY1R4XY4B4XYBG4Y0DR
763740,4XVFB4XVMG4XXNR4XXQB4XXXG4XY1R4XY4B4XYBG4Y0DR
763744,4XVFB4XVMG4XXNR4XXQB4XXXG4XY1R4XY4B4XYBG4Y0DR
877578,4XVFB4XVMG4XXQB4XXXG4XY4B4XYBG4Y0GB4Y0NG4Y0UB
763720,4XVFB4XVMG4XXNR4XXQB4XXXG4XY1R4XY4B4XYBG4Y0DR
1043898,4XVGG4XVNB4XXMR4XXRG4XXYB4XY0R4XY5G4XYCB4XYER
641480,4XVGG4XVNB4XXMR4XXRG4XXYB4XY0R4XY5G4XYCB4XYER
641483,4XVGG4XVNB4XXMR4XXRG4XXYB4XY0R4XY5G4XYCB4XYER
641476,4XVGG4XVNB4XXMR4XXRG4XXYB4XY0R4XY5G4XYCB4XYER
644516,4XVGG4XVNB4XXMR4XXRG4XXYB4XY0R4XY5G4XYCB4XYER
1001009,4XVGG4XVNB4XXMR4XXRG4XXYB4XY0R4XY5G4XYCB4XYER
971891,4XVGG4XVNB4XXMR4XXRG4XXYB4XY0R4XY5G4XYCB4XYER
971894,4XVGG4XVNB4XXMR4XXRG4XXYB4XY0R4XY5G4XYCB4XYER
971886,4XVGG4XVNB4XXMR4XXRG4XXYB4XY0R4XY5G4XYCB4XYER
971898,4XVGG4XVNB4XXMR4XXRG4XXYB4XY0R4XY5G4XYCB4XYER
971563,4XVGG4XVNB4XXMR4XXRG4XXYB4XY0R4XY5G4XYCB4XYER
641911,4XVGG4XVNB4XXMR4XXRG4XXYB4XY0R4XY5G4XYCB4XYER
1048266,4XVGG4XVNB4XXMR4XXRG4XXYB4XY0R4XY5G4XYCB4XYER
1021408,4XVGG4XVNB4XXMR4XXRG4XXYB4XY0R4XY5G4XYCB4XYER
644492,4XVGG4XVNB4XXRG4XXYB4XY5G4XYCB4Y0HG4Y0OB4Y0VG
861298,4XVGG4XVNB4XXMR4XXRG4XXYB4XY0R4XY5G4XYCB4XYER
861299,4XVGG4XVNB4XXMR4XXRG4XXYB4XY0R4XY5G4XYCB4XYER
971902,4XVGG4XVNB4XXMR4XXRG4XXYB4XY0R4XY5G4XYCB4XYER
971896,4XVGG4XVNB4XXMR4XXRG4XXYB4XY0R4XY5G4XYCB4XYER
641912,4XVGG4XVNB4XXMR4XXRG4XXYB4XY0R4XY5G4XYCB4XYER
641906,4XVGG4XVNB4XXMR4XXRG4XXYB4XY0R4XY5G4XYCB4XYER
641904,4XVGG4XVNB4XXMR4XXRG4XXYB4XY0R4XY5G4XYCB4XYER
641902,4XVGG4XVNB4XXMR4XXRG4XXYB4XY0R4XY5G4XYCB4XYER
1001938,4XVGG4XVNB4XXMR4XXRG4XXYB4XY0R4XY5G4XYCB4XYER
641903,4XVGG4XVNB4XXMR4XXRG4XXYB4XY0R4XY5G4XYCB4XYER
971564,4XVGG4XVNB4XXMR4XXRG4XXYB4XY0R4XY5G4XYCB4XYER
971906,4XVGG4XVNB4XXMR4XXRG4XXYB4XY0R4XY5G4XYCB4XYER
971905,4XVGG4XVNB4XXMR4XXRG4XXYB4XY0R4XY5G4XYCB4XYER
908616,4XVGG4XVNB4XXMR4XXRG4XXYB4XY0R4XY5G4XYCB4XYER
971926,4XVGG4XVNB4XXMR4XXRG4XXYB4XY0R4XY5G4XYCB4XYER
644486,4XVGG4XVNB4XXMR4XXRG4XXYB4XY0R4XY5G4XYCB4XYER
971922,4XVGG4XVNB4XXMR4XXRG4XXYB4XY0R4XY5G4XYCB4XYER
971920,4XVGG4XVNB4XXMR4XXRG4XXYB4XY0R4XY5G4XYCB4XYER
686112,4XVGG4XVNB4XXMR4XXRG4XXYB4XY0R4XY5G4XYCB4XYER
863845,4XVGG4XVNB4XXMR4XXRG4XXYB4XY0R4XY5G4XYCB4XYER
681433,4XVGG4XVNB4XXMR4XXRG4XXYB4XY0R4XY5G4XYCB4XYER
644502,4XVGG4XVNB4XXMR4XXRG4XXYB4XY0R4XY5G4XYCB4XYER
644504,4XVGG4XVNB4XXMR4XXRG4XXYB4XY0R4XY5G4XYCB4XYER
644495,4XVGG4XVNB4XXMR4XXRG4XXYB4XY0R4XY5G4XYCB4XYER
644497,4XVGG4XVNB4XXMR4XXRG4XXYB4XY0R4XY5G4XYCB4XYER
781439,4XVGG4XVNB4XXMR4XXRG4XXYB4XY0R4XY5G4XYCB4XYER
971917,4XVGG4XVNB4XXMR4XXRG4XXYB4XY0R4XY5G4XYCB4XYER
971915,4XVGG4XVNB4XXMR4XXRG4XXYB4XY0R4XY5G4XYCB4XYER
782921,4XVGG4XVNB4XXMR4XXRG4XXYB4XY0R4XY5G4XYCB4XYER
1048273,4XVGG4XVNB4XXMR4XXRG4XXYB4XY0R4XY5G4XYCB4XYER
681068,4XVGG4XVNB4XXMR4XXRG4XXYB4XY0R4XY5G4XYCB4XYER
681428,4XVGG4XVNB4XXMR4XXRG4XXYB4XY0R4XY5G4XYCB4XYER
830881,4XVGG4XVNB4XXMR4XXRG4XXYB4XY0R4XY5G4XYCB4XYER
681430,4XVGG4XVNB4XXMR4XXRG4XXYB4XY0R4XY5G4XYCB4XYER
681436,4XVGG4XVNB4XXMR4XXRG4XXYB4XY0R4XY5G4XYCB4XYER
686126,4XVGG4XVNB4XXRG4XXYB4XY5G4XYCB4Y0HG4Y0OB4Y0VG
686122,4XVGG4XVNB4XXMR4XXRG4XXYB4XY0R4XY5G4XYCB4XYER
686120,4XVGG4XVNB4XXMR4XXRG4XXYB4XY0R4XY5G4XYCB4XYER
1048270,4XVGG4XVNB4XXMR4XXRG4XXYB4XY0R4XY5G4XYCB4XYER
681076,4XVGG4XVNB4XXMR4XXRG4XXYB4XY0R4XY5G4XYCB4XYER
681067,4XVGG4XVNB4XXMR4XXRG4XXYB4XY0R4XY5G4XYCB4XYER
684340,4XVGG4XVNB4XXMR4XXRG4XXYB4XY0R4XY5G4XYCB4XYER
684338,4XVGG4XVNB4XXMR4XXRG4XXYB4XY0R4XY5G4XYCB4XYER
680419,4XVGG4XVNB4XXMR4XXRG4XXYB4XY0R4XY5G4XYCB4XYER
680415,4XVGG4XVNB4XXMR4XXRG4XXYB4XY0R4XY5G4XYCB4XYER
1001341,4XVGG4XVNB4XXMR4XXRG4XXYB4XY0R4XY5G4XYCB4XYER
680068,4XVGG4XVNB4XXMR4XXRG4XXYB4XY0R4XY5G4XYCB4XYER
861201,4XVGG4XVNB4XXMR4XXRG4XXYB4XY0R4XY5G4XYCB4XYER
641840,4XVGG4XVNB4XXMR4XXRG4XXYB4XY0R4XY5G4XYCB4XYER
861199,4XVGG4XVNB4XXMR4XXRG4XXYB4XY0R4XY5G4XYCB4XYER
863839,4XVGG4XVNB4XXMR4XXRG4XXYB4XY0R4XY5G4XYCB4XYER
642649,4XVGG4XVNB4XXMR4XXRG4XXYB4XY0R4XY5G4XYCB4XYER
642641,4XVGG4XVNB4XXMR4XXRG4XXYB4XY0R4XY5G4XYCB4XYER
642638,4XVGG4XVNB4XXMR4XXRG4XXYB4XY0R4XY5G4XYCB4XYER
642630,4XVGG4XVNB4XXMR4XXRG4XXYB4XY0R4XY5G4XYCB4XYER
642633,4XVGG4XVNB4XXMR4XXRG4XXYB4XY0R4XY5G4XYCB4XYER
827448,4XVGG4XVNB4XXMR4XXRG4XXYB4XY0R4XY5G4XYCB4XYER
863840,4XVGG4XVNB4XXMR4XXRG4XXYB4XY0R4XY5G4XYCB4XYER
681079,4XVGG4XVNB4XXMR4XXRG4XXYB4XY0R4XY5G4XYCB4XYER
861259,4XVGG4XVNB4XXMR4XXRG4XXYB4XY0R4XY5G4XYCB4XYER
684343,4XVGG4XVNB4XXMR4XXRG4XXYB4XY0R4XY5G4XYCB4XYER
1048268,4XVGG4XVNB4XXMR4XXRG4XXYB4XY0R4XY5G4XYCB4XYER
975475,4XVGG4XVNB4XXMR4XXRG4XXYB4XY0R4XY5G4XYCB4XYER
861262,4XVGG4XVNB4XXMR4XXRG4XXYB4XY0R4XY5G4XYCB4XYER
684342,4XVGG4XVNB4XXMR4XXRG4XXYB4XY0R4XY5G4XYCB4XYER
680421,4XVGG4XVIR4XVNB4XXRG4XXTR4XXYB4XY5G4XY7R4XYCB
683954,4XVGG4XVIR4XVNB4XXRG4XXTR4XXYB4XY5G4XY7R4XYCB
683942,4XVGG4XVNB4XXRG4XXYB4XY5G4XYCB4Y0HG4Y0OB4Y0VG
642636,4XVGG4XVIR4XVNB4XXRG4XXTR4XXYB4XY5G4XY7R4XYCB
642651,4XVGG4XVNB4XXMR4XXRG4XXYB4XY0R4XY5G4XYCB4XYER
642643,4XVGG4XVIR4XVNB4XXRG4XXTR4XXYB4XY5G4XY7R4XYCB
642646,4XVGG4XVIR4XVNB4XXRG4XXTR4XXYB4XY5G4XY7R4XYCB
863724,4XVGG4XVIR4XVNB4XXRG4XXTR4XXYB4XY5G4XY7R4XYCB
683958,4XVFR4XVJB4XXNB4XXQR4XXUB4XY0G4XY1B4XY4R4XY8B
683944,4XVFR4XVJB4XXNB4XXQR4XXUB4XY0G4XY1B4XY4R4XY8B
681065,4XVFR4XVJB4XXNB4XXQR4XXUB4XY0G4XY1B4XY4R4XY8B
681063,4XVFR4XVJB4XXNB4XXQR4XXUB4XY0G4XY1B4XY4R4XY8B
681061,4XVFR4XVJB4XXNB4XXQR4XXUB4XY0G4XY1B4XY4R4XY8B
683961,4XVFR4XVJB4XXNB4XXQR4XXUB4XY0G4XY1B4XY4R4XY8B
683926,4XVJB4XXNB4XXUB4XY0G4XY1B4XY8B4Y0DB4Y0KB4Y0QG
641848,4XVJB4XXNB4XXUB4XY0G4XY1B4XY8B4Y0DB4Y0KB4Y0QG
641851,4XVJB4XXNB4XXUB4XY0G4XY1B4XY8B4Y0DB4Y0KB4Y0QG
683938,4XVJB4XXNB4XXUB4XY0G4XY1B4XY8B4Y0DB4Y0KB4Y0QG
683935,4XVJB4XXNB4XXUB4XY0G4XY1B4XY8B4Y0DB4Y0KB4Y0QG
1003407,4XVJB4XXNB4XXUB4XY0G4XY1B4XY8B4Y0DB4Y0KB4Y0QG
683930,4XVJB4XXNB4XXUB4XY0G4XY1B4XY8B4Y0DB4Y0KB4Y0QG
683014,4XVJB4XXNB4XXUB4XY0G4XY1B4XY8B4Y0DB4Y0KB4Y0QG
861211,4XVJB4XXNB4XXUB4XY0G4XY1B4XY8B4Y0DB4Y0KB4Y0QG
865070,4XVJB4XXNB4XXUB4XY0G4XY1B4XY8B4Y0DB4Y0KB4Y0QG
643704,4XVJB4XXNB4XXUB4XY0G4XY1B4XY8B4Y0DB4Y0KB4Y0QG
643711,4XVJB4XXNB4XXUB4XY0G4XY1B4XY8B4Y0DB4Y0KB4Y0QG
683041,4XVJB4XXNB4XXUB4XY0G4XY1B4XY8B4Y0DB4Y0KB4Y0QG
683923,4XVJB4XXNB4XXUB4XY0G4XY1B4XY8B4Y0DB4Y0KB4Y0QG
683920,4XVJB4XXNB4XXUB4XY0G4XY1B4XY8B4Y0DB4Y0KB4Y0QG
861205,4XVIB4XXMG4XXNR4XXTB4XY0G4XY1R4XY7B4XYEG4Y0DR
976575,4XVIB4XXMG4XXNR4XXTB4XY0G4XY1R4XY7B4XYEG4Y0DR
643696,4XVIB4XXMG4XXNR4XXTB4XY0G4XY1R4XY7B4XYEG4Y0DR
642412,4XVIB4XXMG4XXNR4XXTB4XY0G4XY1R4XY7B4XYEG4Y0DR
976574,4XVIB4XXMG4XXNR4XXTB4XY0G4XY1R4XY7B4XYEG4Y0DR
1001604,4XVIB4XXMG4XXNR4XXTB4XY0G4XY1R4XY7B4XYEG4Y0DR
643716,4XVIB4XXMG4XXNR4XXTB4XY0G4XY1R4XY7B4XYEG4Y0DR
683033,4XVIB4XXMG4XXNR4XXTB4XY0G4XY1R4XY7B4XYEG4Y0DR
825954,4XVIB4XXMG4XXNR4XXTB4XY0G4XY1R4XY7B4XYEG4Y0DR
824275,4XVIB4XXMG4XXNR4XXTB4XY0G4XY1R4XY7B4XYEG4Y0DR
639885,4XVIB4XXMG4XXNR4XXTB4XY0G4XY1R4XY7B4XYEG4Y0DR
645867,4XVIB4XXMG4XXNR4XXTB4XY0G4XY1R4XY7B4XYEG4Y0DR
684087,4XVIB4XXMG4XXNR4XXTB4XY0G4XY1R4XY7B4XYEG4Y0DR
1014323,4XVIB4XXMG4XXNR4XXTB4XY0G4XY1R4XY7B4XYEG4Y0DR
824273,4XVIB4XXMG4XXNR4XXTB4XY0G4XY1R4XY7B4XYEG4Y0DR
683011,4XVIB4XXMG4XXNR4XXTB4XY0G4XY1R4XY7B4XYEG4Y0DR
1008937,4XVIB4XXMG4XXNR4XXTB4XY0G4XY1R4XY7B4XYEG4Y0DR
643695,4XVIB4XXMG4XXNR4XXTB4XY0G4XY1R4XY7B4XYEG4Y0DR
683026,4XVIB4XXMG4XXNR4XXTB4XY0G4XY1R4XY7B4XYEG4Y0DR
683035,4XVIB4XXMG4XXNR4XXTB4XY0G4XY1R4XY7B4XYEG4Y0DR
643709,4XVIB4XXMG4XXNR4XXTB4XY0G4XY1R4XY7B4XYEG4Y0DR
1007672,4XVIB4XXMG4XXNR4XXTB4XY0G4XY1R4XY7B4XYEG4Y0DR
645900,4XVIB4XXMG4XXNR4XXTB4XY0G4XY1R4XY7B4XYEG4Y0DR
645914,4XVIB4XXMG4XXNR4XXTB4XY0G4XY1R4XY7B4XYEG4Y0DR
865483,4XVIB4XXMG4XXNR4XXTB4XY0G4XY1R4XY7B4XYEG4Y0DR
684041,4XVIB4XXMG4XXNR4XXTB4XY0G4XY1R4XY7B4XYEG4Y0DR
684054,4XVIB4XXMG4XXNR4XXTB4XY0G4XY1R4XY7B4XYEG4Y0DR
684028,4XVIB4XXMG4XXNR4XXTB4XY0G4XY1R4XY7B4XYEG4Y0DR
684032,4XVIB4XXMG4XXNR4XXTB4XY0G4XY1R4XY7B4XYEG4Y0DR
1044577,4XVIB4XXMG4XXNR4XXTB4XY0G4XY1R4XY7B4XYEG4Y0DR
684035,4XVIB4XXMG4XXNR4XXTB4XY0G4XY1R4XY7B4XYEG4Y0DR
645909,4XVIB4XXMG4XXNR4XXTB4XY0G4XY1R4XY7B4XYEG4Y0DR
645904,4XVIB4XXMG4XXNR4XXTB4XY0G4XY1R4XY7B4XYEG4Y0DR
782920,4XVIB4XXMG4XXNR4XXTB4XY0G4XY1R4XY7B4XYEG4Y0DR
645889,4XVIB4XXMG4XXNR4XXTB4XY0G4XY1R4XY7B4XYEG4Y0DR
718799,4XVGB4XVNG4XXRB4XXYG4XY5B4XYCG4Y0HB4Y0OG4Y0VB
718803,4XVGB4XVNG4XXRB4XXYG4XY5B4XYCG4Y0HB4Y0OG4Y0VB
651502,4XVGB4XVNG4XXLR4XXRB4XXYG4XXZR4XY5B4XYCG4XYDR
691151,4XVGB4XVNG4XXLR4XXRB4XXYG4XXZR4XY5B4XYCG4XYDR
691149,4XVGB4XVNG4XXLR4XXRB4XXYG4XXZR4XY5B4XYCG4XYDR
904489,4XVGB4XVNG4XXLR4XXRB4XXYG4XXZR4XY5B4XYCG4XYDR
691153,4XVGB4XVNG4XXLR4XXRB4XXYG4XXZR4XY5B4XYCG4XYDR
904490,4XVGB4XVNG4XXLR4XXRB4XXYG4XXZR4XY5B4XYCG4XYDR
691147,4XVGB4XVNG4XXLR4XXRB4XXYG4XXZR4XY5B4XYCG4XYDR
859440,4XVGB4XVNG4XXRB4XXYG4XY5B4XYCG4Y0HB4Y0OG4Y0VB
741593,4XVGB4XVNG4XXLR4XXRB4XXYG4XXZR4XY5B4XYCG4XYDR
691160,4XVGB4XVNG4XXLR4XXRB4XXYG4XXZR4XY5B4XYCG4XYDR
692489,4XVGB4XVNG4XXLR4XXRB4XXYG4XXZR4XY5B4XYCG4XYDR
691162,4XVGB4XVNG4XXLR4XXRB4XXYG4XXZR4XY5B4XYCG4XYDR
904492,4XVGB4XVNG4XXLR4XXRB4XXYG4XXZR4XY5B4XYCG4XYDR
691159,4XVGB4XVNG4XXRB4XXYG4XY5B4XYCG4Y0HB4Y0OG4Y0VB
648665,4XVGB4XVNG4XXLR4XXRB4XXYG4XXZR4XY5B4XYCG4XYDR
691157,4XVGB4XVNG4XXRB4XXYG4XY5B4XYCG4Y0HB4Y0OG4Y0VB
718797,4XVGB4XVNG4XXRB4XXYG4XY5B4XYCG4Y0HB4Y0OG4Y0VB
718818,4XVGB4XVNG4XXRB4XXYG4XY5B4XYCG4Y0HB4Y0OG4Y0VB
1018252,4XVGB4XVNG4XXRB4XXYG4XY5B4XYCG4Y0HB4Y0OG4Y0VB
718814,4XVGB4XVNG4XXRB4XXYG4XY5B4XYCG4Y0HB4Y0OG4Y0VB
718790,4XVGB4XVNG4XXRB4XXYG4XY5B4XYCG4Y0HB4Y0OG4Y0VB
673610,4XVGB4XVNG4XXRB4XXYG4XY5B4XYCG4Y0HB4Y0OG4Y0VB
746468,4XVGB4XVNG4XXRB4XXYG4XY5B4XYCG4Y0HB4Y0OG4Y0VB
998598,4XVGB4XVNG4XXRB4XXYG4XY5B4XYCG4Y0HB4Y0OG4Y0VB
740199,4XVGB4XVGB4XVNG4XXRB4XXRB4XXYG4XY5B4XY5B4XYCG
673611,4XVGB4XVNG4XXRB4XXYG4XY5B4XYCG4Y0HB4Y0OG4Y0VB
673615,4XVGB4XVNG4XXRB4XXYG4XY5B4XYCG4Y0HB4Y0OG4Y0VB
718813,4XVGB4XVNG4XXRB4XXYG4XY5B4XYCG4Y0HB4Y0OG4Y0VB
740200,4XVGB4XVNG4XXRB4XXYG4XY5B4XYCG4Y0HB4Y0OG4Y0VB
718801,4XVGB4XVNG4XXRB4XXYG4XY5B4XYCG4Y0HB4Y0OG4Y0VB
787822,4XVGB4XVNG4XXRB4XXYG4XY5B4XYCG4Y0HB4Y0OG4Y0VB
998599,4XVGB4XVNG4XXRB4XXYG4XY5B4XYCG4Y0HB4Y0OG4Y0VB
1054133,4XVGB4XVNG4XXRB4XXYG4XY5B4XYCG4Y0HB4Y0OG4Y0VB
651500,4XVGB4XVNG4XVNG4XXLR4XXRB4XXYG4XXYG4XXZR4XY5B
741595,4XVGB4XVNG4XVNG4XXLR4XXRB4XXYG4XXYG4XXZR4XY5B
692863,4XVGB4XVNG4XVNG4XXLR4XXRB4XXYG4XXYG4XXZR4XY5B
787848,4XVGB4XVNG4XVNG4XXLR4XXRB4XXYG4XXYG4XXZR4XY5B
990248,4XVGB4XVNG4XVNG4XXLR4XXRB4XXYG4XXYG4XXZR4XY5B
990250,4XVGB4XVNG4XVNG4XXLR4XXRB4XXYG4XXYG4XXZR4XY5B
775253,4XVGB4XVNG4XVNG4XXLR4XXRB4XXYG4XXYG4XXZR4XY5B
718827,4XVGB4XVNG4XVNG4XXLR4XXRB4XXYG4XXYG4XXZR4XY5B
718834,4XVGB4XVNG4XVNG4XXLR4XXRB4XXYG4XXYG4XXZR4XY5B
691140,4XVGB4XVNG4XVNG4XXLR4XXRB4XXYG4XXYG4XXZR4XY5B
718824,4XVGB4XVNG4XVNG4XXLR4XXRB4XXYG4XXYG4XXZR4XY5B
692505,4XVGB4XVNG4XVNG4XXLR4XXRB4XXYG4XXYG4XXZR4XY5B
1055324,4XVGB4XVNG4XVNG4XXRB4XXYG4XXYG4XY5B4XYCG4XYCG
736904,4XVGB4XVGB4XVNG4XVNG4XXLR4XXRB4XXRB4XXYG4XXYG
958813,4XVGB4XVNG4XXLR4XXRB4XXYG4XXZR4XY5B4XYCG4XYDR
738867,4XVGB4XVNG4XXLR4XXRB4XXYG4XXZR4XY5B4XYCG4XYDR
958818,4XVGB4XVNG4XXLR4XXRB4XXYG4XXZR4XY5B4XYCG4XYDR
958800,4XVGB4XVNG4XXLR4XXRB4XXYG4XXZR4XY5B4XYCG4XYDR
958795,4XVGB4XVNG4XXLR4XXRB4XXYG4XXZR4XY5B4XYCG4XYDR
788482,4XVGB4XVNG4XXRB4XXYG4XY5B4XYCG4Y0HB4Y0OG4Y0VB
894236,4XVGB4XVNG4XXRB4XXYG4XY5B4XYCG4Y0HB4Y0OG4Y0VB
894533,4XVGB4XVNG4XXRB4XXYG4XY5B4XYCG4Y0HB4Y0OG4Y0VB
894534,4XVGB4XVNG4XXRB4XXYG4XY5B4XYCG4Y0HB4Y0OG4Y0VB
894535,4XVGB4XVNG4XXRB4XXYG4XY5B4XYCG4Y0HB4Y0OG4Y0VB
894536,4XVGB4XVNG4XXRB4XXYG4XY5B4XYCG4Y0HB4Y0OG4Y0VB
894537,4XVGB4XVNG4XXRB4XXYG4XY5B4XYCG4Y0HB4Y0OG4Y0VB
995427,4XVGB4XVNG4XXLR4XXRB4XXYG4XXZR4XY5B4XYCG4XYDR
788483,4XVGB4XVNG4XXLR4XXRB4XXYG4XXZR4XY5B4XYCG4XYDR
738868,4XVGB4XVNG4XXLR4XXRB4XXYG4XXZR4XY5B4XYCG4XYDR
651496,4XVGB4XVNG4XXLR4XXRB4XXYG4XXZR4XY5B4XYCG4XYDR
651501,4XVGB4XVNG4XXLR4XXRB4XXYG4XXZR4XY5B4XYCG4XYDR
692870,4XVGB4XVNG4XXLR4XXRB4XXYG4XXZR4XY5B4XYCG4XYDR
692868,4XVGB4XVNG4XXLR4XXRB4XXYG4XXZR4XY5B4XYCG4XYDR
788462,4XVGB4XVNG4XXLR4XXRB4XXYG4XXZR4XY5B4XYCG4XYDR
692520,4XVGB4XVNG4XXLR4XXRB4XXYG4XXZR4XY5B4XYCG4XYDR
692859,4XVGB4XVNG4XXLR4XXRB4XXYG4XXZR4XY5B4XYCG4XYDR
692502,4XVGB4XVNG4XXLR4XXRB4XXYG4XXZR4XY5B4XYCG4XYDR
692501,4XVGB4XVNG4XXLR4XXRB4XXYG4XXZR4XY5B4XYCG4XYDR
692861,4XVGB4XVNG4XXLR4XXRB4XXYG4XXZR4XY5B4XYCG4XYDR
692492,4XVGB4XVNG4XXLR4XXRB4XXYG4XXZR4XY5B4XYCG4XYDR
741594,4XVGB4XVNG4XXLR4XXRB4XXYG4XXZR4XY5B4XYCG4XYDR
692496,4XVGB4XVNG4XXLR4XXRB4XXYG4XXZR4XY5B4XYCG4XYDR
692495,4XVGB4XVNG4XXLR4XXRB4XXYG4XXZR4XY5B4XYCG4XYDR
1000366,4XVGB4XVNG4XXLR4XXRB4XXYG4XXZR4XY5B4XYCG4XYDR
692858,4XVGB4XVNG4XXLR4XXRB4XXYG4XXZR4XY5B4XYCG4XYDR
692524,4XVGB4XVNG4XXLR4XXRB4XXYG4XXZR4XY5B4XYCG4XYDR
692522,4XVGB4XVNG4XXLR4XXRB4XXYG4XXZR4XY5B4XYCG4XYDR
1000367,4XVGB4XVNG4XXLR4XXRB4XXYG4XXZR4XY5B4XYCG4XYDR
651499,4XVGB4XVNG4XXLR4XXRB4XXYG4XXZR4XY5B4XYCG4XYDR
651498,4XVGB4XVNG4XXRB4XXYG4XY5B4XYCG4Y0HB4Y0OG4Y0VB
741585,4XVGB4XVNG4XXLR4XXRB4XXYG4XXZR4XY5B4XYCG4XYDR
