St Lawrence Close	Pudsey	LS28	53.7936	-1.6679	1:HHU7;2:LM32;3:MEP9;4:HID5;5:HIDA;6:HIME;7:MEP7;8:HHBX;9:HHBS;10:HHC0;11:LM34;12:HIN8;12:HINE;14:HGTL;15:KA6A;
St Lawrence Terrace	Pudsey	LS28	53.7929	-1.6629	1:IYMY;3:IYMR;5:MEPD;7:HIMT;9:HIN1;11:HOUE;
ST LUKES CLOSE	CLIFFORD	LS23	53.8929	-1.3500	1:FITJ;2:FHBY;3:LYGC;4:GSGK;5:FHC6;6:IFKG;7:FK9M;
ST LUKES CRESCENT	Beeston	LS11	53.7702	-1.5720	1:FSMZ;2:DISU;3:LLM6;4:DISI;5:DISY;6:F1FA;7:DISN;8:DJ28;9:F1FB;10:DJ2C;11:DJ2E;12:FTB6;14:DJ29;15:FUB5;16:FSN1;17:DJ25;18:DIT1;19:DISZ;20:FRH8;21:DIRS;22:DFB5;23:FRH7;25:DHFV;27:DFB1;29:DHG1;31:DHFZ;33:DHFW;35:FRH6;37:DFBP;39:DFBL;41:DFBK;43:DFBI;45:DFBG;47:JHSN;49:FRHA;51:DFBC;53:DFBJ;55:DHF9;
ST LUKES GREEN	Beeston	LS11	53.7702	-1.5720	1:MNAS;3:MNAT;22:DG6Z;24:DG6V;26:DG7N;28:DG7L;30:DG77;32:F231;34:FQKF;36:F23D;38:DH0Q;40:DG67;42:DH0M;44:DH12;46:DH11;48:DH10;50:DH0X;52:FQKG;54:JIO4;56:KMJ7;58:KMJ5;60:DGHB;62:DGH9;64:FULC;66:DGH5;68:FULB;GARAGE SITE FRONT OF 42:DH0L;
ST LUKES ROAD	Beeston	LS11	53.7702	-1.5720	1:MNAK;1:MNAL;3:MNAM;3:MNAN;5:MNAO;5:MNAP;7:MNAQ;7:MNAR;9:MNAU;11:MNAV;11:MNAW;15:MNAX;15:MNAY;17:MNAZ;18:DHF7;19:DHF5;20:DHF4;21:KJVU;22:DHFA;23:DHEX;24:KJVX;25:GU3L;26:KJVV;27:DHF1;28:DHFS;29:DHFR;30:DHFO;31:F1F6;32:DHFJ;34:DHFH;36:DHFD;38:LH5A;40:DFBB;42:DHR6;44:DHR4;46:DHR3;48:GSVR;50:LLLU;52:DHQY;54:DHQW;56:DHQU;58:DHQS;60:DHQZ;62:F1F9;64:DHRK;66:DHRJ;68:DHRG;70:FSD1;72:GSWB;GARAGE SITE ADJACENT 48:F1F8;
ST LUKES STREET	Beeston	LS11	53.7702	-1.5720	2:DHRE;4:DHRC;6:DHRB;8:DHQP;10:FSCW;12:F23A;
St Margarets Avenue	Gledhow	LS8	53.8273	-1.5152	1:DG8P;2:FULA;3:DGH7;4:HT9G;5:KMJR;6:KMJP;7:KMJN;8:KMJA;9:KMJU;10:LLSM;11:KMJG;12:KMJE;14:KMJC;16:DG7S;
St Margarets Avenue	Horsforth	LS8	53.8273	-1.5152	1:G0DR;2:G0DS;3:LAD2;4:G0DV;5:G0DX;6:G1OT;7:G1OL;8:LB50;9:G0EU;10:FR7V;11:HSQ2;12:G0OO;13:FVAC;14:G0OH;15:FR7X;16:G0OI;17:G0OK;18:G0OL;19:G0OM;20:G0OG;21:G1OO;22:G1OP;23:G1OR;24:LB5A;25:LB5K;26:G1OU;27:G2NT;28:FVJ9;29:G2NW;30:G2NX;31:G2NY;32:G2O0;33:G0DY;34:G1PH;35:E4RU;36:F8M9;37:F8MA;38:F8MB;39:F8MD;40:F8MO;41:F8M8;42:F8MG;43:F8MI;45:F8MJ;47:F8MK;47:H0JK;49:E95F;
St Margarets Avenue	Methley	LS8	53.8273	-1.5152	1:EXUS;2:IKQ6;3:LZKL;4:IKQX;5:IKQU;6:IKQO;7:IM3O;9:H1Q7;
ST MARGARETS CLOSE	Horsforth	LS18	53.8366	-1.6435	1:F8ML;2:F8MM;3:FZDV;4:G20X;5:G20Y;6:HRJE;7:FRVD;8:F8CO;9:F8CP;10:F8CR;11:FZDU;12:E4RT;13:F8M4;14:GT6S;15:F8M6;
St Margarets Drive	Gledhow	LS8	53.8277	-1.5115	1:DG84;2:FUL4;3:DG80;4:DG7R;5:DG7X;6:MB4V;7:DG7V;8:FUL1;9:DG8E;
St Margarets Drive	Horsforth	LS8	53.8277	-1.5115	1:F8MP;2:F8MN;3:E4SM;4:F5RW;5:FSZ2;6:F5RY;7:F5S0;8:FZE9;9:F5S1;10:F5S2;11:F5S3;12:E4SN;13:F5S4;14:F5S6;15:F5S7;16:F8MY;17:F8MX;18:F8MQ;19:F8MR;20:F8MT;
St Margarets Grove	Gledhow	LS8	53.8277	-1.5146	1:DG7Y;2:MB4W;3:DG8J;4:FUL8;5:DG8G;6:DG8F;7:DG8D;8:JIO7;9:DG8A;10:FUL5;11:MB4I;12:DEVI;13:DEVG;14:DEVD;15:DEVB;16:DEV9;17:DEVJ;18:DFR7;
ST MARGARETS ROAD	Horsforth	LS18	53.8366	-1.6435	1:F8MV;2:LI3T;3:FZDW;4:E4RX;5:F5RO;6:F5RP;7:FSZ1;8:F5RR;9:G20V;10:F5RU;11:G58A;12:G58C;13:G58D;14:G58F;15:G58G;16:G58H;17:LB5G;18:LB5F;19:G1QP;20:FRV2;21:HRJC;22:G1QQ;23:G1QS;24:FRV3;25:G2XL;26:G58J;27:G1Q2;28:G1Q3;29:FPXR;30:G2XH;31:G2XJ;32:G589;33:G2XK;34:G2XM;35:FPXT;36:FV9P;37:G2XO;38:FPXU;39:G1R1;40:FPXS;41:G1QU;42:G20K;43:LB5I;44:G20L;45:G20M;46:FRV9;47:G20W;48:G20Q;49:FRVA;50:G20S;51:G20U;52:FRVB;53:LB5J;54:G1R2;55:FRV4;56:G1QW;58:G1QY;60:G1QZ;62:G1R0;
ST MARGARETS ROAD	Methley	LS26	53.7350	-1.4084	1:IM3F;2:M8IP;3:GX3J;4:IM2F;5:IL3J;6:IM34;7:IM2T;8:IM2Z;9:IP80;10:ILEQ;11:ILET;12:LWNS;13:ILEZ;14:IKEW;15:EVLW;16:M676;17:IOSS;18:INO9;19:IMOD;20:IMO9;21:EYPV;22:IP7B;23:IKWP;24:IOTM;25:INV7;26:INVR;27:IMSA;28:M9M5;29:IKW7;30:IP7C;31:IP6M;32:LZL8;34:INP1;36:IMOK;38:INOC;
St Margarets View	Gledhow	LS8	53.8273	-1.5139	1:MB53;3:DFR5;5:DFR4;7:DFR8;9:DEW0;10:DEVZ;11:GQQE;12:DEVW;13:DEVU;14:DEVS;15:DEVQ;16:MB4U;17:DEVN;19:DEVL;21:DEVT;23:LLMK;25:DEV1;27:MB4T;29:DEUX;31:DEUV;33:DEV2;35:DEUR;
ST MARKS AVENUE	Woodhouse	LS2	53.8104	-1.5571	ASHTON HOUSE:HS8Z;FIRST FLOOR FLAT, 5:NG5V;GROUND FLOOR FLAT, 5:NG5U;SECOND FLOOR FLAT, 5:NG5W;
ST MARKS ROAD	Woodhouse	LS2	53.8104	-1.5571	14:FTLX;FLAT 1 ELDON COURT:JQVW;FLAT 1 ST MARKS HOUSE:JCDF;FLAT 10 ELDON COURT:IPLI;FLAT 10 ST MARKS HOUSE:JCDH;FLAT 11 ELDON COURT:IPLJ;FLAT 11 ST MARKS HOUSE:J8FJ;FLAT 12 ELDON COURT:FWDD;FLAT 12 ST MARKS HOUSE:J8FK;FLAT 13 ELDON COURT:KGID;FLAT 14 ELDON COURT:IPLO;FLAT 14 ST MARKS HOUSE:J8FL;FLAT 15 ELDON COURT:GOCX;FLAT 15 ST MARKS HOUSE:LAGP;FLAT 16 ELDON COURT:LOUM;FLAT 17 ELDON COURT:JQWJ;FLAT 18 ELDON COURT:JQWL;FLAT 19 ELDON COURT:JQWM;FLAT 2 ELDON COURT:GNER;FLAT 2 ST MARKS HOUSE:J8FF;FLAT 20 ELDON COURT:JQWO;FLAT 21 ELDON COURT:JQWQ;FLAT 22 ELDON COURT:FX9W;FLAT 23 ELDON COURT:JT9L;FLAT 24 ELDON COURT:KI1V;FLAT 25 ELDON COURT:LAZX;FLAT 26 ELDON COURT:LAZW;FLAT 27 ELDON COURT:JQL1;FLAT 28 ELDON COURT:JQL4;FLAT 29 ELDON COURT:KHC5;FLAT 3 ELDON COURT:KHCA;FLAT 3 ST MARKS HOUSE:FXRD;FLAT 30 ELDON COURT:L95G;FLAT 31 ELDON COURT:ITV1;FLAT 32 ELDON COURT:JQLA;FLAT 33 ELDON COURT:KGHV;FLAT 34 ELDON COURT:ITUW;FLAT 35 ELDON COURT:ITUY;FLAT 36 ELDON COURT:ITV0;FLAT 37 ELDON COURT:JQL9;FLAT 38 ELDON COURT:JS9L;FLAT 39 ELDON COURT:JS9M;FLAT 4 ELDON COURT:JQWG;FLAT 4 ST MARKS HOUSE:M76A;FLAT 40 ELDON COURT:GOEL;FLAT 41 ELDON COURT:JS9P;FLAT 42 ELDON COURT:JQKY;FLAT 43 ELDON COURT:JS9J;FLAT 44 ELDON COURT:GOEN;FLAT 45 ELDON COURT:KAPO;FLAT 46 ELDON COURT:GOEO;FLAT 47 ELDON COURT:JS9X;FLAT 48 ELDON COURT:L9YV;FLAT 49 ELDON COURT:FWDB;FLAT 5 ELDON COURT:JT9T;FLAT 5 ST MARKS HOUSE:JCDG;FLAT 50 ELDON COURT:JQV6;FLAT 51 ELDON COURT:JQV8;FLAT 52 ELDON COURT:L822;FLAT 53 ELDON COURT:GNEN;FLAT 54 ELDON COURT:JQVC;FLAT 55 ELDON COURT:GNEL;FLAT 56 ELDON COURT:JQVF;FLAT 57 ELDON COURT:GNEM;FLAT 58 ELDON COURT:JQVH;FLAT 59 ELDON COURT:FX9V;FLAT 6 ELDON COURT:JT9W;FLAT 6 ST MARKS HOUSE:J8FG;FLAT 60 ELDON COURT:L821;FLAT 61 ELDON COURT:ITV3;FLAT 62 ELDON COURT:KAPP;FLAT 63 ELDON COURT:ITV6;FLAT 64 ELDON COURT:ITVF;FLAT 65 ELDON COURT:ITV2;FLAT 66 ELDON COURT:ITVA;FLAT 67 ELDON COURT:KQE3;FLAT 68 ELDON COURT:KB3O;FLAT 69 ELDON COURT:KQE4;FLAT 7 ELDON COURT:JT9Y;FLAT 7 ST MARKS HOUSE:J8FH;FLAT 70 ELDON COURT:GTVB;FLAT 71 ELDON COURT:M2IF;FLAT 72 ELDON COURT:KQE6;FLAT 8 ELDON COURT:IPLG;FLAT 8 ST MARKS HOUSE:J8FI;FLAT 9 ELDON COURT:L9YU;FLAT 9 ST MARKS HOUSE:LZ3S;
ST MARKS STREET	Woodhouse	LS2	53.8104	-1.5571	2:J63H;4:EZ5A;6:FWGT;8:EZ5D;61:DEWB;CAR PARKING COURT AT WOODHOUSE FLATS, 4:NFRE;FLAT 1 QUAKER HOUSE:DF6K;FLAT 1 WOODHOUSE FLATS, 2:K6RT;FLAT 10 QUAKER HOUSE:DEW8;FLAT 10 WOODHOUSE FLATS, 4:ME4Y;FLAT 11 QUAKER HOUSE:DEW6;FLAT 11 WOODHOUSE FLATS, 4:K6RZ;FLAT 12 QUAKER HOUSE:DEW4;FLAT 12 WOODHOUSE FLATS, 4:L5JB;FLAT 13 WOODHOUSE FLATS, 4:L8PG;FLAT 14 WOODHOUSE FLATS, 4:L5JC;FLAT 15 WOODHOUSE FLATS, 6:K6S0;FLAT 16 WOODHOUSE FLATS, 6:K6S1;FLAT 17 WOODHOUSE FLATS, 6:LBCB;FLAT 18 WOODHOUSE FLATS, 6:L5JD;FLAT 19 WOODHOUSE FLATS, 6:K6S2;FLAT 2 QUAKER HOUSE:DF6H;FLAT 2 WOODHOUSE FLATS, 2:K6RU;FLAT 20 WOODHOUSE FLATS, 6:K6S3;FLAT 21 WOODHOUSE FLATS, 6:L5JE;FLAT 22 WOODHOUSE FLATS, 6:ME4Z;FLAT 23 WOODHOUSE FLATS, 8:K6S4;FLAT 24 WOODHOUSE FLATS, 8:K6S5;FLAT 25 WOODHOUSE FLATS, 8:L7W5;FLAT 26 WOODHOUSE FLATS, 8:K6S6;FLAT 27 WOODHOUSE FLATS, 8:L5JH;FLAT 28 WOODHOUSE FLATS, 8:K6S7;FLAT 29 WOODHOUSE FLATS, 8:L5JI;FLAT 3 QUAKER HOUSE:DF6O;FLAT 3 WOODHOUSE FLATS, 2:K6RV;FLAT 30 WOODHOUSE FLATS, 8:K6S8;FLAT 4 QUAKER HOUSE:DEWG;FLAT 4 WOODHOUSE FLATS, 2:L8PF;FLAT 5 QUAKER HOUSE:DEWE;FLAT 5 WOODHOUSE FLATS, 2:K6RW;FLAT 6 QUAKER HOUSE:GQQF;FLAT 6 WOODHOUSE FLATS, 2:L4PN;FLAT 7 QUAKER HOUSE:FZH3;FLAT 7 WOODHOUSE FLATS, 4:K6RX;FLAT 8 QUAKER HOUSE:DEW3;FLAT 8 WOODHOUSE FLATS, 4:K6RY;FLAT 9 QUAKER HOUSE:LBO0;FLAT 9 WOODHOUSE FLATS, 4:L4PP;ROOM 10A WOODHOUSE FLATS, 4:LHGI;ROOM 10B WOODHOUSE FLATS, 4:LHGJ;ROOM 10C WOODHOUSE FLATS, 4:LHGK;ROOM 10D WOODHOUSE FLATS, 4:LHGL;ROOM 10E WOODHOUSE FLATS, 4:LHGM;ROOM 11A WOODHOUSE FLATS, 4:LI1O;ROOM 11B WOODHOUSE FLATS, 4:LI1P;ROOM 11C WOODHOUSE FLATS, 4:LI1Q;ROOM 11D WOODHOUSE FLATS, 4:LI1R;ROOM 11E WOODHOUSE FLATS, 4:LI1S;ROOM 12A WOODHOUSE FLATS, 4:HS8F;ROOM 12B WOODHOUSE FLATS, 4:HS8G;ROOM 12C WOODHOUSE FLATS, 4:HS8H;ROOM 12D WOODHOUSE FLATS, 4:HS8I;ROOM 12E WOODHOUSE FLATS, 4:HS8J;ROOM 13A WOODHOUSE FLATS, 4:LF7P;ROOM 13B WOODHOUSE FLATS, 4:LF7Q;ROOM 13C WOODHOUSE FLATS, 4:LF7R;ROOM 13D WOODHOUSE FLATS, 4:LF7S;ROOM 13E WOODHOUSE FLATS, 4:LF7T;ROOM 14A WOODHOUSE FLATS, 4:LTC6;ROOM 14B WOODHOUSE FLATS, 4:LTC7;ROOM 14C WOODHOUSE FLATS, 4:LTC8;ROOM 14D WOODHOUSE FLATS, 4:LTC9;ROOM 14E WOODHOUSE FLATS, 4:LTCA;ROOM 15B WOODHOUSE FLATS, 6:LTKW;ROOM 15C WOODHOUSE FLATS, 6:LTKX;ROOM 15D WOODHOUSE FLATS, 6:LTKY;ROOM 15E WOODHOUSE FLATS, 6:LTKZ;ROOM 16A WOODHOUSE FLATS, 6:GRO4;ROOM 16B WOODHOUSE FLATS, 6:GRO5;ROOM 16C WOODHOUSE FLATS, 6:GRO6;ROOM 16D WOODHOUSE FLATS, 6:GRO7;ROOM 16E WOODHOUSE FLATS, 6:GRO8;ROOM 17A WOODHOUSE FLATS, 6:HS2T;ROOM 17B WOODHOUSE FLATS, 6:HS2U;ROOM 17C WOODHOUSE FLATS, 6:HS2V;ROOM 17D WOODHOUSE FLATS, 6:HS2W;ROOM 17E WOODHOUSE FLATS, 6:HS2X;ROOM 18A WOODHOUSE FLATS, 6:HPKB;ROOM 18B WOODHOUSE FLATS, 6:HPKC;ROOM 18C WOODHOUSE FLATS, 6:HPKD;ROOM 18D WOODHOUSE FLATS, 6:HPKE;ROOM 18E WOODHOUSE FLATS, 6:HPKF;ROOM 19A WOODHOUSE FLATS, 6:GRO9;ROOM 19B WOODHOUSE FLATS, 6:GROA;ROOM 19C WOODHOUSE FLATS, 6:GROB;ROOM 19D WOODHOUSE FLATS, 6:GROC;ROOM 19E WOODHOUSE FLATS, 6:GROD;ROOM 1A WOODHOUSE FLATS, 2:LEZX;ROOM 1B WOODHOUSE FLATS, 2:LEZY;ROOM 1C WOODHOUSE FLATS, 2:LEZZ;ROOM 1D WOODHOUSE FLATS, 2:LF00;ROOM 1E WOODHOUSE FLATS, 2:LF01;ROOM 20A WOODHOUSE FLATS, 6:DDJZ;ROOM 20B WOODHOUSE FLATS, 6:DDK0;ROOM 20C WOODHOUSE FLATS, 6:DDK1;ROOM 20D WOODHOUSE FLATS, 6:DDK2;ROOM 20E WOODHOUSE FLATS, 6:GTMV;ROOM 21A WOODHOUSE FLATS, 6:LDFO;ROOM 21B WOODHOUSE FLATS, 6:LDFP;ROOM 21C WOODHOUSE FLATS, 6:LDFQ;ROOM 21D WOODHOUSE FLATS, 6:LDFR;ROOM 21E WOODHOUSE FLATS, 6:LDFS;ROOM 22A WOODHOUSE FLATS, 6:LOFP;ROOM 22B WOODHOUSE FLATS, 6:LOFQ;ROOM 22C WOODHOUSE FLATS, 6:LOFR;ROOM 22D WOODHOUSE FLATS, 6:LOFS;ROOM 22E WOODHOUSE FLATS, 6:LOFT;ROOM 23A WOODHOUSE FLATS, 8:LJIT;ROOM 23B WOODHOUSE FLATS, 8:LJIU;ROOM 23C WOODHOUSE FLATS, 8:LJIV;ROOM 23D WOODHOUSE FLATS, 8:LJIW;ROOM 23E WOODHOUSE FLATS, 8:LJIX;ROOM 24A WOODHOUSE FLATS, 8:JFP2;ROOM 24B WOODHOUSE FLATS, 8:JFP3;ROOM 24C WOODHOUSE FLATS, 8:JFP4;ROOM 25A WOODHOUSE FLATS, 8:LUUG;ROOM 25B WOODHOUSE FLATS, 8:LUUH;ROOM 25C WOODHOUSE FLATS, 8:LUUI;ROOM 25D WOODHOUSE FLATS, 8:LUUJ;ROOM 25E WOODHOUSE FLATS, 8:LUUK;ROOM 26A WOODHOUSE FLATS, 8:HQYG;ROOM 26B WOODHOUSE FLATS, 8:HQYH;ROOM 26C WOODHOUSE FLATS, 8:HQYI;ROOM 26D WOODHOUSE FLATS, 8:HQYJ;ROOM 26E WOODHOUSE FLATS, 8:HQYK;ROOM 27A WOODHOUSE FLATS, 8:JHQZ;ROOM 27B WOODHOUSE FLATS, 8:JHR0;ROOM 27C WOODHOUSE FLATS, 8:JHR1;ROOM 27D WOODHOUSE FLATS, 8:JHR2;ROOM 27E WOODHOUSE FLATS, 8:JHR3;ROOM 28A WOODHOUSE FLATS, 8:LT4A;ROOM 28B WOODHOUSE FLATS, 8:LT4B;ROOM 28C WOODHOUSE FLATS, 8:LT4C;ROOM 28D WOODHOUSE FLATS, 8:LT4D;ROOM 28E WOODHOUSE FLATS, 8:LT4E;ROOM 29A WOODHOUSE FLATS, 8:LZAS;ROOM 29B WOODHOUSE FLATS, 8:LZAT;ROOM 29C WOODHOUSE FLATS, 8:LZAU;ROOM 29D WOODHOUSE FLATS, 8:LZAV;ROOM 29E WOODHOUSE FLATS, 8:LZAW;ROOM 2A WOODHOUSE FLATS, 2:LX1T;ROOM 2B WOODHOUSE FLATS, 2:LX1U;ROOM 2C WOODHOUSE FLATS, 2:LX1V;ROOM 2D WOODHOUSE FLATS, 2:LX1W;ROOM 30A WOODHOUSE FLATS, 8:LC37;ROOM 30B WOODHOUSE FLATS, 8:LC38;ROOM 30C WOODHOUSE FLATS, 8:LC39;ROOM 30D WOODHOUSE FLATS, 8:LC3A;ROOM 30E WOODHOUSE FLATS, 8:LC3B;ROOM 3A WOODHOUSE FLATS, 2:LDNF;ROOM 3B WOODHOUSE FLATS, 2:LDNG;ROOM 3C WOODHOUSE FLATS, 2:LDNH;ROOM 3D WOODHOUSE FLATS, 2:LDNI;ROOM 3E WOODHOUSE FLATS, 2:LDNJ;ROOM 4A WOODHOUSE FLATS, 2:GUF7;ROOM 4B WOODHOUSE FLATS, 2:GUF8;ROOM 4C WOODHOUSE FLATS, 2:GUF9;ROOM 4D WOODHOUSE FLATS, 2:GUFA;ROOM 4E WOODHOUSE FLATS, 2:GUFB;ROOM 5A WOODHOUSE FLATS, 2:GTBK;ROOM 5B WOODHOUSE FLATS, 2:GTBL;ROOM 5C WOODHOUSE FLATS, 2:GTBM;ROOM 5D WOODHOUSE FLATS, 2:GTBN;ROOM 5E WOODHOUSE FLATS, 2:GTBO;ROOM 6A WOODHOUSE FLATS, 2:GTBP;ROOM 6B WOODHOUSE FLATS, 2:GTBQ;ROOM 6C WOODHOUSE FLATS, 2:GTBR;ROOM 6D WOODHOUSE FLATS, 2:GTBS;ROOM 6E WOODHOUSE FLATS, 2:GTBT;ROOM 7A WOODHOUSE FLATS, 4:LYZD;ROOM 7B WOODHOUSE FLATS, 4:LYZE;ROOM 7C WOODHOUSE FLATS, 4:LYZF;ROOM 7D WOODHOUSE FLATS, 4:LYZG;ROOM 7E WOODHOUSE FLATS, 4:LYZH;ROOM 8A WOODHOUSE FLATS, 4:LYZI;ROOM 8B WOODHOUSE FLATS, 4:LYZJ;ROOM 8C WOODHOUSE FLATS, 4:LYZK;ROOM 8D WOODHOUSE FLATS, 4:LYZL;ROOM 8E WOODHOUSE FLATS, 4:LYZM;ROOM 9A WOODHOUSE FLATS, 4:LYZR;ROOM 9B WOODHOUSE FLATS, 4:LYZS;ROOM 9C WOODHOUSE FLATS, 4:LYZT;ROOM 9D WOODHOUSE FLATS, 4:LYZU;ROOM 9E WOODHOUSE FLATS, 4:LYZV;ROOM A1 11 ST MARKS RESIDENCE:MJMF;ROOM A1 12 ST MARKS RESIDENCE:MJMG;ROOM A1 13 ST MARKS RESIDENCE:MJMH;ROOM A1 14 ST MARKS RESIDENCE:MJMI;ROOM A1 21 ST MARKS RESIDENCE:MJMK;ROOM A1 22 ST MARKS RESIDENCE:MJML;ROOM A1 23 ST MARKS RESIDENCE:MJMM;ROOM A1 24 ST MARKS RESIDENCE:MJMN;ROOM A2 11 ST MARKS RESIDENCE:MJMO;ROOM A2 12 ST MARKS RESIDENCE:MJMP;ROOM A2 13 ST MARKS RESIDENCE:MJMQ;ROOM A2 14 ST MARKS RESIDENCE:MJMR;ROOM A2 15 ST MARKS RESIDENCE:MJMS;ROOM A2 21 ST MARKS RESIDENCE:MJMT;ROOM A2 22 ST MARKS RESIDENCE:MJMU;ROOM A2 23 ST MARKS RESIDENCE:MJMV;ROOM A2 24 ST MARKS RESIDENCE:MJMW;ROOM A2 25 ST MARKS RESIDENCE:MJMX;ROOM A2 26 ST MARKS RESIDENCE:MJMY;ROOM A3 11 ST MARKS RESIDENCE:MJN0;ROOM A3 12 ST MARKS RESIDENCE:MJN1;ROOM A3 13 ST MARKS RESIDENCE:MJN2;ROOM A3 14 ST MARKS RESIDENCE:MJN3;ROOM A3 15 ST MARKS RESIDENCE:MJN4;ROOM A3 21 ST MARKS RESIDENCE:MJN5;ROOM A3 22 ST MARKS RESIDENCE:MJN6;ROOM A3 23 ST MARKS RESIDENCE:MJN7;ROOM A3 24 ST MARKS RESIDENCE:MJN8;ROOM A3 25 ST MARKS RESIDENCE:MJN9;ROOM A3 26 ST MARKS RESIDENCE:MJNA;ROOM A4 11 ST MARKS RESIDENCE:MJNB;ROOM A4 12 ST MARKS RESIDENCE:MJNC;ROOM A4 13 ST MARKS RESIDENCE:MJND;ROOM A4 14 ST MARKS RESIDENCE:MJNE;ROOM A4 15 ST MARKS RESIDENCE:MJNF;ROOM A4 21 ST MARKS RESIDENCE:MJNG;ROOM A4 22 ST MARKS RESIDENCE:MJNH;ROOM A4 23 ST MARKS RESIDENCE:MJNI;ROOM A4 24 ST MARKS RESIDENCE:MJNJ;ROOM A4 25 ST MARKS RESIDENCE:MJNK;ROOM A4 26 ST MARKS RESIDENCE:MJNL;ROOM A5 11 ST MARKS RESIDENCE:MJNQ;ROOM A5 12 ST MARKS RESIDENCE:MJNR;ROOM A5 13 ST MARKS RESIDENCE:MJNS;ROOM A5 14 ST MARKS RESIDENCE:MJNT;ROOM A5 15 ST MARKS RESIDENCE:MJNU;ROOM A5 16 ST MARKS RESIDENCE:MJNV;ROOM A5 21 ST MARKS RESIDENCE:MJNX;ROOM A5 22 ST MARKS RESIDENCE:MJNY;ROOM A5 23 ST MARKS RESIDENCE:MJNZ;ROOM A5 24 ST MARKS RESIDENCE:MJO0;ROOM A5 25 ST MARKS RESIDENCE:MJO1;ROOM A5 26 ST MARKS RESIDENCE:MJO2;ROOM B1 11 ST MARKS RESIDENCE:MJO3;ROOM B1 12 ST MARKS RESIDENCE:MJO4;ROOM B1 13 ST MARKS RESIDENCE:MJO5;ROOM B1 14 ST MARKS RESIDENCE:MJO6;ROOM B1 21 ST MARKS RESIDENCE:MJO8;ROOM B1 22 ST MARKS RESIDENCE:MJO9;ROOM B1 23 ST MARKS RESIDENCE:MJOA;ROOM B1 24 ST MARKS RESIDENCE:MJOB;ROOM B1 25 ST MARKS RESIDENCE:MJOC;ROOM B1 26 ST MARKS RESIDENCE:MJOD;ROOM B2 11 ST MARKS RESIDENCE:MJOE;ROOM B2 12 ST MARKS RESIDENCE:MJOF;ROOM B2 13 ST MARKS RESIDENCE:MJOG;ROOM B2 14 ST MARKS RESIDENCE:MJOH;ROOM B2 15 ST MARKS RESIDENCE:MJOI;ROOM B2 16 ST MARKS RESIDENCE:MJOJ;ROOM B2 21 ST MARKS RESIDENCE:MJON;ROOM B2 22 ST MARKS RESIDENCE:MJOO;ROOM B2 23 ST MARKS RESIDENCE:MJOP;ROOM B2 24 ST MARKS RESIDENCE:MJOQ;ROOM B2 25 ST MARKS RESIDENCE:MJOR;ROOM B2 26 ST MARKS RESIDENCE:MJOS;ROOM B3 11 ST MARKS RESIDENCE:MJOW;ROOM B3 12 ST MARKS RESIDENCE:MJOX;ROOM B3 13 ST MARKS RESIDENCE:MJOY;ROOM B3 14 ST MARKS RESIDENCE:MJOZ;ROOM B3 15 ST MARKS RESIDENCE:MJP0;ROOM B3 16 ST MARKS RESIDENCE:MJP1;ROOM B3 21 ST MARKS RESIDENCE:MJP5;ROOM B3 22 ST MARKS RESIDENCE:MJP6;ROOM B3 23 ST MARKS RESIDENCE:MJP7;ROOM B3 24 ST MARKS RESIDENCE:MJP8;ROOM B3 25 ST MARKS RESIDENCE:MJP9;ROOM B3 26 ST MARKS RESIDENCE:MJPA;ROOM B4 11 ST MARKS RESIDENCE:MJPC;ROOM B4 12 ST MARKS RESIDENCE:MJPD;ROOM B4 13 ST MARKS RESIDENCE:MJPE;ROOM B4 14 ST MARKS RESIDENCE:MJPF;ROOM B4 15 ST MARKS RESIDENCE:MJPG;ROOM B4 16 ST MARKS RESIDENCE:MJPH;ROOM B4 21 ST MARKS RESIDENCE:MJPJ;ROOM B4 22 ST MARKS RESIDENCE:MJPK;ROOM B4 23 ST MARKS RESIDENCE:MJPL;ROOM B4 24 ST MARKS RESIDENCE:MJPM;ROOM B4 25 ST MARKS RESIDENCE:MJPN;ROOM B4 26 ST MARKS RESIDENCE:MJPO;ROOM C1 11 ST MARKS RESIDENCE:MJPQ;ROOM C1 12 ST MARKS RESIDENCE:MJPR;ROOM C1 13 ST MARKS RESIDENCE:MJPS;ROOM C1 14 ST MARKS RESIDENCE:MJPT;ROOM C1 15 ST MARKS RESIDENCE:MJPU;ROOM C1 16 ST MARKS RESIDENCE:MJPV;ROOM C1 21 ST MARKS RESIDENCE:MJPW;ROOM C1 22 ST MARKS RESIDENCE:MJPX;ROOM C1 23 ST MARKS RESIDENCE:MJPY;ROOM C1 24 ST MARKS RESIDENCE:MJPZ;ROOM C1 25 ST MARKS RESIDENCE:MJQ0;ROOM C2 11 ST MARKS RESIDENCE:MJQ1;ROOM C2 12 ST MARKS RESIDENCE:MJQ2;ROOM C2 13 ST MARKS RESIDENCE:MJQ3;ROOM C2 14 ST MARKS RESIDENCE:MJQ4;ROOM C2 15 ST MARKS RESIDENCE:MJQ5;ROOM C2 16 ST MARKS RESIDENCE:MJQ6;ROOM C2 21 ST MARKS RESIDENCE:MJQ7;ROOM C2 22 ST MARKS RESIDENCE:MJQ8;ROOM C2 23 ST MARKS RESIDENCE:MJQ9;ROOM C2 24 ST MARKS RESIDENCE:MJQA;ROOM C2 25 ST MARKS RESIDENCE:MJQB;ROOM C2 26 ST MARKS RESIDENCE:MJQC;ROOM C3 11 ST MARKS RESIDENCE:MJQD;ROOM C3 12 ST MARKS RESIDENCE:MJQE;ROOM C3 13 ST MARKS RESIDENCE:MJQF;ROOM C3 14 ST MARKS RESIDENCE:MJQG;ROOM C3 15 ST MARKS RESIDENCE:MJQH;ROOM C3 16 ST MARKS RESIDENCE:MJQI;ROOM C3 21 ST MARKS RESIDENCE:MJQJ;ROOM C3 22 ST MARKS RESIDENCE:MJQK;ROOM C3 23 ST MARKS RESIDENCE:MJQL;ROOM C3 24 ST MARKS RESIDENCE:MJQM;ROOM C3 25 ST MARKS RESIDENCE:MJQN;ROOM C3 26 ST MARKS RESIDENCE:MJQO;ROOM C4 11 ST MARKS RESIDENCE:MJQP;ROOM C4 12 ST MARKS RESIDENCE:MJQQ;ROOM C4 13 ST MARKS RESIDENCE:MJQR;ROOM C4 14 ST MARKS RESIDENCE:MJQS;ROOM C4 15 ST MARKS RESIDENCE:MJQT;ROOM C4 16 ST MARKS RESIDENCE:MJQU;ROOM C4 21 ST MARKS RESIDENCE:MJQW;ROOM C4 22 ST MARKS RESIDENCE:MJQX;ROOM C4 23 ST MARKS RESIDENCE:MJQY;ROOM C4 24 ST MARKS RESIDENCE:MJQZ;ROOM C4 25 ST MARKS RESIDENCE:MJR0;ROOM C4 26 ST MARKS RESIDENCE:MJR1;ROOM C5 11 ST MARKS RESIDENCE:MJR3;ROOM C5 12 ST MARKS RESIDENCE:MJR4;ROOM C5 13 ST MARKS RESIDENCE:MJR5;ROOM C5 14 ST MARKS RESIDENCE:MJR6;ROOM C5 15 ST MARKS RESIDENCE:MJR7;ROOM C5 16 ST MARKS RESIDENCE:MJR8;ROOM D1 11 ST MARKS RESIDENCE:MJRA;ROOM D1 12 ST MARKS RESIDENCE:MJRB;ROOM D1 13 ST MARKS RESIDENCE:MJRC;ROOM D1 14 ST MARKS RESIDENCE:MJRD;ROOM D1 21 ST MARKS RESIDENCE:MJRF;ROOM D1 22 ST MARKS RESIDENCE:MJRG;ROOM D1 23 ST MARKS RESIDENCE:MJRH;ROOM D1 24 ST MARKS RESIDENCE:MJRI;ROOM D2 11 ST MARKS RESIDENCE:MJRJ;ROOM D2 12 ST MARKS RESIDENCE:MJRK;ROOM D2 13 ST MARKS RESIDENCE:MJRL;ROOM D2 14 ST MARKS RESIDENCE:MJRM;ROOM D2 15 ST MARKS RESIDENCE:MJRN;ROOM D2 16 ST MARKS RESIDENCE:MJRO;ROOM D2 21 ST MARKS RESIDENCE:MJRS;ROOM D2 22 ST MARKS RESIDENCE:MJRT;ROOM D2 23 ST MARKS RESIDENCE:MJRU;ROOM D2 24 ST MARKS RESIDENCE:MJRV;ROOM D3 11 ST MARKS RESIDENCE:MJRW;ROOM D3 12 ST MARKS RESIDENCE:MJRX;ROOM D3 13 ST MARKS RESIDENCE:MJRY;ROOM D3 14 ST MARKS RESIDENCE:MJRZ;ROOM D3 15 ST MARKS RESIDENCE:MJS0;ROOM D3 16 ST MARKS RESIDENCE:MJS1;ROOM D3 21 ST MARKS RESIDENCE:MJS2;ROOM D3 22 ST MARKS RESIDENCE:MJS3;ROOM D3 23 ST MARKS RESIDENCE:MJS4;ROOM D3 24 ST MARKS RESIDENCE:MJS5;ROOM D4 11 ST MARKS RESIDENCE:MJS7;ROOM D4 12 ST MARKS RESIDENCE:MJS8;ROOM D4 13 ST MARKS RESIDENCE:MJS9;ROOM D4 14 ST MARKS RESIDENCE:MJSA;ROOM D4 15 ST MARKS RESIDENCE:MJSB;ROOM D4 16 ST MARKS RESIDENCE:MJSC;ROOM D4 21 ST MARKS RESIDENCE:MJSD;ROOM D4 22 ST MARKS RESIDENCE:MJSE;ROOM D4 23 ST MARKS RESIDENCE:MJSF;ROOM D4 24 ST MARKS RESIDENCE:MJSG;ROOM D5 11 ST MARKS RESIDENCE:MJSI;ROOM D5 12 ST MARKS RESIDENCE:MJSJ;ROOM D5 13 ST MARKS RESIDENCE:MJSK;ROOM D5 14 ST MARKS RESIDENCE:MJSL;ROOM D5 15 ST MARKS RESIDENCE:MJSM;ROOM D5 16 ST MARKS RESIDENCE:MJSN;ROOM E1 11 ST MARKS RESIDENCE:MJT1;ROOM E1 12 ST MARKS RESIDENCE:MJT2;ROOM E1 13 ST MARKS RESIDENCE:MJT3;ROOM E1 14 ST MARKS RESIDENCE:MJT4;ROOM E1 15 ST MARKS RESIDENCE:MJT5;ROOM E1 16 ST MARKS RESIDENCE:MJT6;ROOM E1 17 ST MARKS RESIDENCE:MJT7;ROOM E1 18 ST MARKS RESIDENCE:MJT8;ROOM E1 19 ST MARKS RESIDENCE:MJT9;ROOM E1 21 ST MARKS RESIDENCE:MJTB;ROOM E1 22 ST MARKS RESIDENCE:MJTC;ROOM E1 23 ST MARKS RESIDENCE:MJTD;ROOM E1 24 ST MARKS RESIDENCE:MJTE;ROOM E1 25 ST MARKS RESIDENCE:MJTF;ROOM E1 26 ST MARKS RESIDENCE:MJTG;ROOM E1 27 ST MARKS RESIDENCE:MJTH;ROOM E2 11 ST MARKS RESIDENCE:MJTJ;ROOM E2 12 ST MARKS RESIDENCE:MJTK;ROOM E2 13 ST MARKS RESIDENCE:MJTL;ROOM E2 14 ST MARKS RESIDENCE:MJTM;ROOM E2 15 ST MARKS RESIDENCE:MJTN;ROOM E2 16 ST MARKS RESIDENCE:MJTO;ROOM E2 17 ST MARKS RESIDENCE:MJTP;ROOM E2 18 ST MARKS RESIDENCE:MJTQ;ROOM E2 19 ST MARKS RESIDENCE:MJTR;ROOM E2 21 ST MARKS RESIDENCE:MJTS;ROOM E2 22 ST MARKS RESIDENCE:MJTT;ROOM E2 23 ST MARKS RESIDENCE:MJTU;ROOM E2 24 ST MARKS RESIDENCE:MJTV;ROOM E2 25 ST MARKS RESIDENCE:MJTW;ROOM E2 26 ST MARKS RESIDENCE:MJTX;ROOM E2 27 ST MARKS RESIDENCE:MJTY;ROOM E2 28 ST MARKS RESIDENCE:MJTZ;ROOM E2 29 ST MARKS RESIDENCE:MJU0;ROOM E3 11 ST MARKS RESIDENCE:MJU1;ROOM E3 12 ST MARKS RESIDENCE:MJU2;ROOM E3 13 ST MARKS RESIDENCE:MJU3;ROOM E3 14 ST MARKS RESIDENCE:MJU4;ROOM E3 15 ST MARKS RESIDENCE:MJU5;ROOM E3 16 ST MARKS RESIDENCE:MJU6;ROOM E3 17 ST MARKS RESIDENCE:MJU7;ROOM E3 18 ST MARKS RESIDENCE:MJU8;ROOM E3 19 ST MARKS RESIDENCE:MJU9;ROOM E3 21 ST MARKS RESIDENCE:MJUA;ROOM E3 22 ST MARKS RESIDENCE:MJUB;ROOM E3 23 ST MARKS RESIDENCE:MJUC;ROOM E3 24 ST MARKS RESIDENCE:MJUD;ROOM E3 25 ST MARKS RESIDENCE:MJUE;ROOM E3 26 ST MARKS RESIDENCE:MJUF;ROOM E3 27 ST MARKS RESIDENCE:MJUG;ROOM E3 28 ST MARKS RESIDENCE:MJUH;ROOM E3 29 ST MARKS RESIDENCE:MJUI;ROOM E4 11 ST MARKS RESIDENCE:MJUJ;ROOM E4 12 ST MARKS RESIDENCE:MJUK;ROOM E4 13 ST MARKS RESIDENCE:MJUL;ROOM E4 14 ST MARKS RESIDENCE:MJUM;ROOM E4 15 ST MARKS RESIDENCE:MJUN;ROOM E4 16 ST MARKS RESIDENCE:MJUO;ROOM E4 21 ST MARKS RESIDENCE:MJUP;ROOM E4 22 ST MARKS RESIDENCE:MJUQ;ROOM E4 23 ST MARKS RESIDENCE:MJUR;ROOM E4 24 ST MARKS RESIDENCE:MJUS;ROOM E4 25 ST MARKS RESIDENCE:MJUT;ROOM E4 26 ST MARKS RESIDENCE:MJUU;ROOM E4 27 ST MARKS RESIDENCE:MJUV;ROOM E4 28 ST MARKS RESIDENCE:MJUW;ROOM E4 29 ST MARKS RESIDENCE:MJUX;ROOM E5 11 ST MARKS RESIDENCE:MJUY;ROOM E5 12 ST MARKS RESIDENCE:MJUZ;ROOM E5 13 ST MARKS RESIDENCE:MJV0;ROOM E5 14 ST MARKS RESIDENCE:MJV1;ROOM E5 15 ST MARKS RESIDENCE:MJV2;ROOM E5 16 ST MARKS RESIDENCE:MJV3;ROOM E5 21 ST MARKS RESIDENCE:MJV4;ROOM E5 22 ST MARKS RESIDENCE:MJV5;ROOM E5 23 ST MARKS RESIDENCE:MJV6;ROOM E5 24 ST MARKS RESIDENCE:MJV7;ROOM E5 25 ST MARKS RESIDENCE:MJV8;ROOM E5 26 ST MARKS RESIDENCE:MJV9;ROOM E5 27 ST MARKS RESIDENCE:MJVA;ROOM E5 28 ST MARKS RESIDENCE:MJVB;ROOM E5 29 ST MARKS RESIDENCE:MJVC;ROOM F0 11 ST MARKS RESIDENCE:MJVD;ROOM F0 12 ST MARKS RESIDENCE:MJVE;ROOM F0 13 ST MARKS RESIDENCE:MJVF;ROOM F0 14 ST MARKS RESIDENCE:MJVG;ROOM F0 15 ST MARKS RESIDENCE:MJVH;ROOM F0 21 ST MARKS RESIDENCE:MJVJ;ROOM F0 22 ST MARKS RESIDENCE:MJVK;ROOM F0 23 ST MARKS RESIDENCE:MJVL;ROOM F0 24 ST MARKS RESIDENCE:MJVM;ROOM F0 25 ST MARKS RESIDENCE:MJVN;ROOM F0 26 ST MARKS RESIDENCE:MJVO;ROOM F1 11 ST MARKS RESIDENCE:MJVP;ROOM F1 12 ST MARKS RESIDENCE:MJVQ;ROOM F1 13 ST MARKS RESIDENCE:MJVR;ROOM F1 14 ST MARKS RESIDENCE:MJVS;ROOM F1 15 ST MARKS RESIDENCE:MJVT;ROOM F1 16 ST MARKS RESIDENCE:MJVU;ROOM F1 21 ST MARKS RESIDENCE:MJVV;ROOM F1 22 ST MARKS RESIDENCE:MJVW;ROOM F1 23 ST MARKS RESIDENCE:MJVX;ROOM F1 24 ST MARKS RESIDENCE:MJVY;ROOM F1 25 ST MARKS RESIDENCE:MJVZ;ROOM F1 26 ST MARKS RESIDENCE:MJW0;ROOM F2 11 ST MARKS RESIDENCE:MJW2;ROOM F2 12 ST MARKS RESIDENCE:MJW3;ROOM F2 13 ST MARKS RESIDENCE:MJW4;ROOM F2 14 ST MARKS RESIDENCE:MJW5;ROOM F2 15 ST MARKS RESIDENCE:MJW6;ROOM F2 16 ST MARKS RESIDENCE:MJW7;ROOM F2 21 ST MARKS RESIDENCE:MJW8;ROOM F2 22 ST MARKS RESIDENCE:MJW9;ROOM F2 23 ST MARKS RESIDENCE:MJWA;ROOM F2 24 ST MARKS RESIDENCE:MJWB;ROOM F2 25 ST MARKS RESIDENCE:MJWC;ROOM F2 26 ST MARKS RESIDENCE:MJWD;ROOM F3 11 ST MARKS RESIDENCE:MJWE;ROOM F3 12 ST MARKS RESIDENCE:MJWF;ROOM F3 13 ST MARKS RESIDENCE:MJWG;ROOM F3 14 ST MARKS RESIDENCE:MJWH;ROOM F3 15 ST MARKS RESIDENCE:MJWI;ROOM F3 16 ST MARKS RESIDENCE:MJWJ;ROOM G1 11 ST MARKS RESIDENCE:MJWL;ROOM G1 12 ST MARKS RESIDENCE:MJWM;ROOM G1 13 ST MARKS RESIDENCE:MJWN;ROOM G1 14 ST MARKS RESIDENCE:MJWO;ROOM G1 15 ST MARKS RESIDENCE:MJWP;ROOM G1 16 ST MARKS RESIDENCE:MJWQ;ROOM G1 21 ST MARKS RESIDENCE:MJWR;ROOM G1 22 ST MARKS RESIDENCE:MJWS;ROOM G1 23 ST MARKS RESIDENCE:MJWT;ROOM G1 24 ST MARKS RESIDENCE:MJWU;ROOM G1 25 ST MARKS RESIDENCE:MJWV;ROOM G1 26 ST MARKS RESIDENCE:MJWW;ROOM G2 11 ST MARKS RESIDENCE:MJWX;ROOM G2 12 ST MARKS RESIDENCE:MJWY;ROOM G2 13 ST MARKS RESIDENCE:MJWZ;ROOM G2 14 ST MARKS RESIDENCE:MJX0;ROOM G2 15 ST MARKS RESIDENCE:MJX1;ROOM G2 16 ST MARKS RESIDENCE:MJX2;ROOM G2 21 ST MARKS RESIDENCE:MJXB;ROOM G2 22 ST MARKS RESIDENCE:MJXC;ROOM G2 23 ST MARKS RESIDENCE:MJXD;ROOM G2 24 ST MARKS RESIDENCE:MJXE;ROOM G2 25 ST MARKS RESIDENCE:MJXF;ROOM G2 26 ST MARKS RESIDENCE:MJXG;ROOM G3 11 ST MARKS RESIDENCE:MJXH;ROOM G3 12 ST MARKS RESIDENCE:MJXI;ROOM G3 13 ST MARKS RESIDENCE:MJXJ;ROOM G3 14 ST MARKS RESIDENCE:MJXK;ROOM G3 15 ST MARKS RESIDENCE:MJXL;ROOM G3 16 ST MARKS RESIDENCE:MJXM;ROOM G3 21 ST MARKS RESIDENCE:MJXN;ROOM G3 22 ST MARKS RESIDENCE:MJXO;ROOM G3 23 ST MARKS RESIDENCE:MJXP;ROOM G3 24 ST MARKS RESIDENCE:MJXQ;ROOM G3 25 ST MARKS RESIDENCE:MJXR;ROOM G3 26 ST MARKS RESIDENCE:MJXS;ROOM G4 11 ST MARKS RESIDENCE:MJXT;ROOM G4 12 ST MARKS RESIDENCE:MJXU;ROOM G4 13 ST MARKS RESIDENCE:MJXV;ROOM G4 14 ST MARKS RESIDENCE:MJXW;ROOM G4 15 ST MARKS RESIDENCE:MJXX;ROOM G4 16 ST MARKS RESIDENCE:MJXY;ROOM G4 21 ST MARKS RESIDENCE:MJXZ;ROOM G4 22 ST MARKS RESIDENCE:MJY0;ROOM G4 23 ST MARKS RESIDENCE:MJY1;ROOM G4 24 ST MARKS RESIDENCE:MJY2;ROOM G4 25 ST MARKS RESIDENCE:MJY3;ROOM G4 26 ST MARKS RESIDENCE:MJY4;ROOM G4 27 ST MARKS RESIDENCE:MJY5;ROOM G5 11 ST MARKS RESIDENCE:MJY6;ROOM G5 12 ST MARKS RESIDENCE:MJY7;ROOM G5 13 ST MARKS RESIDENCE:MJY8;ROOM G5 14 ST MARKS RESIDENCE:MJY9;ROOM G5 15 ST MARKS RESIDENCE:MJYA;ROOM G5 16 ST MARKS RESIDENCE:MJYB;ROOM G5 21 ST MARKS RESIDENCE:MJYC;ROOM G5 22 ST MARKS RESIDENCE:MJYD;ROOM G5 23 ST MARKS RESIDENCE:MJYE;ROOM G5 24 ST MARKS RESIDENCE:MJYF;ROOM G5 25 ST MARKS RESIDENCE:MJYG;ROOM G5 26 ST MARKS RESIDENCE:MJYH;ROOM G6 11 ST MARKS RESIDENCE:MJYI;ROOM G6 12 ST MARKS RESIDENCE:MJYJ;ROOM G6 13 ST MARKS RESIDENCE:MJYK;ROOM G6 14 ST MARKS RESIDENCE:MJYL;ROOM G6 15 ST MARKS RESIDENCE:MJYM;ROOM G6 16 ST MARKS RESIDENCE:MJYN;ROOM H0 11 ST MARKS RESIDENCE:MJYO;ROOM H0 12 ST MARKS RESIDENCE:MJYP;ROOM H0 13 ST MARKS RESIDENCE:MJYQ;ROOM H0 14 ST MARKS RESIDENCE:MJYR;ROOM H0 15 ST MARKS RESIDENCE:MJYS;ROOM H0 16 ST MARKS RESIDENCE:MJYT;ROOM H0 21 ST MARKS RESIDENCE:MJYU;ROOM H0 22 ST MARKS RESIDENCE:MJYV;ROOM H0 23 ST MARKS RESIDENCE:MJYW;ROOM H0 24 ST MARKS RESIDENCE:MJYX;ROOM H0 25 ST MARKS RESIDENCE:MJYY;ROOM H0 26 ST MARKS RESIDENCE:MJYZ;ROOM H1 11 ST MARKS RESIDENCE:MJZ0;ROOM H1 12 ST MARKS RESIDENCE:MJZ1;ROOM H1 13 ST MARKS RESIDENCE:MJZ2;ROOM H1 14 ST MARKS RESIDENCE:MJZ3;ROOM H1 15 ST MARKS RESIDENCE:MJZ4;ROOM H1 16 ST MARKS RESIDENCE:MJZ5;ROOM H1 21 ST MARKS RESIDENCE:MJZ6;ROOM H1 22 ST MARKS RESIDENCE:MJZ7;ROOM H1 23 ST MARKS RESIDENCE:MJZ8;ROOM H1 24 ST MARKS RESIDENCE:MJZ9;ROOM H1 25 ST MARKS RESIDENCE:MJZA;ROOM H1 26 ST MARKS RESIDENCE:MJZB;ROOM H2 11 ST MARKS RESIDENCE:MJZC;ROOM H2 12 ST MARKS RESIDENCE:MJZD;ROOM H2 13 ST MARKS RESIDENCE:MJZE;ROOM H2 14 ST MARKS RESIDENCE:MJZF;ROOM H2 15 ST MARKS RESIDENCE:MJZG;ROOM H2 16 ST MARKS RESIDENCE:MJZH;ROOM H2 21 ST MARKS RESIDENCE:MJZI;ROOM H2 22 ST MARKS RESIDENCE:MJZJ;ROOM H2 23 ST MARKS RESIDENCE:MJZK;ROOM H2 24 ST MARKS RESIDENCE:MJZL;ROOM H2 25 ST MARKS RESIDENCE:MJZM;ROOM H2 26 ST MARKS RESIDENCE:MJZN;ROOM H3 11 ST MARKS RESIDENCE:MJZO;ROOM H3 12 ST MARKS RESIDENCE:MJZP;ROOM H3 13 ST MARKS RESIDENCE:MJZQ;ROOM H3 14 ST MARKS RESIDENCE:MJZR;ROOM H3 15 ST MARKS RESIDENCE:MJZS;ROOM H3 16 ST MARKS RESIDENCE:MJZT;ROOM H3 21 ST MARKS RESIDENCE:MJZU;ROOM H3 22 ST MARKS RESIDENCE:MJZV;ROOM H3 23 ST MARKS RESIDENCE:MJZW;ROOM H3 24 ST MARKS RESIDENCE:MJZX;ROOM H3 25 ST MARKS RESIDENCE:MJZY;ROOM H3 26 ST MARKS RESIDENCE:MJZZ;ROOM J0 11 ST MARKS RESIDENCE:MK00;ROOM J0 12 ST MARKS RESIDENCE:MK01;ROOM J0 13 ST MARKS RESIDENCE:MK02;ROOM J0 14 ST MARKS RESIDENCE:MK03;ROOM J0 15 ST MARKS RESIDENCE:MK04;ROOM J0 21 ST MARKS RESIDENCE:MK05;ROOM J0 22 ST MARKS RESIDENCE:MK06;ROOM J0 23 ST MARKS RESIDENCE:MK07;ROOM J0 24 ST MARKS RESIDENCE:MK08;ROOM J1 11 ST MARKS RESIDENCE:MK09;ROOM J1 12 ST MARKS RESIDENCE:MK0A;ROOM J1 13 ST MARKS RESIDENCE:MK0B;ROOM J1 14 ST MARKS RESIDENCE:MK0C;ROOM J1 15 ST MARKS RESIDENCE:MK0D;ROOM J1 21 ST MARKS RESIDENCE:MK0E;ROOM J1 22 ST MARKS RESIDENCE:MK0F;ROOM J1 23 ST MARKS RESIDENCE:MK0G;ROOM J1 24 ST MARKS RESIDENCE:MK0H;ROOM J1 25 ST MARKS RESIDENCE:MK0I;ROOM J1 26 ST MARKS RESIDENCE:MK0J;ROOM J2 11 ST MARKS RESIDENCE:MK0K;ROOM J2 12 ST MARKS RESIDENCE:MK0L;ROOM J2 13 ST MARKS RESIDENCE:MK0M;ROOM J2 14 ST MARKS RESIDENCE:MK0N;ROOM J2 15 ST MARKS RESIDENCE:MK0O;ROOM J2 21 ST MARKS RESIDENCE:MK0P;ROOM J2 22 ST MARKS RESIDENCE:MK0Q;ROOM J2 23 ST MARKS RESIDENCE:MK0R;ROOM J2 24 ST MARKS RESIDENCE:MK0S;ROOM J2 25 ST MARKS RESIDENCE:MK0T;ROOM J2 26 ST MARKS RESIDENCE:MK0U;ROOM J3 11 ST MARKS RESIDENCE:MK0V;ROOM J3 12 ST MARKS RESIDENCE:MK0W;ROOM J3 13 ST MARKS RESIDENCE:MK0X;ROOM J3 14 ST MARKS RESIDENCE:MK0Y;ROOM J3 15 ST MARKS RESIDENCE:MK0Z;ROOM K0 11 ST MARKS RESIDENCE:MK10;ROOM K0 12 ST MARKS RESIDENCE:MK11;ROOM K0 13 ST MARKS RESIDENCE:MK12;ROOM K0 14 ST MARKS RESIDENCE:MK13;ROOM K1 11 ST MARKS RESIDENCE:MK14;ROOM K1 12 ST MARKS RESIDENCE:MK15;ROOM K1 13 ST MARKS RESIDENCE:MK16;ROOM K1 14 ST MARKS RESIDENCE:MK17;ROOM K1 15 ST MARKS RESIDENCE:MK18;ROOM K1 16 ST MARKS RESIDENCE:MK19;ROOM K2 11 ST MARKS RESIDENCE:MK1A;ROOM K2 12 ST MARKS RESIDENCE:MK1B;ROOM K2 13 ST MARKS RESIDENCE:MK1C;ROOM K2 14 ST MARKS RESIDENCE:MK1D;ROOM K2 15 ST MARKS RESIDENCE:MK1E;ROOM K2 16 ST MARKS RESIDENCE:MK1F;ROOM L1 11 ST MARKS RESIDENCE:MK1G;ROOM L1 12 ST MARKS RESIDENCE:MK1H;ROOM L1 13 ST MARKS RESIDENCE:MK1I;ROOM L1 14 ST MARKS RESIDENCE:MK1J;ROOM L1 15 ST MARKS RESIDENCE:MK1K;ROOM L1 16 ST MARKS RESIDENCE:MK1L;ROOM L2 11 ST MARKS RESIDENCE:MK1M;ROOM L2 12 ST MARKS RESIDENCE:MK1N;ROOM L2 13 ST MARKS RESIDENCE:MK1O;ROOM L2 14 ST MARKS RESIDENCE:MK1P;ROOM L2 15 ST MARKS RESIDENCE:MK1Q;ROOM L2 16 ST MARKS RESIDENCE:MK1R;ROOM L2 21 ST MARKS RESIDENCE:MK1S;ROOM L2 22 ST MARKS RESIDENCE:MK1T;ROOM L2 23 ST MARKS RESIDENCE:MK1U;ROOM L2 24 ST MARKS RESIDENCE:MK1V;ROOM L3 11 ST MARKS RESIDENCE:MK1W;ROOM L3 12 ST MARKS RESIDENCE:MK1X;ROOM L3 13 ST MARKS RESIDENCE:MK1Y;ROOM L3 14 ST MARKS RESIDENCE:MK1Z;ROOM L3 15 ST MARKS RESIDENCE:MK20;ROOM L3 16 ST MARKS RESIDENCE:MK21;ROOM L3 21 ST MARKS RESIDENCE:MK22;ROOM L3 22 ST MARKS RESIDENCE:MK23;ROOM L3 23 ST MARKS RESIDENCE:MK24;ROOM L3 24 ST MARKS RESIDENCE:MK25;ROOM L4 11 ST MARKS RESIDENCE:MK26;ROOM L4 12 ST MARKS RESIDENCE:MK27;ROOM L4 13 ST MARKS RESIDENCE:MK28;ROOM L4 14 ST MARKS RESIDENCE:MK29;ROOM L4 15 ST MARKS RESIDENCE:MK2A;ROOM L4 16 ST MARKS RESIDENCE:MK2B;ROOM L4 21 ST MARKS RESIDENCE:MK2C;ROOM L4 22 ST MARKS RESIDENCE:MK2D;ROOM L4 23 ST MARKS RESIDENCE:MK2E;ROOM L4 24 ST MARKS RESIDENCE:MK2F;ROOM L5 11 ST MARKS RESIDENCE:MK2G;ROOM L5 12 ST MARKS RESIDENCE:MK2H;ROOM L5 13 ST MARKS RESIDENCE:MK2I;ROOM L5 14 ST MARKS RESIDENCE:MK2J;ROOMS A1 11 TO A1 14 ST MARKS RESIDENCE:GVUB;ROOMS A1 21 TO A1 24 ST MARKS RESIDENCE:GVUC;ROOMS A2 11 TO A2 15 ST MARKS RESIDENCE:GVUD;ROOMS A2 21 TO A2 26 ST MARKS RESIDENCE:GVUE;ROOMS A3 11 TO A3 15 ST MARKS RESIDENCE:GVUF;ROOMS A3 21 TO A3 26 ST MARKS RESIDENCE:GVUI;ROOMS A4 11 TO A4 15 ST MARKS RESIDENCE:GVUH;ROOMS A4 21 TO A4 26 ST MARKS RESIDENCE:GVUG;ROOMS A5 11 TO A5 16 ST MARKS RESIDENCE:MJNM;ROOMS A5 21 TO A5 26 ST MARKS RESIDENCE:MJNW;ROOMS B1 11 TO B1 14 ST MARKS RESIDENCE:JHLH;ROOMS B1 21 TO B1 26 ST MARKS RESIDENCE:JHLI;ROOMS B2 11 TO B2 16 ST MARKS RESIDENCE:JHLJ;ROOMS B2 21 TO B2 26 ST MARKS RESIDENCE:JHLK;ROOMS B3 11 TO B3 16 ST MARKS RESIDENCE:JHLL;ROOMS B3 21 TO B3 26 ST MARKS RESIDENCE:JHLM;ROOMS B4 11 TO B4 16 ST MARKS RESIDENCE:MJPB;ROOMS B4 21 TO B4 26 ST MARKS RESIDENCE:MJPI;ROOMS C1 11 TO C1 16 ST MARKS RESIDENCE:JHYC;ROOMS C1 21 TO C1 25 ST MARKS RESIDENCE:JHYD;ROOMS C2 11 TO C2 16 ST MARKS RESIDENCE:JHYE;ROOMS C2 21 TO C2 26 ST MARKS RESIDENCE:JHYF;ROOMS C3 11 TO C3 16 ST MARKS RESIDENCE:JHYG;ROOMS C3 21 TO C3 26 ST MARKS RESIDENCE:JHYH;ROOMS C4 11 TO C4 16 ST MARKS RESIDENCE:JHYI;ROOMS C4 21 TO C4 26 ST MARKS RESIDENCE:MJQV;ROOMS C5 11 TO C5 16 ST MARKS RESIDENCE:MJR2;ROOMS D1 11 TO D1 14 ST MARKS RESIDENCE:JHC0;ROOMS D1 21 TO D1 24 ST MARKS RESIDENCE:MJRE;ROOMS D2 11 TO D2 16 ST MARKS RESIDENCE:JHC1;ROOMS D2 21 TO D2 24 ST MARKS RESIDENCE:JHC2;ROOMS D3 11 TO D3 16 ST MARKS RESIDENCE:JHC3;ROOMS D3 21 TO D3 24 ST MARKS RESIDENCE:JHC4;ROOMS D4 11 TO D4 16 ST MARKS RESIDENCE:JHC5;ROOMS D4 21 TO D4 24 ST MARKS RESIDENCE:JHC6;ROOMS D5 11 TO D5 16 ST MARKS RESIDENCE:JHC7;ROOMS E1 11 TO E1 19 ST MARKS RESIDENCE:JJZ2;ROOMS E1 21 TO E1 27 ST MARKS RESIDENCE:JJZ3;ROOMS E2 11 TO E2 19 ST MARKS RESIDENCE:JJZ4;ROOMS E2 21 TO E2 29 ST MARKS RESIDENCE:JJZ5;ROOMS E3 11 TO E3 19 ST MARKS RESIDENCE:JJZ6;ROOMS E3 21 TO E3 29 ST MARKS RESIDENCE:JJZ7;ROOMS E4 11 TO E4 16 ST MARKS RESIDENCE:JJZ8;ROOMS E4 21 TO E4 29 ST MARKS RESIDENCE:JJZ9;ROOMS E5 11 TO E5 16 ST MARKS RESIDENCE:JJZA;ROOMS E5 21 TO E5 29 ST MARKS RESIDENCE:JJZB;ROOMS F0 11 TO F0 15 ST MARKS RESIDENCE:JGGB;ROOMS F0 21 TO F0 26 ST MARKS RESIDENCE:JGGC;ROOMS F1 11 TO F1 16 ST MARKS RESIDENCE:JGGD;ROOMS F1 21 TO F1 26 ST MARKS RESIDENCE:JGGE;ROOMS F2 11 TO F2 16 ST MARKS RESIDENCE:JGGF;ROOMS F2 21 TO F2 26 ST MARKS RESIDENCE:JGGG;ROOMS F3 11 TO F3 16 ST MARKS RESIDENCE:JGGH;ROOMS G1 11 TO G1 16 ST MARKS RESIDENCE:GY7C;ROOMS G1 21 TO G1 26 ST MARKS RESIDENCE:GY7D;ROOMS G2 11 TO G2 16 ST MARKS RESIDENCE:GY7E;ROOMS G2 21 TO G2 26 ST MARKS RESIDENCE:GY7F;ROOMS G3 11 TO G3 16 ST MARKS RESIDENCE:GY7G;ROOMS G3 21 TO G3 26 ST MARKS RESIDENCE:GY7H;ROOMS G4 11 TO G4 16 ST MARKS RESIDENCE:GY7I;ROOMS G4 21 TO G4 27 ST MARKS RESIDENCE:GY7J;ROOMS G5 11 TO G5 16 ST MARKS RESIDENCE:GY7K;ROOMS G5 21 TO G5 26 ST MARKS RESIDENCE:GVXF;ROOMS G6 11 TO G6 16 ST MARKS RESIDENCE:GVXG;ROOMS H0 11 TO H0 16 ST MARKS RESIDENCE:GVXH;ROOMS H0 21 TO H0 26 ST MARKS RESIDENCE:GVXI;ROOMS H1 11 TO H1 16 ST MARKS RESIDENCE:GVXJ;ROOMS H1 21 TO H1 26 ST MARKS RESIDENCE:GVXK;ROOMS H2 11 TO H2 16 ST MARKS RESIDENCE:GVXL;ROOMS H2 21 TO H2 26 ST MARKS RESIDENCE:GVXM;ROOMS H3 11 TO H3 16 ST MARKS RESIDENCE:GVXN;ROOMS H3 21 TO H3 26 ST MARKS RESIDENCE:GVXO;ROOMS J0 11 TO J0 15 ST MARKS RESIDENCE:GVXP;ROOMS J0 21 TO J2 24 ST MARKS RESIDENCE:GVXQ;ROOMS J1 11 TO J1 15 ST MARKS RESIDENCE:GVXR;ROOMS J1 21 TO J1 26 ST MARKS RESIDENCE:GVXS;ROOMS J2 11 TO J2 15 ST MARKS RESIDENCE:JIIC;ROOMS J2 21 TO J2 26 ST MARKS RESIDENCE:JIID;ROOMS J3 11 TO J3 15 ST MARKS RESIDENCE:JIIE;ROOMS K0 11 TO K0 14 ST MARKS RESIDENCE:GY6C;ROOMS K1 11 TO K1 16 ST MARKS RESIDENCE:GY6D;ROOMS K2 11 TO K2 16 ST MARKS RESIDENCE:GY6E;ROOMS L1 11 TO L1 16 ST MARKS RESIDENCE:GY6J;ROOMS L2 11 TO L2 16 ST MARKS RESIDENCE:GY6I;ROOMS L2 21 TO L2 24 ST MARKS RESIDENCE:GY6H;ROOMS L3 11 TO L3 16 ST MARKS RESIDENCE:GY6G;ROOMS L3 21 TO L3 24 ST MARKS RESIDENCE:GY6F;ROOMS L4 11 TO L4 16 ST MARKS RESIDENCE:MJX7;ROOMS L4 21 TO L4 24 ST MARKS RESIDENCE:MJX8;ROOMS L5 11 TO L5 14 ST MARKS RESIDENCE:MJX9;WARDENS FLAT BLOCK D ST MARKS RESIDENCE:MJSP;
St Martins Avenue	Otley	LS21	53.9164	-1.7012	1:LMCA;2:E654;3:IDYD;4:IDZ6;5:IDYX;6:E657;7:IE9O;8:ICW7;9:ICW0;10:I9SB;11:LPWZ;12:ICUN;13:LKEC;14:I9ZL;15:MD21;16:JAQL;17:J974;18:JAQC;19:J7XY;20:J6VE;21:IE3G;22:ICLK;23:ICLH;25:I9YF;27:LPXA;29:KD65;
St Martins Avenue	Potternewton	LS7	53.8224	-1.5363	1:FTLU;2:GQQG;3:FTLT;4:DEWR;5:DEWP;6:DEWN;7:DEWM;8:DEWL;9:DEWI;10:DJ7F;11:DFB9;12:FULK;14:DGJM;15:HP03;16:DGJA;17:LN4I;18:DGJI;19:DGJF;20:DGJE;21:DGJC;22:JIOF;23:F1V6;24:DINP;25:DINM;26:DINK;27:FULL;28:DINH;29:JIOG;30:LGVR;31:DGJS;32:LGVQ;33:DGJB;34:DGIM;35:LGVP;36:F1TY;37:DGII;38:JIOC;39:DGIF;40:DGIC;41:DGIA;42:DGI8;43:DGJ1;44:F1TZ;45:DGJ7;46:DGJ5;47:DGJ3;48:DGIQ;49:DGIY;50:DGIW;51:DGIT;52:DIO1;53:F1U0;54:DHTW;55:DHTT;56:DHTR;57:DHTQ;58:JIX5;59:DHTM;60:DHTK;61:DHTI;62:DHTP;63:DHUF;64:JIX7;65:DHUC;66:DHUB;67:DHUA;68:DHUG;69:DHU6;70:DHU4;71:DHU1;72:DHU0;73:DHU9;74:DGK8;75:DIO8;76:LQYW;77:DIO5;78:HTL9;79:DGKA;81:DINZ;83:DINX;85:DINV;
ST MARTINS COURT	Robin Hood	WF3	53.7434	-1.5083	1:GPEO;2:HVZ0;3:JTL9;4:JTLA;5:JTLB;6:JJK3;7:JQVJ;8:F403;
St Martins Crescent	Potternewton	LS7	53.8232	-1.5352	1:DGTJ;2:DIO3;3:F1U1;4:DGTO;5:DGTM;6:FULU;7:FULV;8:FULT;9:DGTH;10:FULS;11:DGTD;12:DGHM;14:DF8G;15:DF8E;16:DF8C;17:DF8A;18:DF7X;19:DF8I;20:DF84;21:DF83;22:DF81;23:DF8Q;24:DF88;25:DF8W;26:DF8U;27:FTM4;28:DF8S;30:FTM3;32:GWPC;34:DF8O;
St Martins Drive	Potternewton	LS7	53.8244	-1.5380	2:DF8M;4:FTP7;6:F0XH;8:DF7C;10:DF7A;12:DF78;14:DF75;16:GQQJ;18:DF72;20:DF6Z;22:DF6X;24:DF6V;26:LLMO;28:DF7O;
St Martins Field	Otley	LS21	53.9140	-1.7028	1:MDSH;2:EXG4;3:M3AH;4:EXG5;5:MDS7;6:EXKI;7:MDS8;8:EZHD;9:MDSF;10:M3AI;11:MDSE;12:LAMP;14:LAMQ;15:MDSD;16:LAMR;17:MDSC;18:MDS9;20:MDSA;22:MDSB;
ST MARTINS FOLD	Robin Hood	WF3	53.7434	-1.5083	1:GO2Q;2:G13Z;3:G140;4:G141;5:G13W;
St Martins Gardens	Potternewton	LS7	53.8212	-1.5382	1:DF7W;2:DF7U;3:DF7S;4:DF7Q;5:DF7N;6:DF7L;7:DF7J;8:GQQK;9:LLMP;10:DF96;11:FTMG;12:DFJ4;14:DFJ2;15:DFJ0;16:DFIY;17:F0XJ;18:GQQQ;19:DFIV;20:DFIT;21:DFIR;22:DFIX;23:DGI4;24:DGI2;25:DGI0;26:DGHZ;27:DFJ7;28:DGI5;29:DGHT;30:DGHQ;31:DGHP;32:DGHN;33:DFIQ;34:FTM9;35:GQQP;36:FTM8;37:F0XI;38:DF8Y;39:DF95;40:DF93;41:DF92;42:DF8Z;43:DHC8;44:DF97;45:DFIL;46:DHCF;47:DHCD;48:DHC2;49:DFIO;50:DHC5;50:F1V2;51:DHC4;52:DHC3;53:DEZO;54:DJ7E;55:KKKU;56:F0X7;57:KKKT;58:KKKM;59:KKKR;60:KKKQ;61:KKKP;62:KKKO;63:DJ7M;64:KKKS;65:DJ7Q;66:FQIF;67:DJ7P;68:FQIE;69:DJ7N;70:DJ7L;71:DJ7J;72:JHJL;74:F1UC;76:DJ7O;78:KKK0;BACK ROOM, 32:GXGN;FRONT ROOM, 32:KG0E;
St Martins Grove	Potternewton	LS7	53.8232	-1.5368	1:KIWM;2:KIWK;3:F0X5;4:KIWI;5:KKK1;6:KIWF;7:KIWE;8:DJ6O;9:DJ6M;10:KKKD;11:KKKJ;12:HRN4;14:F0X6;15:KKKE;16:KKKC;17:KKKA;18:KKK8;19:KKK7;20:KKK5;21:DEZL;22:DJ7G;23:KJVD;24:KJVB;25:KJV9;26:DF9V;27:KJVG;28:DF9T;29:DF9S;30:JHSJ;31:DF9O;32:LWZD;33:KJVT;34:KJVS;35:KJVR;36:F0X8;37:KJVP;38:KJVN;39:KJVM;40:KJVK;41:FSKM;43:KJVI;45:KJVH;47:DF9E;49:F1UE;
St Martins Road	Potternewton	LS7	53.8236	-1.5347	1:DEZJ;3:DEZF;4:K9HA;5:DEZM;6:JHRZ;7:DJ7U;9:F1UD;10:LGX2;11:F1UF;12:DF9I;14:DF9G;15:DEZN;16:DF9K;17:DF9B;18:DEZT;19:DEZR;20:DEZP;21:KJVF;22:KIWG;23:KIKO;24:KIKN;25:GU2O;26:KIKK;27:KIKJ;28:KIKH;29:KIKF;30:HRMP;31:KIKE;32:KIKI;33:DHVX;34:DHVW;35:FQGV;36:KIL4;37:KIL2;39:KIL0;41:KIKZ;42:KIKW;43:F0X4;44:KIKT;45:KIL1;46:DHUZ;47:DHUX;48:DHUV;49:DHUT;49:JIX8;50:DHV0;51:DHUN;52:F1U7;53:DHUI;53:DHUJ;54:DHVA;55:F0X3;56:DHVE;57:DHVD;58:DHVB;59:DHV9;60:F1U8;61:DHV5;62:JIX9;63:DHV2;64:DHUP;65:DJ61;66:DJ5Z;67:DJ5W;68:DJ5V;69:DJ5T;70:LGWN;71:DJ5P;72:DJ5N;74:DJ5K;76:DJ5I;78:DJ5Q;80:DJ6J;82:DJ6H;
St Martins View	Potternewton	LS7	53.8217	-1.5366	1:DI8U;2:DI8S;3:DI8Q;4:DI8P;5:DI8M;6:FTEZ;7:DHLR;8:DHLO;9:DHLN;10:DGMD;11:DI91;12:DHLS;14:DI96;15:DI94;16:LVTA;17:FTF2;18:FTEX;19:DGLD;20:FSFX;21:DGLB;22:DGLA;23:DGL4;24:DGLF;25:DGL7;26:DGL6;27:FSFV;28:F1UM;29:DGLK;30:DI8J;32:FTEW;34:F1UT;36:LVT9;38:FSFY;40:DGLJ;42:F1UN;44:DGLI;46:FSFZ;48:DGLH;50:DGL8;51:DHWN;52:DHWM;53:DHWK;54:DHWJ;55:DHWI;56:DHWO;58:DHWF;ST MARTINS VICARAGE, 2:KDUM;
St Marys Avenue	Swillington	LS26	53.7686	-1.4175	1:ES8Q;2:ES8K;3:F4JW;4:DZ2Q;5:L0NE;6:L0N8;7:L0NB;8:KYBB;9:KYB7;10:HQ85;11:F3K0;12:L0DD;13:FXSZ;14:L0MZ;15:F3KF;16:L0DN;17:DW2T;18:DW2N;19:F3KD;20:DW39;21:DW36;22:KZCI;23:KYBP;24:F3JY;25:KYBH;26:M5OX;27:DW29;28:M5OY;29:KZCF;31:KYBV;33:JCS9;35:ESFF;
ST MARYS CLOSE	Garforth	LS25	53.7921	-1.3883	1:IMUP;2:ILS4;3:ILS6;4:ILS9;5:ILS2;
ST MARYS CLOSE	Potternewton	LS7	53.8188	-1.5314	1:J9PA;2:F04U;3:J9PB;4:J9PC;5:J9PD;6:J9PE;7:J9PF;8:J9PG;9:J9PH;10:J9PI;11:J9PJ;12:J9PK;14:J9PL;15:F04V;16:J56Q;17:KAHY;18:IBGD;19:JALZ;20:F04E;21:IBGE;22:IBGF;23:JAM0;24:IBGG;25:IBGH;26:IBGI;27:IBGJ;28:JAM1;29:IBGK;30:IBGL;31:IBGM;
ST MARYS CLOSE	Tingley	WF3	53.7290	-1.5721	1:IUC6;2:IUC8;3:LDX7;4:MFF7;5:ITRC;6:ITR6;7:ITR2;8:IUBI;9:LDX6;10:IUBL;11:IU33;11:MC0K;12:IUC4;14:JS6B;15:JS67;16:JS63;17:JS6L;18:JS6R;19:MFGA;20:LTM2;21:JS6I;22:JS60;23:JS5I;24:JRVX;25:JRVU;26:GP2W;27:JS5X;28:JS5V;29:MFG9;30:JS5R;31:JR6O;32:ITS3;33:ITS0;34:ITRY;35:ITRV;36:GQKR;37:ITSG;38:GM5M;39:ITS8;40:ITRU;41:IRZC;42:IRZ8;
ST MARYS CLOSE	Upper Wortley	LS12	53.7911	-1.5920	1:FMP2;2:JE7P;3:FP7A;4:FP6U;5:FP6T;6:FP6Z;7:FMEY;8:FLSI;9:GJ47;10:GJ45;11:FPD9;12:FP7C;14:LZPK;15:JD71;16:F47Z;17:FLHQ;18:FLI6;19:GTEW;20:FLS7;21:FLRT;22:FLRP;23:FNVQ;24:FNW3;25:LGG6;26:FNVE;27:FLHE;28:FLHI;29:FNW9;30:FNWD;31:GJ4J;32:GJ4R;33:E3SL;35:E3SM;37:K7AK;39:K7AL;41:KCU0;64:FOPK;65:LDJ7;66:GGI2;67:GG8J;68:FLEB;69:FLEJ;70:JGXU;71:GJ5M;72:GJ5U;73:KCMB;74:KCMH;75:F48B;76:KCMK;77:FMN0;78:FP7I;79:FMMM;80:F47S;81:FP7T;82:FP80;83:GUB1;84:LGHA;85:FMM2;86:FMMC;87:LL31;88:GUBM;89:FMCO;90:FP82;91:LJXF;92:GJ69;93:GGIL;94:GGHR;95:K9HB;FLAT 1 WORTLEY LODGE:M9Z3;FLAT 2 WORTLEY LODGE:M9Z4;FLAT 3 WORTLEY LODGE:M9Z5;
ST MARYS COURT	ALLERTON BYWATER	WF10	53.7454	-1.3684	1:ESK9;2:ESK7;3:IJJN;4:ESK1;5:ESKA;6:M6A5;7:ESK3;
St Marys Court	Potternewton	LS7	53.8208	-1.5326	1:FDYZ;2:FDZB;3:FDZ1;4:LEIJ;5:LTOL;6:FDZK;7:GWPM;8:K9HC;9:K9HD;10:LNCK;11:KDUN;12:K9HE;14:K9HF;15:F0DB;16:K9HG;17:KDUO;18:K9HH;19:K9HI;20:K9HJ;21:K9HK;22:KDUP;23:K9HL;24:K9HM;25:K9HN;26:K9HO;27:KDUQ;28:K9HP;29:K9HQ;30:F0DC;31:KDUR;
St Marys Garth	East Keswick	LS17	53.8934	-1.4551	1:ILKB;2:LFBN;3:IOCU;4:ILD6;5:IOBU;6:FX8F;7:LFBL;8:IOBX;9:ILCY;10:ILD1;11:IOCB;12:IOCY;14:L91A;15:EWWN;
ST MARYS LANE	Sheepscar	LS7	53.8092	-1.5309	FLAT 1 ST MARYS HALL:L3SR;FLAT 2 ST MARYS HALL:L3SS;FLAT 3 ST MARYS HALL:KG9S;FLAT 4 ST MARYS HALL:KBL4;FLAT 5 ST MARYS HALL:F1XA;FLAT 6 ST MARYS HALL:L3ST;FLAT 7 ST MARYS HALL:KC58;FLAT 8 ST MARYS HALL:L8DF;
ST MARYS PARK APPROACH	Armley	LS12	53.7994	-1.5846	1:G102;2:FTB0;3:FTAZ;4:H3FN;5:H3FA;6:GQSY;7:G32V;8:GS06;9:G32N;10:G32I;11:FTZC;12:G339;14:G336;15:FTZ9;16:G328;17:G41C;18:GOUF;19:G41E;20:G40Z;21:G412;22:FTZ0;23:G329;24:FTYY;25:E4L6;26:G1VD;27:G1GI;28:G1GB;29:G1G9;30:E4L3;31:G1VU;32:G1VQ;33:G1VV;34:G1VI;35:G1FW;36:E4L1;37:G431;38:G42W;39:FTZD;40:G1G5;41:FTWJ;42:G43A;43:FTWH;44:G43C;45:H0SI;46:H1TK;47:H1TJ;48:HQ3B;50:H0RW;52:E4LD;54:H0R8;56:H0SR;58:H0SQ;60:H0SZ;62:H0RE;64:H0RY;66:HQ3E;
ST MARYS PARK COURT	Armley	LS12	53.7994	-1.5846	1:H0S9;2:H0RC;3:FQ5N;4:LSCU;5:H0SG;6:H0SS;7:H1TB;
ST MARYS PARK CRESCENT	Armley	LS12	53.7994	-1.5846	1:DWE5;2:GZF3;3:DWE4;4:DWV6;5:E4L9;6:ERVG;7:GZEV;8:F47B;9:GZEP;10:DWV4;11:GZEX;12:GZFJ;14:HQ2N;15:LX9I;16:GZF8;17:GZEN;18:GZE2;19:GZDP;20:GZDT;21:G4N4;22:G4N6;23:GZEA;24:G4N2;25:DWE3;26:GZFV;28:H0QN;30:H0HN;32:H0HK;34:H0HG;36:H0HD;38:H0R1;40:H0R3;42:H0QW;44:HQ3A;
ST MARYS PARK GREEN	Armley	LS12	53.7994	-1.5846	1:LX9J;2:GZFY;3:GZFS;4:GZFQ;5:K9HR;6:H0H9;7:LNCL;8:H0H5;9:H0HA;10:GZG8;11:GZ5C;12:F62N;14:G1MD;15:G1MC;16:JJ84;17:FU21;19:G1M8;
St Marys Road	Potternewton	LS7	53.8209	-1.5340	1:DHWE;9:DGLG;FIRST AND SECOND FLOOR MAISONETTE, 5:K5RW;FLAT 1 ELTONHURST:L6KE;FLAT 1 NEWTON PARK MANSIONS:HPHC;FLAT 1 OAKFIELD:FSP6;FLAT 1, 4:K5RT;FLAT 1, 10:K5S0;FLAT 2 ELTONHURST:L6KF;FLAT 2 NEWTON PARK MANSIONS:DGX7;FLAT 2, 4:K5RU;FLAT 2, 10:KD2P;FLAT 3 ELTONHURST:KD2R;FLAT 3 NEWTON PARK MANSIONS:DGX6;FLAT 3 OAKFIELD:DGXR;FLAT 3, 4:K5RV;FLAT 3, 10:L6KB;FLAT 4 ELTONHURST:F12R;FLAT 4 NEWTON PARK MANSIONS:GVMD;FLAT 4 OAKFIELD:FSGH;FLAT 4, 4:LB8L;FLAT 4, 10:KEVJ;FLAT 5 ELTONHURST:L7S3;FLAT 5 OAKFIELD:DGXN;FLAT 5, 4:LIJ0;FLAT 5, 10:L6KC;FLAT 6, 4:F0DE;FLAT 6, 10:L6KD;FLAT 7, 10:KD2Q;FLAT A OAK HOUSE:F1UH;FLAT A, 2:FSQC;FLAT A, 3:M0HE;FLAT A, 6:K5RX;FLAT A, 13:FRH0;FLAT A, 78:DHMN;FLAT B OAK HOUSE:DFAU;FLAT B, 2:DHWY;FLAT B, 3:K5RQ;FLAT B, 6:K5RY;FLAT B, 13:LA0L;FLAT B, 78:DHML;FLAT C OAK HOUSE:DFAT;FLAT C, 2:FSQB;FLAT C, 3:K5RR;FLAT C, 6:K5RZ;FLAT C, 13:F1UG;FLAT C, 78:DHMI;FLAT D, 3:K5RS;FLAT D, 78:DHMG;FLAT E, 78:DHME;FLAT F, 78:M5Z1;FLAT G, 78:DGKR;GROUND FLOOR FLAT, 5:M0HI;ROOM FIRST FLOOR FRONT LEFT, 1:NIFP;ROOM FIRST FLOOR FRONT RIGHT, 1:NIFQ;ROOM FIRST FLOOR REAR, 1:DHWB;ROOM GROUND FLOOR FRONT LEFT, 1:NKGD;ROOM GROUND FLOOR FRONT RIGHT, 1:DHW9;ROOM SECOND FLOOR FRONT LEFT, 1:NKGE;ROOM SECOND FLOOR REAR LEFT, 1:NKGF;ROOM SECOND FLOOR REAR RIGHT, 1:NKGG;
ST MARYS SQUARE					1:JY6Q;2:E6K9;3:HNM2;4:GUS8;5:JW5S;6:JW5Y;7:JW62;8:HMG9;9:JVUO;10:JX27;11:E6KV;12:E6KZ;13:II51;
ST MARYS STREET	BOSTON SPA	LS23	53.9047	-1.3462	1:IUMI;2:E5QX;2:HNER;3:I1SP;6:IV49;7:I1SZ;8:IVVI;9:IVVF;10:IVW3;11:IVVW;13:IUUV;15:IUUO;17:IVUA;1 SCHOOL COURT:JXSO;2 SCHOOL COURT:LZ3O;3 SCHOOL COURT:IVUQ;IVY COTTAGE, 5:IUU4;STABLE COTTAGE:M0VJ;THE COTTAGE, 4:I1T7;THE OLD SCHOOL HOUSE:IUUJ;
ST MARYS STREET	Sheepscar	LS7	53.8092	-1.5309	EMMAUS LEEDS:F1XC;SECOND FLOOR CONVENTION HOUSE:OACS;
ST MARYS WALK	Micklefield	LS25	53.7975	-1.3315	1:E6OZ;3:IF0S;4:L2GW;5:E6NY;6:K46M;7:KYJM;8:K067;9:K061;10:KY9X;11:KYJG;12:KYJF;14:K06W;15:L09P;16:LG5C;17:K06F;18:K06R;19:E6O2;20:K471;21:K47A;22:KY7L;23:K46H;24:K46U;25:GUJG;26:KY9G;27:KY9E;28:MHIZ;29:KY8Z;30:K47I;31:KY97;32:K06L;34:K387;36:E6OJ;38:E6OI;40:K0Z9;GARAGE SITE FRONT OF, 40:DCHK;GARAGE SITE REAR OF, 48:L2H3;
ST MATHEW WAY	Stanks	LS14	53.8158	-1.4391	1:MGSB;2:M98B;3:MGSA;4:M3Y9;5:MGS9;6:M3YA;7:MGS8;8:M3YB;9:MGS7;10:M3YC;11:MGS6;12:M3YD;14:M3YE;15:M4RA;16:M3YF;17:MBVC;19:MH55;21:MH5Y;23:M9L5;25:M9BI;27:MAJT;29:M1F5;31:MAAC;33:MAAB;35:M3IM;37:M3IL;39:LUFF;41:LZ5G;43:KENO;45:KENP;47:KENQ;49:KENR;53:M3IK;55:M3IJ;57:M3II;59:MCJ7;61:MCJ6;63:MCJ5;
ST MATTHEWS STREET	Holbeck	LS11	53.7870	-1.5619	FLAT BULLS HEAD INN, 20:LCEB;
St Matthews Walk	Chapel Allerton	LS7	53.8335	-1.5416	1:DGKY;2:DGKV;3:F1UL;4:DGKT;5:DGL0;6:DGY4;7:FSPA;8:DGY0;9:LH5J;10:FSP9;11:DGY5;12:HPHE;14:DGXZ;15:DGXY;16:FSP8;17:F1UJ;18:DGB1;19:DGB0;20:DGAY;21:DGAV;22:DGAU;23:DGAR;24:DGAP;25:F1UP;27:DJAZ;29:DHWP;31:DJ8V;33:FTP6;35:DJ8T;37:DJ8R;39:LVTJ;41:F1UX;
ST MATTHIAS GROVE	Burley	LS4	53.8076	-1.5793	1:HJDV;2:LM4B;3:JBJQ;4:M30W;5:HIXE;6:HIXL;7:JBJS;8:JBJV;9:JBIB;10:HGF7;11:IEEO;12:HGQA;14:HGQN;15:HGPX;16:HSY7;17:HIHT;18:JB7Y;19:HFIC;20:HGOP;21:HE7Z;22:HE79;23:I9NQ;24:I9NG;25:I9XN;26:I9N4;27:HFHR;29:JB7V;31:ICQR;33:HJ19;35:HJ1F;37:HI0E;39:HEB0;41:HEB7;43:HJBE;45:HHOF;GARAGE SITE:HHQ5;
ST MATTHIAS STREET	Burley	LS4	53.8076	-1.5793	1:DJ8L;2:DJ96;3:DJ93;4:DJ92;5:FTP5;6:DF27;7:DF0V;8:DGHC;9:DJ99;11:GVN3;12:HPRB;14:DF24;15:DHH0;16:DGHK;17:DHGZ;18:MD6Q;19:DGHL;20:DGHF;21:DF0X;22:DGHD;23:DF1Y;24:MD6R;25:DF1E;26:LGVN;27:DF1B;28:DGHG;29:DF19;30:JIO9;31:DF18;32:DF12;33:DF16;34:DF0Z;35:MD77;36:DF1M;37:DF14;39:DF17;41:DF1U;43:DF1S;45:DF1Q;1 ST MATTHIAS COURT:DJ8Z;10 ST MATTHIAS COURT:M0FN;11 ST MATTHIAS COURT:KCKA;12 ST MATTHIAS COURT:DGOU;14 ST MATTHIAS COURT:DGOR;15 ST MATTHIAS COURT:FTP1;16 ST MATTHIAS COURT:FTP2;17 ST MATTHIAS COURT:DJ8G;18 ST MATTHIAS COURT:DJ8F;19 ST MATTHIAS COURT:DJ8E;2 ST MATTHIAS COURT:FTP8;20 ST MATTHIAS COURT:KCK9;21 ST MATTHIAS COURT:DJ8D;22 ST MATTHIAS COURT:DJ8C;23 ST MATTHIAS COURT:DG6K;24 ST MATTHIAS COURT:DG6I;25 ST MATTHIAS COURT:DG6G;26 ST MATTHIAS COURT:DJ8X;27 ST MATTHIAS COURT:FULD;28 ST MATTHIAS COURT:LVU0;29 ST MATTHIAS COURT:DF29;3 ST MATTHIAS COURT:MD73;4 ST MATTHIAS COURT:DG6F;5 ST MATTHIAS COURT:LGU9;6 ST MATTHIAS COURT:DG6E;7 ST MATTHIAS COURT:MD6P;8 ST MATTHIAS COURT:DG6C;9 ST MATTHIAS COURT:M5YY;FLAT A, 10:NSCC;FLAT B, 10:NT79;GARAGE SITE ADJACENT 36:DF1X;GARAGE SITE BETWEEN 25 AND 29:FTPA;GARAGE SITE NEAR 16 TO 18:DF20;
ST MATTHIAS TERRACE	Burley	LS4	53.8076	-1.5793	1:J44O;2:J451;3:LFT2;4:J44S;5:J44T;6:J44V;7:J44W;8:J44Y;9:J0DB;10:J2RH;11:I8CA;
ST MICHAELS CRESCENT	Headingley	LS6	53.8173	-1.5776	1:DF1N;2:HPRA;4:DF1L;5:DHXK;6:DF1K;7:DHXJ;8:DF1I;9:DHXH;10:LPBK;11:DHXG;12:I3DT;13:DHXE;14:LLUA;15:DIXL;16:I3DY;19:LVT7;21:DIXH;23:FXD8;25:DJAR;29:HPQZ;31:DJKM;BASEMENT FLAT 1, 27:KEVK;BASEMENT FLAT, 15:L6KI;BOTTOM FLAT, 17:GXYZ;FLAT 1, 3:L6KG;FLAT 2, 3:L6KH;FLAT 2, 27:L6KJ;ROOM 1, 5:O19K;ROOM 1, 7:O19E;ROOM 1, 19:O198;ROOM 2, 5:O19L;ROOM 2, 7:O19F;ROOM 2, 19:O199;ROOM 3, 5:O19M;ROOM 3, 7:O19G;ROOM 3, 19:O19A;ROOM 4, 5:O19N;ROOM 4, 7:O19H;ROOM 4, 19:O19B;ROOM 5, 5:O19O;ROOM 5, 7:O19I;ROOM 5, 19:O19C;ROOM 6, 7:O19J;ROOM 6, 19:O19D;TOP FLAT, 17:M6X3;
ST MICHAELS GROVE	Headingley	LS6	53.8173	-1.5776	1:IJC9;3:FW7A;6:LVTN;8:DJB1;10:DJB0;12:FXDG;
ST MICHAELS LANE	Headingley	LS6	53.8173	-1.5776	11:DJ89;13:FXDD;28:L6RZ;30:DIXQ;34:DIXO;47:DGXL;49:LGZ8;51:KKYX;53:KKYT;54:M9R3;56:DGK0;57:FULO;59:DGJW;61:FYEJ;63:DGK3;65:KKZC;81:IA7O;81:KUCO;81:KUCP;83:KKXW;85:KKXU;87:KKXR;89:KKYI;91:KKYP;93:KKYM;95:KKYK;97:HQXS;99:KKYH;101:KKYF;139:KKYD;141:LGZ7;143:HQXU;145:KL9Q;147:KL0K;149:EZCL;151:KL0H;153:EZCK;155:KL0D;157:KL0B;159:KL0A;161:HQXX;163:KJF3;165:KJFB;167:M9RA;169:JTN4;1 ST MICHAELS COURT, 14:MF5S;10 ST MICHAELS COURT, 14:MF5Z;11 ST MICHAELS COURT, 14:MF60;12 ST MICHAELS COURT, 14:MF61;14 ST MICHAELS COURT, 14:M71B;2 HIGH CLIFFE:GUR2;2 ST MICHAELS COURT, 14:MF5T;3 HIGH CLIFFE:MHLZ;3 ST MICHAELS COURT, 14:MF5R;4 HIGH CLIFFE:IT86;4 ST MICHAELS COURT, 14:MF5U;5 HIGH CLIFFE:IT92;5 ST MICHAELS COURT, 14:MF5V;6 HIGH CLIFFE:HUSV;6 ST MICHAELS COURT, 14:MF5W;7 ST MICHAELS COURT, 14:JH5P;8 ST MICHAELS COURT, 14:MF5X;9 ST MICHAELS COURT, 14:MF5Y;FIRST AND SECOND FLOOR FLAT, 55:LBAJ;FIRST FLOOR FLAT, 28:DIXV;FLAT 1, 2:G44C;FLAT 1, 9:LVKQ;FLAT 1, 45:NI1R;FLAT 10, 9:LVKZ;FLAT 10, 45:NI20;FLAT 11, 9:LVL0;FLAT 11, 45:NI21;FLAT 12, 45:NI22;FLAT 14, 45:NI24;FLAT 15, 45:NI25;FLAT 16, 45:NI26;FLAT 17, 45:NI27;FLAT 18, 45:NI28;FLAT 19, 45:NI29;FLAT 2, 2:HOXB;FLAT 2, 9:LVKR;FLAT 2, 45:NI1S;FLAT 20, 45:NI2A;FLAT 21, 45:NI2B;FLAT 22, 45:NI2C;FLAT 23, 45:NI2D;FLAT 24, 45:NI2E;FLAT 25, 45:NI2F;FLAT 26, 45:NI2G;FLAT 27, 45:NI2H;FLAT 28, 45:NI2I;FLAT 29, 45:NI2J;FLAT 3, 2:G44G;FLAT 3, 9:LVKS;FLAT 3, 45:NI1T;FLAT 30, 45:NI2K;FLAT 31, 45:NI2L;FLAT 32, 45:NI2M;FLAT 33, 45:NI2N;FLAT 34, 45:NI2O;FLAT 35, 45:NI2P;FLAT 36, 45:NI2Q;FLAT 37, 45:NI2R;FLAT 38, 45:NI2S;FLAT 39, 45:NI2T;FLAT 4, 2:KBWL;FLAT 4, 9:LVKT;FLAT 4, 45:NI1U;FLAT 40, 45:NI2U;FLAT 41, 45:NI2V;FLAT 42, 45:NI2W;FLAT 43, 45:NI2X;FLAT 44, 45:NI2Y;FLAT 45, 45:NI2Z;FLAT 5, 2:L9O5;FLAT 5, 9:LVKU;FLAT 5, 45:NI1V;FLAT 6, 2:GZ88;FLAT 6, 9:LVKV;FLAT 6, 45:NI1W;FLAT 7, 2:MBTU;FLAT 7, 9:LVKW;FLAT 7, 45:NI1X;FLAT 8, 9:LVKX;FLAT 8, 45:NI1Y;FLAT 9, 9:LVKY;FLAT 9, 45:NI1Z;GROUND FLOOR FLAT, 55:FR0E;ROOM 1 3 HIGH CLIFFE:O192;ROOM 1 5 HIGH CLIFFE:O18V;ROOM 1, 11:O18P;ROOM 1, 65:O18B;ROOM 2 3 HIGH CLIFFE:O193;ROOM 2 5 HIGH CLIFFE:O18W;ROOM 2, 11:O18Q;ROOM 2, 65:O18C;ROOM 3 3 HIGH CLIFFE:O194;ROOM 3 5 HIGH CLIFFE:O18X;ROOM 3, 11:O18R;ROOM 3, 65:O18D;ROOM 4 3 HIGH CLIFFE:O195;ROOM 4 5 HIGH CLIFFE:O18Y;ROOM 4, 11:O18S;ROOM 4, 65:O18E;ROOM 5 3 HIGH CLIFFE:O196;ROOM 5 5 HIGH CLIFFE:O18Z;ROOM 5, 11:O18T;ROOM 5, 65:O18F;ROOM 6 3 HIGH CLIFFE:O197;ROOM 6 5 HIGH CLIFFE:O190;ROOM 6, 11:O18U;ROOM 6, 65:O18G;ROOM 7 5 HIGH CLIFFE:O191;ST MICHAELS COTTAGE, 12:KD2T;
ST MICHAELS ROAD	Headingley	LS6	53.8173	-1.5776	3:KJEY;5:KJF5;7:KKZP;9:EZ3E;11:FULQ;13:KL00;27:KMK5;31:FXFB;33:FYDZ;33:L6S4;35:LLRP;36:FR9G;38:FT8Z;40:EWAJ;42:KIDQ;42:L5GR;43:KIE3;44:KIDT;45:KIDS;46:FXCO;47:KIE7;48:KIE5;49:KIE4;50:EZG8;50:KIDO;51:KKXB;52:KKX7;52:L5GW;52:MI3N;54:KKX2;54:KKX4;54:L413;68:KKWW;70:LH06;72:EWAE;74:KIDK;76:FXCN;1 MUIR COURT:JMG3;10 MUIR COURT:FR9I;11 MUIR COURT:FX3P;12 MUIR COURT:FX3S;14 MUIR COURT:KKWP;15 MUIR COURT:KKWM;16 MUIR COURT:L8D1;17 MUIR COURT:KKWJ;18 MUIR COURT:KKWR;19 MUIR COURT:KKWF;2 MUIR COURT:JMG2;20 MUIR COURT:MF6L;21 MUIR COURT:KKWC;3 MUIR COURT:MF6K;4 MUIR COURT:JMFZ;5 MUIR COURT:JMFY;6 MUIR COURT:L7JW;7 MUIR COURT:JMFW;8 MUIR COURT:JMFU;9 MUIR COURT:LLS2;BASEMENT AND GROUND FLOOR, 25:L6S2;BASEMENT FLAT 40A, 40:LNXD;BASEMENT FLAT, 36:KFZ3;BASEMENT FLAT, 46:LZBW;FIRST FLOOR FLAT, 1:L6S1;FIRST FLOOR FLAT, 25:KKZU;FLAT 1, 12:JIH9;FLAT 1, 24:MOA7;FLAT 1, 43:L5GT;FLAT 2, 12:MBI8;FLAT 2, 24:MOA8;FLAT 2, 43:L4VM;FLAT 3, 12:MG6U;FLAT 3, 43:KCF0;FLAT 4, 43:L5GU;FLAT 5, 43:L5GV;FLAT 6, 43:FYDX;FLAT A, 29:L6S3;FLAT A, 37:L5GN;FLAT A, 39:L9LW;FLAT A, 41:L5GP;FLAT AT THE SKYRACK PH, 2:LW16;FLAT B, 29:KD2U;FLAT B, 37:M2MH;FLAT B, 39:L5GO;FLAT B, 41:L5GQ;FLAT, 56:LNFE;WESTFIELD GROVE, 78:EWAC;
ST MICHAELS TERRACE	Headingley	LS6	53.8173	-1.5776	1:LEFL;2:EWAB;3:LLMS;4:KKXC;5:LVMJ;6:KJEU;7:FXCM;8:FYEM;10:DJ7D;11:DJ7C;12:LGWP;13:KMA0;14:LFMB;15:EVBP;16:KMAH;17:KMAG;18:KMAF;19:KMAD;20:KMAC;21:L5GZ;21:NKQE;21:NKQF;22:DJ6V;24:KM99;26:JHJK;28:DJ77;30:DJ76;32:DJ74;FLAT 1, 9:L5GX;FLAT 2, 9:L5GY;FLAT 3, 9:L9KE;GARAGE COURT:KMAB;ROOM 1, 11:O185;ROOM 1, 28:O17Z;ROOM 2, 11:O186;ROOM 2, 28:O180;ROOM 3, 11:O187;ROOM 3, 28:O181;ROOM 4, 11:O188;ROOM 4, 28:O182;ROOM 5, 11:O189;ROOM 5, 28:O183;ROOM 6, 11:O18A;ROOM 6, 28:O184;
