Hamilton Avenue	Leeds	LS7	53.8154	-1.5281	10:LJUA;12:GP0J;16:EFXN;18:DN6Q;19:DN6U;1:F51L;20:DN6Y;23:DN6Z;25:DNG8;26:DNGJ;27:DNGD;28:DNGH;29:DM53;31:DM4Y;32:DM4R;34:DM5J;36:DM5W;38:GPTE;39:DM5O;40:KNUU;41:LY4X;42:KNWJ;43:GLK3;44:KNWH;45:KNW0;47:GLJX;48:KNW9;49:LFD5;4:EJTJ;50:KO5R;51:KP56;52:KP59;53:KP54;54A:J8OP;54B:J8OQ;56:KP5A;7:EFXD;FLAT 1, 5:EX75;FLAT 2, 5:EX76;FLAT 3, 5:EX77;FLAT A, 11:LB29;FLAT A, 13:EFY0;FLAT A, 14:M2ON;FLAT A, 15:GP0F;FLAT A, 17:DN6O;FLAT A, 21:LPY4;FLAT A, 22:LB28;FLAT A, 24:F518;FLAT A, 2:EG84;FLAT A, 30:DM5A;FLAT A, 33:HPJW;FLAT A, 35:M2J6;FLAT A, 37:GPTF;FLAT A, 3:KC5J;FLAT A, 46:J8ON;FLAT A, 6:F51K;FLAT A, 8:J8OI;FLAT A, 9:EIUE;FLAT B, 11:EFXT;FLAT B, 13:GP0L;FLAT B, 14:J8OK;FLAT B, 15:M74S;FLAT B, 17:DN6L;FLAT B, 21:M4UH;FLAT B, 22:F517;FLAT B, 24:DNGU;FLAT B, 2:EJTX;FLAT B, 30:KCDX;FLAT B, 33:J8OL;FLAT B, 35:GPTI;FLAT B, 37:J8OM;FLAT B, 3:EJTL;FLAT B, 46:J8OO;FLAT B, 6:EIUI;FLAT B, 8:J8OJ;FLAT B, 9:EIU3;
Hamilton Gardens	Leeds	LS7	53.8135	-1.5302	10:EKTO;11A:M9CH;11B:M9CI;12:EL3E;14:EM6B;15:DQ5K;16:HROK;17:DQ5U;18:DPWD;19:HLST;1:DRW6;20:DQ5G;21:DPWE;22:DPWJ;23:F18T;24:DQ6K;25:DQ6M;26:DQ6T;27:LLVU;28:DQ61;29:F18U;2:DS5H;30:DQ6B;31:DQ6D;32:DQ5F;33:EM6R;34:EM6N;35:HLSM;37:EM6C;3:DS5K;4:EM4R;5:HSW1;6:F18V;7:EL3P;8:EKTS;9:EL3M;
Hamilton Place	Leeds	LS7	53.8147	-1.5282	10:KNUX;12:KNV0;14:KNUT;16:LGLC;20:KNUJ;22:F41C;24:KNUO;26:KNUR;2:KO5V;4:KO5X;6:GLK4;7:KP4Z;8:KNUM;FLAT, 19:M8AT;
Hamilton Terrace	Leeds	LS7	53.8162	-1.5265	11:GLJW;13:KNVY;17:KNVM;19:GLJS;1:KNVB;21:GLJT;23:KNVL;25:DM51;27:KO7Q;29:KO7S;31:GLK8;33:KO7W;35:F41F;37:KO78;39:KO7A;3:KNVO;41:KO7D;43:KO7G;45:KO7J;47:J8OT;5:LYEI;7:F41D;9:KNVV;FIRST AND SECOND FLOOR FLAT, 15:J8OR;GROUND FLOOR FLAT, 15:J8OS;
Hamilton View	Leeds	LS7	53.8165	-1.5271	10:KO7C;11:KO63;12:KO65;13:KO69;14:KO6A;15:KO6C;16:KO66;17:JRE6;18:KO5Y;19:JRE9;1:KO8D;20:JREB;21:JRE7;22:F41E;23:KO6Y;24:KO73;25:KO70;26:KO6P;2:JHDN;3:DN0J;4:GLKD;5:KO81;6:KO82;7:KO84;8:KO87;9:KO89;FLAT A, 28:DNAY;FLAT B, 28:DNB4;FLAT C, 28:DNB2;
Hammerton Drive	Garforth	LS25	53.7860	-1.3731	10:FISB;11:FIS7;12:FIS9;13:IEYC;14:FISD;15:IEYB;16:FISH;17:GBAU;18:GBAZ;19:GBB1;1:HNDT;20:HMON;21:GBAW;22:GBB6;23:GBB7;24:GCCK;25:GCCF;26:HNNR;27:FWTI;28:HNNQ;29:MA2R;2:LROK;30:GCCE;31:HNDM;32:GBBQ;33:GBBS;34:FWT9;35:GBBX;36:HNDP;38:GBBI;3:FIRY;40:GBBC;42:GBBE;44:GBBG;46:GBBA;4:FVU8;5:FISM;6:FJSK;7:FJSE;8:FJSG;9:FJSI;
Hammerton Grove	Pudsey	LS28	53.7962	-1.6554	11A:KM66;13:KM65;15:KM64;17:FT8D;19:KM6J;2:KLW0;4:M8KD;6:JHIP;
Hammerton Street	Pudsey	LS28	53.7963	-1.6599	10:KM6H;11:FT8G;12:KM6F;13:KM6D;14:KM6C;15:KLW6;16:KM62;18:KM5L;1:FT8F;20:JHIN;22:M8KB;24:KLWI;28:KLWF;2:FT8J;30:KLWD;32:KLWC;34:KLWA;36:KLW9;38:KLW7;3:M8KE;40:KM5V;42:KLWG;44:KM60;46:KM5Z;48:KM5Y;4:KM6N;50:M8KC;52:FT8B;54:KM5O;56:KM5W;58:FT8A;5:KM6M;60:KM5U;62:KM5S;64:KM5R;66:KM5Q;68:KM5P;6:KM6L;70:JLRR;7:LWZP;8:FT8H;9:KM6I;
Hammond Crescent	Drighlington	BD11	53.7585	-1.6678	10:EOL7;11:LDR8;12:EOLA;13:EOLB;14:EOLD;15:EOLF;16:EOKP;17:EOL8;18:ENJZ;19:ENK0;1:ENLF;20:ENK1;21:L7GG;22:EOKL;23:EOKX;24:EOKO;25:EOKQ;26:EOKR;27:EOKS;28:EOKT;29:EOKV;2:LRPQ;30:LQSY;31:EOLJ;32:L88U;33:M0KM;34:EOM2;35:EOM3;36:EOM4;37:EOM5;38:EOW8;39:EOW1;3:EOKN;40:IHWG;41:EOW3;42:EOW4;43:IHWH;44:EOW6;45:EOW7;46:LDR9;47:EOM7;48:L88S;49:EOLK;4:EOL0;50:LQSZ;51:EOLM;52:EOLO;53:EOLP;55:EOLR;57:EOLS;59:EOLU;5:EOL1;61:L88T;63:EOLX;65:EOLY;67:EOKZ;69:ELB5;6:EOL2;71:ELB6;73:ELB7;75:L897;7:L88R;8:EOL5;9:M0KL;
Hampole Road	Boston Spa	LS23	53.9073	-1.3528	1:HSHB;2:HSHJ;3:HSHC;4:HSHK;5:HSHD;6:HSHL;
Hampole Way	Boston Spa	LS23	53.9069	-1.3519	10:LCJA;11:LCIF;15:LCIE;16:HTO7;17:LCID;18:HTO8;19:LCIC;1:LCIK;20:HTO9;21:LCIB;22:HSH2;23:LCIA;24:HSH1;25:LCI9;26:HSH0;27:LCI8;28:HSGZ;29:LCI7;2:LCIU;30:HSGY;31:LCI6;32:HSGX;33:LCI5;34:HSGW;35:LCI4;36:HSGV;37:LC8J;39:LCI3;3:LCIJ;41:HSHE;43:HSH6;4:LCIV;5:LCII;6:LCJ8;7:LCIH;8:LCJ9;9:LCIG;BEECH HOUSE, 12:HTO5;HAMPOLE HOUSE, 14:HTO6;
Hampton Place	Richmond Hill	LS9	53.7934	-1.5217	FLAT 3 HAMPTON HOUSE:NIQA;FLAT 4 HAMPTON HOUSE:NIQB;
Hampton Terrace	Richmond Hill	LS9	53.7933	-1.5219	FLAT 1 HAMPTON HOUSE:NIQ4;FLAT 2 HAMPTON HOUSE:NIQ5;FLAT 5 HAMPTON HOUSE:NIQ8;FLAT 6 HAMPTON HOUSE:NIQ9;FLAT 7 HAMPTON HOUSE:NIQ6;FLAT 8 HAMPTON HOUSE:NIQ7;
Hanbury Gardens	Garforth	LS25	53.7982	-1.3840	1:IZQE;2:I1XQ;3:GN8E;4:GN7P;5:FYO6;6:GN7Q;7:G5LW;8:IYDL;
Hanley Road	Morley	LS27	53.7408	-1.6036	11:H7RO;15:H7RJ;16:HMZ8;17:H8RU;18:L9CK;1:H7RM;1A:JJ0K;20:H7RL;22:M0OF;24:H7RK;26:LUNY;3:DCXZ;5:H7RS;7:HMZ7;9:H7RQ;
Hanover Mount	Woodhouse	LS3	53.8018	-1.5608	FLAT 1 ST JOHNS HOUSE:NL68;FLAT 10 ST JOHNS HOUSE:NL6D;FLAT 11 ST JOHNS HOUSE:NL6C;FLAT 12 ST JOHNS HOUSE:NL6B;FLAT 13 ST JOHNS HOUSE:NL6A;FLAT 14 ST JOHNS HOUSE:NL69;FLAT 15 ST JOHNS HOUSE:NL6Q;FLAT 16 ST JOHNS HOUSE:NL6P;FLAT 17 ST JOHNS HOUSE:NL6O;FLAT 18 ST JOHNS HOUSE:NL6N;FLAT 19 ST JOHNS HOUSE:NL6M;FLAT 2 ST JOHNS HOUSE:NL67;FLAT 20 ST JOHNS HOUSE:NL6L;FLAT 21 ST JOHNS HOUSE:NL6K;FLAT 22 ST JOHNS HOUSE:NL6J;FLAT 23 ST JOHNS HOUSE:NL6I;FLAT 3 ST JOHNS HOUSE:NL66;FLAT 4 ST JOHNS HOUSE:NL65;FLAT 5 ST JOHNS HOUSE:NL64;FLAT 6 ST JOHNS HOUSE:NL6H;FLAT 7 ST JOHNS HOUSE:NL6G;FLAT 8 ST JOHNS HOUSE:NL6F;FLAT 9 ST JOHNS HOUSE:NL6E;
Hanover Place	Kippax	LS25	53.7664	-1.3692	7:O7DW;9:O7DX;
Hanover Square	Woodhouse	LS3	53.8015	-1.5604	1 ANSTEY HOUSE, 40:KHAO;1 CHARLES APARTMENTS:KB0X;1 DENISON HALL, 52:FZBQ;10 ANSTEY HOUSE, 40:L55R;10 CHARLES APARTMENTS:KBTG;10 DENISON HALL, 52:GF0I;10:DLDK;11 ANSTEY HOUSE, 40:KHAP;11 CHARLES APARTMENTS:KBTH;11 DENISON HALL, 52:GF0E;12 ANSTEY HOUSE, 40:LB8V;12 CHARLES APARTMENTS:KCO1;12 DENISON HALL, 52:GASF;13 DENISON HALL, 52:LA6I;14 ANSTEY HOUSE, 40:L55S;14 CHARLES APARTMENTS:KCO3;14 DENISON HALL, 52:FZBO;14:DKER;15 CHARLES APARTMENTS:KCOC;15 DENISON HALL, 52:LBB8;16 CHARLES APARTMENTS:KCOE;16 DENISON HALL, 52:MGAI;16:JRCI;17 CHARLES APARTMENTS:KCOB;17 DENISON HALL, 52:DE3M;18 CHARLES APARTMENTS:KDIK;18 DENISON HALL, 52:GASO;19 CHARLES APARTMENTS:KDIM;19 DENISON HALL, 52:GASJ;19:DLC0;1:DLCW;2 ANSTEY HOUSE, 40:L55K;2 CHARLES APARTMENTS:KB12;2 DENISON HALL, 52:GCGR;20 CHARLES APARTMENTS:KDIN;20 DENISON HALL, 52:GCHF;21 CHARLES APARTMENTS:KDIP;21 DENISON HALL, 52:GCHC;22 CHARLES APARTMENTS:KDIL;22 DENISON HALL, 52:MGAP;22:HQNY;23 CHARLES APARTMENTS:LQDD;23 DENISON HALL, 52:IEV7;24 CHARLES APARTMENTS:LQDE;24 DENISON HALL, 52:IEVH;25 CHARLES APARTMENTS:LQDF;25 DENISON HALL, 52:GCHR;26 CHARLES APARTMENTS:LQDG;26 DENISON HALL, 52:LBBA;27 DENISON HALL, 52:GCHJ;28 DENISON HALL, 52:IJMN;28:EHR6;29 DENISON HALL, 52:HCEO;2:DLCC;3 ANSTEY HOUSE, 40:L55L;3 CHARLES APARTMENTS:KB13;3 DENISON HALL, 52:DE3N;30 DENISON HALL, 52:IHCN;31 DENISON HALL, 52:HCEN;32:EHR2;3:DLCF;4 ANSTEY HOUSE, 40:M60B;4 CHARLES APARTMENTS:KB19;4 DENISON HALL, 52:GF0R;41:EHR4;42:KQT1;46:KQTI;47:KQTK;4:DE3F;5 ANSTEY HOUSE, 40:L55M;5 CHARLES APARTMENTS:KB1A;5 DENISON HALL, 52:ME0D;5:DLCX;6 ANSTEY HOUSE, 40:L55N;6 CHARLES APARTMENTS:KBT4;6 DENISON HALL, 52:LBB9;6:GONM;7 ANSTEY HOUSE, 40:L55O;7 CHARLES APARTMENTS:KBT5;7 DENISON HALL, 52:HJFH;7:DLDL;8 ANSTEY HOUSE, 40:L55P;8 CHARLES APARTMENTS:KBT7;8 DENISON HALL, 52:FZBK;8:DE3G;9 ANSTEY HOUSE, 40:L55Q;9 CHARLES APARTMENTS:KBTE;9 DENISON HALL, 52:GF0L;9:FWDS;APARTMENT 1, 35A:OEOZ;APARTMENT 2, 35A:OEP0;APARTMENT 3, 35A:OEP1;APARTMENT 4, 35A:OEP2;APARTMENT 5, 35A:OEP3;APARTMENT 6, 35A:OEP4;BASEMENT FLAT, 17:J8OU;FIRST FLOOR FLAT 1, 20:LWSU;FIRST FLOOR FLAT, 17:M2OO;FLAT 1, 11:GONI;FLAT 1, 12:NLH0;FLAT 1, 15:FWE6;FLAT 1, 17:J8OV;FLAT 1, 18:LB7T;FLAT 1, 27:EHQG;FLAT 1, 30:NIN4;FLAT 1, 37:JAUW;FLAT 1, 39:FWDT;FLAT 1, 43:L8VQ;FLAT 1, 45:LRXK;FLAT 1, 49:O77V;FLAT 1, 51:FYFR;FLAT 10, 11:DLBF;FLAT 11, 11:J63P;FLAT 2, 11:DLDA;FLAT 2, 12:NLH1;FLAT 2, 15:DE3H;FLAT 2, 18:JO1M;FLAT 2, 27:FWDU;FLAT 2, 30:NIN5;FLAT 2, 37:J72R;FLAT 2, 39:MBQO;FLAT 2, 43:J6D5;FLAT 2, 45:KCXQ;FLAT 2, 49:O77W;FLAT 2, 51:J6D7;FLAT 3, 11:DLD6;FLAT 3, 12:NLH2;FLAT 3, 15:DF6R;FLAT 3, 18:DDEB;FLAT 3, 27:EHQX;FLAT 3, 30:NIN6;FLAT 3, 37:J72S;FLAT 3, 39:DM0E;FLAT 3, 43:J6D6;FLAT 3, 49:O77X;FLAT 3, 51:J6D8;FLAT 4, 11:GONK;FLAT 4, 12:NLH3;FLAT 4, 18:KBVF;FLAT 4, 30:NIN7;FLAT 4, 37:J72T;FLAT 4, 39:DM0C;FLAT 4, 43:JII9;FLAT 4, 51:J6D9;FLAT 5, 11:LA10;FLAT 5, 37:J72U;FLAT 5, 39:EHPT;FLAT 5, 51:KCXR;FLAT 6, 11:DLB7;FLAT 7, 11:DLB9;FLAT 8, 11:DLBI;FLAT 9, 11:LONK;FLAT A, 21:DLBN;FLAT A, 23:EHQP;FLAT A, 24:FXR2;FLAT A, 26:MBQP;FLAT A, 29:J8OW;FLAT A, 31:L8VP;FLAT A, 38:EHQ2;FLAT A, 44:KQSU;FLAT A, 48:KR38;FLAT A, 50:GPRP;FLAT B, 21:DLBJ;FLAT B, 23:L96N;FLAT B, 24:DE3J;FLAT B, 26:L96M;FLAT B, 29:JEVQ;FLAT B, 31:J6D4;FLAT B, 38:EHQ5;FLAT B, 44:DE3L;FLAT B, 48:KR3A;FLAT B, 50:L96O;FLAT C, 29:IB5F;FLAT C, 31:NOVB;FLAT C, 38:HQOF;FLAT D, 38:DE3K;FLAT GROUND FLOOR AND BASEMENT, 20:DLC8;GARDEN FLAT, 19:NGI0;ROOM 1, 32:O2JQ;ROOM 1, 8:O2JK;ROOM 2, 32:O2JR;ROOM 2, 8:O2JL;ROOM 3, 32:O2JS;ROOM 3, 8:O2JM;ROOM 4, 32:O2JT;ROOM 4, 8:O2JN;ROOM 5, 32:O2JU;ROOM 5, 8:O2JO;ROOM 6, 32:O2JV;ROOM 6, 8:O2JP;SECOND FLOOR FLAT, 17:DE3I;
Hansby Avenue	Seacroft	LS14	53.8194	-1.4564	100 SEACROFT GATE:M6G7;101 SEACROFT GATE:JDWU;102 SEACROFT GATE:J816;103 SEACROFT GATE:M2OJ;104 SEACROFT GATE:J817;105 SEACROFT GATE:J818;106 SEACROFT GATE:JDWV;107 SEACROFT GATE:J819;108 SEACROFT GATE:J81A;109 SEACROFT GATE:J81B;10:M1TB;110 SEACROFT GATE:JDWW;111 SEACROFT GATE:J81C;112 SEACROFT GATE:M993;113 SEACROFT GATE:J81D;114 SEACROFT GATE:J81E;115 SEACROFT GATE:JDWX;116 SEACROFT GATE:M6G8;117 SEACROFT GATE:M2OK;118 SEACROFT GATE:J81F;119 SEACROFT GATE:K9S7;11:KQSD;120 SEACROFT GATE:K9S8;121 SEACROFT GATE:K8P6;12:KQSG;14:KQSA;15:LCR4;16:KQRU;17:LKM2;18:KQS0;19:M582;1:KO8O;20:DOMY;21:DON0;22:DOMV;23:DON5;24:JJUU;25:DOD7;26:M581;27:DOMR;28:DOMP;29:DOMT;2:KP5M;30:GQ0A;31:DONO;32:LJK7;33:DONQ;34:DONT;35:DONB;36:GQ06;37:DOND;38:DONF;39:JJUT;3:GLKE;40:DONH;41:DOC2;42:LJK5;43:DOCB;44:DOC8;45:JJUQ;46:DOBP;47:GPRV;48:KR3D;49:DOBW;4:KO8M;50:DOD2;51:DOD1;52:DOCY;53:DOD4;54:DOCK;55:JJUS;56:M580;57:DOCF;58:DOCN;59:GLK6;5:KO8P;60:DOCQ;61:EGK9;62 SEACROFT GATE:K8IM;62:M6C6;63 SEACROFT GATE:M998;63:DNBT;64 SEACROFT GATE:K8IN;64:EIJZ;65 SEACROFT GATE:M997;65:M6C9;66 SEACROFT GATE:K8IO;66:GP0Z;67 SEACROFT GATE:K8IP;67:EG9Y;68 SEACROFT GATE:M996;68:EGAT;69 SEACROFT GATE:GT1R;69:EGAH;6:GLKG;70 SEACROFT GATE:K8IQ;70:DNBS;71 SEACROFT GATE:K8IR;71:LBTX;72 SEACROFT GATE:K5IP;72:EGAI;73 SEACROFT GATE:K5IQ;73:EG9Z;74 SEACROFT GATE:KB4V;74:EGAQ;75 SEACROFT GATE:M995;75:KOEQ;76 SEACROFT GATE:K7V1;76:EJ59;77 SEACROFT GATE:K7V2;77:EK5N;78 SEACROFT GATE:KB4W;78:KO5O;79 SEACROFT GATE:J80V;79:KOEL;7:KO8N;80 SEACROFT GATE:J80W;80:KOEG;81 SEACROFT GATE:JDNR;81:EK68;82 SEACROFT GATE:J80X;82:EK6C;83 SEACROFT GATE:J80Y;83:EK5R;84 SEACROFT GATE:M6G6;84:EK6I;85 SEACROFT GATE:LVM1;85:EK5Z;86 SEACROFT GATE:JDNS;86:EK65;87 SEACROFT GATE:M994;88 SEACROFT GATE:GX7Z;88:EIVL;89 SEACROFT GATE:J80Z;8:KQS4;90 SEACROFT GATE:LWSI;91 SEACROFT GATE:JDNT;92 SEACROFT GATE:J810;93 SEACROFT GATE:J811;94 SEACROFT GATE:J812;95 SEACROFT GATE:J813;96 SEACROFT GATE:JDWT;97 SEACROFT GATE:J814;98 SEACROFT GATE:JFBP;99 SEACROFT GATE:J815;9:KQS6;
Hansby Bank	Seacroft	LS14	53.8211	-1.4576	10 HANSBY GRANGE:EG8T;11 HANSBY GRANGE:EF84;12 HANSBY GRANGE:EF83;14 HANSBY GRANGE:EG8B;15 HANSBY GRANGE:EG8F;16 HANSBY GRANGE:EG9D;17 HANSBY GRANGE:EG9I;18 HANSBY GRANGE:MBRE;19 HANSBY GRANGE:LBTU;1:LJQP;20 HANSBY GRANGE:EG8X;21 HANSBY GRANGE:EG96;22 HANSBY GRANGE:EK74;23 HANSBY GRANGE:M6C5;24 HANSBY GRANGE:EK7C;25 HANSBY GRANGE:M8QC;3:EK6X;5:EGJZ;7:EGA6;9 HANSBY GRANGE:EG8M;
Hansby Close	Seacroft	LS14	53.8182	-1.4573	10:GV32;11:KSNA;12:KSMV;1:KSO7;2:KSO9;3:KSOB;4:KNNP;5:GPNH;6:KNNI;7:KNNL;8:GPNJ;9:KNNK;GARAGE SITE:KSOK;
Hansby Drive	Seacroft	LS14	53.8191	-1.4551	1 HANSBY GRANGE:M8Q5;101:KOOE;103:KOO9;105:M1TU;107:KOO3;109:GTUE;111:KOO2;113:EJ3N;115:DM2I;117:DM2K;11:EHRU;15:GOYA;17:M59G;19:KSNJ;1:KSMU;2 HANSBY GRANGE:EJ5B;21:LO4N;23:KSNG;25:GV30;27:KNNQ;29:EJ3Q;3 HANSBY GRANGE:GNR2;31:GPXU;33:EJ3T;35:EJ3U;37:EJ3R;39:GPXQ;3:KSN0;4 HANSBY GRANGE:M57V;41:EJ3G;43:EJ3I;45:EJ3K;47:M59H;49:KOOU;5 HANSBY GRANGE:EIVW;51:KOOX;53:KOP5;55:GTUH;57:KOP2;59:KOOZ;5:KSN2;6 HANSBY GRANGE:EIW0;61:EJ3Y;63:GPXX;65:EJ41;67:M1TV;69:KOO4;7 HANSBY GRANGE:EJ57;71:KNNZ;73:GPNN;75:KNO2;77:KONS;79:KONT;7:M1TN;8 HANSBY GRANGE:EK64;81:KNNR;83:M1TO;85:GPNM;87:KNNS;89:KNNU;91:KONY;93:KOO5;95:KOO7;97:KOOA;99:KOOD;9:EHRR;
Hansby Gardens	Seacroft	LS14	53.8182	-1.4568	10:DM35;11:DM38;12:DM33;14:JU0A;15:DM2Y;16:GMS1;17:GMS2;18:M586;19:DM2Z;1:DM2G;20:GMS4;21:M6C7;22:EIAK;23:DM1D;25:EIAQ;27:EIJN;29:EHAE;2:HQPV;31:GQ0Q;3:DM2R;4:DM2M;5:DM26;6:DM29;7:DM2C;8:DM2D;9:JU0D;
Hansby Gate	Seacroft	LS14	53.8196	-1.4576	10:DM1T;11:DM1P;12:DNHW;14:DNHY;15:HTBG;16:DNHH;17:DNHK;18:DNHM;1:LBUD;3:EHAA;5:EHAH;7:EHAJ;9:M585;
Hansby Place	Seacroft	LS14	53.8191	-1.4577	10:JU0F;11:JU0H;12:GNHD;14:GNHC;15:GNHA;16:JU0Z;17:JU0K;18:JU0N;19:GQ3K;1:KSMJ;20:JU0W;21:DNH6;22:LYAJ;23:JU12;24:DNH8;25:GNHG;26:DNGX;27:LO5X;28:M58K;29:KR22;2:DNHO;30:KOQ1;31:GMP1;32:KR20;33:KR1U;34:GU4M;36:KR1S;38:KR1P;3:DNI1;40:GMOX;42:KR1Y;44:EHJ4;46:EHJ7;4:HTBI;5:LYEC;6:KSMI;7:DNI6;8:KSMN;9:HQD4;
Harcourt Drive	Morley	LS27	53.7514	-1.6087	10:ERBN;11:ES7B;12:ETZD;14:ETZL;15:ETZH;16:JEWA;17:GW00;18:LJPA;19:MAWB;1:LFX6;20:ETZN;21:EV0G;22:EV0S;2:F2OB;3:ERAV;4:ERBT;5:M8JP;6:HQ9T;7:ERBL;8:JAXV;9:ERBR;
Hardrow Green	Lower Wortley	LS12	53.7874	-1.5824	10:IBQ2;11:HIW9;1:IBPW;2:IBPS;3:IBPO;4:FWQ5;5:IBPE;6:DC8W;7:HIWG;8:HIWN;9:HIWJ;
Hardrow Road	Lower Wortley	LS12	53.7875	-1.5837	10:EGI3;11:GLQO;12:EGHO;14:GLQK;15:EGHN;16:EGHT;17:EGHR;18:GMOU;19:KR1C;1:EHJB;20:KR1J;21:KR1G;22:KR1M;23:KR1F;24:KR0S;25:KR0X;26:KR13;27:KR17;28:KSDD;29:KSDB;2:EHIO;30:KSDF;31:GNOS;32:KSCW;33:KSDG;34:DC0D;35:KFWF;36:GSN8;37:KFWG;38:KSD4;39:KFWH;3:EHIU;41:KFWI;43:KFWJ;45:KFWK;47:KFWL;4:EHIR;5:EHIT;6:KR1A;7:EHIX;8:EGHX;9:FXKQ;
Hardrow Terrace	Lower Wortley	LS12	53.7879	-1.5826	10:EIUS;11:EIV4;12:EIUZ;15:EIV1;9:EIUQ;
HARDWICK COURT	Bramley	LS13	53.8088	-1.6323	1:NZH0;2:NZH7;3:NZH1;4:NZH6;5:NZH2;6:NZH5;7:NZH3;8:NZH4;
Hardwick Croft	Chapel Allerton	LS7	53.8249	-1.5339	10:EFPY;11:GP54;12:EFQJ;14:FEAJ;15:FEAH;16:J3VA;17:FEAF;18:GL6G;19:FEAK;1:J3XQ;20:FEAA;21:FDB9;22:FEAC;23:LTNF;2:EFQ0;3:EFGQ;4:LTND;5:F51S;6:EFQ3;7:EFQ1;8:EFPZ;9:IZY9;
HARDWICK WAY	Austhorpe	LS15	53.7991	-1.4403	1:NZVI;2:NZV9;3:NZVJ;4:NZV8;
Hardy Avenue	Churwell	LS27	53.7634	-1.5881	10:LBG5;11:LYE0;12:MEA0;13:KRRO;14:KRRL;1:KQHC;1A:GPRC;2A:E3FS;2B:J6DC;3:LCR2;3A:MBWM;4:KQQR;4A:DKUJ;5:DKUG;6:DKU9;7:DKUC;8:GOTN;9:DKUR;GARAGE SITE:HPJ3;
Hardy Court	Morley	LS27	53.7469	-1.5989	10:FKU1;11:FONM;12:FKTZ;14:JC68;15:FONE;16:FOY6;17:GUD2;18:FONB;1:FNTN;20:FNNG;22:FNN8;24:FNND;26:FNNB;28:F3CO;2:LXVO;30:FONI;3:FONJ;4:FMSW;5:FNNE;6:FMSU;7:MC4T;8:FKU9;9:FONO;
Hardy Grove	Beeston	LS11	53.7761	-1.5556	FLAT 2, 9:DCL5;FLAT 3 FIRST FLOOR, 7:ODWC;
Hardy Street	Morley	LS27	53.7471	-1.5985	10:IY3N;11:IWOA;12:LPDR;14:IWO8;15:IWO6;16:IWO5;17:IWO3;18:IWOB;19:KCXT;1:IY3P;20:IWO0;21:IYD2;23:IYD0;25:IY3W;27:E4N8;29:HJVN;2:I3B3;31:HJVP;3:I3B9;4:I3B8;5:I3B7;6:I3B5;7:HJVO;8:L8PX;9:IWO2;
Hardy Street	Beeston	LS11	53.7762	-1.5545	10:EHSW;12:EHSV;13:EHJI;13B:OFYE;14:LD26;15:EHSM;16:EHSO;17:KSCT;18:EHTC;19:LK9W;19A:ONXO;20:KSCN;22:KSCQ;23:EHT6;24:LJTV;26:EHT3;27:GMQY;29:EHT8;31:NQYO;31A:NTS6;3:KSDM;5:GMQZ;7:GMQT;9:F16P;ROOM 1 GROUND FLOOR, 18:ODWA;ROOM 1, 12:KFCK;ROOM 1, 16:O2JW;ROOM 1, 5:GVOU;ROOM 2 GROUND FLOOR, 18:ODWB;ROOM 2, 12:KFCL;ROOM 2, 16:O2JX;ROOM 2, 5:JJND;ROOM 3, 12:JIPO;ROOM 3, 16:O2JY;ROOM 3, 5:KHA4;ROOM 4 SECOND FLOOR, 18:ODWD;ROOM 4, 12:KFCM;ROOM 4, 16:O2JZ;ROOM 4, 5:KHA5;ROOM 5, 16:O2K0;ROOM 5, 5:KHA6;ROOM 6, 16:O2K1;
Hardy Terrace	Beeston	LS11	53.7762	-1.5539	13:LPSQ;15:EF5Y;17:EF60;17A:OHDW;19:GLED;2:EF5F;3:EF65;4:KPOX;5:EF69;6:EF6C;7:EF5W;9:LCS5;BASEMENT FLAT, 1:NQYI;FLAT 1, 11:MIST;FLAT 1, 1:OJLN;FLAT 2, 11:MISU;FLAT 2, 1:OJLO;FLAT 3, 1:OJLP;FLAT 4, 1:OJLQ;TOP FLAT, 1:NQYJ;
Hardy View	Beeston	LS11	53.7763	-1.5558	10:GTUI;12:KOP8;14:KOPA;16:GLE3;18:KOPF;2:F08O;4:KOPS;6:KOPP;8:GTUJ;ROOM 1, 2:KH76;ROOM 2, 2:JIPP;ROOM 3, 2:KH77;ROOM 4, 2:KH78;
HARE DRIVE	 				11:OFDF;17:OFDI;1:OFDA;3:OFDB;7:OFDD;9:OFDE;
Hare Farm Avenue	Farnley	LS12	53.7961	-1.6235	10:J2SH;11:J2SI;12:J2SK;14:J324;15:K41C;16:JC49;17:K415;18:K417;19:K418;1:IIN7;1A:HA5P;20:K419;21:K41A;22:J2S6;23:GSTN;24:J2RX;25:J2RY;26:J2S0;27:J2S2;28:LT3M;29:FXBH;2:HA61;30:J2RW;31:J2S8;32:J2S9;33:LBZR;34:J2SB;35:J2SC;36:K41G;37:K41B;38:K41N;39:JC4G;3:HA62;40:K41Q;41:FXBV;42:JC4H;43:HTGV;45:FXBW;47:K41M;49:K52E;4:HA64;51:K52F;53:K52G;5:FVP6;6:HA66;7:JCT2;8:I9C1;9:J2SG;
Hare Farm Close	Farnley	LS12	53.7968	-1.6253	10:K41L;11:K41D;12:K41H;14:K41I;15:JC4E;16:K41J;17:K41K;18:JC4F;19:I7N3;1:K52I;20:I7N6;2:DC0N;3:JC4D;4:K52D;5:K41E;6:JC4C;7:FXBU;8:K41F;9:GSTO;
Hare Lane	Pudsey	LS28	53.7830	-1.6595	10:IEGB;2:IC4C;4:IC4G;6:IC4K;8:IDTA;HOPE FARM, 12:IEGE;SOUTH PARK VILLA:IC4N;THE BUNGALOW SOUTH PARK FARM:LM9S;
Hare Park Mount	Farnley	LS12	53.7943	-1.6296	10:KOPX;11:FWLF;12:KPPC;14:GMEF;15:KPQG;16:EG7P;17:EG7S;18:EGH1;19:KPQ9;1:KOPV;20:GTUX;21:KPQA;22:KPQB;23:GMEE;24:GLQJ;25:LJTD;26:EGHD;27:EGHA;28:EGHG;29:EGHI;2:KOQ3;30:GLQE;31:FXKP;32:EGH9;33:EGH6;34:GLQG;35:KPPT;36:KPPE;37:KPPN;38:GLOB;39:KPPK;3:KOQ5;41:FWLJ;4:KOYY;5:KOQA;6:KOYW;7:KOQ8;8:LO54;9:GLEA;
Harecroft Road	Otley	LS21	53.9129	-1.6914	10:IBUH;11:LMYV;12:IB4O;13:LMYW;14:IB4I;15:IB4G;16:MFEH;16A:IAQ5;17:IAQ1;18:IAPX;19:LW6O;1:IB4U;20:JAK5;21:LL53;22:IE1R;23:IAQB;24:I9O3;25:I9OC;26:JBIS;27:I9O7;28:E73R;29:I9O8;2:E81C;30:IAPO;31:I9OL;32:I9OH;33:JBIU;34:JBIT;35:IEC2;36:JAKD;37:JAKC;39:IEC9;3:JEVP;41:IEC1;43:IECF;45:JAKH;47:E73G;49:IEC6;4:JEVN;51:IE1X;5:IB56;6:E81D;7:IB4D;8:IB49;9:IBUK;
Harefield East	Halton	LS15	53.7964	-1.4795	10:KPPA;12:KPPJ;2:KPP0;4:KPP3;6:KPP6;8:KPP8;
Harefield West	Halton	LS15	53.7969	-1.4801	1:KPPY;3:KPQ1;5:MDKB;7:KPQ0;9:GLOD;GARAGE SITE, 15:KPPR;
Harehills Avenue	Leeds	LS8	53.8179	-1.5216	1 PARK HOLME:JZO2;103:K03W;105:LSWO;107:K042;10:K1M7;112:K1NW;113:K3MM;114:K3ML;115:K3MG;116:K1NI;117:K3MJ;118:IG34;119:K1NH;121:K1NG;122:K1O1;123:K1NU;124:K0LL;127:K0LI;128:L7A9;129:K0LF;130:K0LE;131:K0LD;132:K3X8;133:IJ0U;136:L7AA;138:IJ0T;142:K3X6;142A:OKG6;144:FWXY;146:K1O5;14:F355;150:K1O6;152:IG3A;154:K0LA;156:K1O8;160:LSWL;164:L0XO;168:L8W0;16:K1MA;170:IGHJ;174:L0X7;176:IGHD;178:L0X4;180:L0X1;184:L0XG;186:IGHF;188:JGM1;18:JGLE;192:L7AD;194:J84W;200:K9YK;208:L7AF;22:F352;238:LT8K;24:IESP;27:JGXZ;28:GWN1;29:JHQU;3 PARK HOLME:JZOP;31:K3M4;32:K3M3;33:K3M1;34:K3LZ;35:JHQ2;36:K3ME;37:LOGT;4 PARK HOLME:JZOD;40:K1MF;41:K1ME;42:K3LW;43:K3LU;44:K3LT;47:K28J;48:F04X;49:MEK6;5 PARK HOLME:JZOG;51:K28R;54:K4N2;6 PARK HOLME:F0ZC;60:K29S;62:K29I;64:K29O;66:K29L;66A:F34V;67:K29J;68:F34W;6:K1LS;70A:K29W;72:F34U;74:K29C;75:K29A;76:IIW8;76A:K4FJ;77:K4FI;79A:J8JC;80:K4FN;82:K3XH;82A:K3XG;84:K3XE;86:K3XI;88:K4YG;8:K1M6;90:K4YE;91:K4YC;92:JHQV;93:F353;94:K03P;95:K3XD;97:K04D;98:K04B;99:K04A;BASEMENT FLAT, 172:M82L;BASEMENT FLAT, 206:LPFW;BASEMENT FLAT, 230:L8OP;BASEMENT FLAT, 6:KETF;BEDSIT 1, 99:K048;BEDSIT 2, 99:L9MA;BEDSIT 3, 99:MHG5;BEDSIT 4, 99:OEAM;BEDSIT 5, 99:OEAN;BEDSIT 6, 99:OEAO;BEDSIT 7, 99:OEAP;BEDSIT 8, 99:OEAQ;BEDSIT 9, 99:OEAR;FIRST FLOOR FLAT 2, 172:L0XQ;FIRST FLOOR FLAT, 110:KEV4;FIRST FLOOR FLAT, 230:I75W;FLAT 1 2 PARK HOLME:LRQK;FLAT 1, 100:MO9X;FLAT 1, 101:MBUJ;FLAT 1, 102:O43O;FLAT 1, 106:K043;FLAT 1, 109:K1NR;FLAT 1, 111:F052;FLAT 1, 120:J84T;FLAT 1, 126:OBA6;FLAT 1, 134:MIIC;FLAT 1, 148:M173;FLAT 1, 162:L8DY;FLAT 1, 182:NF1L;FLAT 1, 206:L7AE;FLAT 1, 232:J84X;FLAT 1, 234:FWOD;FLAT 1, 236:L8BM;FLAT 1, 240:K18A;FLAT 1, 30:F04W;FLAT 1, 38:J6DI;FLAT 1, 39:M3MH;FLAT 1, 46:K28P;FLAT 1, 4:FUER;FLAT 1, 56:M87R;FLAT 1, 69:GU7P;FLAT 1, 70:K2J3;FLAT 1, 71:K8AS;FLAT 1, 72A:LAEY;FLAT 1, 78:J8JA;FLAT 1, 8385:NR99;FLAT 1, 97A:J8JI;FLAT 1, 99:ODD7;FLAT 2 2 PARK HOLME:GFP0;FLAT 2 GROUND FLOOR REAR, 134:MIID;FLAT 2, 100:MO9Y;FLAT 2, 101:MBUK;FLAT 2, 102:O43P;FLAT 2, 106:K03T;FLAT 2, 109:LJMY;FLAT 2, 111:J8JP;FLAT 2, 120:J84U;FLAT 2, 126:OBA7;FLAT 2, 148:M174;FLAT 2, 162:L0XL;FLAT 2, 182:NF1M;FLAT 2, 190:MOB7;FLAT 2, 206:L7AU;FLAT 2, 232:M3RF;FLAT 2, 234:K184;FLAT 2, 236:J84Z;FLAT 2, 240:K189;FLAT 2, 30:J6DH;FLAT 2, 38:KCXW;FLAT 2, 39:M3MI;FLAT 2, 45:MMU1;FLAT 2, 46:K28N;FLAT 2, 4:FUES;FLAT 2, 56:K4N7;FLAT 2, 69:LBVF;FLAT 2, 70:K2J2;FLAT 2, 71:K296;FLAT 2, 72A:M8QA;FLAT 2, 78:J8JB;FLAT 2, 8385:NR9A;FLAT 2, 96:J8JH;FLAT 2, 97A:J8JJ;FLAT 2, 99:ODDA;FLAT 3 2 PARK HOLME:GFOZ;FLAT 3, 100:MO9Z;FLAT 3, 101:MBUL;FLAT 3, 102:O43Q;FLAT 3, 106:FWO2;FLAT 3, 109:IG35;FLAT 3, 111:M60P;FLAT 3, 120:JCD4;FLAT 3, 126:OBA8;FLAT 3, 134:MIIE;FLAT 3, 148:M175;FLAT 3, 162:L8L0;FLAT 3, 182:NF1N;FLAT 3, 190:MIRI;FLAT 3, 206:KI1F;FLAT 3, 232:J84Y;FLAT 3, 234:K182;FLAT 3, 236:JCD7;FLAT 3, 240:K188;FLAT 3, 30:KCXU;FLAT 3, 39:M3MJ;FLAT 3, 46:K28M;FLAT 3, 4:FUET;FLAT 3, 56:K4N3;FLAT 3, 69:LBVG;FLAT 3, 71:KC7G;FLAT 3, 72A:J6MC;FLAT 3, 78:LAF0;FLAT 3, 8385:NR9B;FLAT 3, 96:L8T2;FLAT 3, 97A:JH8S;FLAT 3, 99:ODDB;FLAT 4, 101:MBUM;FLAT 4, 111:MANL;FLAT 4, 134:MIIF;FLAT 4, 232:M5M6;FLAT 4, 234:K186;FLAT 4, 236:GUG6;FLAT 4, 46:K28K;FLAT 4, 69:LBVH;FLAT 4, 71:KD5L;FLAT 4, 8385:NR9D;FLAT 4, 96:M780;FLAT 4, 97A:J8JK;FLAT 5, 111:J8JQ;FLAT 5, 134:MIIG;FLAT 5, 45:MN73;FLAT 5, 46:F34T;FLAT 5, 8385:NR9E;FLAT 6, 111:J8JR;FLAT 6, 134:MIIH;FLAT 6, 45:MN74;FLAT 6, 8385:NR9F;FLAT 7, 8385:NR9G;FLAT 8, 8385:NR9C;FLAT A, 104:J8JL;FLAT A, 108:J8JM;FLAT A, 12:J6DD;FLAT A, 158:J84V;FLAT A, 166:FWQY;FLAT A, 20:L9FR;FLAT A, 26:J6DF;FLAT A, 50:J6DJ;FLAT A, 52:J6DK;FLAT A, 58:J6DM;FLAT A, 68A:F04Y;FLAT A, 73:K29G;FLAT A, 80A:J8JE;FLAT A, 81:E1Z9;FLAT AT, 140:JISC;FLAT AT, 2:LKGA;FLAT B, 104:FY12;FLAT B, 108:J8JN;FLAT B, 12:M77H;FLAT B, 158:JCD5;FLAT B, 166:L5FF;FLAT B, 20:J6DE;FLAT B, 26:J6DG;FLAT B, 50:KD5K;FLAT B, 52:J6DL;FLAT B, 58:GXC5;FLAT B, 68A:J6MB;FLAT B, 73:K29F;FLAT B, 80A:J8JF;FLAT B, 81:E1ZI;FLAT BASEMENT, 240:K187;FLAT C, 108:J8JO;FLAT C, 166:L5FG;FLAT C, 58:M77I;FLAT C, 73:K29E;FLAT C, 80A:J8JG;FLAT C, 81:E1ZJ;FLAT D, 158:DBBA;FLAT D, 81:E1ZK;GROUND FLOOR FLAT 1, 172:JCD6;GROUND FLOOR FLAT, 110:L5FI;GROUND FLOOR FLAT, 230:I75S;GROUND FLOOR FLAT, 79:J8JD;GROUND FLOOR FRONT FLAT, 134:OLPX;GROUND FLOOR ROOM FRONT, 132:MI55;GROUND FLOOR ROOM REAR, 132:MI56;ROOM 1, 27:K1LP;ROOM 1, 28:KGPB;ROOM 1, 42:O2K2;ROOM 10, 27:KF8Y;ROOM 2, 132:LKLI;ROOM 2, 27:K1LN;ROOM 2, 28:KGHG;ROOM 2, 42:O2K3;ROOM 3, 27:K1LM;ROOM 3, 42:O2K4;ROOM 4, 27:M3UJ;ROOM 4, 42:O2K5;ROOM 5, 132:KH4E;ROOM 5, 27:K1LK;ROOM 5, 42:O2K6;ROOM 6, 27:JGLD;ROOM 6, 42:O2K7;ROOM 7, 27:KF8V;ROOM 7, 42:O2K8;ROOM 7A, 27:LVSM;ROOM 8, 27:KF8W;ROOM 8, 42:O2K9;ROOM 9, 27:KF8X;ROOM FIRST FLOOR FRONT LEFT, 97:NHT2;ROOM FIRST FLOOR FRONT RIGHT, 97:NHT4;ROOM FIRST FLOOR REAR LEFT, 97:NHT3;ROOM FIRST FLOOR REAR RIGHT, 97:NHT5;ROOM GROUND FLOOR FRONT LEFT, 97:NHSY;ROOM GROUND FLOOR MIDDLE, 97:NHT0;ROOM GROUND FLOOR REAR LEFT, 97:NHSZ;ROOM GROUND FLOOR RIGHT, 97:NHT1;ROOM SECOND FLOOR, 97:NHT6;ROOMS 1 3 AND 4, 45:MN72;SECOND FLOOR FLAT 3, 172:L0XU;SECOND FLOOR FLAT, 110:MA5X;SECOND FLOOR FLAT, 230:I75P;TOP ROOM, 132:MI57;
Harehills Lane	Leeds	LS8	53.8133	-1.5135	100:GVI2;102:K557;103:K555;104:K55L;106:K55I;108:K55H;110:K15Z;112:K4MO;114:LJNR;116:L27T;118:L281;120:K18V;121:L27Q;122:K18L;124:K18X;126:L288;128:K15U;129:K160;130:K15X;132:GX0D;134:K164;138A:MF2F;138B:LKFI;138C:JJBR;140:K15T;142:K15S;144:IJXL;146:LSX5;163:IG1V;164A:MG0D;165:L0YI;167:L0WK;168:KQPB;169:L0WN;179:L0WX;181:L0WQ;183:JGLZ;185:KZ9H;187:L0WY;189:FWRH;191:FWQX;193:L0WV;195:KZ9S;197:KZ9W;207A:J93J;209A:J93K;216A:M06U;222:K2CL;223A:L0WF;224:IFTU;226:KZ9P;226A:NR8U;228:KZ9Y;230:LJN9;232:FWQW;234:KZ9G;235:KZ9I;236:L0WR;238:KZ9F;240:LG58;242:KZ9V;244:IFTV;246:K2CM;248:KZ9R;250:L0MR;252:L0W8;254:L1XV;256:LKI3;261A:J93O;265A:LCA4;291A:M3QU;2:K07B;306A:LN3W;312A:MFUR;314A:J93R;321A:JEXD;32:IFTS;339A:MFUS;360B:KZHN;360C:F4QJ;360D:KZI3;362:KZHQ;364:KZI0;366:IJX3;366A:OAQM;369:K0TI;371:M7TP;373:K0TG;41:K47R;41A:K59J;42:K59G;43:K59C;446A:LQ0W;44:K59F;450A:L0TF;45:JGM0;46:F34P;477:F4QK;479:L0T9;47:K05T;481:LCA6;483:K0T1;485:K0T4;487:K0T3;489:GQO0;48:K59D;491:K0T2;493:IJWY;495:GX0C;497:L1TX;499:K0T5;49:K58Z;4:F34R;50:F34O;515:F4QL;517:IJ8B;519:L0UG;51:K58Y;521:L0UE;523:LCA8;525:L0UC;527:IJ89;529:L0UB;52:K58W;531:LJA1;533:J319;535:IHP3;53:K58V;543:J318;545:J31A;547:J315;549:IHP2;54:GUK4;551:LD6O;553:J31D;555:IHP6;557:J31F;559:J31E;55:K58T;561:F3QF;563:LD6P;565:J31C;567:IHP4;569:J312;571:J317;573:J30V;575:J30U;57:GUK5;59:K595;601A:LB31;603A:J93Y;61:LZ5P;62A:J939;62B:JCD8;63:K54R;64A:NGHL;64B:NGHM;64C:NGHN;64D:NGHO;65:K54O;67:GVI1;69:K54K;6:K075;6A:IH0K;71:K54F;72:K54E;73:GQO9;75:K54C;77:K1FF;79:K1FE;81:K54J;85:K54L;85A:F32S;87:K54H;8:F34Q;8A:K073;91:IJXQ;92:K4MJ;93:F350;94:K4MT;95:K4MN;96:K4MS;97:K4MQ;98:K55J;APARTMENT 1 NEW LODGE POTTERNEWTON PARK:OC00;APARTMENT 2 NEW LODGE POTTERNEWTON PARK:OC01;BASEMENT FLAT, 236:OJBP;CORBIE STEPS, 89A:F2VH;EAST LODGE POTTERNEWTON PARK:JHQP;FIRST FLOOR AND SECOND FLOOR FLAT, 358:J93U;FIRST FLOOR FLAT, 123:M4VZ;FIRST FLOOR FLAT, 135:K161;FIRST FLOOR FLAT, 235A:GRWA;FIRST FLOOR FLAT, 403:F1WS;FIRST FLOOR FLAT, 593A:L9PJ;FLAT 1 BELVEDERE COURT, 14:K079;FLAT 1 CHESTNUT COURT, 18:K2CB;FLAT 1 DIN BUILDINGS FFORDE GRENE:OBD7;FLAT 1 MANSION VIEW, 16:NRZC;FLAT 1 REAR OF, 211:MG23;FLAT 1, 115:MHZU;FLAT 1, 119:MO7U;FLAT 1, 125:L7AG;FLAT 1, 127:M76I;FLAT 1, 137:MG0A;FLAT 1, 20:L6TL;FLAT 1, 22:KDAK;FLAT 1, 24:L6TM;FLAT 1, 430:M854;FLAT 1, 452:MOBL;FLAT 1, 577587:EGAO;FLAT 1, 595:NQ3O;FLAT 1, 66:J93A;FLAT 1, 68:O9N2;FLAT 1, 70:O49W;FLAT 1, 99:KGCM;FLAT 10 BELVEDERE COURT, 14:M3UN;FLAT 10 MANSION VIEW, 16:NRZJ;FLAT 10, 288:NJHR;FLAT 10, 577587:FSGK;FLAT 11 BELVEDERE COURT, 14:K47L;FLAT 11 MANSION VIEW, 16:NRZK;FLAT 11, 288:NJHS;FLAT 11, 577587:FSGL;FLAT 12 BELVEDERE COURT, 14:LT0A;FLAT 12 MANSION VIEW, 16:NRZM;FLAT 12, 288:NJHT;FLAT 12, 577587:FSGM;FLAT 13 MANSION VIEW, 16:O35Q;FLAT 13, 288:NLEA;FLAT 14 MANSION VIEW, 16:O35R;FLAT 14, 288:NLEB;FLAT 15 MANSION VIEW, 16:OFCQ;FLAT 15, 288:NLEC;FLAT 16 MANSION VIEW, 16:OFCR;FLAT 16, 288:NO30;FLAT 17, 288:NO31;FLAT 2 BELVEDERE COURT, 14:K074;FLAT 2 CHESTNUT COURT, 18:IFTR;FLAT 2 DIN BUILDINGS FFORDE GRENE:OBD8;FLAT 2 MANSION VIEW, 16:NRZE;FLAT 2, 115:L27W;FLAT 2, 119:MO7W;FLAT 2, 125:M2R8;FLAT 2, 127:L8DZ;FLAT 2, 137:M5RX;FLAT 2, 20:L6TN;FLAT 2, 22:L6TO;FLAT 2, 24:KDAL;FLAT 2, 405:NNNB;FLAT 2, 430:M855;FLAT 2, 452:JJC3;FLAT 2, 577587:EGK1;FLAT 2, 595:NQ3P;FLAT 2, 66:J93B;FLAT 2, 68:O9N3;FLAT 2, 70:NZYI;FLAT 2, 99:KGCN;FLAT 3 BELVEDERE COURT, 14:M2R6;FLAT 3 CHESTNUT COURT, 18:M3UI;FLAT 3 DIN BUILDINGS FFORDE GRENE:OBD9;FLAT 3 MANSION VIEW, 16:NRZD;FLAT 3, 115:L27U;FLAT 3, 119:MO7X;FLAT 3, 125:K18S;FLAT 3, 127:J93H;FLAT 3, 137:M5RY;FLAT 3, 20:L6TP;FLAT 3, 22:KEVL;FLAT 3, 24:L6TQ;FLAT 3, 452:MOBM;FLAT 3, 577587:LAGK;FLAT 3, 595:NWRC;FLAT 3, 66:J93C;FLAT 3, 68:O9N4;FLAT 3, 70:NZYJ;FLAT 3, 99:KGCO;FLAT 4 BELVEDERE COURT, 14:K07D;FLAT 4 CHESTNUT COURT, 18:K2C9;FLAT 4 DIN BUILDINGS FFORDE GRENE:OBDD;FLAT 4 MANSION VIEW, 16:NRZB;FLAT 4, 115:L98D;FLAT 4, 125:L7AV;FLAT 4, 137:M5RZ;FLAT 4, 20:L9D5;FLAT 4, 22:KDAM;FLAT 4, 24:L6TR;FLAT 4, 452:JHD5;FLAT 4, 577587:FMQ4;FLAT 4, 66:J93D;FLAT 4, 70:NZYK;FLAT 4, 99:KGCP;FLAT 5 BELVEDERE COURT, 14:L98C;FLAT 5 CHESTNUT COURT, 18:IFTQ;FLAT 5 DIN BUILDINGS FFORDE GRENE:OBDC;FLAT 5 MANSION VIEW, 16:NRZH;FLAT 5, 115:I0L2;FLAT 5, 20:L6TS;FLAT 5, 22:L6TT;FLAT 5, 24:L6TU;FLAT 5, 577587:FMQ7;FLAT 6 BELVEDERE COURT, 14:K07A;FLAT 6 CHESTNUT COURT, 18:K2C7;FLAT 6 DIN BUILDINGS FFORDE GRENE:OBDB;FLAT 6 MANSION VIEW, 16:NRZF;FLAT 6, 20:KDAN;FLAT 6, 22:F12U;FLAT 6, 24:L6TV;FLAT 6, 577587:F0OH;FLAT 7 BELVEDERE COURT, 14:IH0L;FLAT 7 DIN BUILDINGS FFORDE GRENE:OBDA;FLAT 7 MANSION VIEW, 16:NRZG;FLAT 7, 288:NHBC;FLAT 7, 577587:F0OD;FLAT 8 BELVEDERE COURT, 14:K078;FLAT 8 DIN BUILDINGS FFORDE GRENE:OBDE;FLAT 8 MANSION VIEW, 16:NRZI;FLAT 8, 288:NHBD;FLAT 8, 577587:FM3U;FLAT 9 BELVEDERE COURT, 14:K59K;FLAT 9 DIN BUILDINGS FFORDE GRENE:OBDF;FLAT 9 MANSION VIEW, 16:NRZL;FLAT 9, 288:NHBE;FLAT 9, 577587:FM3V;FLAT A, 105:J93E;FLAT A, 136:LUGG;FLAT ABOVE 273, 273275:MNJC;FLAT ABOVE 275, 273275:NJW4;FLAT ABOVE SHOP, 359:M5M9;FLAT ABOVE, 199:LD1H;FLAT ABOVE, 363:OKXH;FLAT ABOVE, 407:MG5Y;FLAT ABOVE, 409:JIT5;FLAT ABOVE, 420:J93W;FLAT AT BROWN HARE PUBLIC HOUSE, 388392:JIBD;FLAT AT, 101:HS38;FLAT AT, 154:GT7H;FLAT AT, 156158:LVRM;FLAT AT, 205:LC8G;FLAT AT, 213:LMDZ;FLAT AT, 217:GVER;FLAT AT, 271:LZIN;FLAT AT, 383:LW5N;FLAT AT, 432:GVGY;FLAT AT, 444:LDTF;FLAT AT, 448:KF8N;FLAT AT, 56:GQIU;FLAT B, 105:J93F;FLAT B, 136:MG0B;FLAT C, 103:L41F;FLAT C, 136:MG0C;FLAT D, 103:NNSD;FLAT OVER, 229:KHCO;FLAT REAR OF, 307:MEQQ;FLAT, 160162:OGSP;FLAT, 177:J93I;FLAT, 241:MIAQ;FLAT, 245:M879;FLAT, 253:EX01;FLAT, 281:M5M8;FLAT, 283:DDN1;FLAT, 284286:HSFT;FLAT, 293:LRWN;FLAT, 304:LC36;FLAT, 308:FY0U;FLAT, 327:LX9P;FLAT, 349:MIAP;FLAT, 361:GRBU;FLAT, 381:J93V;FLAT, 387:KFVR;FLAT, 511:OP40;FLAT, 60:K593;GARAGE COURT CHESTNUT COURT, 18:L98F;GROUND FLOOR FLAT, 123:K9YL;GROUND FLOOR FLAT, 135:MH51;GROUND FLOOR FLAT, 235A:LSIF;HAREWOOD COURT NURSING HOME, 89:IIBK;KISMET, 360A:KZHT;MAISONETTE FIRST FLOOR AND SECOND FLOOR, 263:L0IU;MAISONETTE REAR OF, 295:IIYN;MAISONETTE REAR OF, 305:L0JL;MAISONETTE REAR OF, 311:LB0J;MAISONETTE REAR OF, 313315:K0LX;MAISONETTE REAR OF, 317:K04S;MAISONETTE, 220:J93L;MAISONETTE, 225:M8R5;MAISONETTE, 259:IGHL;MAISONETTE, 389:L254;REAR FLAT, 216A:O33J;REAR OF, 58:J938;ROOM 1, 121:L9M9;ROOM 2, 121:K18O;ROOM 3, 121:K18G;SECOND FLOOR FLAT, 123:LAIZ;SECOND FLOOR FLAT, 135:MH52;SECOND FLOOR FLAT, 310:L8E0;SECOND FLOOR FLAT, 593A:FQCH;THE SYCAMORES, 131133:K15V;WEST LODGE POTTERNEWTON PARK:F5GO;
Harehills Park Avenue	Harehills	LS9	53.8099	-1.5047	10:IHP7;11:J31J;12:J31H;14:FWML;16:J31W;18:LD6Q;1:J3BO;2:J3BL;3:J3BK;4:J3BJ;5:IHPB;6:IHP8;7:J31M;8:J31L;9:J31P;
Harehills Park Road	Harehills	LS9	53.8094	-1.5034	11:J3BN;1:LZ5Z;3:J31T;5:IHPA;7:J31S;9:J31R;
Harehills Park Terrace	Harehills	LS9	53.8096	-1.5027	1:I8WB;2:HR48;3:I8WA;4:I8W7;6:FW0K;8:LIO9;
Harehills Park View	Harehills	LS9	53.8090	-1.5046	10:I8WE;11:I8MQ;12:I8WM;14:I7VF;16:JD04;1:I8W5;2:J940;3:I8WG;4:I8W8;5:I8WL;6:I8WJ;7:I8WI;8:I8WH;9:I8WF;
Harehills Place	Harehills	LS8	53.8137	-1.5162	1 ST AUGUSTINES COURT:I7MB;10 ST AUGUSTINES COURT:I7VI;11 ST AUGUSTINES COURT:JD05;11:FWMJ;12 ST AUGUSTINES COURT:J30R;13:J306;14 ST AUGUSTINES COURT:J30G;15 ST AUGUSTINES COURT:ME3W;15:J304;16 ST AUGUSTINES COURT:J308;17 ST AUGUSTINES COURT:J30E;17:J303;18 ST AUGUSTINES COURT:J30C;19 ST AUGUSTINES COURT:J30A;19:J301;1:I7VD;2 ST AUGUSTINES COURT:M9IE;20 ST AUGUSTINES COURT:J309;21 ST AUGUSTINES COURT:LB33;21:J300;22 ST AUGUSTINES COURT:J30Q;23 ST AUGUSTINES COURT:J30O;23:J2ZZ;24 ST AUGUSTINES COURT:J30M;25 ST AUGUSTINES COURT:J30I;25:K3LK;26 ST AUGUSTINES COURT:FWMK;27 ST AUGUSTINES COURT:LJA0;27:J31Q;28 ST AUGUSTINES COURT:J30K;29 ST AUGUSTINES COURT:LB34;3 ST AUGUSTINES COURT:JD03;30 ST AUGUSTINES COURT:J30D;31 ST AUGUSTINES COURT:J2ZW;32 ST AUGUSTINES COURT:J2ZV;33 ST AUGUSTINES COURT:J2ZP;3:J2ZS;4 ST AUGUSTINES COURT:LB32;5 ST AUGUSTINES COURT:I8MS;5:FWMI;6 ST AUGUSTINES COURT:GY12;7 ST AUGUSTINES COURT:I7VH;7:J2ZQ;8 ST AUGUSTINES COURT:I8W4;9 ST AUGUSTINES COURT:I7VK;9:J2ZU;FLAT AT, 10:NLAF;
Harehills Road	Harehills	LS8	53.8125	-1.5173	135A:LUJR;139A:LDFT;17A:L7B1;20:JHQ0;21A:M9KM;22:K3L2;23B:MEQZ;25A:GQKQ;33B:MEQY;37B:K3KS;39B:FBBV;41C:FWOK;42:J944;59:K4DM;61:J1NO;63:LJ9G;65:K4DD;66:K4DB;67:K4D9;67A:GT3G;69:IGOA;91A:LMN9;FIRST FLOOR FLAT, 14:KG77;FIRST FLOOR FLAT, 31:LU6M;FLAT 1, 35:J942;FLAT 2, 35:J943;FLAT A, 129:HQCW;FLAT A, 15:LVE8;FLAT A, 90:FY0V;FLAT AT REAR OF, 73:LQ8Y;FLAT AT REAR OF, 77:J947;FLAT AT REAR OF, 79:M8QB;FLAT AT, 141:LWGV;FLAT AT, 75:J946;FLAT AT, 83:LN66;FLAT B, 15:J941;FLAT B, 90:M76K;FLAT, 11:GQVZ;FLAT, 137:ET9K;FLAT, 14A:LTGG;FLAT, 29A:MEQX;FLAT, 50:LPLV;MAISONETTE ABOVE, 145147:KF8H;MAISONETTE AT, 149153:NM6B;ROOM 1, 149153:NYNM;ROOM 2, 149153:NYNN;ROOM 3, 149153:NYNO;ROOM 4, 149153:NYNP;ROOM 5, 149153:NYNQ;ROOM 6, 149153:NYNR;ROOM 7, 149153:NYNS;ROOM 8, 149153:NYNT;ST AUGUSTINES PRESBYTERY:K4DL;STUDIO 1, 81:OBFW;STUDIO 2, 81:OBFX;
Hares Avenue	Leeds	LS8	53.8162	-1.5222	10:FWMT;12:J0S0;14:J0RZ;16:IJP3;18:J0RW;20:JC4P;22:JC4L;24:K4CM;26:K4CK;28:K4CC;8:J0S1;
Hares Mount	Leeds	LS8	53.8163	-1.5232	10:JC4O;11:K4CV;12:K4CY;13:JC4N;14:K4CQ;15:K4CP;16:K42B;17:JD4M;18:K018;19:K016;20:GRL8;24:K012;26:K011;28:K01H;30:JD4L;32:FWNT;3:DDFS;5:K4CE;7:K4CT;8:JC4K;9:HTGY;BASEMENT FLAT, 20:OLFX;BASEMENT FLAT, 34:MMWS;FLAT 1, 1:MDL3;FLAT 1, 22:MDL5;FLAT 2, 1:MDL4;FLAT 2, 22:MDL6;FLAT A, 34:MGZT;FLAT B, 34:MGZU;
Hares Road	Leeds	LS8	53.8167	-1.5230	1:K01A;2:FWMH;3:K01E;
Hares Terrace	Leeds	LS8	53.8172	-1.5229	10:K00U;11:K00L;12:FWNS;14:K00Y;15:JD4H;16:K00V;17:K00T;18:K00S;19:K00R;1:K01C;20:J2ZM;21:K310;22:K30Z;24:JC32;2:JD4P;3:K015;4:K00N;5:JD4G;6:FWNR;7:K00Q;8:K00J;9:K00H;
Hares View	Leeds	LS8	53.8159	-1.5227	10:K41V;12:K41U;14:FWNM;16:K314;17:K312;19:J2ZH;21:J2ZL;23:J2ZJ;25:J2ZI;27:J2ZN;29:J2ZG;31:J2ZE;33:J2ZC;3:LJIH;6A:K41S;8:K41X;
Harewood Avenue	Harewood	LS17	53.9001	-1.5082	FARFIELD FARM:J9D3;HOUSE TWO HOOTS FARM:NONB;MIDDLEFIELD FARM:E7WY;MOOREND FARM:KZCT;NEW LAITHE COTTAGE:J638;NEW LAITHE FARM:K4KH;STOCKTON FARM:JDSF;STOCKTON GRANGE FARM:J949;
HAREWOOD CROFT	Austhorpe	LS15	53.7991	-1.4403	11:NZS8;13:NZSB;15:NZSA;17:NZSD;19:NZSC;1:NZS4;2:NZSH;3:NZS5;4:NZSG;5:NZS6;6:NZSF;7:NZS7;8:NZSE;9:NZS9;
Harewood Drive	Apperley Bridge	BD10	53.8347	-1.7048	18:NHAK;20:NHAL;22:NHAM;35:NHAJ;37:NHAI;39:NHAH;41:NHAG;43:NHAF;45:NHAE;
Harewood Gate	Harewood	LS17	53.9040	-1.5124	1:H72I;2:H72G;3:IVGN;4:LUNP;5:H72E;
Harewood Mews	Harewood	LS17	53.9019	-1.5128	10:LTI7;11:L1B8;12:L1BC;14:E7WZ;15:L10Z;16:L10X;17:L114;18:L10W;19:L10P;1:E7WW;20:L11I;21:L11Q;22:L11A;23:L11G;24:L11C;25:L1BS;26:KZ06;27:JECT;28:KZ0B;29:KYZX;2:IJYA;30:KYZU;31:KZV5;33:KZVF;35:KZVC;37:KZUX;39:FW2V;3:JA5B;41:KZV1;4:JA5C;5:JA59;6:L121;7:L11W;8:L1B4;9:L1BJ;
Harewood Road	Collingham	LS22	53.9060	-1.4249	1 HALF MOON COTTAGES:L7ZQ;1 LANGWITH TERRACE:H7DV;2 HALF MOON COTTAGES:J6P4;2 LANGWITH TERRACE:LAVG;3 LANGWITH TERRACE:LUK6;4 LANGWITH TERRACE:H7DT;5 LANGWITH TERRACE:FV1I;ALRESFORD:J6P5;ANNEXE RIVERSIDE:ONXJ;ANNEXE SHREWTON HOUSE:NJJ9;AVENUE COTTAGE:FX2O;AVENUE HOUSE:FY7J;BADGERS HOLT:EVMH;BELICHE:IP2P;BLUE GAP COTTAGE:IK96;BRIARFIELD:IN1G;BRIDGE FARM:IK2G;CHAPEL HOUSE:IK1T;COTSWOLD:FY7B;CRANLEIGH:LAWP;CRAVEN BANK:IL86;CROFT DENE:IO2J;CROFT VILLA:LE4G;EVENHOLM:J9D2;FAIROAKS:IOAS;FARFIELD HOUSE:IM8S;FIELD BECK COTTAGE:KFIM;FIELD BECK HOUSE:KFIN;FIRWOOD:FY7C;FLAT CROMWELLS BAR AND KITCHEN:LNXG;FLAT EAST KESWICK PLANT CENTRE:LMN7;GILLRIDGE:IX0W;GLEN HOUSE:L917;GLENHOLME:IK2F;GREENWAY:IM96;GREYSTONE COTTAGE:EXTK;HARVIESTON:FVB8;HARWOOD VILLA:K8TJ;HIGH VIEW:EYLQ;HIGHGATE:L9TM;HIGHLANDS:IK3A;HILL BROW:IK35;HILLSIDE:IN1A;HOLLYCROFT:HZ62;HONEYBOURNE:JIJM;HUNTERS CLOSE:IL23;JESMOND DENE:IN12;KENWOOD:IP30;KERRISDALE:IL26;KESTRELS CREEK:JBUM;KYNANCE:IP2O;LA SOURCE:IX0T;LABURNUMS:IN10;LANGDALE:K8TK;LANGLEA:IP2V;LANGWITH GATES:IL88;LANGWITH LODGE:LUKX;LIME KILN HOUSE:LRWO;LIMESTONES:M6SZ;LINDEN LODGE:K8TL;LITTLE ORCHARD:IK2B;LONG MEADOWS:IK2T;LYNTHWAITE:IN1U;LYNWOOD:LE4H;MANDALAY:FX8Z;MEADOW BROW:IL8R;MILLBECK HOUSE:IK1O;NORTHFIELD HOUSE:K8TM;OAKLANDS:L9TQ;ORCHARD MALLOW:IK3F;PADDOCKS:IK2I;PEEPS:K8TN;RIVERSIDE:IL28;ROSAMAR:IK30;SHOOTERS HILL:J9D4;SHREWTON HOUSE:JBUN;SORREL HOUSE:FWAX;SOUTHBANK:LULR;SPINNEY CLOSE:IN1P;STADHOUSE:IL83;STONE ACRE:IN19;STONEHAVEN:EXTL;TAMARISK:EXTN;TANGLEWOOD:IX10;TARN HOUSE:IL8F;TEIDE:K8TO;THE BRAMBLES:IX0J;THE GRANGE:L7EY;THE OLD STABLES:K8TP;THE OUTLOOK:FX8S;THE WENDY HOUSE ANNEXE MANDALAY:OHDV;TOWEND CLOSE:HQCT;WELLINGTON PLACE:KAQ3;WESTFIELD:L9TP;WHARFESIDE 6 LANGWITH TERRACE:I36Z;WITS END:IK2X;WOOD DENE:EYL5;WOODBANK:EVMJ;WOODVILLE:L9TR;XANADU:IN1O;
Harewood Street	Leeds	LS2	53.7982	-1.5393	FLAT 1, 1:I3HH;FLAT 10, 1:JFMF;FLAT 11, 1:IXAL;FLAT 12, 1:I115;FLAT 14, 1:LD1B;FLAT 15, 1:LZJU;FLAT 16, 1:HZJ9;FLAT 17, 1:LD1C;FLAT 18, 1:IUS1;FLAT 19, 1:MCYN;FLAT 2, 1:LJX5;FLAT 3, 1:I0S2;FLAT 4, 1:MCYM;FLAT 5, 1:I3H9;FLAT 6, 1:I3G8;FLAT 7, 1:I3GV;FLAT 8, 1:I3HI;FLAT 9, 1:LH2B;
Harewood Way	Swinnow	LS13	53.7977	-1.6370	10:FHS2;11:FHS0;12:IJVL;14:FISP;15:FISN;16:M37O;17:FHSQ;18:FHSG;19:M37T;1:FHSE;20:FHSK;21:IJVP;22:FHSI;23:IJVO;24:FHR4;25:IJVE;26:FHRG;28:LKJD;2:FHSD;3:FHSC;4:FHSB;5:IJVM;6:FHS8;7:FHSF;8:FHS5;9:M37N;
Hargreaves Close	Morley	LS27	53.7563	-1.6070	10:KYS8;11:F1GR;12:M8J3;14:KYS1;15:L1OH;16:IJ62;17:L33S;18:L8QF;19:LOPR;1:HAHZ;20:GAI5;21:L1PF;22:GAID;23:L1YL;24:JFBV;25:HMVX;26:HMVW;27:H411;28:H413;29:I3HC;2:HD7Z;30:H414;31:I0S1;32:H415;33:H4ZS;3:M7GV;4:HD7I;5:DY3X;6:IJ60;7:DY3Z;8:HD7H;9:DZDR;
Hargreaves Street	Rothwell	LS26	53.7479	-1.4758	10:HWW0;1:HX4L;2:LWWO;3:HX4P;4:MDE3;5:HX4S;6:HWVY;7:HWVV;8:MDE1;9:FQEV;
Harker Terrace	Stanningley	LS28	53.8062	-1.6746	11:F12A;13:F9X7;15:F9X9;17:F9WT;19:F9WX;1:F8LR;21:F9XN;23:F9XT;25:F9XD;3:F8LQ;5:F8V0;6:F8V6;7:F11S;9:F7LJ;FLAT NO 10 DUNCAN HOUSE:F5Q9;FLAT NO 12 DUNCAN HOUSE:F2BX;FLAT NO 14 DUNCAN HOUSE:F5PW;FLAT NO 16 DUNCAN HOUSE:MBSZ;FLAT NO 18 DUNCAN HOUSE:F8L8;FLAT NO 8 DUNCAN HOUSE:F5Q6;GARAGE SITE DUNCAN HOUSE:LGXD;
HARLAND SQUARE	Woodhouse	LS2	53.8104	-1.5571	10:I7KK;11:I7KJ;12:I7KO;14:I7KG;15:HQUW;16:DE9P;17:I7L4;18:I7LW;19:I7LT;1:I7KB;20:JCZX;21:I7LX;22:JCZW;23:FZLE;24:I7LP;25:I7M2;26:I7M6;27:I7M5;28:I7M3;29:JD00;2:FZLC;30:I7M7;31:I7LZ;32:I7LN;33:HQUZ;34:LT71;35:I7LA;36:I7L5;37:I7LD;38:FZLD;39:I7L6;3:I7K9;40:JCZU;41:I7LJ;42:I7LM;43:GXTA;44:I7LK;45:I7LI;46:I7LH;47:I7LF;48:JCZT;49:J23O;4:FV7M;5:J23R;6:IFHB;7:I7KH;8:I7KN;9:I7KM;CAR PARKING AREA:MLER;
Harlech Avenue	Beeston	LS11	53.7731	-1.5526	10:J22E;11:J22D;12:J22J;13:F28N;14:J229;15:I7VG;16:J1SU;17:LBZ4;18:J1S7;19:J0S6;1:LT37;20:J1SA;21:J1S2;23:J0S7;25:IJP6;27:J1S6;29:LBZ5;2:J1SZ;31:J1SL;3:J1SW;4:J1SV;5:J1ST;6:J1SS;7:J1SQ;8:J22B;9:J22G;
Harlech Crescent	Beeston	LS11	53.7719	-1.5532	10:J236;11:J235;12:J23J;13:J23A;14:IFHA;15:J23M;16:J23E;17:J23H;18:IFH8;19:J23F;1:F28M;1A:J1SI;20:J22P;21:IFH0;22:J22T;23:F28O;23A:HRQF;24:J22Q;25:J22N;2:J1SG;3:J1SE;4:LT36;5:J1S9;6:F28P;7:LBZ9;8:IFH6;9:IFH7;
Harlech Grove	Beeston	LS11	53.7725	-1.5536	10:J230;12:J22V;14:J234;16:J22W;18:IFH1;2:LBZ7;4:LBZ8;6:J232;8:IFH3;
Harlech Mount	Beeston	LS11	53.7729	-1.5539	11:LOH4;13:K4L8;15:K4LJ;17:K4LN;19:K4LK;1:K4XL;3:K4LD;5:K4LC;7:K4LB;9:IES4;
Harlech Park Court	Beeston	LS11	53.7706	-1.5509	11:DXAQ;1:DXAW;2:KY2J;3:DXAV;4:DXAL;5:KY2I;6:DXAN;7:DXB0;8:DXAO;9:DXAR;
Harlech Road	Beeston	LS11	53.7724	-1.5520	100:JFKS;100A:F36I;102:K09B;102A:K09A;104:KZHD;106:K0A2;108:K49Z;10:IES5;112:K49X;114:K6O7;116:LOH1;118:M0I7;120:K6O8;124:K6O9;124A:OD8I;126:K4A4;128:K4A2;12:K4LG;130:K6OA;132:K6OB;134:F1DW;136:K6OC;142:M79J;144:K6OD;146:K5ZI;14:K4L6;16:F2II;18:F2IH;22:K4BG;24:K4BN;26:IERX;28:K4BI;30:K4BH;32:K4BS;34:K4L5;36:IES1;38:K4L3;40:K4BO;41:K4BQ;42:K4BM;44:K09S;46:K09Q;48:LOHJ;4:IES6;50:K09H;52:K09M;54:K09L;56:K09J;58:K09W;60:K09P;62:K0A0;64:K09Z;68:K0A3;6:K4LI;70:K09V;72:JGKD;74:F36J;76:K4LR;78:K4LV;80:K4LU;84:F2IJ;86:JHQN;88:K4LQ;8:IES7;90:K4LP;92:K09C;94:K4LS;96:K09F;98:K09E;BASEMENT AND GROUND FLOOR FLAT, 66:MIYZ;BASEMENT FLAT 1, 20:LZCW;BASEMENT FLAT 90A, 90:EYBX;BASEMENT FLAT, 148:J9D6;BASEMENT FLAT, 40:NRQ1;BASEMENT FLAT, 6:KGFC;CARETAKERS HOUSE PARK VIEW PRIMARY ACADEMY:ME6L;FIRST FLOOR FLAT 3, 20:KFUT;FLAT 1, 110:MJLU;FLAT 1, 122:L8E1;FLAT 1, 138:LKD8;FLAT 1, 2:NUNH;FLAT 1, 82:OQ5S;FLAT 2, 110:MJLV;FLAT 2, 122:J9D5;FLAT 2, 2:NUNI;FLAT 2, 82:OQ5T;FLAT 3, 110:LRLS;FLAT 3, 138:LKD9;FLAT 3, 82:OQ5U;FLAT 4, 110:MJLX;FLAT 4, 138:OACW;FLAT 4, 82:OQ5V;FLAT 5, 138:LKDA;FLAT 5, 82:OQ5W;GROUND FLOOR FLAT 2, 20:KHYN;GROUND FLOOR, 148:E1TF;SECOND FLOOR FLAT 4, 20:KFY1;
Harlech Street	Beeston	LS11	53.7720	-1.5533	14:LC9N;17:K49K;19:K49J;1:K394;21:K4BF;23:K4A0;34:K6P9;3:K391;5:IIZW;7:K395;9:K49Q;FLAT 2, 32:J9D8;FLAT 3, 32:J9D7;FLAT A, 11:LBM2;FLAT A, 13:E3PN;FLAT A, 15:KHZF;FLAT B, 11:LBMB;FLAT B, 13:E3PP;FLAT B, 15:KHZL;FLAT C, 11:LBMD;FLAT C, 15:KHZM;
Harlech Terrace	Beeston	LS11	53.7723	-1.5535	10:KZHF;11:IERW;12:KZHI;13:KZHG;15:K4AD;16:K4AG;17:F2IF;18:K4A6;19:K4AE;1:K4B8;20:K4AB;21:K4A9;22:K4A7;23:K4AS;24:K4AX;25:K4AV;26:K4AT;29:K4AO;2:K4B7;2A:K4B5;30:K4AL;31:K2TT;33:K3WJ;35:K3W9;36:F2I3;37:GUJD;38:K3WB;39:K3WA;3:F2IG;40:K3WG;41:K45V;4:K4B2;5:K4B0;6:JHQK;7:K4B6;8:IERV;9:K4BC;BASEMENT FLAT, 28:JHY3;FLAT 1, 27:KGVG;FLAT 1, 28:JBO0;FLAT 1, 32:NJ33;FLAT 2, 27:LZ4Z;FLAT 2, 28:MH1L;FLAT 3, 27:KGVH;FLAT 4, 27:KGVI;
Harlech Way	Garforth	LS25	53.7948	-1.3707	10:FWSM;11:II8M;12:GEA5;13:II8K;14:GEA8;15:GEAA;16:II8L;17:GEAB;18:GEAD;19:GE9S;1:FG4T;20:GEA4;21:GE9O;22:FWSL;23:GE9Q;24:GTY4;25:GE9R;26:GE9T;27:II8G;28:GE9V;29:GE9W;2:FG4U;30:II8H;32:GE9Z;34:GEA0;36:FVTH;38:FG4X;3:FG4W;40:FKDQ;42:FKDR;4:GE9M;5:GE9G;6:GEA2;7:II8J;8:GEA3;9:GTY5;
Harley Close	Swinnow	LS13	53.8007	-1.6462	10:K0SO;11:K0SL;12:K0SJ;14:K0SH;15:K0SF;16:K0SX;17:K0SM;1:K45T;2:K45R;3:K45Q;4:K45O;5:K45M;6:LT07;7:K0SK;8:K3WE;9:K0SP;
Harley Court	Swinnow	LS13	53.7977	-1.6482	10:K2BU;11:HM2Y;12:K2BR;14:K2BT;15:M55K;16:K2C5;17:I2XI;18:K2C0;19:I2XK;1:K3W5;20:K2BZ;21:HR3I;22:K2BY;23:I2XN;24:M6NX;2:M6NP;3:M6NN;4:K0SY;5:K0SV;6:LSWZ;7:K0ST;8:K0SR;9:K2BW;GARAGE SITE ADJACENT 9:DBW7;
Harley Drive	Swinnow	LS13	53.7995	-1.6447	10:IFTJ;11:K2BQ;12:K46B;14:K469;15:LT08;16:K0SS;17:K2TS;18:K2TR;19:K2TK;1:K466;20:K2TQ;21:K2TN;22:K2TM;23:M6NO;24:LSWJ;25:IIX2;26:K53V;27:K53U;28:K2TU;29:K53Y;2:M6NQ;30:K53S;31:IIX0;32:K2TV;33:K0A9;34:K2T3;35:K2T2;36:K0A4;37:K2SY;38:JGKE;39:K0A7;3:K462;40:M6NW;41:K2TD;42:K2TH;43:K2TF;44:K2TE;45:K2T6;46:K2TB;47:K2TA;48:K2T7;49:K54A;4:K461;50:K0S0;51:GQNX;52:K0RY;53:K0RQ;54:K0S1;55:K0RS;56:K0RR;57:M6NL;58:K0RW;59:K0SD;5:K45Z;60:K0SB;61:K0S9;62:M6NM;63:K0S8;64:K0S6;65:K0S4;66:IIX3;67:K0RU;68:K547;69:IIX4;6:K2BL;70:K544;71:K543;72:K542;73:K541;74:LY17;75:K0RJ;76:K0RN;77:K0RM;78:K0RK;79:M6NK;7:K2BP;80:K0RP;82:K0RG;84:K0RF;86:K50W;8:K2BN;9:K2BM;
Harley Gardens	Swinnow	LS13	53.7983	-1.6498	10:K4XS;11:K4XT;12:LZ6I;14:LOH8;15:K4XP;16:M6NV;17:K4XN;18:M6NU;19:K4O1;1:JHQ1;20:IESE;21:LOH7;22:K4NP;23:K4NM;24:K4NO;25:K4NN;26:K4NQ;27:IESG;28:K4O0;29:K4NZ;2:K4XK;30:K4NX;31:K4O2;32:K4NV;33:IESF;34:K3O5;35:K3EA;36:K3O4;37:K3O2;38:GSTC;39:LJIN;3:IESJ;40:M6N7;41:K3NY;42:K3O0;43:K3NW;44:JC3L;45:K3OD;46:K3O9;47:K3OA;48:K3O8;49:K3O7;4:K4O3;51:K3NU;53:K3NZ;5:IESK;6:K4O6;7:IESI;8:K4XO;9:K4XQ;
Harley Green	Swinnow	LS13	53.7992	-1.6473	10:M6N6;11:K3NO;12:K3NL;14:K3EF;15:M6NT;16:K4NU;17:K4MG;18:K4ME;19:K4MC;1:K3E8;20:JHQO;22:NY86;24:NY87;26:NY88;28:NY89;2:GSTA;30:NY8A;32:NY8B;34:NY8C;36:NY8D;3:K3EB;4:K3E3;5:K3E2;6:K3NN;7:K3E7;8:K3NS;9:K3NQ;
Harley Rise	Swinnow	LS13	53.8006	-1.6453	10:K4NK;11:K4LX;12:K4NJ;14:K4NH;15:K4NL;16:K4NG;17:JB42;18:JB3Y;19:M6N5;1:IJ0F;1A:EMMM;20:J1XF;21:J1XA;22:J1XI;24:J1XC;26:JB3W;28:GSSJ;2:K3LM;30:J1XO;32:J1XR;34:J1XQ;36:J1XP;38:J1XN;3:LOH5;40:JB40;4:K4LZ;5:K4M5;6:K4M2;7:K4M6;8:K4M1;9:M6NS;GARAGE SITE A:K3LS;
Harley Road	Swinnow	LS13	53.7989	-1.6483	10:K50M;11:K50S;12:JCEE;14:HTH7;15:K512;16:K511;17:K510;18:K4R9;19:K50Q;1:J1XL;20:K4QV;21:K4QU;22:K4QS;23:K4QZ;24:K4QO;25:K4QN;26:M6NB;27:K4QT;28:HTH6;29:K4R8;2:K1MU;30:K4R0;32:K4R5;3:JB3Z;4:K3EC;5:M6NC;6:GRKY;7:K50R;8:K50X;9:K50N;
Harley Terrace	Swinnow	LS13	53.8001	-1.6441	10:K4FF;11:K38S;12:LOGM;14:K38U;15:IIZU;16:K38Z;17:JHPT;18:K38R;19:K38P;1:K4R3;20:IIW4;21:IIW5;22:K4F2;23:K4F0;24:K517;25:K4EZ;26:K4EY;27:M6ND;28:K518;29:K4FA;2:K4F3;30:K4FC;31:LY15;32:M6NG;33:K4F5;34:K4FE;35:K4F9;36:K4F8;37:IIW6;38:K4F6;39:K4R1;3:GRKZ;40:K1MT;41:K1MR;42:K1MQ;43:M6NY;44:K1MV;45:K1MM;46:K1ML;47:K1N2;49:K1N5;4:K38N;5:M6NR;6:K38L;7:IIW7;8:IIZR;9:K38H;
Harley View	Swinnow	LS13	53.8002	-1.6477	10:K3ON;11:K3OL;12:JC3N;1:K1N4;2:M6NZ;3:K1MW;4:K1N0;5:K1MZ;6:IG30;7:K1MY;8:K3OJ;9:K3OO;
Harley Walk	Swinnow	LS13	53.7995	-1.6485	10:K3OU;11:K3OT;12:K3OP;14:LJMX;15:K4Q8;16:K4Q7;17:JC40;18:K3PW;19:JC41;1:HTGO;20:HTGQ;21:GSTG;22:K4QG;23:K4QI;24:K4QL;25:M6NA;26:K4QJ;27:K4QH;28:K4QF;29:K1N7;2:JC3M;3:M6N8;4:K3OW;5:K3OK;6:K1MH;7:M6N9;8:K3OR;9:K1MJ;GARAGE SITE REAR OF 24:DBW8;
Harlington Court	Morley	LS27	53.7377	-1.6046	10:IZEL;12:E4NJ;14:IZEP;16:IZG2;1:E4NH;2:M44V;2A:J9D9;2B:IZEV;3:IZEX;4:HLDS;5:IZES;6:E4NI;7:IZF1;8:IZEI;9:IZF3;
Harlington Road	Morley	LS27	53.7384	-1.6050	10:H6VW;12:H6W0;15:H6W3;17:I2NQ;19:HK0T;21:H6SX;23:H6SW;25:HK0S;27:H6SU;2:H854;3:HL16;4:JFDN;5:H858;6:H859;7:H6VX;8:M0OL;9:H6VT;GARAGE SITE REAR OF, 10:GTDB;
Harlow Court	Roundhay	LS8	53.8312	-1.4983	1:KQEQ;2:KQEO;3:KQEE;4:KQES;5:MA0V;6:KQEH;7:KQEF;8:GPI1;GARAGE SITE:KQEZ;
Harold Avenue	Hyde Park	LS6	53.8100	-1.5721	10:K3PK;11:FW6G;15:JC3Z;17:K1N8;19:K1NA;1:K1NB;21:FW6Y;23:K4QE;25:K4QB;27:HTH5;29:K3PS;2:K1N9;31:JC42;33:K4Q9;35:K1ND;37:JC3Q;3:IG33;4:K3PO;5:K3PR;6:K3PM;7:K3PL;8:K1NE;9:I7MA;
Harold Gardens	Morley	LS27	53.7476	-1.5908	10:G6AX;11:LTAF;12:I0OW;14:H5WL;15:HRFW;16:H5WM;17:ESRS;18:H5WN;19:ESRU;1:F2F0;21:LDCA;23:IXVY;25:IXW2;2:F2E5;3:DVWB;4:EUKW;5:DVWE;6:IXWH;7:DVWJ;8:LG1C;9:DVWM;
Harold Grove	Hyde Park	LS6	53.8090	-1.5725	10:K1MN;11:LJMW;12:K1MS;13:K4QM;14:K4F7;15:K4FB;17:K519;18:K4F4;19:K4F1;1:K3OX;20:K38J;21:K38Q;22:FW6R;23:HTIX;24:K38M;25:J228;26:K4R2;27:K4RA;28:GRKX;29:K4R6;30:K4QQ;32:FW6J;34:K4QR;35:K50Z;36:JCED;37:K515;38:K53E;39:K50U;3:K3OV;40:K38Y;41:J1XM;42:FW6D;43:J1XB;44:JB3X;45:LJI6;46:IESA;47:JHQR;48:K4NC;49:JB43;4:GSTD;50:J1X4;51:K4LW;52:K4M0;53:K4M3;54:J9DB;55:K3LL;56:LEIZ;57:K3LO;59:K3LQ;5:K3OM;61:FW6V;63:J1X7;65:GSSI;67:K4MB;69:K4M8;6:K1MP;71:K4M7;73:K4MF;75:K3ED;77:K3NM;7:JGLG;81:J9DA;81A:K3NP;83:K3E4;85:K4XV;87:K3E6;8:K1N3;9:K1MK;BASEMENT AND GROUND FLOOR FLAT, 79:J9DC;FIRST FLOOR FLAT, 79:LXVM;
Harold Mount	Hyde Park	LS6	53.8093	-1.5720	11:JHQS;12:IESH;13:K4NT;14:K4XM;15:IESL;16:K4XR;17:K4O5;18:K4XI;19:FW6W;1:K3O6;20:K54B;2123:K0RL;22:K0RH;24:K546;25:K549;26:K0S5;27:FW6M;28:GQNY;29:LSWY;30:K0RX;31:K2T4;32:K2T9;33:LSZP;34:K2TG;35:K0A6;36:K2T5;37:K2TI;38:IIX1;39:K53W;3:K3NX;40:K2TL;41:K2TO;42:GUA0;43:FW6N;44:K46C;45:FW6P;46:K460;48:K463;50:K465;52:L4ML;5:FW6F;7:K4XU;9:K4NW;
Harold Place	Hyde Park	LS6	53.8087	-1.5722	10:K0SG;11:K0SN;12:GQNZ;13:K45L;14:K45Y;16:K45S;18:K3WD;1:IFTN;20:K3WF;21:K45J;22:K4AK;23:K4AR;24:K4AU;25:K4AA;26:JHQI;27:K4B4;28:K4BA;29:K4BE;2:K2C1;30:K4AZ;31:KZHE;33:K49I;35:K49L;36:K49P;37:K49T;38:K393;39:K390;3:IFTO;40:JHPU;41:JHQH;42:FW6T;43:K49U;44:K49Y;45:IERZ;46:K099;47:JGKC;48:K09D;49:K09G;4:K2C3;50:K4LO;51:K4LT;52:K09U;53:K09T;54:K0A1;55:K09I;56:K09O;57:FW6X;58:K097;59:JHQL;5:K2BS;6:K2BX;7:IFTM;8:K3W8;9:K0SZ;FLAT 1, 32:OC6G;FLAT 2, 32:OC6H;FLAT 3, 32:OC9Y;
Harold Road	Hyde Park	LS6	53.8096	-1.5718	10:JHQM;11:IRJX;12:FW69;14:J22X;15:IRJY;16:J22Z;17:IFH2;18:J22K;19:LT38;20:J23G;21:J23N;22:IFH5;23:J23B;24:J22I;25:J1SD;26:J1SK;27:FW68;28:LBYL;29:J1S8;2:K4L4;30:J227;3133:LBZ6;32:J1SP;34:N2SA;35:J1SY;36:J9DE;37:J1SC;39:I7LG;41:I7L8;43:JCZR;45:JCZS;47:I7LB;49:FV7E;4:FW6U;51:I7M4;53:I7LS;55:I7LR;6:IERY;7:K4BJ;8:K4L7;9:IRJW;
HAROLD SQUARE	Hyde Park	LS6	53.8126	-1.5637	10:J03V;11:J03W;12:LT2K;1:J0DH;2:J0DJ;3:J0DA;4:J0DM;5:J0DO;6:J0DQ;7:FW67;8:J0DS;9:J0DK;
Harold Street	Hyde Park	LS6	53.8091	-1.5720	10:I7KV;11:I7KR;12:I7KP;13:FV7D;14:JB50;15:K30Q;16:K30T;17:J2ZF;18:J2ZB;19:K30X;1:E78W;20:K313;21:JC33;22:K30W;23:GST0;24:K30Y;25:K41Y;26:GRL7;27:JD4J;28:JD4I;29:K00K;30:K00I;31:K00P;32:K01D;33:K01G;34:K01K;35:K010;36:HTHD;37:K017;38:K4CS;39:FW6I;3:JCZV;40:K4CD;41:K4CG;42:K4CL;43:K4CI;44:J0RY;45:J0RU;46:IJP4;47:K4D1;49:K4D4;4:JCZY;51:K4D2;53:L4MJ;5:I7KE;6:I7KL;7:J23Q;8:I7KA;9:I7KY;
Harold Terrace	Hyde Park	LS6	53.8086	-1.5725	10:K4C6;11:K4CA;12:FW6H;14:K4C2;15:K4BZ;16:J0OK;17:J0OM;18:J0OQ;19:J0OU;1:GW4X;20:J0OB;21:J0OE;22:J0OH;24:J0P4;26:J0P7;27:LEDN;28:J0P0;29:J0OY;2:K4D3;30:FW5Y;31:J0O8;32:K4DC;34:IHPD;36:J1NK;38:J1NP;3:K42C;40:JC4U;42:J0O3;44:FW5X;46:JC4V;48:K4DG;4:K42E;50:K4DK;52:K3KT;54:K3KY;56:K3KX;58:J0Y4;5:K42H;60:K3B4;62:JA51;64:FW6S;66:IJ0D;68:K3LJ;6:GSTR;70:K3L3;72:K3L5;74:K3LA;76:J0PL;78:IGOH;7:K42F;80:J0YU;82:J0YW;84:J0PQ;86:LJ95;88:J0PI;8:K425;9:K4C4;
Harold View	Hyde Park	LS6	53.8095	-1.5725	15:LJHQ;16:J0XW;17:GXU0;18:J0XT;19:J2ZY;20:J307;21:J305;22:J2ZR;23:LJ9Z;24:J30J;25:J30L;26:J30N;27:FW63;28:J30B;29:J30F;30:I8WC;31:I7VJ;33:I7M9;34:I8MT;35:I7M8;36:I7VE;37:I8WD;38:I8WK;39:FV7F;40:I8W6;41:IHP1;42:IHP9;43:J31U;44:J31V;45:J31I;46:J31N;47:LJA2;48:IHPC;49:FW65;50:J31Z;51:J31X;52:J321;53:KBEF;54:J30X;56:J313;
Harold Walk	Hyde Park	LS6	53.8099	-1.5725	10:L0UF;11:L0UD;12:FW76;13:L0U8;15:K0T0;17:FW77;18:IJWX;19:L1TQ;1:J311;20:L1TV;21:L0TI;22:L0TG;23:L0T8;24:L0TA;25:L0TD;26:L0TX;27:L0U2;28:L0TN;29:L0TP;2:J30S;30:LY1B;31:IF0E;32:L24X;33:L1V9;34:L1VA;35:L4MK;36:IF0D;38:L24U;3:LD6N;4:IHP5;5:J314;6:J316;7:FW64;8:K55B;9:L0UH;FLAT, 1416:MF2S;
Harper Lane	Yeadon	LS19	53.8646	-1.6838	1 HANOVER HOUSE:I2TC;1 LANE FOX COURT:IW7H;10 HANOVER HOUSE:LAGW;10 LANE FOX COURT:H614;10:IW7M;11 HANOVER HOUSE:HK27;11 LANE FOX COURT:LBCU;12 HANOVER HOUSE:M5A7;12 LANE FOX COURT:M4ZC;12:H62S;13 HANOVER HOUSE:H7TJ;14 HANOVER HOUSE:H7TN;14 LANE FOX COURT:H613;14:H62P;15 HANOVER HOUSE:M74B;15 LANE FOX COURT:H61L;16 HANOVER HOUSE:LAGV;16 LANE FOX COURT:H61J;17 HANOVER HOUSE:I2T4;17 LANE FOX COURT:H61N;18 HANOVER HOUSE:I1JS;18 LANE FOX COURT:H61C;19 HANOVER HOUSE:HK29;19 LANE FOX COURT:M488;2 HANOVER HOUSE:I2TA;2 LANE FOX COURT:IW7D;20 HANOVER HOUSE:I1JP;20 LANE FOX COURT:GXXS;21 HANOVER HOUSE:H7TQ;21 LANE FOX COURT:HYUM;22 HANOVER HOUSE:I2TI;23 HANOVER HOUSE:HK9N;23 LANE FOX COURT:I3V0;24 HANOVER HOUSE:I2UH;24 LANE FOX COURT:I3UX;25 HANOVER HOUSE:M9FU;25 LANE FOX COURT:I3V1;26 HANOVER HOUSE:I2UD;26 LANE FOX COURT:HYV6;27 HANOVER HOUSE:I2UA;27 LANE FOX COURT:HYV2;28 HANOVER HOUSE:HK9M;28 LANE FOX COURT:HYV0;29 HANOVER HOUSE:I3US;29 LANE FOX COURT:HYUW;2:LEVK;3 HANOVER HOUSE:L9KR;3 LANE FOX COURT:IW85;30 HANOVER HOUSE:I3UO;30 LANE FOX COURT:H620;31 HANOVER HOUSE:I3UU;31 LANE FOX COURT:H62L;32 HANOVER HOUSE:I3UK;32 LANE FOX COURT:HLYS;33 HANOVER HOUSE:I3UH;33 LANE FOX COURT:LAJD;34 HANOVER HOUSE:LH2J;34 LANE FOX COURT:H62N;35 HANOVER HOUSE:I2TT;35 LANE FOX COURT:H62F;36 HANOVER HOUSE:HK9F;36 LANE FOX COURT:M59L;37 HANOVER HOUSE:I2TR;37 LANE FOX COURT:H6C3;38 LANE FOX COURT:H62V;4 HANOVER HOUSE:I2T7;4 LANE FOX COURT:M8HC;4:IW8O;5 HANOVER HOUSE:I2T8;5 LANE FOX COURT:M1MA;6 HANOVER HOUSE:GT0H;6 LANE FOX COURT:IW7W;6:IW7C;7 HANOVER HOUSE:I2TK;7 LANE FOX COURT:IW7U;7A LANE FOX COURT:OACL;8 HANOVER HOUSE:I2TJ;8 LANE FOX COURT:M75D;8:IW7P;9 HANOVER HOUSE:I2TH;9 LANE FOX COURT:H618;FLAT 1 HOPEVILLE:DDTU;FLAT 2 HOPEVILLE:J7XP;
Harper Rock	Yeadon	LS19	53.8647	-1.6822	10:MJ8P;1:I2U5;2:HK9I;3:I2TY;4:H4VF;5:H4VD;6:H4VB;7:H4VA;8:H4V8;9:M5AN;
Harper Street	Leeds	LS2	53.7963	-1.5378	FLAT 1, 14:F378;FLAT 2, 14:K0T7;FLAT 3, 14:IJX2;FLAT 4, 14:K0TJ;FLAT 5, 14:LB30;FLAT 6, 14:K0T9;FLAT 7, 14:IJX0;FLAT 8, 14:IJX5;FLAT 9, 14:DDCC;
HARPER TERRACE	Yeadon	LS19	53.8661	-1.6850	11:H3JJ;12:HK1Q;13:HK1O;14:H7HG;15:H8HM;16:H7HV;17:H7HS;18:HZEA;19:FX0L;20:HZE5;21:HZE2;22:HZEP;23:HZED;24:HZEI;BASEMENT FLAT, 17:JEVC;
Harrier Way	Morley	LS27	53.7453	-1.5828	10:JKDD;11:JKDF;12:JKDH;14:GQFY;14A:E7O9;15:JKDU;16:JKDB;17:LZSY;18:JKDN;19:JKDP;1:JKCE;20:JKDQ;21:JKDR;22:JKDT;23:JLJP;24:GSKF;25:MC04;26:FRXD;27:JLJM;28:JLJO;29:FRXE;2:JLJ1;30:JLJQ;31:MC09;3:JKC5;4:JKCI;5:JKCK;6:JKCL;7:JLIX;8:JLIZ;8A:JKC6;9:JLJA;
Harriet Street	Leeds	LS7	53.8126	-1.5307	41:L1V2;43:IF0C;45:K0TL;47:K0TO;49:L0JM;51:JERO;53:KZHX;55:JERQ;
Harrison Crescent	Gipton	LS9	53.8023	-1.4886	10:KZHO;11:K054;12:K052;13:K04Z;14:K04U;15:K04W;16:K04Q;17:JERK;18:GVJV;19:K0LR;1:JERL;20:K0LQ;21:K0LT;22:L0IN;23:KYGX;24:K0AB;25:L0JH;26:L0JF;27:L0JI;29:IIYL;2:KZHR;3:JERN;4:KZHZ;5:KZII;6:KZIK;7:JERR;8:KZI7;9:KZIB;FLAT 1, 5:MP77;FLAT 2, 5:MP78;
Harrisons Avenue	Stanningley	LS28	53.8091	-1.6543	10:L0WS;11:KZ9D;11A:LG57;12:KZA0;14:KZ9Q;15:K2CQ;15A:K2CP;17:I3U7;19:I3U8;1:L0YG;2:L0WM;3:L0WA;4:L0WC;5:LCAY;6:F2AN;7:K2CS;8:KZ9N;9:KZA1;9A:LY1V;
Harrogate Road	Harewood	LS17	53.9074	-1.5192	134 STANKS COTTAGES HAREWOOD ESTATE:JIVB;135 PRIMROSE COTTAGE HAREWOOD ESTATE:M19L;22:IXFI;23:IX59;24:GNKQ;25:IX5M;26:JWGJ;28:JWGB;29:JWGG;30:FVBO;31:IZJ0;32:IZJ5;33:IZSP;35:HNEQ;35A:E6XZ;36:E6XR;38:JFCF;40:E6XY;50:MOTP;51:MOTQ;60:E7W6;61:JVFE;62:JYEX;63:LOS1;65:JYEL;66:JY5C;82:IZIQ;83:IZIJ;84:IZID;ALWOODLEY LODGE SOUTH:E3S6;BANK TOP:IW53;BAR LODGE:KAQ2;BRAESIDE COTTAGE 136 STANKS COTTAGES HAREWOOD ESTATE:MCJ3;ELM TREE COTTAGE WIKEFIELD FARM:KCS1;FLAT HAREWOOD ARMS HOTEL:LI1N;GARAGES REAR, 2728:IX5J;GARDENERS COTTAGE HAREWOOD ESTATE:IX65;HOLLIN HALL:IW4W;HOME FARM:JEVD;LAUNDRY COTTAGE HAREWOOD ESTATE:E6XV;LOFTHOUSE GRANGE COTTAGE:KI2P;LOFTHOUSE LODGE:IW51;MALTKILN HOUSE:J6PJ;MILL COTTAGE:J639;MILL FARM HOUSE:IVJU;MOOR HILL FARM:IX5T;NORTH LODGE, 79:JYEU;OAK TREE COTTAGE WIKEFIELD FARM:J630;PRIVATE ACCOMODATION HAREWOOD HOUSE:LXYH;ROSEMARY COTTAGE, 59:IYHC;SILSDEN COTTAGE:IXFE;SOUTH LODGE, 80:E7W5;STUB HOUSE FARM:EJOC;THE BUNGALOW:IW4D;VILLA PICANO:IBSW;WIKEFIELD FARM:E8VF;WOODSIDE COTTAGE HAREWOOD ESTATE:IYHN;
Harrogate Road	Moortown	LS19	53.8808	-1.6568	1 ALLERTON COURT:K38T;1 ARNCLIFFE GRANGE:L9LF;1 BALMORAL HOUSE, 503:FTTL;1 CAVENDISH MEWS:MF4P;1 CEDAR COURT:K2BK;1 CHESTNUT LODGE, 468:LCJL;1 GROVE COTTAGES:E8VJ;1 HAREWOOD COURT:J2ZD;1 INGLEDEW COURT:LB9H;1 KINGSWAY COURT:L0WU;1 PORTERS LODGE LEEDS GRAMMAR SCHOOL:II1G;1 PRINCESS COURT:J1SF;1 RESERVOIR COTTAGES:MF4Q;1 SANDRINGHAM HOUSE, 501:M1HX;1 THE BELGRAVIA, 462:MH3F;1 THE HIGHLANDS, 622:DY1Z;1 THE PLACE, 564:IN2P;10 ARNCLIFFE GRANGE:K50T;10 BALMORAL HOUSE, 503:LB4M;10 CAVENDISH MEWS:K4M4;10 CHESTNUT LODGE, 468:LCJU;10 HAREWOOD COURT:I7LV;10 INGLEDEW COURT:K01F;10 KINGSWAY COURT:KBIG;10 PRINCESS COURT:J22C;10 SANDRINGHAM HOUSE, 501:LAQW;10 THE HIGHLANDS, 622:DYBG;10 THE PLACE, 564:MALQ;100 INGLEDEW COURT:J0YS;101 INGLEDEW COURT:F4WN;102 INGLEDEW COURT:J0PH;103 INGLEDEW COURT:IGOE;104 INGLEDEW COURT:J0PF;105 INGLEDEW COURT:ME3T;106 INGLEDEW COURT:J0XP;107 INGLEDEW COURT:L8Y3;108 INGLEDEW COURT:F05C;10:L0Y5;11 ARNCLIFFE GRANGE:L9LI;11 CAVENDISH MEWS:MF4N;11 INGLEDEW COURT:JD4K;11 KINGSWAY COURT:L0J6;11 PRINCESS COURT:J22F;11 THE HIGHLANDS, 622:DY2E;11 THE PLACE, 564:IN3J;12 ARNCLIFFE GRANGE:K516;12 CAVENDISH MEWS:K3LN;12 INGLEDEW COURT:KBSM;12 KINGSWAY COURT:FWYG;12 PRINCESS COURT:ME48;12 THE HIGHLANDS, 622:GQQ9;12 THE PLACE, 564:ILGR;12:L1XW;12A CAVENDISH MEWS:F05G;12A INGLEDEW COURT:E886;12A KINGSWAY COURT:KZIN;12A PRINCESS COURT:I7LU;13 ARNCLIFFE GRANGE:K4QX;130A:EXGD;14 ARNCLIFFE GRANGE:MHFQ;14 CAVENDISH MEWS:K3LP;14 INGLEDEW COURT:J0S4;14 KINGSWAY COURT:LAA0;14 PRINCESS COURT:J1SR;14 THE HIGHLANDS, 622:LA5I;14 THE PLACE, 564:KA8A;14:K0LV;15 ARNCLIFFE GRANGE:K4R7;15 CAVENDISH MEWS:LOGR;15 INGLEDEW COURT:K4CR;15 KINGSWAY COURT:M3UF;15 PRINCESS COURT:LAA3;15 THE HIGHLANDS, 622:DDD0;15 THE PLACE, 564:ILQ7;150:II0Z;154:K4XW;156:LT8Y;158:K29U;16 ARNCLIFFE GRANGE:K4QY;16 CAVENDISH MEWS:J1X9;16 INGLEDEW COURT:K4CU;16 KINGSWAY COURT:K0AH;16 PRINCESS COURT:J1SX;16 THE HIGHLANDS, 622:F0TY;16 THE PLACE, 564:LPS0;162:K28Z;164:K4N4;168:K4MX;16:K15R;17 ARNCLIFFE GRANGE:K38K;17 CAVENDISH MEWS:J1X6;17 INGLEDEW COURT:K4CW;17 KINGSWAY COURT:L0JN;17 PRINCESS COURT:LINS;17 THE HIGHLANDS, 622:DYBC;170:K4MZ;18 ARNCLIFFE GRANGE:IIZV;18 CAVENDISH MEWS:L9FY;18 INGLEDEW COURT:KBSL;18 KINGSWAY COURT:L0JO;18 PRINCESS COURT:I7LE;18 THE HIGHLANDS, 622:DY2H;180A:EXGE;18:L28E;19 CAVENDISH MEWS:MHFH;19 INGLEDEW COURT:K4CF;19 KINGSWAY COURT:L0JK;19 PRINCESS COURT:I7LO;19 THE HIGHLANDS, 622:DY2G;198:K1LY;19A:L28F;1:L0Y9;2 ALLERTON COURT:K4FG;2 ARNCLIFFE GRANGE:L9LG;2 BALMORAL HOUSE, 503:KBPP;2 CAVENDISH MEWS:IESC;2 CEDAR COURT:L8B1;2 CHESTNUT LODGE, 468:LCJM;2 GROVE COTTAGES:K9LJ;2 HAREWOOD COURT:K30R;2 INGLEDEW COURT:HTHC;2 KINGSWAY COURT:KZ9L;2 PORTERS LODGE LEEDS GRAMMAR SCHOOL:IIBI;2 PRINCESS COURT:J1SB;2 RESERVOIR COTTAGES:LJMV;2 SANDRINGHAM HOUSE, 501:EXAW;2 THE BELGRAVIA, 462:MH3G;2 THE HIGHLANDS, 622:DY1Y;2 THE PLACE, 564:KDU1;20 CAVENDISH MEWS:J1X8;20 INGLEDEW COURT:K4CO;20 KINGSWAY COURT:LOHK;20 PRINCESS COURT:I7LL;20 THE HIGHLANDS, 622:L9GA;200:J1SN;202:K1LU;203:K1M8;204:K1M4;205:K4Y1;206:K1LL;207:F354;208:K3M6;21 CAVENDISH MEWS:K4M9;21 INGLEDEW COURT:MHFN;21 KINGSWAY COURT:JERT;21 PRINCESS COURT:M9ID;21 THE HIGHLANDS, 622:HOT6;210:K3MD;211:F34Z;211A:K1MB;212:F356;214:LOGS;216:K28O;218:K28I;218A:K28W;22 CAVENDISH MEWS:K4MI;22 INGLEDEW COURT:F05F;22 KINGSWAY COURT:FWY8;22 PRINCESS COURT:LINT;22 THE HIGHLANDS, 622:DZDC;229:K2J4;23 CAVENDISH MEWS:K4MD;23 INGLEDEW COURT:J0RX;23 KINGSWAY COURT:KZHL;23 PRINCESS COURT:I7L7;23 THE HIGHLANDS, 622:DZDB;231:K295;234:K03O;236:LOH9;237:K046;238:L0XR;24 CAVENDISH MEWS:K4MH;24 INGLEDEW COURT:J0S5;24 KINGSWAY COURT:K0LZ;24 PRINCESS COURT:I7L9;24 THE HIGHLANDS, 622:DZD9;240:L27P;242:L27X;244:L284;25 CAVENDISH MEWS:K3EE;25 INGLEDEW COURT:ME44;25 KINGSWAY COURT:IJW0;25 PRINCESS COURT:I7LC;25 THE HIGHLANDS, 622:DDD3;26 CAVENDISH MEWS:K3NV;26 INGLEDEW COURT:J0S3;26 KINGSWAY COURT:GX0B;26 PRINCESS COURT:LBD4;26 THE HIGHLANDS, 622:F0U1;268:I8MR;27 CAVENDISH MEWS:MHFK;27 INGLEDEW COURT:K4D0;27 KINGSWAY COURT:K04X;27 PRINCESS COURT:I7M0;27 THE HIGHLANDS, 622:DWEF;270:J2ZX;277:J0XV;278:J0Y0;279:IGOF;28 CAVENDISH MEWS:K3NT;28 INGLEDEW COURT:L8Y4;28 KINGSWAY COURT:LA5H;28 PRINCESS COURT:I7LY;28 THE HIGHLANDS, 622:DYCR;280:J0PD;280A:J0PO;281:K3L8;283:M476;284:K4DP;285:J1NN;286:K4DA;29 CAVENDISH MEWS:F05E;29 INGLEDEW COURT:K4CZ;29 KINGSWAY COURT:KZIL;29 PRINCESS COURT:JD01;29 THE HIGHLANDS, 622:DYCQ;291:K4CJ;293:K019;295:K013;297:GVJD;2:L0MQ;2A:N1FI;3 ALLERTON COURT:IIZS;3 ARNCLIFFE GRANGE:K4ND;3 BALMORAL HOUSE, 503:FTTM;3 CAVENDISH MEWS:IESB;3 CEDAR COURT:K2BO;3 CHESTNUT LODGE, 468:LCJN;3 GROVE COTTAGES:GVOC;3 HAREWOOD COURT:HQV0;3 INGLEDEW COURT:JD4F;3 KINGSWAY COURT:K2CR;3 PRINCESS COURT:J1SM;3 RESERVOIR COTTAGES:IPCE;3 SANDRINGHAM HOUSE, 501:EXAX;3 THE BELGRAVIA, 462:MH3H;3 THE HIGHLANDS, 622:DYBE;3 THE PLACE, 564:IN2U;30 CAVENDISH MEWS:K3E5;30 INGLEDEW COURT:L9OX;30 KINGSWAY COURT:JERU;30 PRINCESS COURT:I7M1;30 THE HIGHLANDS, 622:IF4U;305A:J7O9;307:FWY7;308:K4L9;31 INGLEDEW COURT:K429;31 KINGSWAY COURT:KZHS;31 PRINCESS COURT:I7LQ;31 THE HIGHLANDS, 622:DYCO;310:K4BR;312:IES0;314:K09R;316:K09K;316A:M2DG;318:K09Y;32 INGLEDEW COURT:K42D;32 KINGSWAY COURT:JERM;32 PRINCESS COURT:LBD5;32 THE HIGHLANDS, 622:DWEJ;320:K49W;324:K49M;326:FWY6;328:K4B9;33 INGLEDEW COURT:K42G;33 KINGSWAY COURT:KZHY;33 THE HIGHLANDS, 622:DWEI;330:K4AJ;332:K4AW;334:K4AN;336:K3WH;338:K2T1;34 INGLEDEW COURT:MHFM;34 KINGSWAY COURT:L1UU;34 THE HIGHLANDS, 622:DWEG;342:K0SA;344:K0S3;345:GX01;349:K4XJ;35 INGLEDEW COURT:K424;35 KINGSWAY COURT:IF0B;35 THE HIGHLANDS, 622:LSXS;352:JHQT;354:IESD;356:K3OB;358:K3OF;36 INGLEDEW COURT:K41Z;36 KINGSWAY COURT:FWYH;36 THE HIGHLANDS, 622:DZDN;360:M47L;362:LJIM;364:GSTB;366:J1X5;37 INGLEDEW COURT:K422;37 KINGSWAY COURT:M0FU;37 THE HIGHLANDS, 622:DZDV;379:K1NC;38 INGLEDEW COURT:HTGW;38 KINGSWAY COURT:K0TH;38 THE HIGHLANDS, 622:DDD4;381:K4QD;383:K4QK;384A:J7OG;385:K4QA;385A:K3OS;386A:KBYZ;387:K3OH;387A:K3OI;389:JC3O;39 INGLEDEW COURT:K428;39 THE HIGHLANDS, 622:DZDT;391A:J7OH;391C:NM5Z;395A:J7OI;3:IS2O;3A:E2UJ;4 ALLERTON COURT:GX7D;4 ARNCLIFFE GRANGE:MHFI;4 BALMORAL HOUSE, 503:KCZ4;4 CAVENDISH MEWS:J1XT;4 CEDAR COURT:FWY9;4 CHESTNUT LODGE, 468:LCJO;4 GROVE COTTAGES:KDDO;4 HAREWOOD COURT:M9IC;4 INGLEDEW COURT:K00M;4 KINGSWAY COURT:L0WD;4 PRINCESS COURT:J1SJ;4 RESERVOIR COTTAGES:MAIT;4 SANDRINGHAM HOUSE, 501:EXAY;4 THE BELGRAVIA, 462:MI5T;4 THE HIGHLANDS, 622:DDCZ;4 THE PLACE, 564:LE5S;40 INGLEDEW COURT:K4C3;409:JCEC;41 INGLEDEW COURT:HTGX;42 INGLEDEW COURT:JC4I;43 INGLEDEW COURT:K4C9;435:LSWX;437:K540;439:K53Z;43A:IBT0;44 INGLEDEW COURT:K4C5;441:K548;443:K0RO;445:K0S7;447:K0S2;449:K0SC;45 INGLEDEW COURT:KBSP;458:K0RV;459:K0RZ;46 INGLEDEW COURT:K42I;460:K2T8;461:K2TJ;463:K2SZ;464:K0A5;465:K0A8;466:K2T0;466A:IYCD;467:K2TP;468B:L20H;469:K2C2;47 INGLEDEW COURT:K4C0;471:JGLA;472:K45X;473:K3W3;475:K3W6;47A:INOS;48 INGLEDEW COURT:HQUX;486:K4LH;488:K4LA;49 INGLEDEW COURT:J0OL;492:J22R;494:J22S;496:J238;499A:J23C;49A:LV05;4:L0XV;5 ALLERTON COURT:K38O;5 ARNCLIFFE GRANGE:K4NF;5 BALMORAL HOUSE, 503:FTTN;5 CAVENDISH MEWS:J1XS;5 CHESTNUT LODGE, 468:LCJP;5 HAREWOOD COURT:I7L2;5 INGLEDEW COURT:K00O;5 KINGSWAY COURT:KBIH;5 PRINCESS COURT:ME47;5 SANDRINGHAM HOUSE, 501:EXAZ;5 THE BELGRAVIA, 462:MI5U;5 THE HIGHLANDS, 622:DYBM;5 THE PLACE, 564:F20Y;50 INGLEDEW COURT:J0ON;507A:L0U9;507B:IJ8A;509:L1TT;509A:JJR2;51 INGLEDEW COURT:J0OS;511:LCAT;52 INGLEDEW COURT:J0OO;53 INGLEDEW COURT:KBSN;54 INGLEDEW COURT:J0OI;54A:L0X0;55 INGLEDEW COURT:LEDL;56 INGLEDEW COURT:J0OD;566:JGKL;568:K0M2;57 INGLEDEW COURT:IGOB;570:KZHM;572:F05Q;574:K0LW;578:L1UY;58 INGLEDEW COURT:J0PC;580:IIYM;582:K0AA;59 INGLEDEW COURT:J0P9;6 ARNCLIFFE GRANGE:J1XE;6 BALMORAL HOUSE, 503:FTTO;6 CAVENDISH MEWS:K4NE;6 CHESTNUT LODGE, 468:LCJQ;6 HAREWOOD COURT:I7KX;6 INGLEDEW COURT:K00W;6 KINGSWAY COURT:L1XX;6 PRINCESS COURT:J1S5;6 SANDRINGHAM HOUSE, 501:EXB0;6 THE BELGRAVIA, 462:MI5V;6 THE HIGHLANDS, 622:LB6H;6 THE PLACE, 564:E5A2;60 INGLEDEW COURT:IGOD;61 INGLEDEW COURT:J0OX;62 INGLEDEW COURT:KBSO;63 INGLEDEW COURT:LJ94;64 INGLEDEW COURT:ME3S;65 INGLEDEW COURT:ME3R;66 INGLEDEW COURT:K4D8;67 INGLEDEW COURT:K4D5;68 INGLEDEW COURT:MHFO;69 INGLEDEW COURT:GXUM;6:IGQH;7 ARNCLIFFE GRANGE:L9LH;7 BALMORAL HOUSE, 503:FTTP;7 CAVENDISH MEWS:J1XH;7 CHESTNUT LODGE, 468:LCJR;7 HAREWOOD COURT:J23P;7 INGLEDEW COURT:JD4N;7 KINGSWAY COURT:L0Y3;7 PRINCESS COURT:LBD6;7 SANDRINGHAM HOUSE, 501:EXB1;7 THE HIGHLANDS, 622:IF4F;7 THE PLACE, 564:FTGF;70 INGLEDEW COURT:J1NJ;71 INGLEDEW COURT:J1NM;72 INGLEDEW COURT:L8Y2;73 INGLEDEW COURT:J1NL;74 INGLEDEW COURT:K4DO;75 INGLEDEW COURT:J0O4;76 INGLEDEW COURT:J0O6;77 INGLEDEW COURT:JC4W;78 INGLEDEW COURT:GT2M;79 INGLEDEW COURT:K4DH;79A:MEV4;8 ARNCLIFFE GRANGE:M47I;8 BALMORAL HOUSE, 503:LWRE;8 CAVENDISH MEWS:K4LY;8 CHESTNUT LODGE, 468:LCJS;8 HAREWOOD COURT:I7KI;8 INGLEDEW COURT:K01I;8 KINGSWAY COURT:KZAA;8 PRINCESS COURT:J1S4;8 SANDRINGHAM HOUSE, 501:EXB2;8 THE HIGHLANDS, 622:DYBJ;80 INGLEDEW COURT:K4DJ;81 INGLEDEW COURT:IGOG;81A:IBT1;81B:JEVF;81C:IBT4;81D:FQNT;82 INGLEDEW COURT:IJ05;83 INGLEDEW COURT:IJ06;84 INGLEDEW COURT:LOGQ;85 INGLEDEW COURT:K3L0;86 INGLEDEW COURT:J0Y1;87 INGLEDEW COURT:J0Y3;88 INGLEDEW COURT:MHFD;89 INGLEDEW COURT:IJ04;89 THE PLACE, 564:IN33;8:IGHM;9 ARNCLIFFE GRANGE:J1XK;9 BALMORAL HOUSE, 503:GWLY;9 CAVENDISH MEWS:K3LR;9 CHESTNUT LODGE, 468:LCJT;9 HAREWOOD COURT:LA6Y;9 INGLEDEW COURT:GRL9;9 KINGSWAY COURT:L0J0;9 PRINCESS COURT:J22A;9 SANDRINGHAM HOUSE, 501:EXB3;9 THE HIGHLANDS, 622:DYBH;90 INGLEDEW COURT:M2RA;91 INGLEDEW COURT:IJ0C;92 INGLEDEW COURT:K3LB;93 INGLEDEW COURT:K3LI;94 INGLEDEW COURT:K3LG;94A:MEV5;94B:IBT2;94C:IBT3;94D:GX9R;94E:FQNU;95 INGLEDEW COURT:IJ09;96 INGLEDEW COURT:K3L7;97 INGLEDEW COURT:K3L9;98 INGLEDEW COURT:J0XZ;99 INGLEDEW COURT:J0PN;ALWOODLEY LODGE NORTH:L0Y6;APARTMENT 1 576 SANDGATE HOUSE:OBIF;APARTMENT 1 GROSVENOR HOUSE, 343A:MO2Z;APARTMENT 1, 235:K66U;APARTMENT 10 GROSVENOR HOUSE, 343A:MO35;APARTMENT 10, 235:K670;APARTMENT 11 GROSVENOR HOUSE, 343A:MO36;APARTMENT 11, 235:HPGH;APARTMENT 12 GROSVENOR HOUSE, 343A:MO37;APARTMENT 12, 235:JIK8;APARTMENT 14 GROSVENOR HOUSE, 343A:MO38;APARTMENT 14, 235:JCVM;APARTMENT 15, 235:K671;APARTMENT 16, 235:K672;APARTMENT 17, 235:JCVO;APARTMENT 18, 235:M7DN;APARTMENT 19, 235:K677;APARTMENT 2 576 SANDGATE HOUSE:OBIG;APARTMENT 2 GROSVENOR HOUSE, 343A:MO30;APARTMENT 2, 235:K66V;APARTMENT 20, 235:K678;APARTMENT 21, 235:L9EP;APARTMENT 3 576 SANDGATE HOUSE:OBIH;APARTMENT 3 GROSVENOR HOUSE, 343A:MO31;APARTMENT 3, 235:K66W;APARTMENT 4 576 SANDGATE HOUSE:OBII;APARTMENT 4 GROSVENOR HOUSE, 343A:MO32;APARTMENT 4, 235:ME4T;APARTMENT 5 576 SANDGATE HOUSE:OBIJ;APARTMENT 5 GROSVENOR HOUSE, 343A:MO33;APARTMENT 5, 235:M3R2;APARTMENT 6 576 SANDGATE HOUSE:OBIK;APARTMENT 6 GROSVENOR HOUSE, 343A:MO34;APARTMENT 6, 235:K66X;APARTMENT 7 GROSVENOR HOUSE, 343A:MO2W;APARTMENT 7, 235:K66Y;APARTMENT 8 GROSVENOR HOUSE, 343A:MO2X;APARTMENT 8, 235:K66Z;APARTMENT 9 GROSVENOR HOUSE, 343A:MO2Y;APARTMENT 9, 235:L7L3;APARTMENT A HIGH WINDS, 513:LXRE;APARTMENT B HIGH WINDS, 513:LXRF;APARTMENT C HIGH WINDS, 513:LXRG;BACK OF, 136:MEK4;BASEMENT FLAT, 324:J7OA;BASEMENT FLAT, 472:K0SW;BROOMHILL PRESBYTERY, 294:K01J;BUNGALOW MOORTOWN GOLF CLUB:J7OQ;CARETAKERS ACCOMODATION ETZCHAIM SYNAGOGUE, 411:F05D;CARETAKERS FLAT PRINCESS COURT:I7KD;DOVE HOUSE, 276:J30P;FIRST FLOOR FLAT HERD FARM:E6D3;FIRST FLOOR FLAT, 166:K4MU;FIRST FLOOR FLAT, 196:K4XZ;FIRST FLOOR FLAT, 468A:IBSY;FLAT 1 PEPPER HILLS:L1TU;FLAT 1 SANDMOOR COURT:K0SI;FLAT 1 STAINBURN HOUSE, 306:J1SO;FLAT 1, 152:GASX;FLAT 1, 160:F0Z4;FLAT 1, 172174:LXZ3;FLAT 1, 196:LA9W;FLAT 1, 239:L0X3;FLAT 1, 282:IJ0E;FLAT 1, 287:J0P5;FLAT 1, 289:IBT6;FLAT 1, 309:M2SB;FLAT 1, 322:KBYY;FLAT 1, 340:M3W2;FLAT 1, 347:J7OB;FLAT 1, 498:K9L4;FLAT 1, 79:KN5G;FLAT 1, 80:L0XK;FLAT 1, 83:LA9Y;FLAT 1, 85:IJ0S;FLAT 10 PEPPER HILLS:L0TJ;FLAT 10 SANDMOOR COURT:L9U5;FLAT 10 THE OLD POLICE STATION, 106A:M9I9;FLAT 10, 289:IBTB;FLAT 10, 309:M2SJ;FLAT 11 PEPPER HILLS:IJ84;FLAT 11 SANDMOOR COURT:K3WI;FLAT 11 THE OLD POLICE STATION, 106A:I5AB;FLAT 11, 289:MHCR;FLAT 12 PEPPER HILLS:IJ83;FLAT 12 SANDMOOR COURT:K2C4;FLAT 12, 289:J7O8;FLAT 13 PEPPER HILLS:L0U1;FLAT 14 PEPPER HILLS:L0TY;FLAT 14 SANDMOOR COURT:K4AM;FLAT 15 PEPPER HILLS:IJ82;FLAT 15 SANDMOOR COURT:L9U4;FLAT 16 PEPPER HILLS:DDC7;FLAT 16 SANDMOOR COURT:JHQJ;FLAT 17 PEPPER HILLS:L0TS;FLAT 17 SANDMOOR COURT:M2RD;FLAT 18 PEPPER HILLS:L1VD;FLAT 18 SANDMOOR COURT:K4A8;FLAT 19 PEPPER HILLS:L24S;FLAT 19 SANDMOOR COURT:K4AC;FLAT 1A, 261:FRLM;FLAT 1A, 287:L8G4;FLAT 2 PEPPER HILLS:L0TV;FLAT 2 SANDMOOR COURT:M0FT;FLAT 2 STAINBURN HOUSE, 306:J23D;FLAT 2, 152:F19E;FLAT 2, 160:IXA4;FLAT 2, 172174:LJMP;FLAT 2, 239:L0XH;FLAT 2, 261:M7DU;FLAT 2, 282:K3B5;FLAT 2, 287:J0OG;FLAT 2, 289:M7DC;FLAT 2, 309:M2SC;FLAT 2, 322:K9L6;FLAT 2, 340:K9L7;FLAT 2, 347:J7OC;FLAT 2, 498:M4XG;FLAT 2, 77:K180;FLAT 2, 79:FQNS;FLAT 2, 80:LA9X;FLAT 2, 83:M3UK;FLAT 2, 85:K3X9;FLAT 20 PEPPER HILLS:DDCD;FLAT 20 SANDMOOR COURT:K4AF;FLAT 21 PEPPER HILLS:LCAX;FLAT 21 SANDMOOR COURT:K4AH;FLAT 22 PEPPER HILLS:L1V8;FLAT 22 SANDMOOR COURT:JERJ;FLAT 23 PEPPER HILLS:F060;FLAT 23 SANDMOOR COURT:KZHJ;FLAT 24 PEPPER HILLS:LA7R;FLAT 24 SANDMOOR COURT:K4BB;FLAT 25 PEPPER HILLS:L250;FLAT 25 SANDMOOR COURT:K4BD;FLAT 26 PEPPER HILLS:LKH5;FLAT 26 SANDMOOR COURT:GX7O;FLAT 27 PEPPER HILLS:IF0K;FLAT 27 SANDMOOR COURT:K4B3;FLAT 28 PEPPER HILLS:IF0J;FLAT 28 SANDMOOR COURT:K4AY;FLAT 29 PEPPER HILLS:IF0H;FLAT 29 SANDMOOR COURT:MF4O;FLAT 2A, 261:IBT5;FLAT 3 PEPPER HILLS:L0TH;FLAT 3 SANDMOOR COURT:K0SQ;FLAT 3 STAINBURN HOUSE, 306:L8NI;FLAT 3, 172174:LJMQ;FLAT 3, 239:K185;FLAT 3, 261:L9P9;FLAT 3, 282:LA6W;FLAT 3, 287:J0OA;FLAT 3, 289:M3R3;FLAT 3, 309:DDA5;FLAT 3, 322:OFYH;FLAT 3, 347:L8G5;FLAT 3, 77:K07E;FLAT 3, 79:KDT1;FLAT 3, 80:IGHG;FLAT 3, 83:IG3B;FLAT 3, 85:LA9Z;FLAT 30 PEPPER HILLS:L24Y;FLAT 30 SANDMOOR COURT:K4AI;FLAT 31 PEPPER HILLS:LB35;FLAT 31 SANDMOOR COURT:L9U3;FLAT 32 PEPPER HILLS:L252;FLAT 32 SANDMOOR COURT:LZ6B;FLAT 33 PEPPER HILLS:L1V0;FLAT 33 SANDMOOR COURT:K49R;FLAT 34 PEPPER HILLS:LSX0;FLAT 34 SANDMOOR COURT:MF4M;FLAT 35 PEPPER HILLS:K0TF;FLAT 35 SANDMOOR COURT:K392;FLAT 36 PEPPER HILLS:K0TK;FLAT 36 SANDMOOR COURT:IIZX;FLAT 37 PEPPER HILLS:F05I;FLAT 38 PEPPER HILLS:IJWZ;FLAT 39 PEPPER HILLS:K0T6;FLAT 3A, 261:IGQF;FLAT 4 PEPPER HILLS:GX03;FLAT 4 SANDMOOR COURT:K3W7;FLAT 4 STAINBURN HOUSE, 306:J23L;FLAT 4, 239:IH0O;FLAT 4, 287:J0OJ;FLAT 4, 289:IBT7;FLAT 4, 309:M2SD;FLAT 4, 322:OFYI;FLAT 4, 347:M7DE;FLAT 4, 77:IGHI;FLAT 4, 80:L0XM;FLAT 4, 83:M6IN;FLAT 4, 85:M6IQ;FLAT 40 PEPPER HILLS:K0TD;FLAT 41 PEPPER HILLS:L99E;FLAT 42 PEPPER HILLS:L99F;FLAT 43 PEPPER HILLS:L1UZ;FLAT 44 PEPPER HILLS:L1V4;FLAT 45 PEPPER HILLS:IJX4;FLAT 46 PEPPER HILLS:K0TN;FLAT 47 PEPPER HILLS:L1UT;FLAT 48 PEPPER HILLS:L1UX;FLAT 49 PEPPER HILLS:DDC3;FLAT 4A, 261:L0W9;FLAT 5 PEPPER HILLS:M89A;FLAT 5 SANDMOOR COURT:K45N;FLAT 5 STAINBURN HOUSE, 306:J233;FLAT 5, 261:K9L5;FLAT 5, 287:JD02;FLAT 5, 289:LMYS;FLAT 5, 309:M2SE;FLAT 5, 347:J7OD;FLAT 5, 77:L0X9;FLAT 5, 83:GXM7;FLAT 5, 85:M6IR;FLAT 50 PEPPER HILLS:KZI5;FLAT 51 PEPPER HILLS:KZI1;FLAT 52 PEPPER HILLS:KZI4;FLAT 53 PEPPER HILLS:KZHP;FLAT 54 PEPPER HILLS:KZHW;FLAT 55 PEPPER HILLS:KZHU;FLAT 56 PEPPER HILLS:JERS;FLAT 57 PEPPER HILLS:KZIF;FLAT 58 PEPPER HILLS:DDC4;FLAT 59 PEPPER HILLS:KZIJ;FLAT 6 PEPPER HILLS:F05Z;FLAT 6 SANDMOOR COURT:K45K;FLAT 6 STAINBURN HOUSE, 306:M478;FLAT 6, 261:IG1T;FLAT 6, 287:LA6X;FLAT 6, 289:IBT8;FLAT 6, 309:M2SF;FLAT 6, 77:IGHE;FLAT 6, 83:M6IO;FLAT 60 PEPPER HILLS:JERV;FLAT 61 PEPPER HILLS:L99D;FLAT 7 PEPPER HILLS:IJ7Z;FLAT 7 SANDMOOR COURT:K45U;FLAT 7, 289:IBT9;FLAT 7, 309:M2SG;FLAT 7, 77:L0XE;FLAT 7, 83:M6IP;FLAT 8 PEPPER HILLS:LA7Q;FLAT 8 SANDMOOR COURT:GUJE;FLAT 8, 289:JEVG;FLAT 8, 309:M2SH;FLAT 8, 77:L0X2;FLAT 9 PEPPER HILLS:L0TC;FLAT 9 SANDMOOR COURT:K3WC;FLAT 9 THE OLD POLICE STATION, 106A:IH4K;FLAT 9, 289:IBTA;FLAT 9, 309:M2SI;FLAT A, 372:J7OE;FLAT A, 470:J7OJ;FLAT AT, 201:LZ8H;FLAT B, 372:J7OF;FLAT B, 470:J7OK;FLAT C, 470:J7OL;FLAT GROUND FLOOR, 166:LA6V;FLAT NO 4, 282:IJ07;FLAT NO 5, 282:J0PB;FLAT REAR OF, 586:OCCD;FLAT THE LORD DARCY:GTCA;FLAT, 382:LKAD;GARAGE COURT CAVENDISH MEWS:K4NS;GARAGE COURT INGLEDEW COURT:DDC8;GARAGE SITE KINGSWAY COURT:L0JP;GARAGE SITE PEPPER HILLS:K04T;GARAGE SITE PRINCESS COURT:K01B;GARAGE SITE SANDMOOR COURT:L7CB;GLEN VIEW, 209:KG0O;GREENWAYS, 535:KZ9K;GROUND FLOOR FLAT, 468A:L8G6;HARROGATE LODGE NURSING HOME, 25:IJXN;HIGHWOOD MILLFIELD FARM:J7OM;KEXBOROUGH HOUSE, 539:L25C;LILAC COTTAGE, 276:K9L2;LOWER BARN FLAT, 276:NSB0;MILLFIELD HOUSE:J7ON;OAKHURST, 23:K163;RESERVOIR LODGE:J7OO;SECOND FLOOR FLAT, 196:M2RE;STONEACRE, 632:L0J9;THE COACH HOUSE REAR OF 468:FWY4;THE CONVENT ST GEMMAS HOSPICE, 329:EW9D;THE CROFT, 628:L0J3;THE GARDEN COTTAGE, 276:J0XR;THE GRANARY MILLFIELD FARM:MHD0;THE GRANGE MILLFIELD FARM:J7OR;THE SPINNEY, 630:L0JB;THORNFIELD, 515:M29S;UPLANDS, 541:GW9I;UPPER BARN FLAT, 276:K7ZN;WEST VIEW, 537:K2CO;WOODLEY CLOSE, 626:L0IY;
Harrogate Road	Rawdon	LS19	53.8564	-1.6809	100:KK5R;102:KK5K;103:KK5T;104:KK5V;105:KK5F;106:KK59;107:FU4A;108:KK5D;109:FU49;10:KM8B;110:GVT6;112:FZY6;114:KK45;116:KIUJ;118:FT47;120:KJ3X;122:FT46;124:KJ42;124B:KIUA;128:GXLL;130:MFKD;132:KIUF;134:KIUH;136:KK3Y;138:KK41;140:KK44;142:MFKF;144:KK48;146:KK4A;148:KK43;150:KK3P;154B:KJLL;19:KM81;1A:NHZR;21:KM76;23:KN6M;25:KN6S;27:KN6V;29:FX83;2:KM77;30A:MBMR;30B:M1HJ;32:KL7W;32A:FS8W;32B:KL81;33:FS8V;34:KL87;34A:KN75;34B:KN6Z;35:FZ0E;36:KN73;37:KL7S;38:KMHM;39:DDE8;40:KK9S;41:FZ0P;42:KK9O;43:KK9X;44:KIMC;45:KK0G;47:KK0B;48:GWEK;49:KK07;4:KM73;50:KK0I;51:KK0K;52:KK08;53:KIMX;54:KIN0;55:KIN3;56:KIMW;57:KIN9;58:KINB;59:KIMQ;60:KIMH;61:KIMK;62:KIMN;63:KIMF;64:KIMT;65:FZ0L;67:KMHN;68:FT8S;69:FT8R;69A:KMHV;69B:FT8P;69C:FT8N;69D:KMHC;69E:KMHE;69F:KM8I;6:KM7G;70:KMHI;71:KMHK;72:EY3N;73:KK01;74:FZ0N;75:KK04;76:KK05;77:GXL5;78:FZ0D;78A:M3K4;79:KMI1;80:KJZP;81:KMHY;82:HQXA;83:FT8K;84:KK4X;85:KK50;87:KK4S;88:KK54;89:LXWV;8:KM86;90:KK4K;91:LBZY;92:KK4F;93:KK4I;94:KK4C;95:KK4N;96:FZY4;97:KK4D;98:KK5M;99:KK5O;FIRST FLOOR FLAT, 28:FSA8;FLAT 1 PEASEHILL HOUSE, 2426:KFZQ;FLAT ABOVE, 152:MGFH;FLAT STONE TROUGH INN, 66:LU6I;FLAT, 11:LU9V;HARGILL COTTAGE:G4U9;KANTARA, 46:KK09;MIDDLE HOUSE:DZQF;ROSEMOUNT HOUSE, 126:KJTZ;SECOND FLOOR FLAT, 28:MHCQ;
Harrogate Road	Yeadon	LS19	53.8768	-1.6609	1 HILLCREST:KBXA;2 HILLCREST:MF8G;3 HILLCREST:K7ON;4 HILLCREST:JIKO;5 HILLCREST:E7YW;6 HILLCREST:E59E;GARAGE COURT HILLCREST:EJQZ;LOW ROOFS:IBST;TREE TOPS:LMYR;
Harrogate View	Shadwell	LS17	53.8568	-1.4989	MANNDALIN:GUDD;
Harrop Avenue	Morley	LS27	53.7354	-1.5973	10:IWBT;11:IZH2;12:IXCR;13:IXDU;14:E9HR;15:LPE2;16:IXDL;17:IXE5;18:IXE7;19:IXE4;1:LPE0;20:IXE1;21:E9HP;22:IXD3;23:IXCZ;24:IXCW;25:IXCT;26:IXCY;27:LC6V;28:M44L;2:IXCG;3:IXCC;4:IZGV;5:IZGT;6:IZGP;7:IZGM;8:IZGR;9:E9HJ;
Harrop Grove	Morley	LS27	53.7358	-1.5981	10:IWSI;11:IWRZ;12:HZTA;13:HZT6;14:HZT1;15:HZSY;16:IWS3;17:E7HT;18:GNL8;19:HO5W;1:IXD9;20:IWSL;21:IZ6N;22:IZ6L;23:IZ6G;24:M56Q;25:IZGJ;26:IZ73;27:IZ6Z;2:IXDW;3:IWSC;4:M453;5:E7HU;6:IWS5;7:GNLF;8:IWSN;9:LG2G;
Harrop Terrace	Morley	LS27	53.7362	-1.5988	10:IZ63;11:HZHN;12:I2PN;13:I2PL;14:L8QK;15:I2PF;16:I2PX;17:I2PU;18:HM7K;19:I2PR;1:IZ6V;20:HN6Y;21:HZG3;22:HZFZ;23:HZFV;24:I2GE;25:I2PD;26:HM7E;27:HM7F;2:IZ66;3:IWSY;4:GNLH;5:DCY9;6:M454;7:IWST;8:IZ69;9:IZ65;
Harrowby Crescent	West Park	LS16	53.8299	-1.5926	11:LJNC;15:L0YC;3:K2CT;5:L25D;7:L0WI;9:L0MN;
Harrowby Road	West Park	LS16	53.8310	-1.5942	10:K1FC;11:IJXP;12:K15W;13:K15Y;14:IJXO;15:JHYP;16:K18R;17:L27O;18:M24R;19:K18N;1:KZA2;21:K18I;22:HOP2;23:K18P;24:K18H;25:M24S;27:L289;29:L28B;2:KZA9;2A:IGRR;31:L27S;33:L280;35:L27Y;37:L27Z;39:K55F;3:K15P;41:K55M;4:L28L;5:IJXM;6:K15Q;7:HSC1;8:L28C;9:L28I;APARTMENT 1 THE LODGE:M4ZT;APARTMENT 2 THE LODGE:L6NR;APARTMENT 3 THE LODGE:KA49;APARTMENT 4 THE LODGE:LAI5;APARTMENT 5 THE LODGE:L6NS;
Harthill	Gildersome	LS27	53.7592	-1.6250	10:GBLP;11:GBVH;12:GBVL;13:GCJO;14:LE2I;15:GBVN;16:GBV5;17:E5Y6;18:GBVD;19:LN99;1:GBUZ;20:GBLQ;21:HL4J;22:E8SB;23:GC12;24:GBRI;25:GBRM;26:GBRH;27:GBRT;28:GBRN;29:E7TN;31:GC1G;32:GEZY;33:JG9E;34:GC14;35:GC19;36:GC13;37:GC1D;38:GEOP;39:HRZR;39A:GEFJ;3:GBV2;40:HTFL;41:IJ28;41A:HQST;41B:IJ2C;42:GFSF;43:GFRE;44:E8T7;45:FJHS;46:HQSS;47:GBSZ;48:GBSN;49:FGST;50:FGSJ;51:GBS1;52:GBIK;54:HQTF;56:GBS8;58:GBS4;5:IH65;60:E8TJ;62:FGSS;6:MCAX;7:GAK0;8:GBLK;9:GBLN;GARAGES AT CORNER OF 39A:EJNX;
Harthill Avenue	Gildersome	LS27	53.7585	-1.6271	10:GC1P;11:GEEW;12:E8SW;13:GF6L;15:HRZT;17:GFSD;1:GBSL;2:FJHK;3:GFR6;4:IJ2A;5:GBID;6:E8TA;7:GBSM;8:GF6E;9:GEE4;DAIRY COTTAGE, 14:J8P3;HARTHILL HOUSE COTTAGE:E4FH;
Harthill Close	Gildersome	LS27	53.7605	-1.6284	11:GFRH;1:FJHU;2:E8TL;3:GR9X;4:LYFU;5:HQTG;7:IJ20;9:GFR5;GARAGE SITE:FGSU;
Harthill Lane	Gildersome	LS27	53.7602	-1.6282	10:GBXJ;2:IH6K;4:GBXM;6:GBXI;8:GET5;
Harthill Paddock	Gildersome	LS27	53.7589	-1.6258	10:GAIB;11:HVF0;12:HVOO;14:HVP6;15:IXW0;16:IXWM;1:GLZR;2:HVEO;3:IURN;4:IURK;5:HVEQ;6:ITYV;7:HVEU;8:HVEW;9:HVEX;
Harthill Rise	Gildersome	LS27	53.7598	-1.6262	10:IH6N;11:E5YD;12:LF9O;13:GCVK;14:IH6M;15:M7FX;16:GCVJ;17:GD66;18:M40N;19:FJ0T;20:HME0;21:M40B;22:GF7M;23:E7T6;24:GF7L;25:FJ0U;26:GF7J;27:GF7I;28:GEY8;29:LRNV;2:GCVQ;30:GEY7;31:FJ10;32:HMDZ;34:M0M6;36:LJ7T;38:FJ16;40:FJ15;42:FJ13;44:FJ12;46:FJ11;48:FJ18;4:GCVP;6:GCVO;8:GCVN;9:GCVI;GARAGES CORNER OF:E40C;
HARTINGTON PLACE	 				1:NYWS;2:NYWR;3:NYWQ;4:NYWP;5:NYWO;
Hartley Avenue	Woodhouse	LS6	53.8170	-1.5524	100:K0LG;102:K0LJ;10A:J8P6;10B:M14F;11:K55N;12:J8P9;12A:J8P8;13:K4ML;14:J8PA;15:K54I;16A:J8PB;16B:J8PC;17:K54Z;18:K54N;19:K54Q;1:K55K;20:K54T;21:K591;22:K598;23:FVGL;25:K05U;27:K59B;28:K59E;29:K59I;2:GVI3;30:K05S;31:K2CC;32:K2CE;33:K2CG;33A:DCRF;34:K2CA;35:K2C6;36:DCRG;37:JGLB;38:IFTP;39:IGPU;3:K553;40:DCRH;41:K47S;42:K2CI;43:FVGW;44:K47M;45:K2CK;47:IGPT;47A:ON2H;49:K077;4:K556;50:GUKA;50A:LUMG;51:K07C;52:IH0N;53:K18C;54:K18F;55:K07F;56:K181;57:K183;58:FVGO;5:K55A;5A:K55D;5B:K4MP;60:GUK9;61:L0XA;62:LJNA;64:L0XF;65:LT6R;66:IGHC;68:L0X8;68A:L0XD;69:FVGY;6:K4MR;70:L0XP;70A:JGM2;71:L0XS;72:L0XI;73:IGHH;75:K4N1;76:K1O7;77:K1O9;78:K0LB;79:K1O4;7:DCRE;80:K1O2;82:K1O3;84:JGLJ;86:K0LH;88:K0LO;8:K55O;92:K3XC;94:JHQ7;96:DCRI;98:FVGV;9:K55P;BASEMENT FLAT, 24:N4ZP;BASEMENT FLAT, 40:JFHR;BASEMENT FLAT, 51:E33A;FLAT 1, 10C:J8P7;FLAT 1, 16C:EXUY;FLAT 1, 24:N9XC;FLAT 2, 10C:GX81;FLAT 2, 16C:EXUZ;FLAT 2, 24:N4ZQ;FLAT A, 26:M2R5;FLAT A, 74:KFAL;FLAT B, 26:K05W;FLAT B, 74:KFAM;FLAT, 61:EXV0;ROOM 1, 11:O2KG;ROOM 1, 20:O2KM;ROOM 1, 27:O2KS;ROOM 1, 28:O2KY;ROOM 1, 36:O2L4;ROOM 1, 8:O2KA;ROOM 1, 94:O2LR;ROOM 2, 11:O2KH;ROOM 2, 20:O2KN;ROOM 2, 27:O2KT;ROOM 2, 28:O2KZ;ROOM 2, 36:O2L5;ROOM 2, 8:O2KB;ROOM 2, 94:O2LS;ROOM 3, 11:O2KI;ROOM 3, 20:O2KO;ROOM 3, 27:O2KU;ROOM 3, 28:O2L0;ROOM 3, 36:O2L6;ROOM 3, 8:O2KC;ROOM 3, 94:O2LT;ROOM 4, 11:O2KJ;ROOM 4, 20:O2KP;ROOM 4, 27:O2KV;ROOM 4, 28:O2L1;ROOM 4, 36:O2L7;ROOM 4, 8:O2KD;ROOM 4, 94:O2LU;ROOM 5, 11:O2KK;ROOM 5, 20:O2KQ;ROOM 5, 27:O2KW;ROOM 5, 28:O2L2;ROOM 5, 36:O2L8;ROOM 5, 8:O2KE;ROOM 5, 94:O2LV;ROOM 6, 11:O2KL;ROOM 6, 20:O2KR;ROOM 6, 27:O2KX;ROOM 6, 28:O2L3;ROOM 6, 36:O2L9;ROOM 6, 8:O2KF;THE FLAT, 72A:EXV1;
Hartley Crescent	Woodhouse	LS6	53.8167	-1.5531	10:K3MF;12:K3MH;14:K3MK;16:JHQ3;17:K1NJ;18:K1NX;19:FVGX;20:K1NZ;21:IG38;22:K1NP;23:K1NO;24:K1NS;25:K0LN;26:K040;27:GQNK;28:K044;29:FVGF;2:JGKK;2A:K1NF;30:K03R;31:K03S;32:K03V;33:K04P;34:K04J;35:FVGG;36:K04M;37:LSWP;38:K047;39:K04G;41:K04C;42:K04F;43:K4YA;45:K4YJ;47:K4YF;49:FVGU;4:GXSR;51:IJ0V;53:FVGS;6:K1NK;8:K1NL;ROOM 1, 38:O2M9;ROOM 2, 38:O2MA;ROOM 3, 38:O2MB;ROOM 4, 38:O2MC;ROOM 5, 38:O2MD;ROOM 6, 38:O2ME;
Hartley Gardens	Woodhouse	LS6	53.8159	-1.5495	10:KP7C;11:KP7D;12:KP7E;14:KP7F;16:KRFE;18:GLAC;1:KRFF;2:KRFQ;3:KRFR;4:KRFS;5:FXA1;6:LGKA;7:KP7H;8:LFDU;9:KP7A;
Hartley Grove	Woodhouse	LS6	53.8163	-1.5537	10:K4FL;11:K1NT;12:K29B;13:LT8X;14:FVGR;15:K294;16:K290;17:K293;18:K297;19:K29N;1:K4Y5;20:K29X;21:K4XY;22:K2J6;23:K29P;24:K29K;25:K29M;26:K29Q;27:K28V;28:FVGT;30:K4N5;32:K4N9;34:K28H;36:K4N6;38:K4MV;3:K4YD;40:K4MY;42:K4N0;44:K28Q;46:K28S;48:FVGQ;4:K4FO;50:K28Y;5:K03M;7:IIWA;8:K4FH;9:K4YK;FLAT A, 6:JDXT;FLAT B, 6:FXR3;ROOM 1, 12:O2MF;ROOM 1, 20:O2MK;ROOM 1, 26:O2MP;ROOM 1, 36:O2MV;ROOM 2, 12:O2MG;ROOM 2, 20:O2ML;ROOM 2, 26:O2MQ;ROOM 2, 36:O2MW;ROOM 3, 12:O2MH;ROOM 3, 20:O2MM;ROOM 3, 26:O2MR;ROOM 3, 36:O2MX;ROOM 4, 12:O2MI;ROOM 4, 20:O2MN;ROOM 4, 26:O2MS;ROOM 4, 36:O2MY;ROOM 5, 12:O2MJ;ROOM 5, 20:O2MO;ROOM 5, 26:O2MT;ROOM 5, 36:O2MZ;ROOM 6, 26:O2MU;ROOM 6, 36:O2N0;
Hartley Place	Morley	LS27	53.7432	-1.5930	1:LG2H;2:IWSU;3:IWSW;4:E7ID;5:IZ6T;6:M56R;7:IZGK;8:IZ71;
Hartley Street	Morley	LS27	53.7590	-1.5939	10:IWRX;11:LPM3;12:GNL7;13:IWS2;14:IWRY;15:LLUX;16:HZT2;17:HZT5;18:HZT8;19:HZTB;1:IZGI;20:GNLC;21:IWSH;22:IWSJ;23:GNLE;24:E7HW;25:IWSO;26:IWSK;27:GNL9;28:E7HV;29:GNLA;2:LQTM;30:IWSB;31:IWSE;32:IXD6;33:IXD8;34:IXDJ;35:IXDD;36:IXDF;37:IXDI;38:IXCS;39:M44K;3:IZ6E;40:E9HO;41:LC6U;42:IXD1;43:IXD4;44:E9HS;45:IXE0;46:HKCU;47:HKCV;48:E9HT;4:IZ6I;50:IXDR;52:IXDK;5:IZ6D;6:IZ6M;7:IZ6P;8:E8GP;9:HZTE;
Hartley Street	Churwell	LS27	53.7590	-1.5939	11 SOUTH VIEW:JR3R;12:KRRH;13 SOUTH VIEW:JR3U;14:KRRK;15 SOUTH VIEW:GORY;9 SOUTH VIEW:DEL9;
HARTLEY WOOD COTTAGES	Micklefield	LS25	53.7975	-1.3315	1:FK58;2:FKFK;
Hartwell Road	Hyde Park	LS6	53.8076	-1.5689	10:HHKV;121:JFKU;1921, 121:J63K;23:HFBX;25:HGK2;27:HGJV;29:HGK0;2:FXHC;31:HGJY;33:HFBS;35:FXGX;37:HFBW;39:HHJY;41:HGIY;43:KCWF;45:LR4X;47:KCWB;49:KCWC;4:HHKZ;51:IDLM;53:IDM0;6:HHL9;8:JCHN;FLAT 1 HARTISCA RESIDENCE:NT0A;FLAT 10 HARTISCA RESIDENCE:NT0E;FLAT 11 HARTISCA RESIDENCE:NT0F;FLAT 12 HARTISCA RESIDENCE:NT0L;FLAT 2 HARTISCA RESIDENCE:NT0G;FLAT 3 HARTISCA RESIDENCE:NT0B;FLAT 4 HARTISCA RESIDENCE:NT0C;FLAT 5 HARTISCA RESIDENCE:NT0H;FLAT 6 HARTISCA RESIDENCE:NT0I;FLAT 7 HARTISCA RESIDENCE:NT0K;FLAT 8 HARTISCA RESIDENCE:NT0J;FLAT 9 HARTISCA RESIDENCE:NT0D;
Harvest Close	Garforth	LS25	53.7832	-1.3737	10:HP6I;11:HP67;12:HP6H;14:HP6G;15:HP68;16:HP6F;17:HP69;18:HP6E;19:HP6A;1:HP62;20:HP6D;21:HP6B;23:HP6C;2:HP6M;3:HP63;4:HP6L;5:HP64;6:HP6K;7:HP65;8:HP6J;9:HP66;
Harwill Approach	Churwell	LS27	53.7600	-1.5877	10:DOQE;11:DOQA;12:LY90;13:DOR0;14:DOQX;15:LBFT;16:DOQS;17:DOQQ;18:HQQQ;19:LBFP;1:GOTM;20:DNPG;21:DNPE;22:DNG6;23:LJLV;24:GNSO;25:LBFR;26:HPI6;27:ME9V;28:DOPZ;29:LY91;2:DKU6;30:JRSN;31:GORI;32:JRSB;33:JRSG;34:JRSC;35:JR17;36:JR1D;37:GORL;38:JR1E;39:LAM6;3:DKU4;40:GNU2;41:DORG;42:DORE;44:DORB;46:DOR7;48:DOR5;4:LBG3;50:DOR8;50A:JRS8;52:JRS5;52A:DORN;54:LBFV;54A:DORK;56:DOGF;58:KRQ7;5:DKU1;60:KO4X;6:LBE7;7:DOQL;8:DOQI;9:DOQG;
Harwill Avenue	Churwell	LS27	53.7597	-1.5892	10:KO4K;11:KO4C;12:GNQ9;13:GSNY;14:KO4T;15:GNQA;16:KO4O;17:LBEO;18:KRZR;19:DNFQ;1:KO50;20:HQQP;21:DNFT;22:DNFJ;23:DNFH;24:DNG4;25:DNG0;25A:DNFZ;26:DNFX;27:DNFW;27A:KRZX;28:KS07;29:LO68;2:KO51;30:LBEG;31:KS00;32:KS0H;33:DNFF;34:DNFC;3:MBWT;4:KRZQ;5:KRQF;6:KRQD;7:KO4A;8:LO6S;9:KO4G;
Harwill Croft	Churwell	LS27	53.7582	-1.5899	10:JKFS;11:E7OL;12:JO3K;14:JO45;15:ILPO;16:JO3D;17:JK5I;18:JOTE;19:JK5Z;1:GX2Y;20:FSHQ;21:JMRK;22:JNRV;23:FSI0;24:JNRN;25:EXAE;26:FSHP;27:JOTB;28:FTHW;29:JMZS;2:E7NV;30:JMZO;31:JMPY;3:JMQZ;4:JNGJ;5:JNGA;6:EXA5;7:JNG0;8:JKGA;9:JKGO;
Harwill Grove	Churwell	LS27	53.7587	-1.5893	10:LGKR;11:GLIQ;12:KS50;13:KS54;14:KS53;1:KS0I;2:KS0F;3:KS0E;4:GSN2;5:KS4X;6:MBWQ;7:GLIL;8:KS4T;9:KS57;
Harwill Rise	Churwell	LS27	53.7581	-1.5875	10:LGKP;11:KS4D;12:KS13;13:KS10;14:KS0X;15:GNFA;16:KS0T;17:KS0Q;18:LBEJ;19:KS1A;1:KS4I;20:KS12;21:KS17;22:LJQK;23:GNFD;24:GLIU;25:KS5L;26:GLIR;27:GLIS;28:GLIW;29:KS0O;2:KS47;30:LBEH;31:KS0L;32:LGKS;33:KSF9;34:KS3C;35:LCQG;36:JR29;37:JR24;38:GORW;39:KQFH;3:KS43;40:KQFO;41:KQFN;42:LAME;43:KQFG;44:KQFD;45:LCQX;46:GORQ;47:JR1M;48:JR1F;49:GORO;4:KS4A;50:GORN;51:JR22;52:JR21;53:GORT;54:JR23;55:LCQY;56:MBWL;57:MBWO;58:JQE7;59:KS35;5:LGKO;61:JQE9;63:KS37;65:KS3R;67:KS3N;69:KS3U;6:KS4G;71:KS3I;73:LKM1;75:KQG6;77:KQG3;79:KQFZ;7:KS4O;81:LAMF;83:KQFS;85:KQGD;87:GOHJ;89:DC08;8:KS4L;91:HQMT;9:KS4J;
Harwill Road	Churwell	LS27	53.7586	-1.5881	10:EF98;11:EF95;12:L87I;13:MFCB;14:EF8X;15:EF8H;16:EJHP;17:EJHN;19:L87B;1:KQGE;20:LJUG;21:EF8D;22:EF89;23:EF86;24:GNRP;25:EJHT;26:EF93;27:KPGC;28:ME9M;29:KPGG;2:LUS4;30:GOP8;31:KPGO;32:KPGU;33:LBF9;34:LBF8;35:KPGL;36:KPGI;37:KPG8;39:EF9P;3:KQG9;41:EF9L;43:EF9S;45:EF9H;47:MFCC;49:KOSA;4:DC0A;51:GOP6;53:KOS6;55:EF9Z;57:EF9V;59:EJHR;5:EF8T;6:EF8Q;7:EF8L;8:EF8J;9:EF92;
