Fewston Avenue	Cross Green	LS9	53.7887	-1.5191	11:GWRQ;19:DO66;3:DO6C;5:DO6A;9:GWRR;FLAT 1, 16:K8WB;FLAT 1A, 1:FRAI;FLAT 1B, 1:EVNG;FLAT 2, 16:KGZI;FLAT 3, 16:KGZJ;FLAT 4, 16:NUNM;
Fewston Court	Cross Green	LS9	53.7908	-1.5186	10:JQLX;11:JQLZ;12:FVPM;14:JSHC;15:KRUT;16:JSH6;17:IU5H;18:IU5J;19:JSHG;1:HQMC;20:FVPG;21:JSGN;22:GO2W;23:JSGY;24:JSGS;25:IT5Y;26:GM50;27:GM52;28:IT67;29:IT62;2:JPOP;30:IT5G;31:HSJ8;32:FVGA;33:LCZY;34:IT5M;35:IT5I;36:JSTR;37:HXUQ;38:HXLO;39:IUF3;3:JQXM;40:HWY8;4:LOUO;5:FVPN;6:JQXQ;7:JQXU;8:JQLR;9:JQLS;
Fidler Close	Garforth	LS25	53.7937	-1.3869	10:DQM1;11:HQIY;12:DQLZ;13:DQLP;1:DRI6;2:DRI4;3:DRI3;4:DRI2;5:DUBU;6:FYY3;7:DQ3N;8:DQM4;9:DQM3;
FIDLER TERRACE	Garforth	LS25	53.7921	-1.3883	1:DQM6;2:DQLW;3:DQLU;4:DQLT;5:LH39;
Field End	Halton	LS15	53.7957	-1.4647	10:HTBY;11:EG1U;12:DO6V;14:LYAW;15:EG1S;16:DO6R;17:EG1Q;18:EG1N;19:EFSW;1:DL9V;20:EG2H;21:GP5G;22:EG2F;23:GP5F;24:EG2C;25:EG2B;26:MB17;27:EG29;28:EG28;29:EFSQ;2:DOGK;30:MB16;31:EFSN;32:GQ16;33:EFSL;34:EHX9;35:EFSJ;36:EG2I;37:EHXD;38:EGRS;39:EGRP;3:EG21;40:LTNY;41:GP5P;42:EGRV;43:EG3F;44:EG3E;45:EG3D;46:EGS8;47:EGS6;48:DOJM;49:DOJJ;4:DOGI;50:DOJH;51:EGRW;52:MDKU;53:DOJB;55:EGS2;57:EGRZ;5:LTNI;6:DO71;7:EG1Y;8:LYIV;9:EG1X;FIELD END HOUSE:KFLM;GARAGE SITE NEXT TO:MDK0;
Field End Close	Halton	LS15	53.7949	-1.4673	10:LTNJ;11:EG2L;12:EG35;14:EG39;15:GP5O;1:LTNK;2:EG3B;3:GP5K;4:EG2U;5:EG2S;6:EG2Q;7:GP5I;8:LE8W;9:GP5H;
Field End Court	Halton	LS15	53.7951	-1.4636	10:GP1I;11:EGMH;12:EGMF;14:MB0M;15:EGMC;16:GP1G;17:EGMA;18:GO40;1:EG38;20:EINI;22:EINF;24:EIND;2:EG2Y;3:EG3A;4:LEH9;5:GP5M;6:EG2Z;7:EHWT;8:EHX5;9:EGMJ;GARAGES NEXT TO 17:GP1F;
Field End Crescent	Halton	LS15	53.7957	-1.4671	10:EICY;11:MB0V;12:EICV;14:GP1C;15:EID3;16:GP1E;17:EGM4;18:GP1D;19:EGM1;1:EINA;20:EGM9;21:EGLY;22:EGLW;23:EGLU;24:EGLT;25:EGLP;26:MB13;27:EIOW;28:EIOS;29:LTMP;2:LTMN;30:EIOY;31:EIOO;32:EION;33:GO4C;35:EFRV;37:EIOR;39:EHWR;3:EGM8;41:EFS0;43:LTNG;45:EFRY;47:EHWU;49:EFRT;4:EGLO;51:EFRR;53:EFRO;55:EFRN;57:GO4B;59:EIO1;5:EGLN;6:EGLL;7:EID4;8:EICS;9:EGLQ;
Field End Gardens	Halton	LS15	53.7960	-1.4657	10:GO4A;11:EIOD;12:EIOC;14:EIOJ;15:EIO9;16:EIO8;18:GO47;1:EINY;20:EIO4;22:EHBS;24:EIO3;26:EIO5;28:EIO6;2:EINO;30:EIO7;32:GO48;34:EIOA;36:LFPJ;38:EIO2;38A:MB11;3:GO46;40:EIOE;4:GO43;5:MB10;6:EINQ;7:EIOB;8:GO44;9:EIOH;
Field End Garth	Halton	LS15	53.7948	-1.4656	10:EINU;11:LTMO;12:EINW;14:EINX;16:LFPI;18:GO45;1:EIOF;20:EIO0;22:EIOP;24:EINV;26:EIP0;28:MB14;2:EIOG;30:EFRP;32:EFRQ;34:EFRS;36:EFRU;38:EFRW;3:EIOI;40:EIOZ;42:MB15;44:EFRZ;46:EFS1;48:EFS2;4:GO49;50:EHWS;52:EFRX;54:EIOK;5:EINP;6:GO42;7:EINR;8:EINS;9:EINT;
Field End Green	Halton	LS15	53.7954	-1.4657	10:EIOV;12:EIOX;1:EIOL;2:EIOM;3:MB12;4:GO4D;5:LFPK;6:EIOQ;7:GO4E;8:EIOT;9:EIOU;
Field End Mount	Halton	LS15	53.7966	-1.4634	10:EGM6;1:EINM;2:EGLV;3:EGLX;4:MB0L;5:EGLZ;6:EGLR;7:EGM2;8:EGM3;9:EGM5;
Field End Road	Halton	LS15	53.7959	-1.4634	11:EICT;15:EICW;16:EICX;16A:EICZ;16B:EID0;17:EID2;18:LFPD;19:EID5;20:EID6;21:EGLM;22:MB0K;23:EGMD;24:EID1;26:LFPG;28:EIN9;30:EINB;32:EINC;34:EINE;36:EING;38:EINH;40:MB0Y;42:EINJ;44:EINK;46:LFPH;48:EINL;50:GO41;51:MB0Z;52:EGMB;53:IPWA;54:EIN8;55:JFLG;56:EGME;57:IPWD;58:GP1H;59:EGMI;60:EG30;61:IU7H;62:EG31;63:ITWS;64:EG32;65:GUQQ;66:EG33;67:ITWV;68:EG34;69:MDJY;70:EG36;71:GP5N;72:EG2M;73:ITWY;74:EG2N;75:ITWZ;76:EG2O;77:ITX1;78:MB18;79:GPGH;7:EGM7;80:EG2X;81:ITX3;82:EG2K;84:EG2R;86:GP5J;88:EG2T;9:EGM0;BIN STORE REAR OF 51 TO 57:ML1D;
Field Head Lane	Drighlington	BD11	53.7476	-1.6626	113:GDBJ;115:L8RP;117:GDBH;119:GDBF;121:HNOR;123:HODI;77A:J678;77B:J679;7981:GSFR;SOUTHFIELD FARM:JCMN;
Field House Close	Wetherby	LS22	53.9289	-1.4070	1:IW2Z;2:IVTY;3:IVTV;4:F3YZ;5:IVTQ;6:IW2X;7:IW35;
Field Lane	Aberford	LS25	53.8324	-1.3415	1:IJYB;1A:FVBE;2 BRUNSWICK COTTAGES:KZVP;2:HZ4W;2A:HZ4Z;3 BRUNSWICK COTTAGES:KZVS;3:K1T6;4:IJY9;5:GQOK;6:K1TI;ASHDENE:JCM2;DARIEN HOUSE:K1T5;FERNLEE HOUSE:J5VW;FIELD HOUSE:K1T8;GLEBE BUNGALOW:L06F;NYMAN LODGE:IJYC;SYDENHAM HOUSE:K1TE;THE OLD BARN:GQOJ;THE STABLES:FWBX;
Field Park Grange	Gildersome	LS27	53.7544	-1.6288	10:GC52;11:HD7W;12:JG0A;14:M41X;15:HD7C;16:HD7M;17:HXLP;18:HD7O;19:IPDY;1:GE1J;21:IJ65;23:LCVR;25:HD7S;27:IJ5X;29:HD77;2:I6TF;31:HD79;33:E6ND;3:LNAE;4:FJ1E;5:HD7R;6:GAPJ;7:HD7K;8:GC50;9:IJ64;
Field Terrace	Halton	LS15	53.7997	-1.4660	1:EG2V;1A:HSCN;2:DOJF;3:EGRY;4:EGS0;5:EGS1;6:EGS3;7:DOJC;8:EGS9;
Field View	Leeds	LS26	53.7485	-1.4462	1:NPZH;2:NPZO;3:NPZI;4:NPZN;5:NPZJ;6:NPZM;7:NPZK;8:NPZL;
Field View	Micklefield	LS26	53.7485	-1.4462	1:MCV5;2:MCV6;3:MCV7;4:MCV8;5:MCV9;6:MCVA;7:MCVB;8:MCVC;9:MCVD;BIN STORE:ML1E;
Field View	Oulton	LS26	53.7485	-1.4462	10:NEPD;1:NEPC;2:NEPH;3:NEPB;4:NEPG;6:NEPF;8:NEPE;
Fieldfare Drive	Allerton Bywater	WF10	53.7451	-1.3639	10:J72G;11:GXLT;12:JAUT;14:JIJ4;15:MC7I;16:J72H;17:MC7J;18:J72I;19:MC7K;1:MC82;20:J72J;21:MC7L;22:J72L;23:MC7M;24:E6LH;25:MC7N;26:J72M;27:MC7O;28:JAUU;29:MC7P;2:EXHT;30:J72N;31:MC7Q;32:JAUV;33:MC7R;34:J72O;35:MC7S;36:J72P;37:MC7T;38:J72Q;3:MC81;4:EXHU;5:MC84;6:E6LK;7:MC83;8:J72F;9:MC7H;
Fieldhead Court	Boston Spa	LS23	53.9039	-1.3557	10:EROU;11:DZEU;12:JDOV;1:ER5O;2:FMJA;3:KDG1;4:IJAQ;5:ES7U;6:ES84;7:FNJW;8:FNJM;ASHBROOKE, 9:FNK7;
Fieldhead Drive	Barwick in Elmet	LS15	53.8329	-1.3840	11:K2GQ;13:JZYD;15:JZY8;19:JZY4;1:IFR7;21:K03L;23:E7LR;25:K03E;27:K037;29:E7LT;31:K2GE;33:K2G6;3:K55S;5:K2GX;7:K2GO;9:LSXM;FIELDHEAD HOUSE:J2QY;FIELDHEAD, 1A:J5VY;THE VIEW:J2RC;
Fieldhead Drive	Guiseley	LS20	53.8715	-1.7215	10:H3UV;11:H3UX;12:H3UE;13:H3U8;14:HN9F;15:H3UA;16:H3UC;17:H3UD;18:H3UF;19:HN9H;1:H3TB;20:HN9I;21:HKDM;22:I34B;23:I34D;24:I34F;25:HSUW;26:I34H;27:LEKR;28:I34I;29:I34J;2:H3TY;30:I34M;31:I340;32:I2UX;33:I33U;34:I33W;35:I33Y;36:I33Z;37:LH2K;38:I343;39:I345;3:HN9J;40:I347;41:I34Q;42:LC6F;43:HK2I;44:IWEV;45:HK2J;46:IWNR;47:FZC7;48:IWNO;49:IWNP;4:H3UO;50:FZC8;51:LC6G;52:HK2E;53:FZC6;54:IWEI;55:HK2F;56:HK2H;57:I34P;58:IWEN;59:LIRV;5:HN9K;60:IWEP;61:IWER;62:FZ32;6:GT9H;7:LOSR;8:LPUC;9:H3UU;
Fieldhead Grove	Guiseley	LS20	53.8712	-1.7214	10:IVCB;12:HOJQ;1:IWCP;2:IWCS;3:IWD4;4:FZC3;5:IWCY;6:IWCZ;7:IWD1;8:IWD3;9:IWCD;
Fieldhead Paddock	Boston Spa	LS23	53.9043	-1.3562	11:K0FG;15:K0FF;17:K0FD;19:K0FC;1:K3FT;21:K0FB;23:K3GR;25:HTIM;28:K3QR;30:K3QQ;32:GVH3;3:K0FK;5:K0FJ;7:GQNR;9:K3FX;
Fieldhead Road	Guiseley	LS20	53.8703	-1.7188	101:FZ3F;103:HYXB;105:HYXE;107:HYXG;109:I36B;10:I2UO;111:HKA0;113:I366;115:JIU3;11:I1UR;12:I2UQ;13:I1UK;14:IWD7;15:I1UI;16:HJYV;17:LPDN;18:FZ2S;19:LH27;1:IVCE;1A:IWCC;20:I1UO;21:IXOQ;22:IWNN;23:HZ6S;24:IXQN;25:HKDC;26:IXQQ;27:FZ3G;28:FZCC;29:HKDE;2:IWCE;30:IXQV;31:LC74;32:HYXP;33:HYXK;34:HYXM;35:HYXN;36:HYXO;37:HYXQ;38:HZ6L;39:HSVD;3:IWCI;40:HZ6O;41:IXQZ;42:HKDD;43:IXRC;44:IXRE;45:HKDL;46:IXRH;47:IY0S;48:IY0T;49:G016;4:LC69;50:LIRZ;51:LPE9;52:IXR4;53:LPE8;54:HKDG;55:IXR1;56:IXR2;57:IXRA;58:IXR5;59:HKDI;5:IWCL;60:IXR8;61:LC75;62:HYX8;63:HZ6Q;64:IXOS;65:I35S;66:I35U;67:HK9X;68:FZ34;69:I35X;6:IWCW;70:LEKU;71:I360;72:IWNY;73:IWNX;74:IWNS;75:IWNU;76:IWNV;77:IWNW;79:IWNZ;7:I1UT;81:FZC9;83:IXOJ;85:IXOL;87:I364;89:I35W;8:GTE1;91:I36I;93:HYX3;95:HYX5;97:HSVC;99:HKA2;9:I1UV;GLENROYD, 2A:LPDM;THE SCHOOL BUNGALOW:FX6T;
Fieldhead Terrace	Sheepscar	LS7	53.8065	-1.5418	10:NFFB;11:NEXZ;12:NFFA;14:NFF9;15:NEXY;16:NFF8;17:NEXX;18:NFF7;19:NEXW;1:NEY4;20:NFF6;21:NEXV;22:NFF5;23:NEXU;2:NFFF;3:NEY3;4:NFFE;5:NEY2;6:NFFD;7:NEY1;8:NFFC;9:NEY0;
Fieldhouse Close	Moortown	LS17	53.8433	-1.5406	10:EG3G;11:EG3J;12:EGRN;14:EGRO;15:EGRR;16:EGRQ;17:EGRU;19:EGRX;19A:MAY3;1:DOJL;21:EG2P;23:EHX8;25:EHXA;27:EHXB;29:EHXE;2:DOJI;31:EFST;33:EHX7;35:LTNH;37:EFSO;3:EGS7;4:EG3K;5:EG3C;6:EG3I;7:GP5Q;8:LEHA;9:GP5R;
Fieldhouse Drive	Moortown	LS17	53.8443	-1.5396	10:EHWW;110:DOGM;112:DO6F;114:DO6Y;116:DO67;118:DO68;11:IRB2;120:DO69;122:DO6B;124:DO6E;12:EHWX;14:EHWY;15:HUPK;16:EHWZ;17:HS7M;18:EHX6;19:JTB6;1:IRAZ;20:EHWV;21:JTB1;22:EHX1;23:HQES;24:EHX2;25:JTAY;26:EHX4;27:JTAX;28:EG1T;29:JTAV;2:MEGK;30:EHX0;31:JTAT;32:EG25;33:JTAS;34:EG26;36:EG27;38:GXEW;3:MAZX;40:EG2A;42:EG2J;44:EG24;46:MEGM;48:EG2D;4:EFSS;50:EG2G;52:EG1V;54:LE8V;56:EFSV;58:EFSX;5:GLI6;60:EG1O;62:EG1P;64:EG1R;66:EG23;68:EFSU;6:MEFZ;70:EG1W;72:MEGL;74:EG1Z;76:EG20;78:EG22;7:GV0W;80:EJZM;82:EGLS;84:DO6S;86:DO6T;88:DO6U;8:EFSK;90:DO6W;92:DO6X;94:DO6Z;96:DO6P;98:MEF8;9:HUPB;
Fieldhouse Grove	Farsley	LS28	53.8108	-1.6795	10:F6HI;11:F9EE;12:FPVB;1:EC2T;2:EC2X;3:EC3O;4:EC3E;5:F6HU;6:F6I6;7:F6HY;8:F67U;9:F6HH;
Fieldhouse Lawn	Moortown	LS17	53.8440	-1.5409	11:EHCX;15:EHCY;17:GN4E;1:DO65;3:MEF7;5:HTBX;7:DO6M;9:DO6D;
Fieldhouse Walk	Moortown	LS17	53.8447	-1.5408	10:GG1K;11:GHYB;12:GHY3;14:JC8J;16:GHY1;18:GHXZ;1:FX0C;20:GHXY;22:GHY5;24:GR0B;26:GKDH;28:GKDF;2:GG1U;30:FX09;3:GG1T;4:GUVP;5:GG1Z;6:GG1P;7:GG1O;8:GG1M;9:LKIS;MOORFIELD HOUSE NURSING HOME:J5VV;
Fielding Court	Morley	LS27	53.7488	-1.6115	10:DC8Y;11:IAK0;12:IAK1;1:L8VV;2:ICL8;3:ICL9;4:ICLA;5:ICLB;6:L8X3;7:LR4Y;8:ICLC;9:ICLD;
Fielding Gate	Armley	LS12	53.7984	-1.5838	10:ICRJ;12:ICRN;14:IDSB;16:ICRC;18:IDSO;1:HE9W;20:IDSN;22:IDSW;24:IDSC;26:IDSJ;28:F06E;3:F48J;4:HEA3;5:LM40;6:JBBB;7:HEAL;8:HEAJ;9:HEAS;
FIELDING GATE MEWS	Armley	LS12	53.7994	-1.5846	1:G0QU;2:FR4C;3:G1W7;4:G1W5;5:G1W0;6:FR4H;7:FR4G;8:G1WO;9:FR4F;
Fielding Way	Morley	LS27	53.7490	-1.6121	10:FUCV;11:H37D;12:FSZT;14:F6FN;15:J65I;16:J65J;17:ICDS;18:ICDT;19:JCJJ;1:MATO;20:ICDU;21:KALT;22:L596;23:L597;24:L598;25:F3MP;26:L44K;27:L44L;28:L44M;29:M8SP;2:H1J4;30:LT5A;31:KAU0;32:L44N;33:L44O;34:L44P;35:M8SQ;36:JQW0;37:JJK4;38:ITY6;39:E7PA;3:H1J2;40:ITYF;41:JQW6;42:E2EB;43:E2EC;44:E2ED;45:KAU1;46:J6O8;47:E7OQ;48:F6FP;49:F6FS;4:H1J1;50:FSZU;51:F6FU;52:MATM;53:FSZV;54:F6FV;55:F6FW;56:F6FX;57:F8PG;58:F8PH;59:FU0F;5:E7OS;60:F8PM;6:H1IY;7:H1IX;8:H1IW;9:H1IU;BIN STORE TO SIDE OF 6 FIELDING COURT:MMPJ;
FIELDMOOR LODGE	 				10:JCJW;11:ICEV;12:M0ZV;14:ICEW;15:ICEX;16:JCJX;17:LLHZ;18:LMBA;19:ICEY;1:JCJU;20:JCJY;21:ICEZ;22:LLI0;23:ICF0;24:ICF1;25:HRA7;2:ICEP;3:ICEQ;4:ICER;5:ICES;6:JCJV;7:ICET;8:LLHY;9:ICEU;BIN STORE IN CAR PARK:MMPK;
Fieldway Avenue	Bramley	LS13	53.8172	-1.6511	10:LG41;11:F2A1;12:J05V;14:IGF8;15:J4GN;16:J2ID;17:J2IM;18:J2IR;19:J065;1:I8BE;20:J0HK;21:J3WG;22:J3WM;23:J3W1;24:J3VY;25:F2A9;26:J1T4;27:F2A3;28:J1JF;29:J1JN;2:F2A6;30:J1HU;31:J0H9;32:LXD2;33:J0HI;34:LED2;35:J3VJ;36:I4DV;37:J3VQ;38:J3N4;39:J3V0;3:JE1B;40:J4YG;41:J3V5;42:I52I;43:I8NI;44:J3MN;45:J4Z7;46:I6DA;47:I6D1;48:IZY3;49:J3XU;4:J2IW;50:J4ZE;51:J3X9;52:IZY6;53:J3YZ;54:F0QQ;55:LJ88;56:IJVS;57:LECI;58:JCTC;59:IZY7;5:J2J4;60:I5DM;61:J4YT;62:I5DP;63:I6D5;64:J3MI;65:J3NH;66:J3N8;67:JBSP;69:J5VZ;6:J2JF;7:J0GQ;8:J0GZ;9:J2SM;PARKING AREA ADJACENT 32 TO 46:ML21;PARKING AREA ADJACENT 48 TO 62:ML22;PARKING COURT ADJACENT TO 29:LOBQ;PARKING COURT, 3345:F299;
Fieldway Chase	Oulton	LS26	53.7500	-1.4467	10:JKIL;11:JKIN;12:JKIP;14:JKIR;1:JNQA;2:LUU4;3:MCEO;4:JNQD;5:JOSQ;6:JNGX;7:JKIH;8:JKIJ;9:JKIK;
Fieldway Close	Bramley	LS13	53.8176	-1.6504	10:HD30;11:HD2S;12:HD2Z;14:HD2X;15:HBDS;16:IHDF;17:HBDQ;18:HOO7;19:HBDP;1:I4DW;20:HD2U;21:HD2T;22:HB3K;23:HBDN;24:HB3J;25:GU97;26:HB3I;27:HB3Q;28:HJR8;29:HB3P;2:LNIX;30:LS8H;31:HB3O;32:HBDM;33:HB3M;34:HBDK;35:HB3R;36:HJR9;38:HBDI;3:IHDD;40:HBDH;4:F0PU;5:HD2O;6:F0PX;7:LS96;8:HD32;9:HBDV;PARKING AREA ADJACENT 26 TO 40:ML23;PARKING AREA ADJACENT TO, 1719:HD2V;PARKING AREA BETWEEN, 3540:HBDG;
Fieldway Rise	Bramley	LS13	53.8167	-1.6512	10:F0Q1;11:H8TP;12:H8SY;14:H8T7;15:F0Q2;16:H8T5;17:H8TO;18:H8T3;19:H8TF;1:HBDE;20:H8T0;21:H8TL;22:HD3C;23:H8TK;24:HD3B;25:H8TJ;26:F0PY;27:H8TI;28:HD34;29:H8TG;2:HBDC;30:IHDG;31:HD39;32:HD38;33:HD3A;34:HD37;35:H8SW;36:HD36;37:H8SV;38:IHDH;39:H8ST;3:HB3V;40:HD3F;41:HD3D;42:HB3T;43:H8SX;44:HNZD;45:H8SN;46:HA28;47:HD3I;48:JFA5;4:F0PT;50:LX5S;52:HCMC;54:HCMJ;56:HCMI;58:HCMG;5:H8TD;60:LFRW;6:H8TC;7:H8TM;8:H8TB;9:H8T9;PARKING AREA ADJACENT 35 TO 45:ML24;PARKING AREA ADJACENT 6 TO 20:EJZB;PARKING AREA ADJACENT, 2236:E903;PARKING AREA BETWEEN, 3133:HD35;
Fifth Avenue	Rothwell	LS26	53.7564	-1.4665	10:G2HQ;12:G2HP;13:G2HN;14:G2HL;15:G2HC;16:G2HS;17:LFZK;18:G2HG;19:G2HF;20:G2HD;21:MCFF;22:G2HI;23:G2HK;24:MCFI;25:G1RF;27:G1RD;29:G1RC;2:HV8O;31:G1RA;33:G1RG;35:G1R7;37:G2HX;39:MCFH;41:LFZL;43:H0A0;4:HV8I;6:FQ8R;8:MCFK;GARAGE SITE REAR OF 2:HV8N;
Fillingfir Drive	West Park	LS16	53.8363	-1.6123	1 CLAYTON COURT:EK0F;1 CLAYTON GRANGE:GN4A;10 CLAYTON COURT:L7HC;10 CLAYTON GRANGE:MHMJ;11 CLAYTON COURT:M2X8;11 CLAYTON GRANGE:DL9W;11:EJP2;12 CLAYTON COURT:EJZY;12 CLAYTON GRANGE:MBPY;14 CLAYTON COURT:EJZZ;14 CLAYTON GRANGE:L7I1;15 CLAYTON COURT:EJZF;15 CLAYTON GRANGE:DL9Y;15:EJP3;16 CLAYTON COURT:MF7R;16 CLAYTON GRANGE:GQ0X;17 CLAYTON COURT:EFAK;17 CLAYTON GRANGE:EHM2;17:EFA4;18 CLAYTON COURT:M1U3;18 CLAYTON GRANGE:DL9U;19 CLAYTON COURT:L8AK;19 CLAYTON GRANGE:EHLX;19:EFA5;1:EHD3;2 CLAYTON COURT:GXEU;2 CLAYTON GRANGE:EHCW;20 CLAYTON COURT:EFAM;20 CLAYTON GRANGE:EHLZ;21 CLAYTON COURT:GOR7;21 CLAYTON GRANGE:EHM0;21:EFA7;22 CLAYTON COURT:EJZK;22 CLAYTON GRANGE:LYHH;23 CLAYTON COURT:EFAI;23 CLAYTON GRANGE:MBRF;23:GOR2;24 CLAYTON COURT:L8AJ;24 CLAYTON GRANGE:GQ0Y;25 CLAYTON COURT:GP3N;25 CLAYTON GRANGE:EIM7;25:EFA9;26 CLAYTON COURT:EJZH;26 CLAYTON GRANGE:EIM8;27 CLAYTON COURT:EJZJ;27 CLAYTON GRANGE:DL9D;27:FB2K;28 CLAYTON COURT:GP3O;28 CLAYTON GRANGE:DL9E;29 CLAYTON COURT:GP3T;29 CLAYTON GRANGE:DL9G;29:LDYE;2:GN4F;3 CLAYTON COURT:EJZO;3 CLAYTON GRANGE:L7L9;30 CLAYTON COURT:EK0O;30 CLAYTON GRANGE:DL9H;31 CLAYTON COURT:M2X9;31 CLAYTON GRANGE:DL9T;31:FB2M;32 CLAYTON COURT:EK0I;32 CLAYTON GRANGE:GQ2B;33 CLAYTON COURT:GP3Z;33 CLAYTON GRANGE:MBPX;33:FB2O;34 CLAYTON COURT:EK0K;34 CLAYTON GRANGE:DL9M;35 CLAYTON COURT:EK0L;35 CLAYTON GRANGE:DL9O;35:FB2P;36 CLAYTON COURT:LTML;36 CLAYTON GRANGE:DL9P;37 CLAYTON COURT:L8CS;37 CLAYTON GRANGE:DL9R;37:FB2Q;38 CLAYTON COURT:MF7T;38 CLAYTON GRANGE:DL9S;39 CLAYTON COURT:EK0P;39 CLAYTON GRANGE:L94Z;39:FB2S;3:EJON;4 CLAYTON COURT:EJZQ;4 CLAYTON GRANGE:GN4B;40 CLAYTON COURT:EK0Q;40 CLAYTON GRANGE:GQ13;41 CLAYTON COURT:GP42;41 CLAYTON GRANGE:EHMI;41:FB2U;42 CLAYTON COURT:EK0R;42 CLAYTON GRANGE:MCUU;43 CLAYTON COURT:EICR;43 CLAYTON GRANGE:GQ14;43:M2XJ;44 CLAYTON COURT:GP3V;44 CLAYTON GRANGE:EHMK;45 CLAYTON COURT:EK02;45 CLAYTON GRANGE:EHML;45:LOVJ;46 CLAYTON COURT:EK03;46 CLAYTON GRANGE:HTBW;47 CLAYTON COURT:EK04;47 CLAYTON GRANGE:EHMH;47:FB2X;48 CLAYTON COURT:EK05;48 CLAYTON GRANGE:L977;49 CLAYTON COURT:L976;49 CLAYTON GRANGE:DO5Z;49:FB28;4:GN4D;5 CLAYTON COURT:GP3P;5 CLAYTON GRANGE:M1UE;50 CLAYTON COURT:EK07;50 CLAYTON GRANGE:DO60;51 CLAYTON COURT:MF7S;51 CLAYTON GRANGE:MHMH;51:GLYR;52 CLAYTON COURT:EK08;52 CLAYTON GRANGE:DO63;53 CLAYTON COURT:GP3W;53 CLAYTON GRANGE:EHMB;53:FCD5;54 CLAYTON COURT:EK0A;54 CLAYTON GRANGE:LB1Y;55 CLAYTON COURT:EK0C;55 CLAYTON GRANGE:GXXN;55:GLYS;56 CLAYTON COURT:GP3X;56 CLAYTON GRANGE:GQ10;57 CLAYTON COURT:GOR5;57 CLAYTON GRANGE:EHM5;57:FCD7;58 CLAYTON COURT:GP3Y;58 CLAYTON GRANGE:EHM6;59 CLAYTON COURT:LB2F;59 CLAYTON GRANGE:GQ11;59:FB2I;5:GN4G;6 CLAYTON COURT:EJZS;6 CLAYTON GRANGE:EHCS;60 CLAYTON COURT:EJOY;60 CLAYTON GRANGE:M1U8;61 CLAYTON COURT:M2X7;61 CLAYTON GRANGE:EHM3;61:FCD2;63:FB2B;65:FB2D;67:FB2F;6:LYIW;7 CLAYTON COURT:LFQ3;7 CLAYTON GRANGE:GN4C;7:EHD8;8 CLAYTON COURT:EJZL;8 CLAYTON GRANGE:EHCU;8:GN4H;9 CLAYTON COURT:EJZV;9 CLAYTON GRANGE:M2JA;9:EHDB;GARAGE SITE OPPOSITE, 3945:EHCP;GROUND FLOOR WELFARE PLANT ROOM CLAYTON COURT:OQAD;GROUND FLOOR WELFARE PLANT ROOM CLAYTON GRANGE:OQAC;
Fillingfir Road	West Park	LS16	53.8352	-1.6098	10:FB3M;11:GLXG;12:FB3N;14:FB34;15:FB32;16:LDYG;17:FB35;18:FB36;19:FCD0;1:M2XI;20:FB37;21:LOVI;22:FEZ0;23:FF7Z;24:FF7Y;25:GM7A;26:FF80;27:FEYZ;28:FF82;29:FF85;2:FB3K;30:M2XF;31:FF87;32:GM7C;33:FF83;34:FF81;35:FEYP;36:GM75;37:M2XE;39:GM79;3:FB2H;41:FEYL;43:GM77;45:LDY2;47:GM78;49:FEYY;4:FB3D;51:FEYR;53:FF8Q;55:FF8S;57:FF8T;59:LDYQ;5:M2XK;61:FCD1;6:FB3H;7:FB3G;8:LDYH;9:FB3C;GARAGE SITE BETWEEN, 1115:FB3O;
Fillingfir Walk	West Park	LS16	53.8345	-1.6093	1 MOOR GRANGE COURT:GM7G;10 MOOR GRANGE COURT:LB0N;11 MOOR GRANGE COURT:FCEN;11:FF8E;12 MOOR GRANGE COURT:L8OB;14 MOOR GRANGE COURT:FCEF;15 MOOR GRANGE COURT:MG8J;15:FF8F;16 MOOR GRANGE COURT:FCEH;17 MOOR GRANGE COURT:FCEJ;17:FF8H;18 MOOR GRANGE COURT:FCEL;19 MOOR GRANGE COURT:FCDV;19:FF89;1:FF8P;2 MOOR GRANGE COURT:FF8M;20 MOOR GRANGE COURT:FCEB;21 MOOR GRANGE COURT:FBDA;21:FF8J;22 MOOR GRANGE COURT:GLXT;23 MOOR GRANGE COURT:FBDC;24 MOOR GRANGE COURT:FBDE;25 MOOR GRANGE COURT:FBDF;26 MOOR GRANGE COURT:FCE3;27 MOOR GRANGE COURT:FCDU;28 MOOR GRANGE COURT:LB0O;29 MOOR GRANGE COURT:FCDX;2:M2XM;3 MOOR GRANGE COURT:M2XG;30 MOOR GRANGE COURT:FCDY;31 MOOR GRANGE COURT:MG8I;32 MOOR GRANGE COURT:LOVU;33 MOOR GRANGE COURT:FCE1;34 MOOR GRANGE COURT:L7K1;35 MOOR GRANGE COURT:FCEM;36 MOOR GRANGE COURT:FCF4;37 MOOR GRANGE COURT:FCF6;38 MOOR GRANGE COURT:MG8L;39 MOOR GRANGE COURT:LDYV;3:LOVS;4 MOOR GRANGE COURT:LB0G;40 MOOR GRANGE COURT:FCF9;41 MOOR GRANGE COURT:M2XP;42 MOOR GRANGE COURT:FCFA;43 MOOR GRANGE COURT:FCFC;44 MOOR GRANGE COURT:FCFE;45 MOOR GRANGE COURT:FCFF;46 MOOR GRANGE COURT:GMXO;47 MOOR GRANGE COURT:FCFH;48 MOOR GRANGE COURT:FCFJ;49 MOOR GRANGE COURT:FCEU;4:FCCX;5 MOOR GRANGE COURT:FCE4;50 MOOR GRANGE COURT:LAYT;51 MOOR GRANGE COURT:FCEO;52 MOOR GRANGE COURT:LAZ0;53 MOOR GRANGE COURT:FCEQ;54 MOOR GRANGE COURT:M2XO;55 MOOR GRANGE COURT:MG8K;56 MOOR GRANGE COURT:LOVV;57 MOOR GRANGE COURT:FCF2;58 MOOR GRANGE COURT:LDYU;59 MOOR GRANGE COURT:FCEW;5:GLYQ;6 MOOR GRANGE COURT:FCE5;60 MOOR GRANGE COURT:FCEX;61 MOOR GRANGE COURT:FCEZ;6:FF8A;7 MOOR GRANGE COURT:M2XN;7:FF8I;8 MOOR GRANGE COURT:FCE7;8:GM7E;9 MOOR GRANGE COURT:FCE9;9:FF8C;GARAGE COURT MOOR GRANGE COURT:FDE9;GROUND FLOOR COMMS ROOM MOOR GRANGE COURT:OPTE;
Finch Drive	Colton	LS15	53.7895	-1.4297	11:JHF5;15:JHF4;17:JHF3;19:JHF2;1:GW6R;21:JHF1;23:JHEX;25:JHEY;27:JHEZ;29:JHF0;31:JHET;33:JHEU;35:JHEV;37:JHEW;3:GW6S;5:GW6T;7:GW6U;9:JHF6;
Finchley Way	Morley	LS27	53.7390	-1.6043	10:H3SL;11:M0O8;12:HMZ0;14:H7R7;15:M0OE;16:HMYZ;17:H7R6;19:H7R4;1:L9CO;21:H7R9;2:H56L;3:H56J;4:H56I;5:M0OI;6:H56O;7:H56F;8:H56E;9:H56A;GARAGE SITE REAR OF, 68:H56C;
Fine Garth Close	Bramham	LS23	53.8825	-1.3518	2:I3AN;3:IY36;4:LC7C;5:HKDU;6:IY35;7:IY33;9:IY31;FINE GARTH, 8:I3AP;
Fink Hill	Horsforth	LS18	53.8354	-1.6446	15:G2QF;17:F74F;19:F74S;21:G4KP;22:G2QN;24:G2QK;26:G2QO;26A:G4KE;28:G3AH;30:LAC6;32:G3AS;3436:LAC7;38:FZED;40:F6F9;42:FSZR;44:G3AA;46:G3AD;48:F73V;50:LIBY;52:F745;54:GRZY;56:F74D;58:G3AZ;FLAT 1 THE WILLOWS COMMUNITY CENTRE:G429;FLAT 1, 3:FZD7;FLAT 10, 5:F654;FLAT 11, 5:LIBI;FLAT 12, 5:G29D;FLAT 13, 7:FSZM;FLAT 14, 7:F6EX;FLAT 15, 7:F6F1;FLAT 16, 7:L7JJ;FLAT 17, 7:MBTN;FLAT 18, 7:F6EM;FLAT 19, 9:F53J;FLAT 2, 3:F9GO;FLAT 20, 9:E4SK;FLAT 21, 9:F53Q;FLAT 22, 9:F53U;FLAT 23, 9:FZE8;FLAT 24, 9:L7JK;FLAT 25, 11:MBTG;FLAT 26, 11:G20E;FLAT 27, 11:G20H;FLAT 28, 11:FV9K;FLAT 29, 11:MF9P;FLAT 3, 3:F9GS;FLAT 30, 11:G297;FLAT 31, 13:F53Z;FLAT 32, 13:KA1A;FLAT 33, 13:KA1B;FLAT 34, 13:G209;FLAT 35, 13:FZEI;FLAT 36, 13:KA19;FLAT 4, 3:G52E;FLAT 5, 3:KD00;FLAT 6, 3:FV8P;FLAT 7, 5:F64Q;FLAT 8, 5:F64U;FLAT 9, 5:F64Z;FLAT TOBY CARVERY:LVX0;
Finkle Court	Gildersome	LS27	53.7555	-1.6326	1:HC7N;2:HBY1;3:HBYB;4:HBYD;5:HBY5;6:HBY7;7:HBY8;8:HC7R;
Finkle Lane	Gildersome	LS27	53.7567	-1.6299	1 THE GROVE:M4WV;1 WINDSOR TERRACE:DAIQ;10 THE GROVE:KCR7;100B:GFQG;102:GFQP;102A:HQSQ;104:GFQY;106:M41N;108:GFQB;11 THE GROVE:J648;110:GFQF;112:GFQI;114:GFQL;116:GD44;118:HRZ8;118A:IG01;11:M40V;12 THE GROVE:MAX0;120:GD4B;13 THE GROVE:J649;13:GBQX;14 THE GROVE:J64A;15 THE GROVE:J64B;15:GBQQ;16 THE GROVE:J64C;17 THE GROVE:LKQ9;17:M7FZ;18 THE GREEN:II2K;18 THE GROVE:KCR8;19 THE GROVE:E6WQ;19:GEG0;2 THE GROVE:J642;2 WINDSOR TERRACE:GD3U;20 THE GREEN:J5W0;20 THE GROVE:J64D;21 THE GROVE:MAO9;21:GCK6;22 THE GROVE:KCIX;23 THE GROVE:J64E;23:GCK1;24 THE GROVE:J64F;25 THE GROVE:J64G;25A:GD3D;26 THE GROVE:J64H;27 THE GROVE:J64I;27:GD35;28 THE GROVE:K6IG;29 THE GROVE:J64J;29:GD3L;3 THE GROVE:J643;3 WINDSOR TERRACE:GD3Y;30 THE GROVE:ME4X;31 THE GROVE:J64K;31:GD3G;32 THE GROVE:K6IH;33 THE GROVE:J64L;33:GEPB;35:II2O;37:GEG6;39:GD2U;4 THE GROVE:J644;4 WINDSOR TERRACE:HLFA;41:GD2I;43:GD2J;45:GD2Q;47:GD2M;5 THE GROVE:J645;5 WINDSOR TERRACE:GD43;51:J5W2;53:GD3H;55:GD3M;57:GD2Y;59:GD33;6 THE GROVE:E6WP;61:GD2W;61A:J5W3;63:LF8Y;65:GCKF;67:LN9N;69:GCJX;7 THE GROVE:MAO8;71:GCK0;73:GCK5;75:M7FY;77:GCKL;79:LVOV;7:JCM3;8 THE GROVE:J646;81:E8SY;83:II2L;85:GEFZ;87:GCKW;89:GAV2;9 THE GROVE:J647;90:GFPU;92:GFQ7;98:GFQR;9:LRQ4;CAR PARK THE GROVE:GFQ6;FLAT AT, 91:GS33;GARAGE SITE REAR OF 20:GD2Z;HOLLIDAY HOUSE, 102C:NSXT;PARK COTTAGE, 100C:M821;PARK HOUSE, 100:GDE4;THE COACH HOUSE, 102B:NJR2;THE STABLE, 100A:HLFP;
