Sixth Avenue	Rothwell	LS26	53.7562	-1.4661	10:HU9G;11:HU9J;12:LCES;13:H2IL;14:H2IE;15:H2IG;16:H2IJ;18:H294;1:HU8P;20:FTEL;22:H2IO;24:FTEE;2:H28H;3:M9WJ;4:HU8N;5:HSQV;6:FTED;7:HU8O;8:HU9B;9:HU9E;
Skelton Avenue	Osmondthorpe	LS9	53.7982	-1.5048	10:KWWZ;11:KWX3;12:HNH2;13:KWX1;14:KWX0;15:HNH1;16:KWO9;17:KWX5;18:JFNV;19:KWOE;1:KWO5;20:KWOD;21:KWOB;22:HNGZ;23:LDPN;24:KWOA;25:KWOC;26:HNH0;27:KWWY;28:F2HN;29:KWX2;2:KWO4;30:KWO3;31:KWNX;32:KWNZ;33:JFNU;34:F2HL;35:HNGX;36:KWO8;37:HNGW;38:KSRH;39:KSRK;3:KWO2;41:KSRM;43:KSRF;45:KW3C;47:KW3D;49:KW3B;4:LM8P;56:KWX7;58:JFNW;5:KWO1;60:KSRE;62:KWXC;64:LM8Q;66:KWXF;68:F2HM;6:KWO0;70:KV0F;72:KV0H;74:KV0K;76:F2R7;78:KV0O;7:HNGV;80:KV0R;9:KWWX;
Skelton Crescent	Osmondthorpe	LS9	53.7976	-1.5039	10:KWNO;11:HNGQ;12:HNGT;1:KV0J;2:KV00;3:KV03;4:KUZW;5:KV08;6:KV0A;7:KV10;8:KWNL;9:KWNM;
Skelton Mount	Osmondthorpe	LS9	53.7992	-1.5044	1:KV14;3:KV17;5:ELGE;7:KXDP;9:DRC2;
Skelton Road	Osmondthorpe	LS9	53.7983	-1.5024	10:DRBX;12:IIL4;14:GTM0;16:LEN1;17:KXDB;18:II4Q;19:KXDG;20:KXDI;21:GTM1;22:IIL9;23:F2RP;24:EODP;25:IGKC;26:HT3T;27:ELGB;28:LMHK;30:IIL5;32:DRC6;34:DRC8;36:DRC3;38:DRCB;40:IIL8;42:KXD6;44:KX2U;46:KX2W;47:F2QI;48:KX2S;49:KX33;50:KX35;51:KX30;52:KW3G;53:KX2F;54:KX2R;55:KX2K;56:KX2N;57:KX2Q;58:KXD7;59:KXD1;60:F2QJ;61:KXD5;62:KXCY;63:KXCE;64:KXCH;65:HT35;66:KSZN;68:LDPV;70:KX4B;
Skelton Street	Osmondthorpe	LS9	53.7992	-1.5048	10:KX54;11:KX57;12:KU9D;14:LW3V;15:KX5C;1:KX4I;2:KX4C;3:IGHP;4:KSZB;5:KSZK;6:IGHR;7:KSZH;8:KSZJ;9:KX4K;
Skelton Terrace	Osmondthorpe	LS9	53.7992	-1.5040	10:KSY4;11:KSY7;12:F2QP;14:KSY3;16:KSYD;17:KSYE;18:LGDA;19:KSXO;20:KSXR;21:KSY2;22:KSXV;23:KSXX;24:KSY0;25:F2QQ;26:IG8O;27:LGDD;28:KSZ6;29:KSZ3;2:KU9B;30:KSZ4;31:LJCI;32:KSZ0;33:KSYJ;34:LGDC;35:IG8L;36:KSYP;37:KSYR;38:KU9F;39:KUBD;40:LGDG;41:KT99;42:KT9C;43:KT9E;44:KT9H;45:F2QS;46:KUAZ;47:KUB1;48:IHHC;49:LW4N;4:F2QO;50:KUB6;51:KUB9;52:LGE4;53:KTA4;54:KTA7;55:KTA9;56:KTA2;57:KUZR;58:KUZT;59:KTAB;5:KX4O;61:KT9N;63:KT9Q;65:KTA1;67:KT9U;6:KX4Q;7:KX4V;8:KX4Y;9:KSYV;
Skeltons Lane	Whinmoor	LS14	53.8403	-1.4588	SKELTON HALL FARM:KWNJ;THE GATEHOUSE:KV12;
Skelwith Approach	Seacroft	LS14	53.8101	-1.4676	1:KT9X;2:KT9Z;3:KUBA;4:KUA1;
SKELWITH WALK	Seacroft	LS14	53.8320	-1.4600	10:KU9L;12:KU9E;14:MD8P;16:KU9Q;18:KUAE;20:MD8Q;22:KUAP;24:LGE3;26:KUAM;28:IH8P;2:IH8H;30:KUAW;32:KUAT;34:KUAB;36:IH8J;38:IH8M;40:KUAF;42:IH8L;44:KUAK;46:KXCQ;48:KTV4;4:KUA8;50:IJEF;52:KTVH;54:KTVA;56:KTVD;58:KTVF;60:LEWN;62:KTUR;64:JG82;66:KTUW;68:MD8J;6:LGE1;70:KTUZ;72:KW4U;8:KU9I;
Skinner Lane	Sheepscar	LS7	53.8037	-1.5328	1 LOVELL HOUSE, 4:L52Z;1 TWENTY TWENTY:EYHY;10 LOVELL HOUSE, 4:L536;10 TWENTY TWENTY:FZHU;100 TWENTY TWENTY:L9PC;101 TWENTY TWENTY:EZRV;102 TWENTY TWENTY:EZRU;103 TWENTY TWENTY:GXY0;104 TWENTY TWENTY:EZRT;105 TWENTY TWENTY:FZIB;106 TWENTY TWENTY:EZRP;107 TWENTY TWENTY:LWOB;108 TWENTY TWENTY:EZRO;109 TWENTY TWENTY:EZRN;10A TWENTY TWENTY:NIDL;11 LOVELL HOUSE, 4:L537;11 TWENTY TWENTY:LBAB;110 TWENTY TWENTY:EZRM;111 TWENTY TWENTY:GWH8;112 TWENTY TWENTY:EZRL;113 TWENTY TWENTY:EZRJ;114 TWENTY TWENTY:LAQD;115 TWENTY TWENTY:EZRI;116 TWENTY TWENTY:M5CO;117 TWENTY TWENTY:FZIA;118 TWENTY TWENTY:EZRH;119 TWENTY TWENTY:EZRK;11A TWENTY TWENTY:NIDM;12 LOVELL HOUSE, 4:GXO7;12 TWENTY TWENTY:EYHN;120 TWENTY TWENTY:L9PA;121 TWENTY TWENTY:EZSF;122 TWENTY TWENTY:L9PF;123 TWENTY TWENTY:LWOC;124 TWENTY TWENTY:EZSG;125 TWENTY TWENTY:EZSH;126 TWENTY TWENTY:EZSC;127 TWENTY TWENTY:EZSD;128 TWENTY TWENTY:EZSE;129 TWENTY TWENTY:GWH9;12A TWENTY TWENTY:NIDN;13 TWENTY TWENTY:EYHM;130 TWENTY TWENTY:GWGT;131 TWENTY TWENTY:EYI9;132 TWENTY TWENTY:EYI8;133 TWENTY TWENTY:EYI7;134 TWENTY TWENTY:LBAE;135 TWENTY TWENTY:EYI6;136 TWENTY TWENTY:LAHX;137 TWENTY TWENTY:EYI5;138 TWENTY TWENTY:EYI4;139 TWENTY TWENTY:EYI3;13A TWENTY TWENTY:NIDO;14 LOVELL HOUSE, 4:L538;14 TWENTY TWENTY:EYHL;140 TWENTY TWENTY:EYI2;141 TWENTY TWENTY:GWQF;142 TWENTY TWENTY:EYI1;143 TWENTY TWENTY:LBAD;144 TWENTY TWENTY:EYI0;145 TWENTY TWENTY:EYHZ;146 TWENTY TWENTY:EYHP;147 TWENTY TWENTY:EYHO;148 TWENTY TWENTY:EYHR;149 TWENTY TWENTY:EYHQ;14A TWENTY TWENTY:NIDP;15 LOVELL HOUSE, 4:L539;15 TWENTY TWENTY:EYHK;150 TWENTY TWENTY:EYIA;151 TWENTY TWENTY:M1GW;152 TWENTY TWENTY:FZHX;153 TWENTY TWENTY:EYJ2;154 TWENTY TWENTY:KC4C;155 TWENTY TWENTY:GY0M;156 TWENTY TWENTY:GWGU;157 TWENTY TWENTY:EYJ1;158 TWENTY TWENTY:KC4B;159 TWENTY TWENTY:EYJ0;15A TWENTY TWENTY:NIDQ;16 LOVELL HOUSE, 4:KBSU;16 TWENTY TWENTY:EYHJ;160 TWENTY TWENTY:EYIZ;161 TWENTY TWENTY:EYIY;162 TWENTY TWENTY:EYIX;163 TWENTY TWENTY:EYIW;164 TWENTY TWENTY:M1GV;165 TWENTY TWENTY:L7U2;166 TWENTY TWENTY:EYIV;167 TWENTY TWENTY:EYIN;168 TWENTY TWENTY:EYIM;169 TWENTY TWENTY:EYIP;16A TWENTY TWENTY:NIDR;17 LOVELL HOUSE, 4:L53A;17 TWENTY TWENTY:GWGS;170 TWENTY TWENTY:EYIO;171 TWENTY TWENTY:EYJ3;172 TWENTY TWENTY:KC4J;173 TWENTY TWENTY:EYS6;174 TWENTY TWENTY:FZHZ;175 TWENTY TWENTY:EYS5;176 TWENTY TWENTY:GWLS;177 TWENTY TWENTY:L8VC;178 TWENTY TWENTY:EYS4;179 TWENTY TWENTY:EYS3;17A TWENTY TWENTY:NIDS;18 LOVELL HOUSE, 4:L53B;18 TWENTY TWENTY:LAGG;180 TWENTY TWENTY:EYS2;181 TWENTY TWENTY:KC4I;182 TWENTY TWENTY:EYS1;183 TWENTY TWENTY:EYS0;184 TWENTY TWENTY:EYRZ;185 TWENTY TWENTY:M1GY;186 TWENTY TWENTY:KC4H;187 TWENTY TWENTY:EYRY;188 TWENTY TWENTY:EYJD;189 TWENTY TWENTY:KC4F;18A TWENTY TWENTY:NIDT;19 LOVELL HOUSE, 4:FYAF;19 TWENTY TWENTY:LAHV;190 TWENTY TWENTY:FZHY;191 TWENTY TWENTY:L7U4;192 TWENTY TWENTY:EYS7;193 TWENTY TWENTY:EZRF;194 TWENTY TWENTY:L8VG;195 TWENTY TWENTY:EZRE;196 TWENTY TWENTY:EZRD;197 TWENTY TWENTY:EZRC;198 TWENTY TWENTY:EZRB;199 TWENTY TWENTY:EZRA;19A TWENTY TWENTY:NIDU;1A TWENTY TWENTY:NIDC;2 LOVELL HOUSE, 4:L530;2 TWENTY TWENTY:EYHX;20 LOVELL HOUSE, 4:L53C;20 TWENTY TWENTY:EYHE;200 TWENTY TWENTY:EZR9;201 TWENTY TWENTY:EZR8;202 TWENTY TWENTY:M74R;203 TWENTY TWENTY:EZR7;204 TWENTY TWENTY:EZR6;205 TWENTY TWENTY:LAQC;206 TWENTY TWENTY:EZR5;207 TWENTY TWENTY:FZI9;208 TWENTY TWENTY:EZR4;209 TWENTY TWENTY:L8VE;20A TWENTY TWENTY:NIDV;21 LOVELL HOUSE, 4:M5ZO;21 TWENTY TWENTY:EYHF;210 TWENTY TWENTY:EYSF;211 TWENTY TWENTY:KC4M;212 TWENTY TWENTY:FZI0;213 TWENTY TWENTY:EZRG;214 TWENTY TWENTY:EZSA;215 TWENTY TWENTY:EZS9;216 TWENTY TWENTY:L9PE;217 TWENTY TWENTY:EZS8;218 TWENTY TWENTY:EZS7;219 TWENTY TWENTY:LAQE;21A TWENTY TWENTY:NIDW;22 LOVELL HOUSE, 4:M4U9;22 TWENTY TWENTY:EYHG;220 TWENTY TWENTY:EZS6;221 TWENTY TWENTY:FZIC;222 TWENTY TWENTY:EZS5;223 TWENTY TWENTY:EZS4;224 TWENTY TWENTY:EZS3;225 TWENTY TWENTY:L9PD;226 TWENTY TWENTY:EZS2;227 TWENTY TWENTY:EZS1;228 TWENTY TWENTY:EZS0;229 TWENTY TWENTY:EZRZ;22A TWENTY TWENTY:NIDX;23 LOVELL HOUSE, 4:LY09;23 TWENTY TWENTY:EYHI;230 TWENTY TWENTY:EZRQ;231 TWENTY TWENTY:L9PB;232 TWENTY TWENTY:EZRS;233 TWENTY TWENTY:EZRR;234 TWENTY TWENTY:EZSB;235 TWENTY TWENTY:KC52;236 TWENTY TWENTY:EZSJ;237 TWENTY TWENTY:EZSK;238 TWENTY TWENTY:L9PG;239 TWENTY TWENTY:EVOE;23A TWENTY TWENTY:NIDY;24 LOVELL HOUSE, 4:L53D;24 TWENTY TWENTY:EYHH;240 TWENTY TWENTY:FZID;241 TWENTY TWENTY:LAQF;242 TWENTY TWENTY:EZSI;243 TWENTY TWENTY:LB7M;244 TWENTY TWENTY:EVFA;245 TWENTY TWENTY:EVFB;246 TWENTY TWENTY:EVFC;247 TWENTY TWENTY:EVFD;248 TWENTY TWENTY:EVFE;249 TWENTY TWENTY:EVFF;25 LOVELL HOUSE, 4:L53E;25 TWENTY TWENTY:LAHZ;250 TWENTY TWENTY:EVFG;251 TWENTY TWENTY:EVFH;252 TWENTY TWENTY:LB7N;253 TWENTY TWENTY:EVFI;254 TWENTY TWENTY:EVFJ;255 TWENTY TWENTY:EVFK;256 TWENTY TWENTY:EVFL;257 TWENTY TWENTY:EVFM;258 TWENTY TWENTY:EVFN;259 TWENTY TWENTY:LAQO;26 LOVELL HOUSE, 4:L53F;26 TWENTY TWENTY:EYIU;260 TWENTY TWENTY:LB7O;261 TWENTY TWENTY:EVFO;262 TWENTY TWENTY:EVO3;263 TWENTY TWENTY:EVO4;264 TWENTY TWENTY:EVO5;265 TWENTY TWENTY:EVO6;266 TWENTY TWENTY:EVO7;267 TWENTY TWENTY:EVO8;268 TWENTY TWENTY:EVO9;269 TWENTY TWENTY:LB7P;27 LOVELL HOUSE, 4:L53G;27 TWENTY TWENTY:EYIT;270 TWENTY TWENTY:EVOA;271 TWENTY TWENTY:EVOB;272 TWENTY TWENTY:EVOC;28 LOVELL HOUSE, 4:L53H;28 TWENTY TWENTY:EYIS;29 LOVELL HOUSE, 4:L53I;29 TWENTY TWENTY:EYIR;2A TWENTY TWENTY:NIDD;3 LOVELL HOUSE, 4:FYAE;3 TWENTY TWENTY:EYHW;30 LOVELL HOUSE, 4:M4UA;30 TWENTY TWENTY:FZHW;31 LOVELL HOUSE, 4:L7TQ;31 TWENTY TWENTY:EYIQ;32 LOVELL HOUSE, 4:L53J;32 TWENTY TWENTY:LBAH;33 LOVELL HOUSE, 4:L53K;33 TWENTY TWENTY:LWO1;34 LOVELL HOUSE, 4:FYAG;34 TWENTY TWENTY:EYIL;35 LOVELL HOUSE, 4:L53L;35 TWENTY TWENTY:EYIK;36 LOVELL HOUSE, 4:L53M;36 TWENTY TWENTY:LBAG;37 LOVELL HOUSE, 4:L53N;37 TWENTY TWENTY:EYIJ;38 LOVELL HOUSE, 4:L53O;38 TWENTY TWENTY:EYII;39 LOVELL HOUSE, 4:L53P;39 TWENTY TWENTY:LAHY;3A TWENTY TWENTY:NIDE;4 LOVELL HOUSE, 4:L7TI;4 TWENTY TWENTY:EYHV;40 LOVELL HOUSE, 4:L8ND;40 TWENTY TWENTY:EYIH;41 LOVELL HOUSE, 4:L53Q;41 TWENTY TWENTY:EYIE;42 LOVELL HOUSE, 4:M4UB;42 TWENTY TWENTY:FZHV;43 LOVELL HOUSE, 4:L53R;43 TWENTY TWENTY:LBAF;44 LOVELL HOUSE, 4:L53S;44 TWENTY TWENTY:EYIB;45 LOVELL HOUSE, 4:KD3S;45 TWENTY TWENTY:EYIC;46 LOVELL HOUSE, 4:L53T;46 TWENTY TWENTY:EYID;47 LOVELL HOUSE, 4:L4HR;47 TWENTY TWENTY:EYIG;48 LOVELL HOUSE, 4:L4HS;48 TWENTY TWENTY:EYIF;49 LOVELL HOUSE, 4:L8NE;49 TWENTY TWENTY:L7U5;4A TWENTY TWENTY:NIDF;5 LOVELL HOUSE, 4:L531;5 TWENTY TWENTY:EYHU;50 LOVELL HOUSE, 4:KD3T;50 TWENTY TWENTY:EYRX;51 LOVELL HOUSE, 4:FYAH;51 TWENTY TWENTY:LWO2;52 LOVELL HOUSE, 4:L4HT;52 TWENTY TWENTY:KC4G;53 LOVELL HOUSE, 4:L4HU;53 TWENTY TWENTY:LAQ1;54 LOVELL HOUSE, 4:L4HV;54 TWENTY TWENTY:EYRW;55 LOVELL HOUSE, 4:KD3U;55 TWENTY TWENTY:EYRV;56 LOVELL HOUSE, 4:M4UC;56 TWENTY TWENTY:EYJE;57 LOVELL HOUSE, 4:L4HW;57 TWENTY TWENTY:FVDJ;58 LOVELL HOUSE, 4:GXO8;58 TWENTY TWENTY:EYJC;59 LOVELL HOUSE, 4:KD3V;59 TWENTY TWENTY:M1GX;5A TWENTY TWENTY:NIDG;6 LOVELL HOUSE, 4:L532;6 TWENTY TWENTY:LBAC;60 LOVELL HOUSE, 4:L4HX;60 TWENTY TWENTY:EYJB;61 LOVELL HOUSE, 4:L8NF;61 TWENTY TWENTY:EYJA;62 LOVELL HOUSE, 4:L4HY;62 TWENTY TWENTY:KC4E;63 LOVELL HOUSE, 4:LY0A;63 TWENTY TWENTY:EYJ9;64 LOVELL HOUSE, 4:KD3W;64 TWENTY TWENTY:EYJ8;65 LOVELL HOUSE, 4:LAGA;65 TWENTY TWENTY:KC4D;66 LOVELL HOUSE, 4:L4HZ;66 TWENTY TWENTY:EYJ6;67 LOVELL HOUSE, 4:L4I0;67 TWENTY TWENTY:EYJ5;68 LOVELL HOUSE, 4:L4I1;68 TWENTY TWENTY:M4VC;69 LOVELL HOUSE, 4:KD3X;69 TWENTY TWENTY:EYJ4;6A TWENTY TWENTY:NIDH;7 LOVELL HOUSE, 4:L533;7 TWENTY TWENTY:EYHT;70 LOVELL HOUSE, 4:FYAI;70 TWENTY TWENTY:LAQ0;71 LOVELL HOUSE, 4:M4UD;71 TWENTY TWENTY:EYJ7;72 LOVELL HOUSE, 4:L4I2;72 TWENTY TWENTY:L7U3;73 LOVELL HOUSE, 4:KD3Y;73 TWENTY TWENTY:EZR3;74 LOVELL HOUSE, 4:L4I3;74 TWENTY TWENTY:EZR2;75 LOVELL HOUSE, 4:L4I4;75 TWENTY TWENTY:L8VF;76 LOVELL HOUSE, 4:L4I5;76 TWENTY TWENTY:EYSJ;77 LOVELL HOUSE, 4:L8Y5;77 TWENTY TWENTY:KC4N;78 LOVELL HOUSE, 4:KD3Z;78 TWENTY TWENTY:LAQ3;79 LOVELL HOUSE, 4:L4I6;79 TWENTY TWENTY:EYSI;7A TWENTY TWENTY:NIDI;8 LOVELL HOUSE, 4:L534;8 TWENTY TWENTY:LAHW;80 LOVELL HOUSE, 4:L4I7;80 TWENTY TWENTY:EYSH;81 LOVELL HOUSE, 4:L8P4;81 TWENTY TWENTY:EYSG;82 TWENTY TWENTY:M1H0;83 TWENTY TWENTY:M4VD;84 TWENTY TWENTY:EYSE;85 TWENTY TWENTY:EYSD;86 TWENTY TWENTY:EYSC;87 TWENTY TWENTY:EYSB;88 TWENTY TWENTY:KC4L;89 TWENTY TWENTY:L8VD;8A TWENTY TWENTY:NIDJ;9 LOVELL HOUSE, 4:L535;9 TWENTY TWENTY:EYHS;90 TWENTY TWENTY:EYS9;91 TWENTY TWENTY:KC4K;92 TWENTY TWENTY:LAQ2;93 TWENTY TWENTY:M1GZ;94 TWENTY TWENTY:EYS8;95 TWENTY TWENTY:EYSA;96 TWENTY TWENTY:GWGV;97 TWENTY TWENTY:EZRY;98 TWENTY TWENTY:EZRX;99 TWENTY TWENTY:EZRW;9A TWENTY TWENTY:NIDK;FLAT 101 VICTORIA HOUSE, 12:NRWD;FLAT 102 VICTORIA HOUSE, 12:NRWF;FLAT 103 VICTORIA HOUSE, 12:NRWH;FLAT 104 VICTORIA HOUSE, 12:NRWI;FLAT 105 VICTORIA HOUSE, 12:NRWG;FLAT 106 VICTORIA HOUSE, 12:NRWE;FLAT 107 VICTORIA HOUSE, 12:NRWC;FLAT 108 VICTORIA HOUSE, 12:NRWL;FLAT 109 VICTORIA HOUSE, 12:NRWN;FLAT 110 VICTORIA HOUSE, 12:NRWP;FLAT 111 VICTORIA HOUSE, 12:NRWO;FLAT 112 VICTORIA HOUSE, 12:NRWM;FLAT 113 VICTORIA HOUSE, 12:NRWK;FLAT 114 VICTORIA HOUSE, 12:NRWJ;FLAT 201 VICTORIA HOUSE, 12:NRWR;FLAT 202 VICTORIA HOUSE, 12:NRWT;FLAT 203 VICTORIA HOUSE, 12:NRWV;FLAT 204 VICTORIA HOUSE, 12:NRWW;FLAT 205 VICTORIA HOUSE, 12:NRWU;FLAT 206 VICTORIA HOUSE, 12:NRWS;FLAT 207 VICTORIA HOUSE, 12:NRWQ;FLAT 208 VICTORIA HOUSE, 12:NRWZ;FLAT 209 VICTORIA HOUSE, 12:NRX1;FLAT 210 VICTORIA HOUSE, 12:NRX3;FLAT 211 VICTORIA HOUSE, 12:NRX2;FLAT 212 VICTORIA HOUSE, 12:NRX0;FLAT 213 VICTORIA HOUSE, 12:NRWY;FLAT 214 VICTORIA HOUSE, 12:NRWX;FLAT 301 VICTORIA HOUSE, 12:NRX5;FLAT 302 VICTORIA HOUSE, 12:NRX7;FLAT 303 VICTORIA HOUSE, 12:NRX9;FLAT 304 VICTORIA HOUSE, 12:NRXA;FLAT 305 VICTORIA HOUSE, 12:NRX8;FLAT 306 VICTORIA HOUSE, 12:NRX6;FLAT 307 VICTORIA HOUSE, 12:NRX4;FLAT 308 VICTORIA HOUSE, 12:NRXD;FLAT 309 VICTORIA HOUSE, 12:NRXF;FLAT 310 VICTORIA HOUSE, 12:NRXH;FLAT 311 VICTORIA HOUSE, 12:NRXG;FLAT 312 VICTORIA HOUSE, 12:NRXE;FLAT 313 VICTORIA HOUSE, 12:NRXC;FLAT 314 VICTORIA HOUSE, 12:NRXB;FLAT 401 VICTORIA HOUSE, 12:NRXJ;FLAT 402 VICTORIA HOUSE, 12:NRXL;FLAT 403 VICTORIA HOUSE, 12:NRXN;FLAT 404 VICTORIA HOUSE, 12:NRXO;FLAT 405 VICTORIA HOUSE, 12:NRXM;FLAT 406 VICTORIA HOUSE, 12:NRXK;FLAT 407 VICTORIA HOUSE, 12:NRXI;FLAT 408 VICTORIA HOUSE, 12:NRXR;FLAT 409 VICTORIA HOUSE, 12:NRXT;FLAT 410 VICTORIA HOUSE, 12:NRXV;FLAT 411 VICTORIA HOUSE, 12:NRXU;FLAT 412 VICTORIA HOUSE, 12:NRXS;FLAT 413 VICTORIA HOUSE, 12:NRXQ;FLAT 414 VICTORIA HOUSE, 12:NRXP;FLAT 501 VICTORIA HOUSE, 12:NRXX;FLAT 502 VICTORIA HOUSE, 12:NRXZ;FLAT 503 VICTORIA HOUSE, 12:NRY1;FLAT 504 VICTORIA HOUSE, 12:NRY2;FLAT 505 VICTORIA HOUSE, 12:NRY0;FLAT 506 VICTORIA HOUSE, 12:NRXY;FLAT 507 VICTORIA HOUSE, 12:NRXW;FLAT 508 VICTORIA HOUSE, 12:NRY5;FLAT 509 VICTORIA HOUSE, 12:NRY7;FLAT 510 VICTORIA HOUSE, 12:NRY9;FLAT 511 VICTORIA HOUSE, 12:NRY8;FLAT 512 VICTORIA HOUSE, 12:NRY6;FLAT 513 VICTORIA HOUSE, 12:NRY4;FLAT 514 VICTORIA HOUSE, 12:NRY3;FLAT 601 VICTORIA HOUSE, 12:NRYB;FLAT 602 VICTORIA HOUSE, 12:NRYD;FLAT 603 VICTORIA HOUSE, 12:NRYF;FLAT 604 VICTORIA HOUSE, 12:NRYG;FLAT 605 VICTORIA HOUSE, 12:NRYE;FLAT 606 VICTORIA HOUSE, 12:NRYC;FLAT 607 VICTORIA HOUSE, 12:NRYA;FLAT 608 VICTORIA HOUSE, 12:NRYJ;FLAT 609 VICTORIA HOUSE, 12:NRYL;FLAT 610 VICTORIA HOUSE, 12:NRYN;FLAT 611 VICTORIA HOUSE, 12:NRYM;FLAT 612 VICTORIA HOUSE, 12:NRYK;FLAT 613 VICTORIA HOUSE, 12:NRYI;FLAT 614 VICTORIA HOUSE, 12:NRYH;FLAT 701 VICTORIA HOUSE, 12:NRYP;FLAT 702 VICTORIA HOUSE, 12:NRYR;FLAT 703 VICTORIA HOUSE, 12:NRYT;FLAT 704 VICTORIA HOUSE, 12:NRYU;FLAT 705 VICTORIA HOUSE, 12:NRYS;FLAT 706 VICTORIA HOUSE, 12:NRYQ;FLAT 707 VICTORIA HOUSE, 12:NRYO;FLAT 708 VICTORIA HOUSE, 12:NRYX;FLAT 709 VICTORIA HOUSE, 12:NRYZ;FLAT 710 VICTORIA HOUSE, 12:NRZ1;FLAT 711 VICTORIA HOUSE, 12:NRZ0;FLAT 712 VICTORIA HOUSE, 12:NRYY;FLAT 713 VICTORIA HOUSE, 12:NRYW;FLAT 714 VICTORIA HOUSE, 12:NRYV;FLAT 801 VICTORIA HOUSE, 12:NRZ3;FLAT 802 VICTORIA HOUSE, 12:NVND;FLAT 803 VICTORIA HOUSE, 12:NVNC;FLAT 804 VICTORIA HOUSE, 12:NRZ2;FLAT 805 VICTORIA HOUSE, 12:NVNE;FLAT 806 VICTORIA HOUSE, 12:NVNG;FLAT 807 VICTORIA HOUSE, 12:NVNH;FLAT 808 VICTORIA HOUSE, 12:NVNF;
SKIPTON CLOSE	East Ardsley	WF3	53.7269	-1.5516	1:KEQF;2:KEQG;3:KEQH;4:KEQI;
SKIPTON LANE	Garforth	LS25	53.7921	-1.3883	11:NYJN;1:NYJI;2:NYJH;3:NYJJ;4:NYJG;5:NYJK;6:NYJF;7:NYJL;9:NYJM;
Skipton Rise	Garforth	LS25	53.7940	-1.3702	10:FWTT;11:GSFO;12:GDAE;13:GD1G;14:GDAI;15:GDBB;16:GDB9;17:GSFQ;19:GDB7;1:GFJT;21:GDAT;23:GDBC;25:GDB1;27:GDAY;29:GDAW;2:GFJR;3:HNNE;4:GDAS;5:GDAQ;6:GDAP;7:LRP6;8:GDAL;9:GDAJ;
Skye View	Rothwell	LS26	53.7486	-1.4720	10:GCHS;11:GCHM;1:L208;2:L209;3:HQSV;4:GASK;5:GAS3;6:GCHD;7:GCH9;8:HQTT;9:GCHN;BIN STORE REAR OF 7:MMJ2;
Slade Close	Boston Spa	LS23	53.9012	-1.3475	11:HM3Q;13:I3KT;15:I3KS;17:HM3P;1:I3KJ;2:I284;3:LZNJ;4:H5IV;5:I3KR;6:HR31;7:I3KX;8:I3KW;9:I3KV;
SLAID HILL COURT	Alwoodley	LS17	53.8517	-1.5409	20:JXDG;22:JXDJ;26:JXDL;28:JXD7;30:IUN7;32:IUN4;34:IUWR;GARAGE SITE REAR:HLIX;
Sledmere Croft	Swarcliffe	LS14	53.8257	-1.4504	1:KWFH;2:KWFK;3:KWFG;4:KW6E;5:KW6G;6:KW6P;7:KW6K;8:KW6L;
Sledmere Garth	Swarcliffe	LS14	53.8254	-1.4477	1:KWFL;2:KUJ2;3:KUJD;4:KUJ6;
SLEDMERE GREEN	Swarcliffe	LS14	53.8165	-1.4473	10:KW5E;11:KW59;12:KT86;14:KT88;15:KT8B;16:KT8D;17:KT8G;18:KW5N;19:KW5Y;1:KUJB;20:KW61;21:KW64;22:LW3J;23:F3OF;24:KW68;25:KW5P;2:F3OG;3:KWFQ;4:KTJF;5:KTJI;6:KW58;7:LDPA;8:KW5B;9:KW5D;
Sledmere Lane	Swarcliffe	LS14	53.8261	-1.4499	10:IIJD;12:ELIA;14:F4E7;15:DZQ2;16:DSE7;17:DZQ0;18:GTMP;20:DSMT;22:HT3Z;24:ELHW;26:ELHY;28:ELHZ;2:KW5H;30:IIJB;32:ELI4;34:HN07;36:KUVT;38:KUVU;40:KUVX;42:LUWZ;44:KUW2;46:KUW4;48:GTMQ;4:KW5Q;6:KW5U;8:KTKO;GARAGE SITE:F3OB;
Sledmere Place	Swarcliffe	LS14	53.8252	-1.4495	1:DSMW;2:DSN7;3:DSN4;4:ELGK;5:ELH3;6:ELHF;7:ELHI;8:F4O1;GARAGE SITE:DBJ1;
Sledmere Square	Swarcliffe	LS14	53.8253	-1.4497	10:KTK5;11:DT0A;12:KTKC;14:DT07;15:HN12;16:KV64;17:KTJQ;18:KTJT;19:KTJV;1:ELHD;20:KTJX;21:KSVP;2:HT3X;3:ELGZ;4:ELH2;5:ELHC;6:ELH6;7:ELH8;8:ELHA;9:HN09;
Smalewell Close	Pudsey	LS28	53.7903	-1.6725	10:JQ5F;11:JQ5O;12:JQ59;13:JT9G;14:JU9U;15:LIV0;16:JSYR;17:JSXG;18:JSXO;19:JU51;1:GPE5;20:JSXL;21:JRWX;22:JRX2;23:JRX8;24:JRX4;25:JSYK;26:M54R;27:JSYX;28:HQEM;2:JT9B;3:GPE7;4:GXDE;5:HQEN;6:JSZ0;7:GPE3;8:JQ5M;9:JQ5G;GARAGE SITE:DC00;
Smalewell Drive	Pudsey	LS28	53.7914	-1.6775	10:GNCI;11:JUIE;12:JUIT;13:JUIQ;14:JUHV;15:JUI1;16:JUI8;17:LNOD;18:JUJO;19:JUJJ;1:JRHF;20:JQ95;2123:JQ90;22:JUIZ;24:LNOF;25:GNCO;26:KS7U;27:KS5Y;28:KS6D;29:KS77;2:LS6X;30:KS6L;31:KP9U;32:KS62;33:KS7M;34:KS6J;36:KS87;38:KPA5;3:IQZ6;40:KS6C;42:KS79;44:KPA1;4:GURU;5:MD5T;6:IQY8;7:IQYL;8:IQYN;9:IQYG;
Smalewell Gardens	Pudsey	LS28	53.7914	-1.6805	91:HFJQ;97:HEM2;99:HELV;ROSE COTTAGE:HELS;SMALEWELL HALL:MB6R;THE BUNGALOW, 95:HELP;THE COTTAGE:HFJ9;UPPER SMALEWELL HALL:JAVE;WEAVERS COTTAGE, 93:K7NR;
Smalewell Green	Pudsey	LS28	53.7897	-1.6713	11:HFJY;15:LLXY;17:HELQ;19:LVRC;1:HFKI;21:MB8N;3:HFKB;5:HFKH;7:HFJR;9:HFJU;
Smalewell Road	Pudsey	LS28	53.7905	-1.6777	100:HIOI;101:HIOH;102:M0ZP;103:IBND;105:LPXH;106:IC0C;108:IC0E;110:KAES;112:KAET;114:KAEV;116:KAEW;118:KAEZ;119:LHIG;11:IRE3;120:ICXL;121:ICY4;123:IAOV;125:M0ZJ;126:IBZX;127129:M0ZE;128:IBZ4;130:IAZH;132:JEJD;134:LQVB;136:MB7S;138:HI88;13:IREA;156:JEJ6;158:HFA1;160:MB8V;16:IREC;171:HFAA;173:HI8Y;1820:IQQ2;1:KP9S;1A:JRLJ;21A:IQPF;21B:IQPH;22:IRGC;23:KQVN;24:KQVT;25:KQW0;26:KQV9;2729:HSA1;28:KRWD;2:KS75;30:KRWK;31:KRWQ;32:M54Z;33:GMB4;34:M54Y;35:KRW5;3:IROK;40:KQVJ;42:IRFR;43:LCQ6;44:IRG2;45:IRG8;46:JTSP;47:JTSV;49:IPNU;4:GN9V;50:IRH4;51:IRGZ;52:GQD2;53:JTSG;55:M7RJ;59:ID9J;5:M53T;60:HIOB;61:HGZ9;62:HGZV;63:IAC3;64:IAO9;65:IAO7;69:IDLJ;6:IRO3;6A:MC26;77:LR4C;79:IENM;7:IRFK;81:I9LH;83:IEMZ;85:IENK;87:LMCM;88:I9MF;89:IAOH;90:IAOF;91:KCVL;92:IACB;93:JAAL;94:HINS;95:MEPE;96:HGYZ;97:HGZI;98:IBUN;99:IBLJ;9:LDWI;COACH HOUSE FARM, 180:HI94;FLAT THE FOX AND GRAPES, 124:LCML;GARAGE SITE ADJACENT TO 59:M0ZO;GARAGE SITE OPPOSITE SMALEWELL GREEN:KS6O;GARAGE SITE REAR OF 18:KS5W;GARAGE SITE REAR OF 40:DBF7;GARAGE SITE REAR OF 55:IC02;TUMBLEWELL STABLES, 140:O3QK;
Smeaton Grove	Swillington	LS26	53.7700	-1.4201	10:DXGG;11:DXGJ;12:JCO2;13:JCNY;14:DXQ8;15:F3KO;16:DYS4;17:DYS8;18:DYSR;19:DYSO;1:L0CD;20:DYSK;21:F3KN;22:DYRM;23:DYRK;24:DYS2;25:DYRY;26:DYRT;27:LU5E;28:IGSR;29:DWD5;2:L0CE;31:DWD7;33:JBHK;35:DXEG;3:DV7Q;4:LU96;5:DXQM;6:DYRD;7:JBRN;8:DV7V;9:DXQ4;GARAGE SITE REAR OF, 26:HQ83;
Smiddy Hill	Walton	LS23	53.9230	-1.3268	1:LJ83;FIELD HOUSE FARM HOUSE:FJEM;WALTON OLD HALL:FJPL;
Smithson Street	Rothwell	LS26	53.7468	-1.4770	10:I001;11:HP7C;12:IZBZ;13:FTCU;14:H16F;15:H16H;16:H16J;18:H16E;1:H12X;20:H16O;22:HP7B;3:H16U;5:H16X;7:H16Q;9:FTCZ;
Smithy Court	Collingham	LS22	53.9084	-1.4105	1:FY6H;2:IN3D;3:FUEY;4:IN35;5:IN3G;6:IN3A;7:IN39;8:IN37;
Smithy Lane	Bardsey	LS17	53.8801	-1.4511	HOLLY HOUSE COTTAGE:K8LD;HOLLY HOUSE:E6MB;IVY COTTAGE:IKY1;
Smithy Lane	Cookridge	LS16	53.8634	-1.6196	10:FMRX;12:E9DZ;14:FMSB;16:FMSG;18:FMSF;21:FMSE;23:FMSC;25:GW4Y;27:GIZ8;29:FMSH;2:FMS4;31:FMSA;33:FMS8;35:JBP1;37:FMS7;39:FMS6;41:JBP7;43:FPBV;4:FMS0;6:JBOZ;8:FMRY;BRACKENSIDE:K8LE;BURWAINS:JBP3;EAST BARN 1 MOSELEY WOOD FARM:FES0;FLAT CRAG HOUSE CROFT:GT8A;GREY BRIARS:NU7E;KINGS LEA FARM:L793;MOSELEY FARMHOUSE:KAJI;THE BYRE 4 MOSELEY WOOD FARM:GRH7;THE FARMHOUSE 3 MOSELEY WOOD FARM:FES3;WEST BARN 2 MOSELEY WOOD FARM:E8DO;
Smithy Lane	West Ardsley	WF3	53.7252	-1.5846	10:DYR0;12:EUF1;17:EUET;19:ETCK;21:ETCF;23:ETCH;25:FNR2;27:JET0;29:EPR9;2:EUDO;30:EQNM;31:EPRE;32:JET3;33:EPQV;34:EPQX;35:EPR5;36:EPR2;37:HRH7;38:EQNO;39:EQO1;3:EUDU;40:EQO3;41:EQOF;42:EQOA;43:E5GV;44:LFWW;45:LFWU;46:EQNS;47:EQNV;48:EQNZ;49:JDVW;4:EUDX;51:E9LU;53:E9LP;55:EUV6;57:EUVA;59:EUVD;61:GVJX;63:EUV7;65:EUUP;67:EUUZ;69:EUUU;6:DYR4;71:EUUV;73:EPQ4;75:EPQH;77:EPQJ;79:EPQT;81:JESU;83:HRH6;85:EPQS;87:EPQ5;8:EUES;GARAGE SITE ADJACENT TO, 17:EUEF;GRANNY FLAT, 2:GLKA;
Smithy Mills Lane	Adel	LS16	53.8435	-1.5821	1:JGJE;1A:E396;3:JGJJ;BUNGALOW NEW ROVER CRICKET CLUB:GEAU;SOUTH LODGE:JX1T;
Snaith Wood Drive	Rawdon	LS19	53.8417	-1.6779	10:KCPA;11:E3AA;12:E3AB;1:E3A4;2:E3A5;3:E3A6;4:E3A7;5:KCP9;6:GWEM;7:GXP6;8:E3A8;9:E3A9;WOODLANDS LODGE, 14:FZFV;
Snaith Wood Mews	Rawdon	LS19	53.8409	-1.6767	10:ES5U;11:ESGO;1:DZPG;2:DZPF;3:DZPE;4:DZPW;5:DZPK;6:DZPY;7:DZPS;8:DZQ8;9:ES5S;
Snowden Approach	Bramley	LS13	53.8113	-1.6217	1:KSVO;3:DT0B;5:KSVS;7:DT1L;
Snowden Close	Bramley	LS13	53.8100	-1.6220	1 SNOWDEN GARDENS:DQP5;10:IF6E;12:KV52;14:KV5D;16:IF6G;18:KUW9;2 SNOWDEN GARDENS:GUUO;20:IF6C;22:KV54;24:E6ID;2:KV57;3 SNOWDEN GARDENS:DQP8;4 SNOWDEN GARDENS:IIKI;4:KV59;5 SNOWDEN GARDENS:DQPD;6 SNOWDEN GARDENS:DQPE;6:KV5G;8:KV5B;
Snowden Crescent	Bramley	LS13	53.8104	-1.6224	10:KV61;12:KV5X;14:KV5I;15:KV5K;16:IF6K;17:KV5M;18:IF6J;19:KV5Q;20:KUAL;21:DRP0;22:DRP3;23:DRPE;24:DRP8;25:DRPC;26:LMHQ;27:IIKP;28:DQPX;29:DQPZ;2:KV5U;30:GV3K;31:DRPP;32:DQQ2;33:GTMC;34:DRPM;35:DRPG;36:DRZD;37:F2Y6;38:DRPN;39:DRPK;40:GTMB;41:DRPQ;42:DRZG;43:EODN;44:IIKF;45:DQP4;46:F2Y3;47:DQP2;48:IGK8;49:LJCL;4:KV5W;50:HPBZ;51:EODF;52:EODH;53:EODJ;54:EODL;55:IIKG;56:DQPJ;58:DQPL;60:DQPN;62:F2Y4;64:DQPP;66:IIKJ;6:KV5S;8:KV5Z;
Snowden Fold	Bramley	LS13	53.8090	-1.6242	10:JU84;12:HW28;14:HUFE;16:GN12;18:HUF4;2:LNOA;4:JPWM;6:JPWR;8:GME6;GARAGE SITE FRONT OF 8 TO 12:HUF1;
SNOWDEN GREEN	Bramley	LS13	53.8088	-1.6323	10:DS0Y;12:F2Y8;14:DT0D;16:DS15;18:IIM4;2:EODA;4:DS0Z;6:DS11;8:IIM9;
Snowden Lawn	Bramley	LS13	53.8094	-1.6240	10:E5K2;11:GQDU;12:GL80;14:LI4W;15:IQAA;16:IS51;17:GQDT;18:JTXM;19:IQ8G;1:GQCC;20:JTXK;21:GURF;22:IS3C;23:IR30;24:IS3E;25:HY75;26:IS3G;27:HXXJ;28:HXXO;29:IS63;2:GQCB;30:GQE4;31:HXXP;32:HY7F;33:HXXT;34:HY7I;35:HXXR;36:HRYN;37:IQ8F;38:IRBJ;39:JSLH;3:IQT5;40:JSLK;41:IPFJ;42:IPFL;43:LCPO;44:JTLW;45:JSLO;46:JSLN;47:JTLO;48:E4M9;49:IPE9;4:IR2P;50:IPEQ;51:IPEF;52:IPEB;53:IPEP;54:IPFI;55:GPCJ;56:IPFC;57:IQSS;58:IPF7;59:IQSV;5:HY7X;60:IQSK;61:E5K0;62:IQSG;63:JTXJ;64:E5KO;65:LK0T;66:JTXF;67:E5JZ;68:HQF1;69:IQRU;6:IS4L;70:JTX7;71:IQRS;72:IQR7;74:IQRB;76:IQRZ;78:IQS9;7:IS4F;80:LCPR;82:LCPQ;84:IQS4;86:JSTB;88:JU7O;8:IS4G;90:JJJ3;92:JU7E;94:JU7M;9:IS48;FLAT AT BRAMLEY BAND CLUB AND INSTITUTE:GRW4;GARAGE SITE REAR OF, 3743:IQK3;
Snowden Royd	Bramley	LS13	53.8107	-1.6245	10:DT0U;12:DT0W;14:DT16;16:DT10;18:DT13;20:DT15;22:DT0Y;24:DT0J;26:GTVN;28:DT0M;2:DS0O;30:DT0N;32:DT0O;34:DS09;36:GTMD;38:DRZM;40:KUVR;42:DRZV;44:LUWY;46:LDG8;48:KUVJ;4:DS0S;50:KUVO;52:DS0A;54:GTMF;56:DS0K;58:DS0H;60:DS0J;62:IIM1;64:DRZX;66:IILX;68:JZAG;6:IIM7;70:JZAB;72:LJY5;74:JZAE;8:DT0F;GARAGE SITE ADJACENT TO 68:DS02;
Snowden Vale	Bramley	LS13	53.8105	-1.6257	10:ITKF;11:E5K8;12:IPP8;14:HW6G;15:IPPD;16:E4LY;17:HW6H;18:IQQV;19:IQR1;1:HVXL;20:LCPN;21:IPPI;22:ITVL;23:GPCU;24:IPJS;25:IR2U;26:IPK7;27:IR2Y;28:E5KB;29:IPJW;2:ITJI;30:IPK8;31:IPJX;32:IPK2;34:E5K9;36:ITUO;38:ITUL;3:HVXG;4:ITJC;5:ITK0;6:ITKU;7:ITKL;8:ITK8;9:ITKR;GARAGE SITE REAR OF, 2331:IPVZ;
SNOWDEN WALK	Bramley	LS13	53.8088	-1.6323	10:HLQ6;11:E6A3;12:JV19;14:JV1E;15:JV1H;16:KW2S;17:JYMJ;18:HLPB;19:JZ9N;1:JZAA;20:JYMO;21:JZ9J;22:JZ9L;23:GSQT;24:JYM7;25:JYMB;26:JYMC;27:JYMF;28:E6A1;29:HLPX;2:JV1R;30:JZA2;31:JZ9X;32:E6A2;33:JZ9S;34:JZA6;35:JZ9Z;36:JZA8;37:GS16;38:JZ9Q;39:JZ9U;3:JZAH;41:JV1I;43:DQE3;45:DQE6;4:JV1T;5:JV1A;6:KW2R;7:JV1L;8:JZAW;9:JV1O;
SNOWDEN WAY	Bramley	LS13	53.8088	-1.6323	10:DQOE;11:F2Y2;12:EOD8;14:DQO8;15:LMHA;16:DQNN;17:DQO5;18:GUUK;19:LI8N;1:DQNJ;20:DQNR;21:DQOB;22:DQNU;23:DQNX;24:DPDL;25:KW39;27:KW3A;29:KW37;2:DQEA;31:DPD1;33:DPD4;35:KW2Z;3:LMH9;4:DQNI;5:DQE8;6:GUTZ;7:DPE0;8:DPE3;9:DQDU;9A:DQDX;
SNOWDROP ROW	DRIGHLINGTON	BD11	53.7568	-1.6616	1:OGMH;3:OGMF;4:OGME;5:OGMD;
Sofia Close	Harehills	LS9	53.8071	-1.5039	10:J9YH;1:J7P4;2:J7P5;3:J7P6;4:J7P7;5:J7P8;6:J7P9;7:J7PA;8:J7HQ;9:J7HR;
SOLAR AVENUE	Cross Green	LS9	53.7869	-1.5025	28:NZ5S;29:NZ63;30:NZ5Q;31:NZ61;32:NZ5O;34:NZ5M;36:NZ5K;38:NZ5I;40:NZ5G;41:NZ5R;42:NZ5E;43:NZ5P;44:NZ5C;45:NZ5N;46:NZ5A;47:NZ5L;48:NZ58;49:NZ5J;50:NZ56;51:NZ5H;52:NZ54;53:NZ5F;54:NZ52;55:NZ5D;56:NZ50;57:NZ5B;58:NZ4Y;59:NZ59;60:NZ4W;61:NZ57;62:NZ4U;63:NZ55;64:NZ4S;65:NZ53;66:NZ4Q;67:NZ51;68:NZ4O;69:NZ4Z;70:NZ4M;71:NZ4X;73:NZ4V;75:NZ4T;77:NZ4R;79:NZ4P;81:NZ4N;83:NZ4L;
