Kirk Beston Close	Beeston	LS11	53.7731	-1.5690	1 CITY VIEW:M2FA;10 CITY VIEW:M2FJ;10:E8MU;11 CITY VIEW:M2FK;11:JRP2;12 CITY VIEW:M2FL;12:H9VE;13 CITY VIEW:M2FM;14 CITY VIEW:M2FN;14:LD5C;15 CITY VIEW:M2FO;15:JRP1;16 CITY VIEW:M2FP;16:H9VH;17 CITY VIEW:M2FQ;17:JROV;18 CITY VIEW:M2FR;19 CITY VIEW:M2FS;19:JROW;1:KQID;2 CITY VIEW:M2FB;20 CITY VIEW:M2FT;21 CITY VIEW:M3JH;21:JRP0;22 CITY VIEW:HRBH;23 CITY VIEW:M3JI;23:HTAY;24 CITY VIEW:M3JJ;25 CITY VIEW:M3JK;25:JTOU;26 CITY VIEW:JFB9;27 CITY VIEW:M3JL;27:JTOS;28 CITY VIEW:M3JM;29 CITY VIEW:M3JN;29:JTOR;2:HP8O;3 CITY VIEW:M2FC;30 CITY VIEW:M3JO;31 CITY VIEW:M3JP;31:GNGX;32 CITY VIEW:M3JQ;33 CITY VIEW:M3JR;33:JTOQ;34 CITY VIEW:M3JS;35 CITY VIEW:M3JT;35:JRP7;37:LO9Q;39:JRP5;3:KQIB;4 CITY VIEW:M2FD;41:JRPS;43:KQ5Y;45:KQ5X;47:KQ5W;49:KQ5V;4:F3BX;5 CITY VIEW:M2FE;51:KQ60;53:DKIY;55:GFOY;57:H9VG;59:HAWK;5:KQII;6 CITY VIEW:M2FF;61:HAWM;6:JROY;7 CITY VIEW:M2FG;7:JRP4;8 CITY VIEW:M2FH;8:JROX;9 CITY VIEW:M2FI;9:GMG4;
KIRK GREEN	Yeadon	LS19	53.8661	-1.6850	1:NW6K;2:NW6L;3:NW6M;4:NW6N;
Kirk Lane	Yeadon	LS19	53.8660	-1.6938	1 THE GREEN:GVUL;10:LC5S;12:IWCM;15:H3UR;16:HN9C;17:FZC4;18:I08K;19:FZ3R;20A:M4ZZ;21:I08Y;22A:DXNY;23:HZ81;24:HZ8I;25:FZ3H;27:H3T5;29:IZ3I;2:HZ6U;3 THE GREEN:GVUK;30:I19L;31:IXNA;32:IXNZ;33:HZ53;35:I192;37:I18R;39:IXAZ;40:IXAU;41:FZ3J;42:LELS;43:LDDV;44:IXB6;45:I0JK;46:I0JF;47:I0JI;48:J6MD;49:I19F;4:I2UT;50A:I19C;50B:LQIW;51:I0J5;52:I0J0;53:IV12;54:IV18;55:LQMN;56:I236;57:LDFN;58:IV07;59:HNKI;60:IZB3;61:IV0P;63:IV0S;65:IV0D;67:FZ43;69:I248;69A:IV2E;6:I1UU;71:HOJM;73:I244;73A:I23F;75:I23Y;77:I23I;79:IZAW;81:IYZO;83:IYZK;85:IZ0A;87:IZ05;8:IWCJ;91:IZ00;BELMONT:IYZV;ELM COTTAGE 5 THE GREEN:DASC;FLAT AT 11 THE GREEN:GVES;FLAT, 14:GU0V;GARAGE SITE REAR:IWEO;GARAGE SITE:LPUB;GARDEN FLAT, 52:JH9L;GREENCROFT:I08F;MAPLE HOUSE:LD4Z;
Kirkby Avenue	Garforth	LS25	53.7850	-1.3757	10:FJBM;11:FJB5;12:FJB3;13:FJB2;14:FJB0;15:LRAV;16:FVIV;17:IEU5;18:FJAX;19:FJAW;1:FJL6;20:FJAU;21:FJAT;22:IEU7;23:DDJP;25:FJBJ;27:IEU9;2:IEUG;3:IEUI;4:FVIZ;5:DDJS;6:FJL2;7:FJL1;8:IEUE;9:FJBE;
Kirkby Garth	Thorner	LS14	53.8594	-1.4254	1:ITXV;2:HDB4;3:HDB3;4:HDB0;5:F0SM;6:HAPC;
Kirkdale Avenue	Farnley	LS12	53.7803	-1.5984	11:G3LG;12:H04Q;14:G3MB;15:G3ME;16:G3M9;17:G3LW;19:G3M5;1:G3LK;20:EX6D;21:FQ81;23:H0ZB;25:H0ZF;26:G4XT;27:G4XR;28:HOVV;29:G4XL;2:FVKR;30:FVKV;31:G4XJ;32:FVLC;33:G4XZ;34:G571;35:G573;36:FR6Y;37:G577;38:HOVX;39:FVKW;3:G3LJ;40:G4XX;41:G4Y5;42:HOVW;43:G4Y3;44:G4X3;45:HOVR;46:G4WD;47:LS5T;48:G4WJ;49:G4WM;4:G3LS;50:G3XA;51:G3X8;52:G3XB;54:FQ83;56:G3XF;58:G4XH;5:G3LU;60:GWIV;6:G3LO;7:G3L8;8:G3LE;9:G3LC;
Kirkdale Crescent	Farnley	LS12	53.7785	-1.5978	101:EMIF;103:EMIG;105:HT4I;107:HSWM;109:EMIQ;10:G4X1;111:EMIE;113:ENSE;115:DQTK;117:DQTN;119:ENSM;11:G2LM;12:EMT9;14:EL4H;15:EL4D;16:EMTI;17:EMTL;18:EMTD;19:FVN2;1:G4X5;20:EL43;21:EL3S;22:EPEG;23:HPCI;24:EL41;25:EL46;26:EL44;27:EL40;28:IHJB;29:EL5O;2:G4X8;30:EL5M;31:EL5J;32:EL5W;33:EL62;34:EL5R;35:EL5V;36:IIIX;37:EMTY;38:EMTV;39:EMU0;3:LS5U;40:EL59;41:EL5E;42:EL5B;43:FZSP;44:EMU1;45:EKE8;46:EKE5;47:EPGY;48:EPGV;49:EKEH;4:HOVU;50:EKEG;51:EKED;52:EKEA;53:FZSH;54:HPCD;55:EP3J;56:EP3F;57:LJCU;58:IHJK;59:EPGS;5:G4XG;60:EPGL;61:EPE4;62:EPE2;63:EPE5;64:EP56;65:IHJ6;66:EPEC;67:EPE9;68:FZSI;69:EP58;6:G4WP;70:LI90;71:FZSK;72:EKEL;73:EKEO;74:EP52;75:EP4T;77:EP4V;79:EL5S;7:G4WS;81:EMJ2;83:EMJ5;85:FVN1;87:EMJD;89:ENIJ;8:G4X2;91:EMJC;93:EMJ9;95:EMIY;97:EMIK;99:HT4H;9:G4WY;
Kirkdale Drive	Farnley	LS12	53.7802	-1.5961	10:DQTF;11:FZRP;12:DQTA;14:EMGH;15:EMGD;16:ELG6;17:IIJ8;18:IJTN;19:EMGK;1:ENSP;20:EMGP;21:EMGN;22:HSW5;23:EL69;24:IIJ2;25:IIJ1;27:FZSQ;2:ENSI;3:ENSL;4:DQTE;5:DQT7;6:FVN4;7:ENIP;8:HJSI;9:HJSJ;
Kirkdale Gardens	Farnley	LS12	53.7805	-1.5992	10:IITB;11:IITA;12:EMI3;14:EMHT;15:EO59;16:EO5B;17:EO52;18:EO57;19:EO5J;1:ELG0;20:EO5C;21:EO5D;22:ENSJ;23:DQY4;24:DQY1;25:DTKP;26:DTKN;28:DQYD;2:ELG1;30:DQYB;32:FZS9;34:DQY7;36:IGL8;3:EL6G;4:EO51;5:FVN0;6:EMHV;7:EMHS;8:EMI6;9:EMIA;
Kirkdale Grove	Farnley	LS12	53.7796	-1.6004	10:DQZ0;11:DQZ2;12:FZSA;14:DRUR;15:DRUP;16:IIG6;17:DRUM;18:DQYP;19:LH3H;1:DTB6;20:DQYG;21:DQYI;22:DQYL;23:DQYX;24:DQYU;25:DQYT;26:DTAL;27:FZR2;29:KTO0;2:LLAN;31:KTWV;33:KTWW;35:KTXB;3:DTB2;4:IGL7;5:DTBD;6:DTKL;7:IGL9;8:DQY6;9:HQGN;
Kirkdale Mount	Farnley	LS12	53.7792	-1.5972	10:DRAX;11:KTNZ;12:DRAU;14:IGL1;15:DTAJ;16:DTAM;17:DTAD;18:DTAI;19:FZR5;1:KTX9;20:DTAZ;21:DTAQ;22:DTAG;23:KTXM;24:LGDU;26:KTXG;27:KTXK;29:KTY0;30:KTXR;31:KTXT;32:FVNB;33:EPEN;34:ELSR;35:ELSO;36:EPEX;37:FZSJ;38:EPER;39:EPEV;3:KTX5;40:EO13;41:ELIQ;42:FVMY;44:ELIM;4:KTX3;5:DRAR;6:DRAJ;7:DRAK;8:HPB4;9:KTNX;
Kirkdale Terrace	Farnley	LS12	53.7788	-1.5948	10:EP3B;11:EP39;12:EP36;14:EP33;15:EO1C;16:EO19;17:EO1D;18:FZSD;19:EO1N;1:ELIY;20:EO1M;21:EO1K;22:EO1H;23:ENQT;24:EL0I;25:EL0C;26:EL09;27:EKQQ;28:DR8Z;29:EL0K;2:DD5Z;31:DR8T;33:EL0M;35:IIGB;37:DRV4;39:DRUZ;3:IIJL;41:IIG9;4:HSWA;5:IGJU;6:EP2Z;7:EP2W;8:EO1S;9:EP37;
Kirkdale View	Farnley	LS12	53.7796	-1.5978	10:ENR1;11:ELIE;12:ELII;14:HPBO;15:ENPX;16:ENPT;17:HPB0;18:DR95;19:ENQ5;1:IIGD;20:FZSC;21:ENPZ;22:ENQ4;23:ENQ0;24:EN1B;25:DSOY;26:LH3O;27:KXJ4;28:FZSB;29:DSOR;2:EKQM;30:DSOW;31:EN1C;32:EN0V;33:DSP1;34:KXJB;35:EN19;36:DROP;37:KXJ8;38:KXJC;39:IJHP;3:DRVE;40:DRB5;41:DPHE;42:DPQM;43:DUD7;44:LEX2;45:FZRI;46:GS3Z;47:GS3R;48:DUE1;49:DUE5;4:EKQO;5:DRV8;6:ENQS;7:ENQP;8:LI8G;9:ENQH;
Kirkfield Avenue	Thorner	LS14	53.8603	-1.4176	10:GN9G;11:I2VA;12:I2V8;13:HR3D;14:FVAS;15:I2V6;16:F0S7;17:GN9E;18:I2V4;19:I2V3;1:HO93;20:I2V1;21:GN9D;22:I2V7;23:H4S5;24:F0RR;25:LPUJ;26:H4S3;27:H4S1;28:H4S6;29:H4RY;2:H5SE;30:H4RW;31:H4RV;32:H4RT;34:FV1S;36:I2V0;38:I2M7;3:H5SD;40:I2M6;42:GN98;4:HO94;5:H5SB;6:H5SA;7:H4TA;8:HMTL;9:H4RQ;
Kirkfield Crescent	Thorner	LS14	53.8609	-1.4169	10:I2ME;11:I2M1;12:I2UY;13:I2MI;14:I2MG;1:I2M4;2:I2M2;3:H47N;4:GN99;5:F0S5;6:I2LZ;7:GN96;8:LPUH;9:H47O;
Kirkfield Drive	Colton	LS15	53.7936	-1.4472	10:DTHC;11:DQJZ;12:DQK1;14:DQK2;15:DQK4;16:MHTQ;17:MEJA;18:DPSJ;19:DSSX;1:DTQX;20:JFZ2;21:HLR1;22:DST0;24:DT1Y;26:HLR2;2:HROX;3:HLRX;4:DTHE;5:DTQU;6:HLRY;7:HREX;8:LLV6;9:HLRZ;
Kirkfield Gardens	Colton	LS15	53.7942	-1.4447	10:DPT9;11:DPTB;12:DPTD;14:GSCY;15:DPT5;16:DPTG;1:MHTN;2:DU2O;3:DU2P;4:HO17;5:DPT3;6:MHTG;7:DPT6;8:DPT7;9:DPT8;
Kirkfield Lane	Thorner	LS14	53.8604	-1.4164	10:H4TH;11:F0RQ;12:H4T8;13:HO7W;14:H4T6;15:H4T5;16:H4SY;17:GT9W;18:H4T2;19:F0RU;1:JHMW;20:H4T1;21:H4T0;22:H4SZ;23:LPUL;24:HO7V;24A:OD85;25:HO80;26:H4TL;27:LIR8;28:GT9X;29:HO7X;2:I2M9;30:HO7Z;31:H4TG;32:F0RV;33:HO7Y;34:H4TE;35:FV1U;36:H4TC;37:HO7T;39:H4SI;3:F0S6;41:H4S7;43:H4SE;45:H4SB;47:H4S8;48:F0RT;49:F0RS;4:GN9B;50:H4SW;51:HO7S;52:H4SU;53:H4ST;54:HO7R;55:H4SS;56:LPUK;57:H4SX;58:H4SR;5:H5PI;60:H4SQ;62:FV1T;64:HO7P;66:GT9V;68:LL10;6:I2MC;70:H5S9;72:H8G4;74:H8G2;7:GN9A;8:I2MB;9:I2MA;THE HEADLANDS:HAP8;
Kirkfield View	Colton	LS15	53.7946	-1.4465	10:HO18;11:MEJD;12:DQ3C;14:LRTO;15:HLQZ;16:JG78;17:GSD1;18:DSSR;19:HLR0;1:JFZ3;20:DSST;21:DSSU;22:DSSV;23:LLVB;24:HLR5;25:DU2S;26:DU2T;27:DU2U;28:DU2V;29:DU2W;2:DSSW;30:DU2X;31:DU2Z;32:DU31;33:MHTO;34:DU33;35:LLVC;36:DU35;37:DU2I;38:DU30;3:DT22;40:MHTH;42:DU2A;44:DU2B;46:DU2D;48:DU2F;4:DT24;50:DU2G;52:DU2H;54:DU2J;56:DU2L;58:DU2M;5:HLR4;6:DT26;7:DT27;8:DSSQ;9:DT20;
Kirkgate	Leeds	LS2	53.7958	-1.5376	APARTMENT 1 THE ROYAL OAK APARTMENTS, 29A:JHBU;APARTMENT 1, 30:FRN9;APARTMENT 10, 30:IMUQ;APARTMENT 11, 30:IMUS;APARTMENT 2 THE ROYAL OAK APARTMENTS, 29A:GXJH;APARTMENT 2, 30:ILTP;APARTMENT 3 THE ROYAL OAK APARTMENTS, 29A:JGNQ;APARTMENT 3, 30:ILTR;APARTMENT 4 THE ROYAL OAK APARTMENTS, 29A:GXJI;APARTMENT 4, 30:F1CA;APARTMENT 5, 30:M1Y9;APARTMENT 6, 30:ILU2;APARTMENT 7, 30:IMUI;APARTMENT 8, 30:LA19;APARTMENT 9, 30:IMUL;FLAT 101, 33:KD95;FLAT 102, 33:H173;FLAT 103, 33:M50W;FLAT 104, 33:HUXM;FLAT 105, 33:H17A;FLAT 106, 33:HUXQ;FLAT 107, 33:GOZJ;FLAT 108, 33:HUXO;FLAT 201, 33:HUXN;FLAT 202, 33:GWM4;FLAT 203, 33:HUXS;FLAT 204, 33:KDT7;FLAT 205, 33:M1L5;FLAT 206, 33:H17M;FLAT 207, 33:GWQC;FLAT 208, 33:H17L;FLAT 301, 33:H17K;FLAT 302, 33:M1L4;FLAT 303, 33:LMGQ;FLAT 304, 33:H17G;FLAT 305, 33:H17F;FLAT 306, 33:KAXB;FLAT 307, 33:H17D;FLAT 308, 33:H17C;FLAT THE DUCK AND DRAKE INN, 43:LSZ9;FLAT THE PALACE:DPF8;FLAT THE REGENT, 109:LXMU;FLAT, 96:HQ5Z;
Kirkgate	Otley	LS21	53.9052	-1.6943	21:FR16;23:G1D7;25:F80T;27:M28K;61A:MI1X;FLAT 1, 11A:IWQP;FLAT 1, 1517:KE33;FLAT 1, 2931:K7M7;FLAT 1, 44:NMA6;FLAT 1, 4953:MFUJ;FLAT 1, 9A:I7AV;FLAT 2, 11A:EVYK;FLAT 2, 1517:K6SW;FLAT 2, 2931:K7M8;FLAT 2, 44:NMA5;FLAT 2, 4953:MFUK;FLAT 2, 9A:M9IX;FLAT 3, 11A:GWG3;FLAT 3, 2931:LUJ9;FLAT 3, 44:NMA7;FLAT 3, 4953:MFUL;FLAT 3, 9A:MBX9;FLAT 4, 44:NMA8;FLAT 4, 4953:MFUM;FLAT 4, 9A:I8BP;FLAT 5, 9A:IFOG;FLAT 6, 9A:L1MJ;FLAT 7, 9A:M5M7;FLAT THE RED LION, 47:HON1;FLAT WHITAKERS ARMS, 49:LKQO;THE FLAT, 50:K7M9;
Kirkham Street	Rodley	LS13	53.8217	-1.6582	10:MDW4;11:KTG4;12:MG5M;13:KTG0;14:MAPG;15:KTFV;16:KTGL;17:KTGM;18:F4R1;19:KTHH;1:KTGX;20:DTMF;21:GQYT;22:DTM8;23:DTMM;24:IGLH;25:DTMP;26:IGLF;27:DTMK;28:F4RS;29:GQYR;30:DTLK;31:DTLN;3:HKRR;5:KTGU;7:KTH4;8:E5PJ;9:JFOY;
KIRKHILLS	Thorner	LS14	53.8587	-1.4261	10:FJPM;11:FJPT;12:FJEK;13:FJEL;14:FJEN;15:FJEP;16:FJER;17:F0SI;18:FJEJ;19:FJEW;1:FWAV;20:FJEX;21:FJEZ;22:FJF0;23:FJO1;24:LMJR;25:FJET;26:GBQC;28:F0SK;2:IH61;30:GBQD;32:IHTJ;34:FIEC;3:GBLD;4:GBLF;5:GBL8;6:LF9I;7:FJPI;8:FJPK;9:IHV0;
Kirklands Close	Yeadon	LS19	53.8694	-1.6910	10:IZB1;11:HNKE;12:HNKC;13:HSSM;14:LDEV;15:IZ0I;16:FZ2I;17:LH1P;18:I0GY;19:JUTA;1:IXYY;20:JZ2N;21:FV82;22:JUTP;23:JV2Y;24:JUTM;25:IWDM;26:IWDV;27:IWDQ;28:HK2B;2:LDE7;3:HN9Z;4:IYZA;5:IYZ7;6:IYZ1;7:HSSN;8:I0HK;9:I0HG;
Kirklees Close	Farsley	LS28	53.8177	-1.6673	10:GT8Z;11:H7EK;12:HZBW;14:HYYO;15:HYYN;16:HYYM;17:HYYL;18:HYYJ;19:HYYI;1:H8DU;21:HYYH;23:HYYP;25:FZWC;27:HYYF;29:HYYE;2:H8DR;31:HYYD;33:HYYW;35:HYYG;37:LUVT;3:H8DP;4:H8DO;5:H8DN;6:GT90;7:FZW5;8:H8DL;9:H8DJ;
Kirklees Croft	Farsley	LS28	53.8166	-1.6689	10:I1YR;11:I0CF;12:H7DU;14:FZW1;1:I1Z2;3:HO3S;4:I1YY;5:I1YG;6:I1YJ;7:LQ1Q;8:I1YN;9:FZWG;SUNNYSIDE, 2:I1Z5;
Kirklees Drive	Farsley	LS28	53.8168	-1.6698	10:HYYT;11:HYYS;12:HRCH;14:HYYY;15:FZW9;16:HM38;17:I375;18:I374;19:HM37;1:HYZ3;1A:FW1O;20:I372;21:I370;22:I376;23:I36Y;24:I36X;25:I2Y1;26:HR1H;27:HYY0;28:HYY2;29:HYY9;2:HYZ2;30:HYY8;31:HYY6;32:HYY5;33:HYY3;34:I377;35:HYYA;36:FZWB;37:I37C;38:I379;39:HM39;3:HYZ1;40:H7DQ;41:H7ET;42:HM9B;43:H7EJ;44:H7EH;45:H7EG;46:GUHD;47:H7E7;48:H7EL;49:H7EC;4:HRCJ;50:FZW2;51:H7EB;52:H7EA;53:H7E9;54:H7ED;55:H7EE;56:I07S;57:LPAV;58:FZW4;59:H7EV;5:HYYZ;60:HM9E;61:FZW3;62:HM9H;63:H7ER;64:H7EQ;65:H7EP;66:HM9C;67:H7DY;68:HYZ5;69:H7DP;6:HYYX;70:H7DO;71:GUHB;72:H7DM;74:FZWE;7:HYZ4;82:H7DR;84:HYZC;86:HYZA;88:HYZ9;8:HYYV;9:FZWD;GARAGE SITE ADJACENT TO 72:HYZF;
Kirklees Garth	Farsley	LS28	53.8168	-1.6689	10:H7DN;11:H7E8;12:H7EM;15:H7EO;17:HM9D;19:GUHE;1:H7DX;21:H7EU;23:HM9G;25:LEM2;27:H7ES;2:H7E0;3:H7E2;4:H7E5;5:H7DW;6:HYZ8;7:HYZB;8:HYZD;9:H7DL;
Kirklees Rise	Farsley	LS28	53.8173	-1.6701	10:GCP4;12:FVR0;1:HNE6;2:GBOC;3:GBOB;4:GBOF;5:GCPG;6:GCPE;7:GCP9;8:GBOL;9:GCYN;
Kirkstall Avenue	Bramley	LS5	53.8131	-1.6110	10:HJO1;12:J6MK;14:JVBN;15:JWAW;16:JWAR;17:JVBY;18:HJO2;1:HKRY;20:KTF9;21:LM9E;22:KTFD;23:KTF1;23A:KTF4;23B:KTFR;24:KTFO;25:KTFK;26:KTFI;27:KTFN;28:HNQP;29:KXLB;2:LLAP;30:JWKP;31:JWKM;32:HNQO;33:KTER;34:E6I2;35:KXLK;36:JWKV;37:HPAE;38:KVFU;39:KVFP;40:KVFM;42:HT2R;44:KWF1;45:KWF5;46:KVG0;47:KVFL;48:HLH5;49:KVEZ;4:DTLO;50:KVF1;51:E6I3;52:HPAD;53:JWLD;54:LQZT;55:HKO2;56:JWLT;57:JWLJ;58:JWLN;59:GTKM;60:HT2S;61:KWFF;62:KWFC;63:KWF7;65:JWL8;67:JWL7;6:JWBB;7:JWB2;8:JWB9;FLAT 1, 3:J6ME;FLAT 1, 5:J6MF;FLAT 2, 3:L8VR;FLAT 2, 5:J6MG;FLAT 3, 3:M77J;FLAT 3, 5:MCIW;FLAT A, 11:JVBO;FLAT A, 9:J6MH;FLAT B, 11:M2Q6;FLAT B, 9:J6MI;FLAT C, 11:E69V;FLAT D, 11:J6MJ;ROOM 1, 1:O30W;ROOM 2, 1:O30X;ROOM 3, 1:O30Y;ROOM 4, 1:O30Z;ROOM 5, 1:O310;ROOM 6, 1:O311;ROOM 7, 1:O312;
Kirkstall Hill	Burley	LS4	53.8149	-1.5939	1 EDEN PLACE:O1FB;10 EDEN PLACE:O1F3;101:M6EE;103:KXBB;104:KXBD;105:KXBC;106:DSAO;107:IGAP;108:DSAH;109:M9SW;11 EDEN PLACE:O1F4;110:DSB1;111:LR95;112:DSAY;113:IGAS;114:DSAT;115:IGAN;116:DS9S;117:HNQN;118:DS9N;12 EDEN PLACE:O1F5;120:DS9X;121A:MIAL;122:JVA3;124:JUZK;125:JUZH;126:LPV0;127:JV9A;128:GTAZ;129:JV9D;130:JV93;131:KXAG;132:LM8V;133:KXA7;134:M6ED;135:JFO7;136:KXAT;137:KXAP;138:KXAM;139:KXAJ;140:KXAO;141:HNGC;142:KW9X;143:KW9W;144:JVA7;145:KX9X;146:KX9U;147:KX9S;148:KX9N;149:KX9J;150:KV4U;151:KU5E;153:HKSX;155:KVDM;157:KVDJ;158160:J6ML;159:HPA8;161:KV4Y;162A:M9YN;162B:M9YO;163:KU4O;165:KU4L;167:HKSQ;168:L5ZI;169:KU52;170:KU4T;176:LIRM;2 EDEN PLACE:O1FA;3 EDEN PLACE:O1FD;4 EDEN PLACE:O1FC;40:DQQF;42:DTWG;44:DQQ7;46:LMHE;48:DTN5;5 EDEN PLACE:O1F6;50:JH4R;52:DTN0;54:IGLI;56:DTNA;58:HLGY;6 EDEN PLACE:O1F7;60:KVEK;62:KVEN;64:DTN8;66:KVED;68:KVEI;7 EDEN PLACE:O1F8;70:KVEX;72:DQZR;73:KVEY;74:DQQM;75:HLGZ;76:DQQJ;77:KVDX;78:KVE7;79:KXBW;8 EDEN PLACE:O1F9;80:KVE4;81:HNQI;82:KVE8;83:JFOA;84:M6EJ;85:KXC5;86:M6D1;87:JHND;89:HNQL;9 EDEN PLACE:O1F2;91:KXC1;93:KXBS;95:KXB5;97:KXB2;99:KXAZ;FLAT AT, 123A:LDGD;FLAT, 119:KEC0;FLAT, 123:JV9S;GARAGE SITE REAR OF, 119123:GQY2;
Kirkstall Lane	Kirkstall	LS5	53.8168	-1.5921	1 CARMINE HOUSE:MBTQ;1 RAILWAY COTTAGES:M31F;1 ST ANNES COURT, 137A:M1UC;1 ST ANNES PLACE, 137:FEKN;1 ST ANNS TOWER MEWS:GXA6;1 VICTORIA COURT, 224:LN6G;1 WILLOW HOUSE, 176:OA2K;10 ST ANNES COURT, 137A:M2X6;10 ST ANNS TOWER MEWS:DYWT;10 VICTORIA COURT, 224:LN6P;10 WILLOW HOUSE, 176:OA2Q;103:HKSN;105:KU3N;107:DTLI;109:KU3S;11 VICTORIA COURT, 224:LN6Q;11 WILLOW HOUSE, 176:OA2O;111:KU3Y;113:KU3V;115:HP0K;117:KU3O;119:LZP0;12 VICTORIA COURT, 224:LN6R;12 WILLOW HOUSE, 176:OA2M;121:KW1A;123:KW14;125:M6EL;127:KW17;129:KW1Q;13 VICTORIA COURT, 224:LN6S;131:KW1D;133:KW1J;135:KW1N;14 VICTORIA COURT, 224:LN6T;141:KW0O;15 VICTORIA COURT, 224:LN6U;151A:J6MP;155:JXY5;157:JXXM;159:JXXJ;16 VICTORIA COURT, 224:LN6V;163:LR0A;167:J6MQ;167A:KBJ0;17 VICTORIA COURT, 224:LN6W;171:FZB4;18 VICTORIA COURT, 224:LN6X;181:DT9J;185A:G64V;185B:G64X;187:JV7S;189:JV81;19 VICTORIA COURT, 224:LN6Y;190:JV7Z;191:DR9X;192:M9TN;193:DR9Q;193A:DR9V;193B:OE7R;194:DRAE;196:M9SZ;198:DR9F;199A:HP9M;2 CARMINE HOUSE:GRZP;2 RAILWAY COTTAGES:J6MM;2 ST ANNES COURT, 137A:KCQV;2 ST ANNES PLACE, 137:MG9B;2 ST ANNS TOWER MEWS:FRYT;2 VICTORIA COURT, 224:LN6H;2 WILLOW HOUSE, 176:OA2J;20 VICTORIA COURT, 224:LN6Z;200:DPP8;202:DPPQ;204:IHL5;206:DPPI;21 VICTORIA COURT, 224:LN70;210:DPOO;212:DPOG;218A:HP9W;22 VICTORIA COURT, 224:LN71;220:KUS2;220A:DR02;222:DPOX;222A:IHKX;23 VICTORIA COURT, 224:LN72;230:FZB1;232:JXMW;234:JXMT;236:JXMI;24 VICTORIA COURT, 224:LN73;25 VICTORIA COURT, 224:LN74;26 VICTORIA COURT, 224:LN75;27 VICTORIA COURT, 224:LN76;28 VICTORIA COURT, 224:LN77;29 VICTORIA COURT, 224:LN78;3 CARMINE HOUSE:F6RF;3 ST ANNES COURT, 137A:EJLM;3 ST ANNES PLACE, 137:FEKP;3 ST ANNS TOWER MEWS:FRYU;3 VICTORIA COURT, 224:LN6I;3 WILLOW HOUSE, 176:OA2I;30 VICTORIA COURT, 224:LN79;31 VICTORIA COURT, 224:LN7A;32 VICTORIA COURT, 224:LN7B;33 VICTORIA COURT, 224:LN7C;34 VICTORIA COURT, 224:LN7D;35 VICTORIA COURT, 224:LN7E;36 VICTORIA COURT, 224:LN7F;37 VICTORIA COURT, 224:LN7G;38 VICTORIA COURT, 224:LN7H;39 VICTORIA COURT, 224:LN7I;4 CARMINE HOUSE:EXAH;4 ST ANNES COURT, 137A:EJLT;4 ST ANNES PLACE, 137:FEKR;4 ST ANNS TOWER MEWS:FRYV;4 VICTORIA COURT, 224:LN6J;4 WILLOW HOUSE, 176:OA2H;40 VICTORIA COURT, 224:LN7J;41 VICTORIA COURT, 224:LN7K;42 VICTORIA COURT, 224:LN7L;43 VICTORIA COURT, 224:LN7M;44 VICTORIA COURT, 224:LN7N;45 VICTORIA COURT, 224:LN7O;46 VICTORIA COURT, 224:LN7P;47 VICTORIA COURT, 224:LN7Q;48 VICTORIA COURT, 224:LN7R;49 VICTORIA COURT, 224:LN7S;4A WILLOW HOUSE, 176:OI6B;5 ST ANNES COURT, 137A:EJLV;5 ST ANNES PLACE, 137:FEKS;5 ST ANNS TOWER MEWS:FRYW;5 VICTORIA COURT, 224:LN6K;5 WILLOW HOUSE, 176:OA2L;50 VICTORIA COURT, 224:LN7T;59:KVDR;6 ST ANNES COURT, 137A:EJLW;6 ST ANNES PLACE, 137:FEKU;6 ST ANNS TOWER MEWS:FRYX;6 VICTORIA COURT, 224:LN6L;6 WILLOW HOUSE, 176:OA2N;61:JVAQ;62:DSBD;63:HJNQ;64:IGAW;65:JVAK;66:DSKD;67:HKSM;68:IGB0;69:DTKY;7 ST ANNES COURT, 137A:EJE5;7 ST ANNES PLACE, 137:M2Y5;7 ST ANNS TOWER MEWS:L0PH;7 VICTORIA COURT, 224:LN6M;7 WILLOW HOUSE, 176:OA2P;71:M9T0;73:DSKJ;76:DSKE;78:DSK5;8 ST ANNES COURT, 137A:M4WU;8 ST ANNES PLACE, 137:MG9C;8 ST ANNS TOWER MEWS:FW71;8 VICTORIA COURT, 224:LN6N;8 WILLOW HOUSE, 176:OA2R;80:KU47;9 ST ANNES COURT, 137A:EJNE;9 ST ANNES PLACE, 137:FEL0;9 ST ANNS TOWER MEWS:DYWV;9 VICTORIA COURT, 224:LN6O;9 WILLOW HOUSE, 176:OA2S;91:HP0L;93:KU46;BASEMENT FLAT, 53:EYQV;BASEMENT FLAT, 95:LADE;BASEMENT GROUND AND FIRST FLOOR FLAT, 169:LH1G;CAR PARK TO THE REAR OF ST ANNES PLACE AND ST ANNES COURT:MMRK;CAR PARKING AREA REAR OF 59 TO 73:MLEV;DOWNSTAIRS FLAT, 161:JFAV;FIRST FLOOR FLAT, 153:JXY3;FIRST FLOOR FLAT, 197:JANS;FLAT 1 ECCLESTON COURT, 218:KHJN;FLAT 1 GARDEN HOUSE, 139:M6GO;FLAT 1 OAKFIELD HOUSE, 143:M315;FLAT 1 REAR OF, 97:HPZH;FLAT 1 SOUTHLEIGH FLATS, 226228:HLG6;FLAT 1 ST ANNS TOWER, 214:DPOT;FLAT 1, 183:J6MX;FLAT 1, 53:IU9G;FLAT 1, 55:GLZV;FLAT 10 OAKFIELD HOUSE, 143:J8MC;FLAT 11 OAKFIELD HOUSE, 143:KAZE;FLAT 11 ST ANNS TOWER, 214:DS1G;FLAT 12 OAKFIELD HOUSE, 143:MHDI;FLAT 12 ST ANNS TOWER, 214:L98V;FLAT 14 OAKFIELD HOUSE, 143:JANV;FLAT 15 OAKFIELD HOUSE, 143:J8MD;FLAT 2 ECCLESTON COURT, 218:LZ16;FLAT 2 GARDEN HOUSE, 139:L7IF;FLAT 2 OAKFIELD HOUSE, 143:J8M6;FLAT 2 SOUTHLEIGH FLATS, 226228:M3L0;FLAT 2 ST ANNS TOWER, 214:L98W;FLAT 2, 183:J9HN;FLAT 2, 53:IU9H;FLAT 2, 97:JHJ4;FLAT 2A, 183:J9HO;FLAT 3 CENTRE FRONT, 169:J6MS;FLAT 3 ECCLESTON COURT, 218:KURZ;FLAT 3 GARDEN HOUSE, 139:KM2H;FLAT 3 OAKFIELD HOUSE, 143:JANT;FLAT 3 SOUTHLEIGH FLATS, 226228:KUSM;FLAT 3, 183:J8M0;FLAT 3, 53:MH43;FLAT 3, 97:LEMV;FLAT 3A, 183:JANR;FLAT 4 GARDEN HOUSE, 139:KL2J;FLAT 4 OAKFIELD HOUSE, 143:J8M7;FLAT 4 SOUTHLEIGH FLATS, 226228:KBBV;FLAT 4 ST ANNS TOWER, 214:DS1F;FLAT 4A ST ANNS TOWER, 214:J5FD;FLAT 5 GARDEN HOUSE, 139:KC5R;FLAT 5 OAKFIELD HOUSE, 143:J8M8;FLAT 5 SOUTHLEIGH FLATS, 226228:KUSG;FLAT 5 ST ANNS TOWER, 214:DS1J;FLAT 6 GARDEN HOUSE, 139:LUFE;FLAT 6 OAKFIELD HOUSE, 143:J8M9;FLAT 6 SOUTHLEIGH FLATS, 226228:HKOB;FLAT 6 ST ANNS TOWER, 214:DS1L;FLAT 7 GARDEN HOUSE, 139:KL2Y;FLAT 7 OAKFIELD HOUSE, 143:J8MA;FLAT 7 SOUTHLEIGH FLATS, 226228:JXML;FLAT 7 ST ANNS TOWER, 214:M2PN;FLAT 8 GARDEN HOUSE, 139:KL30;FLAT 8 OAKFIELD HOUSE, 143:JANU;FLAT 8 SOUTHLEIGH FLATS, 226228:JXMJ;FLAT 8 ST ANNS TOWER, 214:JV7D;FLAT 9 OAKFIELD HOUSE, 143:J8MB;FLAT A, 173:L7RX;FLAT A, 175:J6MU;FLAT A, 179:JYZR;FLAT A, 195:J8M1;FLAT A, 95:M77K;FLAT AT, 201:LX28;FLAT AT, 57:LW91;FLAT B, 173:J6MT;FLAT B, 175:J6MV;FLAT B, 179:HLOB;FLAT B, 195:L8SO;FLAT B, 95:J6MN;FLAT C, 173:FXGK;FLAT C, 175:J6MW;FLAT C, 195:J8M2;FLAT C, 95:J6MO;FLAT D, 175:O76V;FLAT D, 195:E6CT;FLAT E, 173:M77L;GARAGE COURT SOUTHLEIGH FLATS, 226228:DR01;GARAGE SITE REAR OF 220 TO 222:KURT;GARDEN HOUSE, 139:KM21;GROUND FLOOR FLAT, 153:GSQD;GROUND FLOOR FLAT, 197:J8M3;GROUND FLOOR FLAT, 199:J8M5;MAISONETTE FIRST AND SECOND FLOOR, 151:E6CR;MAISONETTE, 177:E6CS;ROOM 1 FLAT 1 GARDEN HOUSE, 139:ODQ6;ROOM 1 FLAT 2 GARDEN HOUSE, 139:ODQB;ROOM 1 FLAT 3 GARDEN HOUSE, 139:ODQG;ROOM 1 FLAT 4 GARDEN HOUSE, 139:ODQL;ROOM 1 FLAT 5 GARDEN HOUSE, 139:ODQR;ROOM 1 FLAT 6 GARDEN HOUSE, 139:ODQW;ROOM 1 FLAT 7 GARDEN HOUSE, 139:ODR1;ROOM 1 FLAT 8 GARDEN HOUSE, 139:ODR6;ROOM 1, 157:O30Q;ROOM 1, 159:O30K;ROOM 1, 232:O30E;ROOM 1, 236:O304;ROOM 10, 236:O30D;ROOM 2 FLAT 1 GARDEN HOUSE, 139:ODQ7;ROOM 2 FLAT 2 GARDEN HOUSE, 139:ODQC;ROOM 2 FLAT 3 GARDEN HOUSE, 139:ODQH;ROOM 2 FLAT 4 GARDEN HOUSE, 139:ODQN;ROOM 2 FLAT 5 GARDEN HOUSE, 139:ODQS;ROOM 2 FLAT 6 GARDEN HOUSE, 139:ODQX;ROOM 2 FLAT 7 GARDEN HOUSE, 139:ODR2;ROOM 2 FLAT 8 GARDEN HOUSE, 139:ODR8;ROOM 2, 157:O30R;ROOM 2, 159:O30L;ROOM 2, 232:O30F;ROOM 2, 236:O305;ROOM 3 FLAT 1 GARDEN HOUSE, 139:ODQ8;ROOM 3 FLAT 2 GARDEN HOUSE, 139:ODQD;ROOM 3 FLAT 3 GARDEN HOUSE, 139:ODQI;ROOM 3 FLAT 4 GARDEN HOUSE, 139:ODQO;ROOM 3 FLAT 5 GARDEN HOUSE, 139:ODQT;ROOM 3 FLAT 6 GARDEN HOUSE, 139:ODQY;ROOM 3 FLAT 7 GARDEN HOUSE, 139:ODR3;ROOM 3 FLAT 8 GARDEN HOUSE, 139:ODR9;ROOM 3, 157:O30S;ROOM 3, 159:O30M;ROOM 3, 232:O30G;ROOM 3, 236:O306;ROOM 4 FLAT 1 GARDEN HOUSE, 139:ODQ9;ROOM 4 FLAT 2 GARDEN HOUSE, 139:ODQE;ROOM 4 FLAT 3 GARDEN HOUSE, 139:ODQJ;ROOM 4 FLAT 4 GARDEN HOUSE, 139:ODQP;ROOM 4 FLAT 5 GARDEN HOUSE, 139:ODQU;ROOM 4 FLAT 6 GARDEN HOUSE, 139:ODQZ;ROOM 4 FLAT 7 GARDEN HOUSE, 139:ODR4;ROOM 4 FLAT 8 GARDEN HOUSE, 139:ODRA;ROOM 4, 157:O30T;ROOM 4, 159:O30N;ROOM 4, 232:O30H;ROOM 4, 236:O307;ROOM 5 FLAT 1 GARDEN HOUSE, 139:ODQA;ROOM 5 FLAT 2 GARDEN HOUSE, 139:ODQF;ROOM 5 FLAT 3 GARDEN HOUSE, 139:ODQK;ROOM 5 FLAT 4 GARDEN HOUSE, 139:ODQQ;ROOM 5 FLAT 5 GARDEN HOUSE, 139:ODQV;ROOM 5 FLAT 6 GARDEN HOUSE, 139:ODR0;ROOM 5 FLAT 7 GARDEN HOUSE, 139:ODR5;ROOM 5 FLAT 8 GARDEN HOUSE, 139:ODRB;ROOM 5, 157:O30U;ROOM 5, 159:O30O;ROOM 5, 232:O30I;ROOM 5, 236:O308;ROOM 6, 157:O30V;ROOM 6, 159:O30P;ROOM 6, 232:O30J;ROOM 6, 236:O309;ROOM 7, 236:O30A;ROOM 8, 236:O30B;ROOM 9, 236:O30C;SECOND FLOOR FLAT, 169:J6MR;THE COTTAGE ST ANNS TOWER, 214:DS1Q;THE CROFT ST ANNS TOWER, 214:FV5W;THE FLAT ABBEY WORKS:KAZD;THE GRANGE ST ANNS TOWER, 214:FZAW;THE LODGE ST ANNS TOWER, 214:DPPY;THE VICARAGE, 208:IHL0;TOP FLAT, 197:J8M4;UPSTAIRS FLAT, 161:MEY3;
Kirkstall Mount	Bramley	LS5	53.8130	-1.6118	10:HKS3;11:KTHR;12:KUQP;14:HP9T;15:KUQI;16:KUQE;17:KUQJ;18:JXWU;1:JWM9;20:JXWR;22:JXWN;24:JXWK;26:JXWQ;28:HKS1;30:KTHN;32:HKS0;34:F2Y5;36:KWPR;38:KWPI;3:JXWO;40:HT2U;42:KWPK;44:KWQ2;45:KWQ0;46:KWPY;47:II46;48:E6I8;49:KWP7;4:E1R7;50:KWP4;51:II3Y;53:KWOU;55:KWPE;57:II41;59:KWP9;5:KUHP;61:KWPC;63:KWPB;65:JXX6;6:KBU8;7:KTR5;
Kirkstall Road	Burley	LS4	53.8055	-1.5796	1 BURLEY WOOD COURT, 462:FLVO;10 BURLEY WOOD COURT, 462:KBQ7;11 BURLEY WOOD COURT, 462:KH0L;12 BURLEY WOOD COURT, 462:LGXV;2 BURLEY WOOD COURT, 462:LUP3;3 BURLEY WOOD COURT, 462:JB28;329A:J9SK;329B:M316;337A:OJGJ;337B:OJGK;339:OJGG;343:II4A;392A:J9ST;4 BURLEY WOOD COURT, 462:LDSZ;410:DQZV;412:DR0C;414:DR0G;416:DR05;418:KUR4;420:KUR8;422:KUQS;424:LZOH;426:HP9U;428:KUQV;430:KURS;432:KUS0;434:KURN;436:KURG;438:M6EI;440:LZOI;442:KURP;444:KURQ;446:DPQ5;448:DS1E;450:DS18;452:DS1B;454:DPPV;456:DPPX;458:DPPZ;460:DPQ2;470:LVUW;472:JV7B;474:DS1K;476:DS1S;478:GUU3;480:DPP2;482:IHKW;484:DPOH;486:DPOD;488:DPOP;490:DPOK;492:M9T2;5 BURLEY WOOD COURT, 462:FLVQ;6 BURLEY WOOD COURT, 462:JB29;7 BURLEY WOOD COURT, 462:FLVR;8 BURLEY WOOD COURT, 462:FLVT;9 BURLEY WOOD COURT, 462:FLVU;CARETAKERS FLAT, 155157:LNU1;FIRST FLOOR AND SECOND FLOOR, 350A:LBBI;FIRST FLOOR FLAT, 346:EW6X;FIRST FLOOR FLAT, 356:J9SL;FIRST FLOOR FLAT, 394:KAZG;FLAT 1 REAR OF, 390:JLKP;FLAT 1, 331:M1HZ;FLAT 1, 341:KGB4;FLAT 1, 352354:N3E4;FLAT 1, 368:KWPQ;FLAT 1, 372:NWQH;FLAT 1, 378:J9SO;FLAT 1, 382:M4AZ;FLAT 1, 384:J9SQ;FLAT 1, 388:J9SR;FLAT 1, 396A:J9SV;FLAT 1, 402A:L7RY;FLAT 2, 331:EXBD;FLAT 2, 341:M9GO;FLAT 2, 352354:J9SW;FLAT 2, 368:J9SM;FLAT 2, 372:NVR8;FLAT 2, 378:J9SP;FLAT 2, 382:M4B2;FLAT 2, 384:M4IU;FLAT 2, 388:J9SS;FLAT 2, 396A:NR8W;FLAT 2, 402A:HLG8;FLAT 3, 352354:J9SX;FLAT 4, 352354:J9SY;FLAT A REAR OF 358:OEMJ;FLAT A REAR OF, 333:KF5C;FLAT A, 360:NRUW;FLAT AT CARDIGAN ARMS, 364:GU1U;FLAT B REAR OF 358:OEMK;FLAT B REAR OF, 333:KFTM;FLAT B, 360:NRUX;FLAT REAR OF, 380:L42S;FLAT, 335:M5S5;FLAT, 376:J9SN;FLAT, 386:LWEC;MAISONETTE REAR OF, 366:KWPN;REAR OF 362:L7C9;SECOND FLOOR FLAT, 394:J9SU;
Kirkwall Avenue	Richmond Hill	LS9	53.7962	-1.5070	2:DPPL;4:GUU4;6:IHL2;8:DPPD;
Kirkwood Avenue	Cookridge	LS16	53.8552	-1.6217	10:DRAF;11:DRAI;12:DR9O;14:DR9T;15:DRA2;16:DR9Y;17:GUHS;18:DT96;19:DT92;1:DR9A;20:JV7L;21:JV7K;22:JV7P;23:JV7T;24:JV7W;25:DT9Q;26:DT9S;27:DT9O;28:DT9Y;29:DT9F;2:DR98;30:DT9T;31:DT9D;32:DT9E;33:DT9I;34:DT9M;3:DR9J;4:DR9G;5:DTA3;6:IGKX;7:E9CD;8:DQLM;9:DRA6;
Kirkwood Close	Cookridge	LS16	53.8557	-1.6231	10:JYZM;11:JZ02;12:HLGF;14:LZOK;15:HLGG;16:HLGH;17:KUT0;18:JZ06;19:JZ04;1:DPOR;20:HLGD;21:KUSU;22:JXXQ;23:JXXS;24:JXXV;25:JXXZ;26:JXXE;27:JXXF;28:HLOA;29:JXXN;2:JYZS;30:JXYC;31:JXYG;32:JYZ7;33:JYZA;34:JXY0;36:JXY4;38:JXY6;3:JYZO;40:JXYA;42:KW2A;44:KW2C;46:KW2F;48:HLHW;4:JYZZ;50:KW1Z;5:JZ01;6:JYZG;7:JYZH;8:JYZN;9:JYZK;
Kirkwood Crescent	Cookridge	LS16	53.8583	-1.6209	10:KW2J;11:DPNX;12:DPO0;14:HSUA;15:KW0Z;16:KW0S;17:KW0W;18:KW0R;19:HLGI;1:KW28;20:KVRS;21:KUT2;22:KVRX;23:KW0Y;24:KW1H;25:KW1M;26:KW1S;27:KW15;28:KW12;29:HSUB;30:KW1B;31:KVFX;32:KU3Q;37:KU3Z;39:KU3X;3:E9C6;41:KU3I;43:DTLH;45:LZO8;47:KU3K;4:GUU1;5:DPO3;6:DPOC;7:DPO8;8:DPOB;9:HLHX;SURGERY HOUSE AND GARAGE, 2:KW23;
Kirkwood Drive	Cookridge	LS16	53.8574	-1.6203	10:HKSL;11:E8EE;12:DSBH;14:DSK7;15:DSKA;16:DSKC;17:GQY6;18:DSB7;19:IGAV;20:DSBC;21:DTL2;22:DTL4;23:DTL6;24:DTLA;25:LLAO;26:E9CC;27:DTKT;28:GQYP;29:DTKZ;30:E8E9;31:JVAT;32:JVAO;33:JVAR;34:JVAA;35:KVDS;36:JVAH;37:JVAC;39:JVAF;3:KU3M;41:JVAS;43:JVB8;45:JVBJ;47:JVBD;49:HJNX;4:KU48;53:J9SZ;5:KU4G;6:HKSO;7:KU4E;8:HKSK;9:KU42;
Kirkwood Gardens	Cookridge	LS16	53.8579	-1.6189	11:HP0O;15:KU58;17:E8EF;19:LZOB;1:KU4J;2:KU4S;3:KU4P;4:HKSR;5:KU55;6:KVDP;7:KVDH;9:KVDK;
Kirkwood Grove	Cookridge	LS16	53.8551	-1.6232	10:KWA2;11:KXAH;12:KXAX;14:KXAQ;15:KXAU;16:KXA1;17:KXA4;18:KXA9;19:KXAC;1:KV4T;20:JUZO;21:JV95;22:JV98;23:JV9B;24:JV97;25:HOL6;26:JUZN;27:JUZI;28:JV9C;29:JV9T;2:DSAP;30:JV9V;31:JVA0;32:JVA4;33:JV9F;34:JV9I;35:JV9M;36:JV9P;37:DSA0;38:DSAC;39:DSA7;3:KX9M;40:DSAB;41:KXL9;42:GQY1;4:KX9Z;5:KX9T;6:KX9R;7:KW9U;8:LM8G;9:KW9Z;
Kirkwood Grove	West Ardsley	WF3	53.7252	-1.5846	10:JCXS;11:JCXP;12:JCXI;13:EUFV;14:EUFE;15:EUF4;16:EUF7;17:EUFN;18:LZGM;19:EUFS;1:EQPD;20:EUFP;21:JCXH;22:EUFJ;23:EUPL;24:DYTF;25:DYTD;26:JDOE;2:EQDU;3:EUPC;4:EUPA;5:EUP7;6:E5ID;7:EUPQ;8:EUPN;9:E5IF;
Kirkwood Lane	Cookridge	LS16	53.8561	-1.6226	10:DSAM;11:E8ED;12:HNQD;14:HNQG;15:KXBI;16:KXBL;17:KXB0;18:KXBA;19:KXB6;1:DS9P;20:KXB3;21:KXC2;22:KXL8;23:KXC9;24:KXBT;25:KXBO;26:KXBZ;27:KXBV;29:KXBX;2:DS9T;31:KVDZ;33:KVE2;35:KVDY;37:KVE6;3:IGAT;4:DSAV;5:DSAX;6:DSB0;7:DSAI;8:DSAF;9:DSAQ;
Kirkwood Rise	Cookridge	LS16	53.8583	-1.6209	10:KVES;11:KVEF;12:KVE9;15:KVEM;1:LZOR;2:GV3M;3:DQQI;4:DQZS;5:KVEA;6:KVER;7:KVET;8:E9C5;9:KVEG;
Kirkwood View	Cookridge	LS16	53.8569	-1.6208	10:JVB3;12:JVA8;14:KU4Y;16:KU4Z;18:HKSV;20:KU4H;2:JVAX;4:JVAV;6:JVB5;8:JVB2;
Kirkwood Way	Cookridge	LS16	53.8589	-1.6192	10:DQQ4;11:GV3L;12:DQQC;14:DQQG;15:DTNL;16:DTNO;17:LLAS;18:GQYX;19:DTWF;1:DQQN;20:JWKX;21:GTKK;22:HKNZ;23:KWFE;24:KWF9;25:JWKU;26:KWOF;27:JWL9;28:JWLL;29:JWLV;2:E9CE;30:JWLS;31:HT2F;32:HKO1;34:JWLI;35:JWLG;36:KVFC;37:KVFH;3:DTNE;42:KVF5;44:HLH3;45:KVG1;46:KWEZ;47:KWF3;48:KVFS;49:KVFO;4:DTNG;50:HLHB;51:LZOU;52:DTN6;53:KXLI;54:KTEW;55:KTET;56:HNQR;57:JWKN;58:JWKS;59:JFOC;5:IGLO;60:KXLE;6:DTMX;7:DTN7;8:DTN3;9:DTN1;BIN STORE ADJACENT TO 36:MOV4;GARAGE SITE ADJACENT TO 4:KVF3;
KITCHEN ROAD	Tyersal	BD4	53.7869	-1.7115	1:NOH2;
Kitchener Avenue	Harehills	LS9	53.8055	-1.5034	10:HJO3;11:JWAT;12:JWAX;13:JVBK;14:F1T8;15:JVBT;16:JVBR;1:JFOX;2:N3QO;3:F2HR;4:LM9F;5:KTEZ;6:KTF3;7:KTF6;7A:NJXO;8:KTFA;9:KTFF;
Kitchener Grove	Harehills	LS9	53.8065	-1.5021	10:G0AZ;11:G0AS;12:G0B4;14:FT35;15:G0AV;17:G0AJ;1:G0AR;2:G0AQ;3:FT34;4:FT32;5:G0AL;6:G0AK;7:G0AP;8:G0B2;9:G0B1;
Kitchener Mount	Harehills	LS9	53.8053	-1.5031	10:DTLP;11:DTLS;12:DTLW;13:F2RE;14:DTLV;15:KTHE;16:HKRZ;1:JVBM;2:N4L0;3:JWKC;4:F1TC;5:JWKG;6:JWB3;7:JWB6;8:JWB1;9:JWBD;
Kitchener Place	Harehills	LS9	53.8053	-1.5024	11:FT1T;15:G4IB;17:G4I9;19:G0AB;1:G4I7;21:G0AT;23:G090;25:JIYY;27:F819;2:FT1Q;3:G4HX;4:G4ID;5:G4I2;6:G4II;7:G4IH;8:G4IG;9:G4I8;
Kitchener Street	Harehills	LS9	53.8051	-1.5029	10:LKK1;11:KTGE;12:LM9G;13:KTGI;14:KTG3;15:KTFW;16:KTFZ;17:KTG5;18:HKRS;19:KTH0;20:LM9H;21:KTH6;23:KTH7;2:DTM3;3:DTMJ;3A:NSFM;4:DTMU;5:DTMQ;6:DTMT;7:DTM5;8:DTMH;9:IGLD;
Kitchener Street	Woodlesford	LS9	53.8051	-1.5029	10:HYXX;11:HZY8;12:HZY1;3:I3W2;5:I3WQ;6:I3WB;7:IXZ9;8:HZXK;9:HN2R;
Kitson Close	Upper Wortley	LS12	53.7896	-1.5886	10:IEDW;12:IEE1;14:ID0L;16:LPY0;18:ID00;1:IARQ;20:ICZY;22:FWP4;2:IED2;3:IEDH;4:IED1;5:IDAV;6:JAJE;7:IEED;8:HH4A;CAR PARKING SPACES FRONTING 8 TO 18:IEDM;
Kitson Gardens	Upper Wortley	LS12	53.7891	-1.5887	10:J91G;11:HHR8;15:HI1E;17:HI13;19:GW11;1:J8S2;21:LU84;23:HEGB;25:JCE2;27:JBK6;29:HI2O;2:HEGH;3:J917;4:LW83;5:LHB9;6:LU7E;7:FWPA;8:HI2P;9:HPFB;CAR PARKING SPACES BETWEEN 1 AND 3 AND 27 AND 29:HRDH;
Kitson Street	Cross Green	LS9	53.7930	-1.5199	10:DSOD;11:DRB4;12:DSOC;13:IGIE;14:IGIL;15:F2R0;16:KXJ6;17:GTM9;18:EN1A;19:DPQJ;1:KTGO;20:HO0L;21:DUDA;22:DPH9;23:DUDT;24:DUDZ;25:DUE8;26:DUDG;27:DUDM;28:ENT8;29:IJT8;2:KTGR;30:KX8C;31:ENSX;32:ENT2;35:ENU0;37:IJTA;38:DPEG;39:F2QZ;3:F2QD;40:KX8N;41:DS4N;42:KX88;43:LQ3F;44:KXIV;45:KXIH;46:KXIF;47:KXIK;48:F2RL;49:DPEN;4:JFP0;50:LQNP;51:DUEF;52:DPET;53:DPFG;54:DPF1;55:DPEW;56:DPF5;57:DPF4;58:DPEY;59:HK3A;5:KXBY;60:HK39;61:DPFD;62:DPED;63:HO03;64:DUEE;65:DPES;66:HO08;67:HO09;68:DPFF;69:IJHJ;6:HPB7;70:KX8Y;7173:KXJ1;72:KXIT;74:LF6X;76:KX87;7:EN13;8:KXJA;9:IGIH;FLAT A, 34:LUR0;FLAT B, 34:MBMO;FLAT, 7880:LNY2;
Kitson Street	Tingley	WF3	53.7290	-1.5721	12:JU9J;17:MCB2;19:IQMH;1:JR58;21:IQMD;23:IQMO;24:GXKR;26:GL8E;28:IQMW;2:JR54;3:JR50;4:IQKH;5:GPOD;THE BUNGALOW, 16:IQL6;
